-test.shuffle 1791146802860147426
=== RUN   TestM6bManagerBatchRejectsLiveRevocation
=== RUN   TestM6bManagerBatchRejectsLiveRevocation/role_batch
    alarm_batch_revocation_test.go:19: environment real_timescaledb=2.30.2
    alarm_batch_revocation_test.go:45: revocation=role actor_entry=false confirmed=0 error=not found unchanged=true
=== RUN   TestM6bManagerBatchRejectsLiveRevocation/role_batch_by_actor
    alarm_batch_revocation_test.go:19: environment real_timescaledb=2.30.2
    alarm_batch_revocation_test.go:45: revocation=role actor_entry=true confirmed=0 error=not found unchanged=true
=== RUN   TestM6bManagerBatchRejectsLiveRevocation/membership_batch
    alarm_batch_revocation_test.go:19: environment real_timescaledb=2.30.2
    alarm_batch_revocation_test.go:45: revocation=membership actor_entry=false confirmed=0 error=not found unchanged=true
=== RUN   TestM6bManagerBatchRejectsLiveRevocation/membership_batch_by_actor
    alarm_batch_revocation_test.go:19: environment real_timescaledb=2.30.2
    alarm_batch_revocation_test.go:45: revocation=membership actor_entry=true confirmed=0 error=not found unchanged=true
=== RUN   TestM6bManagerBatchRejectsLiveRevocation/tenant_batch
    alarm_batch_revocation_test.go:19: environment real_timescaledb=2.30.2
    alarm_batch_revocation_test.go:45: revocation=tenant actor_entry=false confirmed=0 error=not found unchanged=true
=== RUN   TestM6bManagerBatchRejectsLiveRevocation/tenant_batch_by_actor
    alarm_batch_revocation_test.go:19: environment real_timescaledb=2.30.2
    alarm_batch_revocation_test.go:45: revocation=tenant actor_entry=true confirmed=0 error=not found unchanged=true
=== RUN   TestM6bManagerBatchRejectsLiveRevocation/platform_authority_batch
    alarm_batch_revocation_test.go:19: environment real_timescaledb=2.30.2
    alarm_batch_revocation_test.go:45: revocation=platform_authority actor_entry=false confirmed=0 error=not found unchanged=true
=== RUN   TestM6bManagerBatchRejectsLiveRevocation/platform_authority_batch_by_actor
    alarm_batch_revocation_test.go:19: environment real_timescaledb=2.30.2
    alarm_batch_revocation_test.go:45: revocation=platform_authority actor_entry=true confirmed=0 error=not found unchanged=true
--- PASS: TestM6bManagerBatchRejectsLiveRevocation (4.24s)
    --- PASS: TestM6bManagerBatchRejectsLiveRevocation/role_batch (0.58s)
    --- PASS: TestM6bManagerBatchRejectsLiveRevocation/role_batch_by_actor (0.45s)
    --- PASS: TestM6bManagerBatchRejectsLiveRevocation/membership_batch (0.46s)
    --- PASS: TestM6bManagerBatchRejectsLiveRevocation/membership_batch_by_actor (0.45s)
    --- PASS: TestM6bManagerBatchRejectsLiveRevocation/tenant_batch (0.74s)
    --- PASS: TestM6bManagerBatchRejectsLiveRevocation/tenant_batch_by_actor (0.44s)
    --- PASS: TestM6bManagerBatchRejectsLiveRevocation/platform_authority_batch (0.56s)
    --- PASS: TestM6bManagerBatchRejectsLiveRevocation/platform_authority_batch_by_actor (0.56s)
=== RUN   TestTelemetryWriteDeniedWhenActorCannotWrite
=== RUN   TestTelemetryWriteDeniedWhenActorCannotWrite/viewer
    telemetry_permission_test.go:32: environment real_timescaledb=2.30.2
    telemetry_permission_test.go:40: scenario=viewer error=forbidden before={"alarms": [], "outbox": [], "shadows": [], "telemetry": [], "sensor_data": []} after={"alarms": [], "outbox": [], "shadows": [], "telemetry": [], "sensor_data": []}
=== RUN   TestTelemetryWriteDeniedWhenActorCannotWrite/member
    telemetry_permission_test.go:32: environment real_timescaledb=2.30.2
    telemetry_permission_test.go:40: scenario=member error=forbidden before={"alarms": [], "outbox": [], "shadows": [], "telemetry": [], "sensor_data": []} after={"alarms": [], "outbox": [], "shadows": [], "telemetry": [], "sensor_data": []}
=== RUN   TestTelemetryWriteDeniedWhenActorCannotWrite/support
    telemetry_permission_test.go:32: environment real_timescaledb=2.30.2
    telemetry_permission_test.go:40: scenario=support error=forbidden before={"alarms": [], "outbox": [], "shadows": [], "telemetry": [], "sensor_data": []} after={"alarms": [], "outbox": [], "shadows": [], "telemetry": [], "sensor_data": []}
=== RUN   TestTelemetryWriteDeniedWhenActorCannotWrite/forged_role
    telemetry_permission_test.go:32: environment real_timescaledb=2.30.2
    telemetry_permission_test.go:40: scenario=forged_role error=forbidden before={"alarms": [], "outbox": [], "shadows": [], "telemetry": [], "sensor_data": []} after={"alarms": [], "outbox": [], "shadows": [], "telemetry": [], "sensor_data": []}
=== RUN   TestTelemetryWriteDeniedWhenActorCannotWrite/unknown_role
    telemetry_permission_test.go:32: environment real_timescaledb=2.30.2
    telemetry_permission_test.go:40: scenario=unknown_role error=forbidden before={"alarms": [], "outbox": [], "shadows": [], "telemetry": [], "sensor_data": []} after={"alarms": [], "outbox": [], "shadows": [], "telemetry": [], "sensor_data": []}
=== RUN   TestTelemetryWriteDeniedWhenActorCannotWrite/forged_actor
    telemetry_permission_test.go:32: environment real_timescaledb=2.30.2
    telemetry_permission_test.go:40: scenario=forged_actor error=not found before={"alarms": [], "outbox": [], "shadows": [], "telemetry": [], "sensor_data": []} after={"alarms": [], "outbox": [], "shadows": [], "telemetry": [], "sensor_data": []}
=== RUN   TestTelemetryWriteDeniedWhenActorCannotWrite/revoked
    telemetry_permission_test.go:32: environment real_timescaledb=2.30.2
    telemetry_permission_test.go:40: scenario=revoked error=not found before={"alarms": [], "outbox": [], "shadows": [], "telemetry": [], "sensor_data": []} after={"alarms": [], "outbox": [], "shadows": [], "telemetry": [], "sensor_data": []}
=== RUN   TestTelemetryWriteDeniedWhenActorCannotWrite/cross_tenant
    telemetry_permission_test.go:32: environment real_timescaledb=2.30.2
    telemetry_permission_test.go:40: scenario=cross_tenant error=not found before={"alarms": [], "outbox": [], "shadows": [], "telemetry": [], "sensor_data": []} after={"alarms": [], "outbox": [], "shadows": [], "telemetry": [], "sensor_data": []}
--- PASS: TestTelemetryWriteDeniedWhenActorCannotWrite (3.71s)
    --- PASS: TestTelemetryWriteDeniedWhenActorCannotWrite/viewer (0.69s)
    --- PASS: TestTelemetryWriteDeniedWhenActorCannotWrite/member (0.45s)
    --- PASS: TestTelemetryWriteDeniedWhenActorCannotWrite/support (0.44s)
    --- PASS: TestTelemetryWriteDeniedWhenActorCannotWrite/forged_role (0.46s)
    --- PASS: TestTelemetryWriteDeniedWhenActorCannotWrite/unknown_role (0.56s)
    --- PASS: TestTelemetryWriteDeniedWhenActorCannotWrite/forged_actor (0.37s)
    --- PASS: TestTelemetryWriteDeniedWhenActorCannotWrite/revoked (0.37s)
    --- PASS: TestTelemetryWriteDeniedWhenActorCannotWrite/cross_tenant (0.37s)
=== RUN   TestLicenseRejection_reportsAuditFailureAndRetainsCurrentLicense
--- PASS: TestLicenseRejection_reportsAuditFailureAndRetainsCurrentLicense (0.41s)
=== RUN   TestReviewerFarmUpdateRejectsCommittedRevocation
=== RUN   TestReviewerFarmUpdateRejectsCommittedRevocation/role
    tenant_write_revocation_http_test.go:99: environment real_timescaledb=2.30.2
[GIN-debug] [WARNING] Running in "debug" mode. Switch to "release" mode in production.
 - using env:	export GIN_MODE=release
 - using code:	gin.SetMode(gin.ReleaseMode)

[GIN-debug] POST   /admin/v1/login           --> git.hyhy.fun/rsplab/iolink/internal/adminapi.(*Server).login-fm (2 handlers)
[GIN-debug] GET    /admin/v1/license         --> git.hyhy.fun/rsplab/iolink/internal/adminapi.(*Server).getLicense-fm (3 handlers)
[GIN-debug] POST   /admin/v1/license         --> git.hyhy.fun/rsplab/iolink/internal/adminapi.(*Server).importLicense-fm (3 handlers)
[GIN-debug] GET    /admin/v1/tenants         --> git.hyhy.fun/rsplab/iolink/internal/adminapi.(*Server).listTenants-fm (3 handlers)
[GIN-debug] PUT    /admin/v1/tenants/:id/status --> git.hyhy.fun/rsplab/iolink/internal/adminapi.(*Server).setTenantStatus-fm (3 handlers)
[GIN-debug] GET    /admin/v1/tenants/:id/members --> git.hyhy.fun/rsplab/iolink/internal/adminapi.(*Server).listTenantMembers-fm (3 handlers)
[GIN-debug] PUT    /admin/v1/tenants/:id/members/:user_id --> git.hyhy.fun/rsplab/iolink/internal/adminapi.(*Server).setTenantMember-fm (3 handlers)
[GIN-debug] POST   /admin/v1/password        --> git.hyhy.fun/rsplab/iolink/internal/adminapi.(*Server).changePassword-fm (3 handlers)
[GIN-debug] GET    /admin/v1/farms           --> git.hyhy.fun/rsplab/iolink/internal/adminapi.(*Server).listFarms-fm (4 handlers)
[GIN-debug] POST   /admin/v1/farms           --> git.hyhy.fun/rsplab/iolink/internal/adminapi.(*Server).createFarm-fm (4 handlers)
[GIN-debug] GET    /admin/v1/users           --> git.hyhy.fun/rsplab/iolink/internal/adminapi.(*Server).listUsers-fm (4 handlers)
[GIN-debug] PUT    /admin/v1/farms/:id       --> git.hyhy.fun/rsplab/iolink/internal/adminapi.(*Server).updateFarm-fm (4 handlers)
[GIN-debug] DELETE /admin/v1/farms/:id       --> git.hyhy.fun/rsplab/iolink/internal/adminapi.(*Server).deleteFarm-fm (4 handlers)
[GIN-debug] PUT    /admin/v1/farms/:id/owner --> git.hyhy.fun/rsplab/iolink/internal/adminapi.(*Server).setFarmOwner-fm (4 handlers)
[GIN-debug] GET    /admin/v1/farms/:id/members --> git.hyhy.fun/rsplab/iolink/internal/adminapi.(*Server).listFarmMembers-fm (4 handlers)
[GIN-debug] PUT    /admin/v1/farms/:id/members/:user_id --> git.hyhy.fun/rsplab/iolink/internal/adminapi.(*Server).setFarmMember-fm (4 handlers)
[GIN-debug] GET    /admin/v1/ponds           --> git.hyhy.fun/rsplab/iolink/internal/adminapi.(*Server).listPonds-fm (4 handlers)
[GIN-debug] POST   /admin/v1/ponds           --> git.hyhy.fun/rsplab/iolink/internal/adminapi.(*Server).createPond-fm (4 handlers)
[GIN-debug] PUT    /admin/v1/ponds/:id       --> git.hyhy.fun/rsplab/iolink/internal/adminapi.(*Server).updatePond-fm (4 handlers)
[GIN-debug] DELETE /admin/v1/ponds/:id       --> git.hyhy.fun/rsplab/iolink/internal/adminapi.(*Server).deletePond-fm (4 handlers)
[GIN-debug] GET    /admin/v1/devices         --> git.hyhy.fun/rsplab/iolink/internal/adminapi.(*Server).listDevices-fm (4 handlers)
[GIN-debug] POST   /admin/v1/devices         --> git.hyhy.fun/rsplab/iolink/internal/adminapi.(*Server).registerDevice-fm (4 handlers)
[GIN-debug] GET    /admin/v1/devices/:device_no --> git.hyhy.fun/rsplab/iolink/internal/adminapi.(*Server).getDevice-fm (4 handlers)
[GIN-debug] DELETE /admin/v1/devices/:device_no --> git.hyhy.fun/rsplab/iolink/internal/adminapi.(*Server).deleteDevice-fm (4 handlers)
[GIN-debug] POST   /admin/v1/devices/:device_no/restore --> git.hyhy.fun/rsplab/iolink/internal/adminapi.(*Server).restoreDevice-fm (4 handlers)
[GIN-debug] PUT    /admin/v1/devices/:device_no/pond --> git.hyhy.fun/rsplab/iolink/internal/adminapi.(*Server).moveDevice-fm (4 handlers)
[GIN-debug] GET    /admin/v1/alarm-rules     --> git.hyhy.fun/rsplab/iolink/internal/adminapi.(*Server).listRules-fm (4 handlers)
[GIN-debug] POST   /admin/v1/alarm-rules     --> git.hyhy.fun/rsplab/iolink/internal/adminapi.(*Server).createRule-fm (4 handlers)
[GIN-debug] PUT    /admin/v1/alarm-rules/:id --> git.hyhy.fun/rsplab/iolink/internal/adminapi.(*Server).updateRule-fm (4 handlers)
[GIN-debug] DELETE /admin/v1/alarm-rules/:id --> git.hyhy.fun/rsplab/iolink/internal/adminapi.(*Server).deleteRule-fm (4 handlers)
[GIN-debug] GET    /admin/v1/alarms          --> git.hyhy.fun/rsplab/iolink/internal/adminapi.(*Server).listAlarms-fm (4 handlers)
[GIN-debug] POST   /admin/v1/alarms/:id/confirm --> git.hyhy.fun/rsplab/iolink/internal/adminapi.(*Server).confirmAlarm-fm (4 handlers)
[GIN-debug] POST   /admin/v1/alarms/batch-confirm --> git.hyhy.fun/rsplab/iolink/internal/adminapi.(*Server).batchConfirm-fm (4 handlers)
[GIN-debug] GET    /admin/v1/stats           --> git.hyhy.fun/rsplab/iolink/internal/adminapi.(*Server).stats-fm (4 handlers)
[GIN-debug] GET    /admin/v1/products        --> git.hyhy.fun/rsplab/iolink/internal/adminapi.(*Server).listProducts-fm (4 handlers)
[GIN-debug] POST   /admin/v1/products        --> git.hyhy.fun/rsplab/iolink/internal/adminapi.(*Server).createProduct-fm (4 handlers)
[GIN-debug] GET    /admin/v1/products/:product_id/models --> git.hyhy.fun/rsplab/iolink/internal/adminapi.(*Server).listProductModels-fm (4 handlers)
[GIN-debug] POST   /admin/v1/products/:product_id/models --> git.hyhy.fun/rsplab/iolink/internal/adminapi.(*Server).createProductModel-fm (4 handlers)
[GIN-debug] POST   /admin/v1/products/:product_id/models/:version/publish --> git.hyhy.fun/rsplab/iolink/internal/adminapi.(*Server).publishProductModel-fm (4 handlers)
[GIN-debug] GET    /admin/v1/devices/:device_no/product --> git.hyhy.fun/rsplab/iolink/internal/adminapi.(*Server).getDeviceProduct-fm (4 handlers)
[GIN-debug] PUT    /admin/v1/devices/:device_no/product --> git.hyhy.fun/rsplab/iolink/internal/adminapi.(*Server).assignDeviceProduct-fm (4 handlers)
2026/10/05 04:46:51 INFO http request request_id=LAXXKVJXC3ROXPVDKOUFPYBZYK route=/admin/v1/login method=POST status=200 duration_ms=154 tenant_id=0 actor_id=0
2026/10/05 04:46:51 WARN http request request_id=CCI6JS4WGJDTDP6S43HVU3KHTW route=/admin/v1/farms/:id method=PUT status=403 duration_ms=4 tenant_id=9401 actor_id=9402
    tenant_write_revocation_http_test.go:127: http method=PUT path=/admin/v1/farms/9401 status=403 response={"error":"forbidden"}
    tenant_write_revocation_http_test.go:133: source=9120469 change=role injected=true status=403 before="v2-farm" after="v2-farm" response={"error":"forbidden"}
=== RUN   TestReviewerFarmUpdateRejectsCommittedRevocation/membership
    tenant_write_revocation_http_test.go:99: environment real_timescaledb=2.30.2
[GIN-debug] [WARNING] Running in "debug" mode. Switch to "release" mode in production.
 - using env:	export GIN_MODE=release
 - using code:	gin.SetMode(gin.ReleaseMode)

[GIN-debug] POST   /admin/v1/login           --> git.hyhy.fun/rsplab/iolink/internal/adminapi.(*Server).login-fm (2 handlers)
[GIN-debug] GET    /admin/v1/license         --> git.hyhy.fun/rsplab/iolink/internal/adminapi.(*Server).getLicense-fm (3 handlers)
[GIN-debug] POST   /admin/v1/license         --> git.hyhy.fun/rsplab/iolink/internal/adminapi.(*Server).importLicense-fm (3 handlers)
[GIN-debug] GET    /admin/v1/tenants         --> git.hyhy.fun/rsplab/iolink/internal/adminapi.(*Server).listTenants-fm (3 handlers)
[GIN-debug] PUT    /admin/v1/tenants/:id/status --> git.hyhy.fun/rsplab/iolink/internal/adminapi.(*Server).setTenantStatus-fm (3 handlers)
[GIN-debug] GET    /admin/v1/tenants/:id/members --> git.hyhy.fun/rsplab/iolink/internal/adminapi.(*Server).listTenantMembers-fm (3 handlers)
[GIN-debug] PUT    /admin/v1/tenants/:id/members/:user_id --> git.hyhy.fun/rsplab/iolink/internal/adminapi.(*Server).setTenantMember-fm (3 handlers)
[GIN-debug] POST   /admin/v1/password        --> git.hyhy.fun/rsplab/iolink/internal/adminapi.(*Server).changePassword-fm (3 handlers)
[GIN-debug] GET    /admin/v1/farms           --> git.hyhy.fun/rsplab/iolink/internal/adminapi.(*Server).listFarms-fm (4 handlers)
[GIN-debug] POST   /admin/v1/farms           --> git.hyhy.fun/rsplab/iolink/internal/adminapi.(*Server).createFarm-fm (4 handlers)
[GIN-debug] GET    /admin/v1/users           --> git.hyhy.fun/rsplab/iolink/internal/adminapi.(*Server).listUsers-fm (4 handlers)
[GIN-debug] PUT    /admin/v1/farms/:id       --> git.hyhy.fun/rsplab/iolink/internal/adminapi.(*Server).updateFarm-fm (4 handlers)
[GIN-debug] DELETE /admin/v1/farms/:id       --> git.hyhy.fun/rsplab/iolink/internal/adminapi.(*Server).deleteFarm-fm (4 handlers)
[GIN-debug] PUT    /admin/v1/farms/:id/owner --> git.hyhy.fun/rsplab/iolink/internal/adminapi.(*Server).setFarmOwner-fm (4 handlers)
[GIN-debug] GET    /admin/v1/farms/:id/members --> git.hyhy.fun/rsplab/iolink/internal/adminapi.(*Server).listFarmMembers-fm (4 handlers)
[GIN-debug] PUT    /admin/v1/farms/:id/members/:user_id --> git.hyhy.fun/rsplab/iolink/internal/adminapi.(*Server).setFarmMember-fm (4 handlers)
[GIN-debug] GET    /admin/v1/ponds           --> git.hyhy.fun/rsplab/iolink/internal/adminapi.(*Server).listPonds-fm (4 handlers)
[GIN-debug] POST   /admin/v1/ponds           --> git.hyhy.fun/rsplab/iolink/internal/adminapi.(*Server).createPond-fm (4 handlers)
[GIN-debug] PUT    /admin/v1/ponds/:id       --> git.hyhy.fun/rsplab/iolink/internal/adminapi.(*Server).updatePond-fm (4 handlers)
[GIN-debug] DELETE /admin/v1/ponds/:id       --> git.hyhy.fun/rsplab/iolink/internal/adminapi.(*Server).deletePond-fm (4 handlers)
[GIN-debug] GET    /admin/v1/devices         --> git.hyhy.fun/rsplab/iolink/internal/adminapi.(*Server).listDevices-fm (4 handlers)
[GIN-debug] POST   /admin/v1/devices         --> git.hyhy.fun/rsplab/iolink/internal/adminapi.(*Server).registerDevice-fm (4 handlers)
[GIN-debug] GET    /admin/v1/devices/:device_no --> git.hyhy.fun/rsplab/iolink/internal/adminapi.(*Server).getDevice-fm (4 handlers)
[GIN-debug] DELETE /admin/v1/devices/:device_no --> git.hyhy.fun/rsplab/iolink/internal/adminapi.(*Server).deleteDevice-fm (4 handlers)
[GIN-debug] POST   /admin/v1/devices/:device_no/restore --> git.hyhy.fun/rsplab/iolink/internal/adminapi.(*Server).restoreDevice-fm (4 handlers)
[GIN-debug] PUT    /admin/v1/devices/:device_no/pond --> git.hyhy.fun/rsplab/iolink/internal/adminapi.(*Server).moveDevice-fm (4 handlers)
[GIN-debug] GET    /admin/v1/alarm-rules     --> git.hyhy.fun/rsplab/iolink/internal/adminapi.(*Server).listRules-fm (4 handlers)
[GIN-debug] POST   /admin/v1/alarm-rules     --> git.hyhy.fun/rsplab/iolink/internal/adminapi.(*Server).createRule-fm (4 handlers)
[GIN-debug] PUT    /admin/v1/alarm-rules/:id --> git.hyhy.fun/rsplab/iolink/internal/adminapi.(*Server).updateRule-fm (4 handlers)
[GIN-debug] DELETE /admin/v1/alarm-rules/:id --> git.hyhy.fun/rsplab/iolink/internal/adminapi.(*Server).deleteRule-fm (4 handlers)
[GIN-debug] GET    /admin/v1/alarms          --> git.hyhy.fun/rsplab/iolink/internal/adminapi.(*Server).listAlarms-fm (4 handlers)
[GIN-debug] POST   /admin/v1/alarms/:id/confirm --> git.hyhy.fun/rsplab/iolink/internal/adminapi.(*Server).confirmAlarm-fm (4 handlers)
[GIN-debug] POST   /admin/v1/alarms/batch-confirm --> git.hyhy.fun/rsplab/iolink/internal/adminapi.(*Server).batchConfirm-fm (4 handlers)
[GIN-debug] GET    /admin/v1/stats           --> git.hyhy.fun/rsplab/iolink/internal/adminapi.(*Server).stats-fm (4 handlers)
[GIN-debug] GET    /admin/v1/products        --> git.hyhy.fun/rsplab/iolink/internal/adminapi.(*Server).listProducts-fm (4 handlers)
[GIN-debug] POST   /admin/v1/products        --> git.hyhy.fun/rsplab/iolink/internal/adminapi.(*Server).createProduct-fm (4 handlers)
[GIN-debug] GET    /admin/v1/products/:product_id/models --> git.hyhy.fun/rsplab/iolink/internal/adminapi.(*Server).listProductModels-fm (4 handlers)
[GIN-debug] POST   /admin/v1/products/:product_id/models --> git.hyhy.fun/rsplab/iolink/internal/adminapi.(*Server).createProductModel-fm (4 handlers)
[GIN-debug] POST   /admin/v1/products/:product_id/models/:version/publish --> git.hyhy.fun/rsplab/iolink/internal/adminapi.(*Server).publishProductModel-fm (4 handlers)
[GIN-debug] GET    /admin/v1/devices/:device_no/product --> git.hyhy.fun/rsplab/iolink/internal/adminapi.(*Server).getDeviceProduct-fm (4 handlers)
[GIN-debug] PUT    /admin/v1/devices/:device_no/product --> git.hyhy.fun/rsplab/iolink/internal/adminapi.(*Server).assignDeviceProduct-fm (4 handlers)
2026/10/05 04:46:52 INFO http request request_id=3HLH6M42H3XRGS5A2YPIT2YNPU route=/admin/v1/login method=POST status=200 duration_ms=134 tenant_id=0 actor_id=0
2026/10/05 04:46:52 WARN http request request_id=35I6YM5Q6UIFEK2ZKMXK2D5RUX route=/admin/v1/farms/:id method=PUT status=403 duration_ms=3 tenant_id=9401 actor_id=9402
    tenant_write_revocation_http_test.go:127: http method=PUT path=/admin/v1/farms/9401 status=403 response={"error":"forbidden"}
    tenant_write_revocation_http_test.go:133: source=9120469 change=membership injected=true status=403 before="v2-farm" after="v2-farm" response={"error":"forbidden"}
=== RUN   TestReviewerFarmUpdateRejectsCommittedRevocation/tenant
    tenant_write_revocation_http_test.go:99: environment real_timescaledb=2.30.2
[GIN-debug] [WARNING] Running in "debug" mode. Switch to "release" mode in production.
 - using env:	export GIN_MODE=release
 - using code:	gin.SetMode(gin.ReleaseMode)

[GIN-debug] POST   /admin/v1/login           --> git.hyhy.fun/rsplab/iolink/internal/adminapi.(*Server).login-fm (2 handlers)
[GIN-debug] GET    /admin/v1/license         --> git.hyhy.fun/rsplab/iolink/internal/adminapi.(*Server).getLicense-fm (3 handlers)
[GIN-debug] POST   /admin/v1/license         --> git.hyhy.fun/rsplab/iolink/internal/adminapi.(*Server).importLicense-fm (3 handlers)
[GIN-debug] GET    /admin/v1/tenants         --> git.hyhy.fun/rsplab/iolink/internal/adminapi.(*Server).listTenants-fm (3 handlers)
[GIN-debug] PUT    /admin/v1/tenants/:id/status --> git.hyhy.fun/rsplab/iolink/internal/adminapi.(*Server).setTenantStatus-fm (3 handlers)
[GIN-debug] GET    /admin/v1/tenants/:id/members --> git.hyhy.fun/rsplab/iolink/internal/adminapi.(*Server).listTenantMembers-fm (3 handlers)
[GIN-debug] PUT    /admin/v1/tenants/:id/members/:user_id --> git.hyhy.fun/rsplab/iolink/internal/adminapi.(*Server).setTenantMember-fm (3 handlers)
[GIN-debug] POST   /admin/v1/password        --> git.hyhy.fun/rsplab/iolink/internal/adminapi.(*Server).changePassword-fm (3 handlers)
[GIN-debug] GET    /admin/v1/farms           --> git.hyhy.fun/rsplab/iolink/internal/adminapi.(*Server).listFarms-fm (4 handlers)
[GIN-debug] POST   /admin/v1/farms           --> git.hyhy.fun/rsplab/iolink/internal/adminapi.(*Server).createFarm-fm (4 handlers)
[GIN-debug] GET    /admin/v1/users           --> git.hyhy.fun/rsplab/iolink/internal/adminapi.(*Server).listUsers-fm (4 handlers)
[GIN-debug] PUT    /admin/v1/farms/:id       --> git.hyhy.fun/rsplab/iolink/internal/adminapi.(*Server).updateFarm-fm (4 handlers)
[GIN-debug] DELETE /admin/v1/farms/:id       --> git.hyhy.fun/rsplab/iolink/internal/adminapi.(*Server).deleteFarm-fm (4 handlers)
[GIN-debug] PUT    /admin/v1/farms/:id/owner --> git.hyhy.fun/rsplab/iolink/internal/adminapi.(*Server).setFarmOwner-fm (4 handlers)
[GIN-debug] GET    /admin/v1/farms/:id/members --> git.hyhy.fun/rsplab/iolink/internal/adminapi.(*Server).listFarmMembers-fm (4 handlers)
[GIN-debug] PUT    /admin/v1/farms/:id/members/:user_id --> git.hyhy.fun/rsplab/iolink/internal/adminapi.(*Server).setFarmMember-fm (4 handlers)
[GIN-debug] GET    /admin/v1/ponds           --> git.hyhy.fun/rsplab/iolink/internal/adminapi.(*Server).listPonds-fm (4 handlers)
[GIN-debug] POST   /admin/v1/ponds           --> git.hyhy.fun/rsplab/iolink/internal/adminapi.(*Server).createPond-fm (4 handlers)
[GIN-debug] PUT    /admin/v1/ponds/:id       --> git.hyhy.fun/rsplab/iolink/internal/adminapi.(*Server).updatePond-fm (4 handlers)
[GIN-debug] DELETE /admin/v1/ponds/:id       --> git.hyhy.fun/rsplab/iolink/internal/adminapi.(*Server).deletePond-fm (4 handlers)
[GIN-debug] GET    /admin/v1/devices         --> git.hyhy.fun/rsplab/iolink/internal/adminapi.(*Server).listDevices-fm (4 handlers)
[GIN-debug] POST   /admin/v1/devices         --> git.hyhy.fun/rsplab/iolink/internal/adminapi.(*Server).registerDevice-fm (4 handlers)
[GIN-debug] GET    /admin/v1/devices/:device_no --> git.hyhy.fun/rsplab/iolink/internal/adminapi.(*Server).getDevice-fm (4 handlers)
[GIN-debug] DELETE /admin/v1/devices/:device_no --> git.hyhy.fun/rsplab/iolink/internal/adminapi.(*Server).deleteDevice-fm (4 handlers)
[GIN-debug] POST   /admin/v1/devices/:device_no/restore --> git.hyhy.fun/rsplab/iolink/internal/adminapi.(*Server).restoreDevice-fm (4 handlers)
[GIN-debug] PUT    /admin/v1/devices/:device_no/pond --> git.hyhy.fun/rsplab/iolink/internal/adminapi.(*Server).moveDevice-fm (4 handlers)
[GIN-debug] GET    /admin/v1/alarm-rules     --> git.hyhy.fun/rsplab/iolink/internal/adminapi.(*Server).listRules-fm (4 handlers)
[GIN-debug] POST   /admin/v1/alarm-rules     --> git.hyhy.fun/rsplab/iolink/internal/adminapi.(*Server).createRule-fm (4 handlers)
[GIN-debug] PUT    /admin/v1/alarm-rules/:id --> git.hyhy.fun/rsplab/iolink/internal/adminapi.(*Server).updateRule-fm (4 handlers)
[GIN-debug] DELETE /admin/v1/alarm-rules/:id --> git.hyhy.fun/rsplab/iolink/internal/adminapi.(*Server).deleteRule-fm (4 handlers)
[GIN-debug] GET    /admin/v1/alarms          --> git.hyhy.fun/rsplab/iolink/internal/adminapi.(*Server).listAlarms-fm (4 handlers)
[GIN-debug] POST   /admin/v1/alarms/:id/confirm --> git.hyhy.fun/rsplab/iolink/internal/adminapi.(*Server).confirmAlarm-fm (4 handlers)
[GIN-debug] POST   /admin/v1/alarms/batch-confirm --> git.hyhy.fun/rsplab/iolink/internal/adminapi.(*Server).batchConfirm-fm (4 handlers)
[GIN-debug] GET    /admin/v1/stats           --> git.hyhy.fun/rsplab/iolink/internal/adminapi.(*Server).stats-fm (4 handlers)
[GIN-debug] GET    /admin/v1/products        --> git.hyhy.fun/rsplab/iolink/internal/adminapi.(*Server).listProducts-fm (4 handlers)
[GIN-debug] POST   /admin/v1/products        --> git.hyhy.fun/rsplab/iolink/internal/adminapi.(*Server).createProduct-fm (4 handlers)
[GIN-debug] GET    /admin/v1/products/:product_id/models --> git.hyhy.fun/rsplab/iolink/internal/adminapi.(*Server).listProductModels-fm (4 handlers)
[GIN-debug] POST   /admin/v1/products/:product_id/models --> git.hyhy.fun/rsplab/iolink/internal/adminapi.(*Server).createProductModel-fm (4 handlers)
[GIN-debug] POST   /admin/v1/products/:product_id/models/:version/publish --> git.hyhy.fun/rsplab/iolink/internal/adminapi.(*Server).publishProductModel-fm (4 handlers)
[GIN-debug] GET    /admin/v1/devices/:device_no/product --> git.hyhy.fun/rsplab/iolink/internal/adminapi.(*Server).getDeviceProduct-fm (4 handlers)
[GIN-debug] PUT    /admin/v1/devices/:device_no/product --> git.hyhy.fun/rsplab/iolink/internal/adminapi.(*Server).assignDeviceProduct-fm (4 handlers)
2026/10/05 04:46:53 INFO http request request_id=ZIH5TG72EZV6WS54TE3G7XKLBZ route=/admin/v1/login method=POST status=200 duration_ms=128 tenant_id=0 actor_id=0
2026/10/05 04:46:53 WARN http request request_id=TOIRJXPPZX4M6HYC6PU4LJHFL4 route=/admin/v1/farms/:id method=PUT status=403 duration_ms=3 tenant_id=9401 actor_id=9402
    tenant_write_revocation_http_test.go:127: http method=PUT path=/admin/v1/farms/9401 status=403 response={"error":"forbidden"}
    tenant_write_revocation_http_test.go:133: source=9120469 change=tenant injected=true status=403 before="v2-farm" after="v2-farm" response={"error":"forbidden"}
=== RUN   TestReviewerFarmUpdateRejectsCommittedRevocation/platform_authority
    tenant_write_revocation_http_test.go:99: environment real_timescaledb=2.30.2
[GIN-debug] [WARNING] Running in "debug" mode. Switch to "release" mode in production.
 - using env:	export GIN_MODE=release
 - using code:	gin.SetMode(gin.ReleaseMode)

[GIN-debug] POST   /admin/v1/login           --> git.hyhy.fun/rsplab/iolink/internal/adminapi.(*Server).login-fm (2 handlers)
[GIN-debug] GET    /admin/v1/license         --> git.hyhy.fun/rsplab/iolink/internal/adminapi.(*Server).getLicense-fm (3 handlers)
[GIN-debug] POST   /admin/v1/license         --> git.hyhy.fun/rsplab/iolink/internal/adminapi.(*Server).importLicense-fm (3 handlers)
[GIN-debug] GET    /admin/v1/tenants         --> git.hyhy.fun/rsplab/iolink/internal/adminapi.(*Server).listTenants-fm (3 handlers)
[GIN-debug] PUT    /admin/v1/tenants/:id/status --> git.hyhy.fun/rsplab/iolink/internal/adminapi.(*Server).setTenantStatus-fm (3 handlers)
[GIN-debug] GET    /admin/v1/tenants/:id/members --> git.hyhy.fun/rsplab/iolink/internal/adminapi.(*Server).listTenantMembers-fm (3 handlers)
[GIN-debug] PUT    /admin/v1/tenants/:id/members/:user_id --> git.hyhy.fun/rsplab/iolink/internal/adminapi.(*Server).setTenantMember-fm (3 handlers)
[GIN-debug] POST   /admin/v1/password        --> git.hyhy.fun/rsplab/iolink/internal/adminapi.(*Server).changePassword-fm (3 handlers)
[GIN-debug] GET    /admin/v1/farms           --> git.hyhy.fun/rsplab/iolink/internal/adminapi.(*Server).listFarms-fm (4 handlers)
[GIN-debug] POST   /admin/v1/farms           --> git.hyhy.fun/rsplab/iolink/internal/adminapi.(*Server).createFarm-fm (4 handlers)
[GIN-debug] GET    /admin/v1/users           --> git.hyhy.fun/rsplab/iolink/internal/adminapi.(*Server).listUsers-fm (4 handlers)
[GIN-debug] PUT    /admin/v1/farms/:id       --> git.hyhy.fun/rsplab/iolink/internal/adminapi.(*Server).updateFarm-fm (4 handlers)
[GIN-debug] DELETE /admin/v1/farms/:id       --> git.hyhy.fun/rsplab/iolink/internal/adminapi.(*Server).deleteFarm-fm (4 handlers)
[GIN-debug] PUT    /admin/v1/farms/:id/owner --> git.hyhy.fun/rsplab/iolink/internal/adminapi.(*Server).setFarmOwner-fm (4 handlers)
[GIN-debug] GET    /admin/v1/farms/:id/members --> git.hyhy.fun/rsplab/iolink/internal/adminapi.(*Server).listFarmMembers-fm (4 handlers)
[GIN-debug] PUT    /admin/v1/farms/:id/members/:user_id --> git.hyhy.fun/rsplab/iolink/internal/adminapi.(*Server).setFarmMember-fm (4 handlers)
[GIN-debug] GET    /admin/v1/ponds           --> git.hyhy.fun/rsplab/iolink/internal/adminapi.(*Server).listPonds-fm (4 handlers)
[GIN-debug] POST   /admin/v1/ponds           --> git.hyhy.fun/rsplab/iolink/internal/adminapi.(*Server).createPond-fm (4 handlers)
[GIN-debug] PUT    /admin/v1/ponds/:id       --> git.hyhy.fun/rsplab/iolink/internal/adminapi.(*Server).updatePond-fm (4 handlers)
[GIN-debug] DELETE /admin/v1/ponds/:id       --> git.hyhy.fun/rsplab/iolink/internal/adminapi.(*Server).deletePond-fm (4 handlers)
[GIN-debug] GET    /admin/v1/devices         --> git.hyhy.fun/rsplab/iolink/internal/adminapi.(*Server).listDevices-fm (4 handlers)
[GIN-debug] POST   /admin/v1/devices         --> git.hyhy.fun/rsplab/iolink/internal/adminapi.(*Server).registerDevice-fm (4 handlers)
[GIN-debug] GET    /admin/v1/devices/:device_no --> git.hyhy.fun/rsplab/iolink/internal/adminapi.(*Server).getDevice-fm (4 handlers)
[GIN-debug] DELETE /admin/v1/devices/:device_no --> git.hyhy.fun/rsplab/iolink/internal/adminapi.(*Server).deleteDevice-fm (4 handlers)
[GIN-debug] POST   /admin/v1/devices/:device_no/restore --> git.hyhy.fun/rsplab/iolink/internal/adminapi.(*Server).restoreDevice-fm (4 handlers)
[GIN-debug] PUT    /admin/v1/devices/:device_no/pond --> git.hyhy.fun/rsplab/iolink/internal/adminapi.(*Server).moveDevice-fm (4 handlers)
[GIN-debug] GET    /admin/v1/alarm-rules     --> git.hyhy.fun/rsplab/iolink/internal/adminapi.(*Server).listRules-fm (4 handlers)
[GIN-debug] POST   /admin/v1/alarm-rules     --> git.hyhy.fun/rsplab/iolink/internal/adminapi.(*Server).createRule-fm (4 handlers)
[GIN-debug] PUT    /admin/v1/alarm-rules/:id --> git.hyhy.fun/rsplab/iolink/internal/adminapi.(*Server).updateRule-fm (4 handlers)
[GIN-debug] DELETE /admin/v1/alarm-rules/:id --> git.hyhy.fun/rsplab/iolink/internal/adminapi.(*Server).deleteRule-fm (4 handlers)
[GIN-debug] GET    /admin/v1/alarms          --> git.hyhy.fun/rsplab/iolink/internal/adminapi.(*Server).listAlarms-fm (4 handlers)
[GIN-debug] POST   /admin/v1/alarms/:id/confirm --> git.hyhy.fun/rsplab/iolink/internal/adminapi.(*Server).confirmAlarm-fm (4 handlers)
[GIN-debug] POST   /admin/v1/alarms/batch-confirm --> git.hyhy.fun/rsplab/iolink/internal/adminapi.(*Server).batchConfirm-fm (4 handlers)
[GIN-debug] GET    /admin/v1/stats           --> git.hyhy.fun/rsplab/iolink/internal/adminapi.(*Server).stats-fm (4 handlers)
[GIN-debug] GET    /admin/v1/products        --> git.hyhy.fun/rsplab/iolink/internal/adminapi.(*Server).listProducts-fm (4 handlers)
[GIN-debug] POST   /admin/v1/products        --> git.hyhy.fun/rsplab/iolink/internal/adminapi.(*Server).createProduct-fm (4 handlers)
[GIN-debug] GET    /admin/v1/products/:product_id/models --> git.hyhy.fun/rsplab/iolink/internal/adminapi.(*Server).listProductModels-fm (4 handlers)
[GIN-debug] POST   /admin/v1/products/:product_id/models --> git.hyhy.fun/rsplab/iolink/internal/adminapi.(*Server).createProductModel-fm (4 handlers)
[GIN-debug] POST   /admin/v1/products/:product_id/models/:version/publish --> git.hyhy.fun/rsplab/iolink/internal/adminapi.(*Server).publishProductModel-fm (4 handlers)
[GIN-debug] GET    /admin/v1/devices/:device_no/product --> git.hyhy.fun/rsplab/iolink/internal/adminapi.(*Server).getDeviceProduct-fm (4 handlers)
[GIN-debug] PUT    /admin/v1/devices/:device_no/product --> git.hyhy.fun/rsplab/iolink/internal/adminapi.(*Server).assignDeviceProduct-fm (4 handlers)
2026/10/05 04:46:53 INFO http request request_id=AVHCC6T5ZNTUXDUDX62DTRXXWX route=/admin/v1/login method=POST status=200 duration_ms=132 tenant_id=0 actor_id=0
2026/10/05 04:46:53 WARN http request request_id=WQRINEH6ZVZPBP2RGHOKHJRN7U route=/admin/v1/farms/:id method=PUT status=403 duration_ms=3 tenant_id=9401 actor_id=9402
    tenant_write_revocation_http_test.go:127: http method=PUT path=/admin/v1/farms/9401 status=403 response={"error":"forbidden"}
    tenant_write_revocation_http_test.go:133: source=9120469 change=platform_authority injected=true status=403 before="v2-farm" after="v2-farm" response={"error":"forbidden"}
--- PASS: TestReviewerFarmUpdateRejectsCommittedRevocation (2.59s)
    --- PASS: TestReviewerFarmUpdateRejectsCommittedRevocation/role (0.68s)
    --- PASS: TestReviewerFarmUpdateRejectsCommittedRevocation/membership (0.64s)
    --- PASS: TestReviewerFarmUpdateRejectsCommittedRevocation/tenant (0.63s)
    --- PASS: TestReviewerFarmUpdateRejectsCommittedRevocation/platform_authority (0.63s)
=== RUN   TestAppTelemetryWriteWhenTenantManagerHasNoFarmAssignment
=== RUN   TestAppTelemetryWriteWhenTenantManagerHasNoFarmAssignment/owner
    app_resource_scope_test.go:37: environment real_timescaledb=2.30.2
    app_resource_scope_test.go:47: scenario=manager_owner_no_farm_assignment_write result={DeviceNo:v2-hidden ModelVersion:1 Accepted:[temperature] Rejected:[]} error=<nil> before={"alarms": [], "outbox": [], "shadows": [], "telemetry": [], "sensor_data": []} after={"alarms": [], "outbox": [], "shadows": [{"ts": "2026-10-01T00:00:00+00:00", "last": {"temperature": 25}, "signal": null, "pond_id": 9403, "device_no": "v2-hidden", "tenant_id": 9401, "product_id": 1, "timestamps": {"temperature": "2026-10-01T00:00:00Z"}, "model_version": 1}], "telemetry": [{"ts": "2026-10-01T00:00:00+00:00", "pond_id": 9403, "device_no": "v2-hidden", "tenant_id": 9401, "product_id": 1, "properties": {"temperature": 25}, "model_version": 1}], "sensor_data": [{"ph": null, "ts": "2026-10-01T00:00:00+00:00", "signal": null, "battery": null, "pond_id": 9403, "salinity": null, "device_no": "v2-hidden", "tenant_id": 9401, "turbidity": null, "temperature": 25, "dissolved_oxygen": null}]}
=== RUN   TestAppTelemetryWriteWhenTenantManagerHasNoFarmAssignment/admin
    app_resource_scope_test.go:37: environment real_timescaledb=2.30.2
    app_resource_scope_test.go:47: scenario=manager_admin_no_farm_assignment_write result={DeviceNo:v2-hidden ModelVersion:1 Accepted:[temperature] Rejected:[]} error=<nil> before={"alarms": [], "outbox": [], "shadows": [], "telemetry": [], "sensor_data": []} after={"alarms": [], "outbox": [], "shadows": [{"ts": "2026-10-01T00:00:00+00:00", "last": {"temperature": 25}, "signal": null, "pond_id": 9403, "device_no": "v2-hidden", "tenant_id": 9401, "product_id": 1, "timestamps": {"temperature": "2026-10-01T00:00:00Z"}, "model_version": 1}], "telemetry": [{"ts": "2026-10-01T00:00:00+00:00", "pond_id": 9403, "device_no": "v2-hidden", "tenant_id": 9401, "product_id": 1, "properties": {"temperature": 25}, "model_version": 1}], "sensor_data": [{"ph": null, "ts": "2026-10-01T00:00:00+00:00", "signal": null, "battery": null, "pond_id": 9403, "salinity": null, "device_no": "v2-hidden", "tenant_id": 9401, "turbidity": null, "temperature": 25, "dissolved_oxygen": null}]}
--- PASS: TestAppTelemetryWriteWhenTenantManagerHasNoFarmAssignment (0.78s)
    --- PASS: TestAppTelemetryWriteWhenTenantManagerHasNoFarmAssignment/owner (0.37s)
    --- PASS: TestAppTelemetryWriteWhenTenantManagerHasNoFarmAssignment/admin (0.41s)
=== RUN   TestM6bAlarmMutationsRejectPartialTenantContext
=== RUN   TestM6bAlarmMutationsRejectPartialTenantContext/singular_open
    alarm_partial_context_test.go:15: environment real_timescaledb=2.30.2
    alarm_partial_context_test.go:41: operation=singular already_confirmed=false err=forbidden unchanged=true
    alarm_partial_context_test.go:41: operation=singular already_confirmed=false err=forbidden unchanged=true
    alarm_partial_context_test.go:41: operation=singular already_confirmed=false err=forbidden unchanged=true
    alarm_partial_context_test.go:41: operation=singular already_confirmed=false err=forbidden unchanged=true
    alarm_partial_context_test.go:41: operation=singular already_confirmed=false err=forbidden unchanged=true
=== RUN   TestM6bAlarmMutationsRejectPartialTenantContext/singular_confirmed
    alarm_partial_context_test.go:15: environment real_timescaledb=2.30.2
    alarm_partial_context_test.go:41: operation=singular already_confirmed=true err=forbidden unchanged=true
    alarm_partial_context_test.go:41: operation=singular already_confirmed=true err=forbidden unchanged=true
    alarm_partial_context_test.go:41: operation=singular already_confirmed=true err=forbidden unchanged=true
    alarm_partial_context_test.go:41: operation=singular already_confirmed=true err=forbidden unchanged=true
    alarm_partial_context_test.go:41: operation=singular already_confirmed=true err=forbidden unchanged=true
=== RUN   TestM6bAlarmMutationsRejectPartialTenantContext/batch_open
    alarm_partial_context_test.go:15: environment real_timescaledb=2.30.2
    alarm_partial_context_test.go:41: operation=batch already_confirmed=false err=forbidden unchanged=true
    alarm_partial_context_test.go:41: operation=batch already_confirmed=false err=forbidden unchanged=true
    alarm_partial_context_test.go:41: operation=batch already_confirmed=false err=forbidden unchanged=true
    alarm_partial_context_test.go:41: operation=batch already_confirmed=false err=forbidden unchanged=true
    alarm_partial_context_test.go:41: operation=batch already_confirmed=false err=forbidden unchanged=true
=== RUN   TestM6bAlarmMutationsRejectPartialTenantContext/batch_confirmed
    alarm_partial_context_test.go:15: environment real_timescaledb=2.30.2
    alarm_partial_context_test.go:41: operation=batch already_confirmed=true err=forbidden unchanged=true
    alarm_partial_context_test.go:41: operation=batch already_confirmed=true err=forbidden unchanged=true
    alarm_partial_context_test.go:41: operation=batch already_confirmed=true err=forbidden unchanged=true
    alarm_partial_context_test.go:41: operation=batch already_confirmed=true err=forbidden unchanged=true
    alarm_partial_context_test.go:41: operation=batch already_confirmed=true err=forbidden unchanged=true
--- PASS: TestM6bAlarmMutationsRejectPartialTenantContext (1.73s)
    --- PASS: TestM6bAlarmMutationsRejectPartialTenantContext/singular_open (0.48s)
    --- PASS: TestM6bAlarmMutationsRejectPartialTenantContext/singular_confirmed (0.41s)
    --- PASS: TestM6bAlarmMutationsRejectPartialTenantContext/batch_open (0.43s)
    --- PASS: TestM6bAlarmMutationsRejectPartialTenantContext/batch_confirmed (0.40s)
=== RUN   TestGenericTelemetryBackfillResumesFromCheckpoint
--- PASS: TestGenericTelemetryBackfillResumesFromCheckpoint (0.39s)
=== RUN   TestUserAlarmConfirmationIsIdempotent
--- PASS: TestUserAlarmConfirmationIsIdempotent (0.50s)
=== RUN   TestLicenseStatus_reportsPersistedClockError
--- PASS: TestLicenseStatus_reportsPersistedClockError (0.39s)
=== RUN   TestAppAlarmConfirmDeniedWhenLiveRoleCannotConfirm
=== RUN   TestAppAlarmConfirmDeniedWhenLiveRoleCannotConfirm/viewer
    app_resource_scope_test.go:119: environment real_timescaledb=2.30.2
    app_resource_scope_test.go:134: scenario=confirm_viewer error=not found before={"alarms": [{"id": 1, "level": "warning", "metric": "temperature", "message": "temperature 高于阈值 20", "pond_id": 9401, "device_no": "v2-permission", "threshold": 20, "created_at": "2026-10-04T20:45:57.949137+00:00", "product_id": 1, "confirmed_at": null, "current_value": 25}, {"id": 2, "level": "warning", "metric": "temperature", "message": "temperature 高于阈值 20", "pond_id": 9403, "device_no": "v2-hidden", "threshold": 20, "created_at": "2026-10-04T20:45:57.958423+00:00", "product_id": 1, "confirmed_at": null, "current_value": 25}], "outbox": [{"id": 1, "status": "pending", "next_at": "2026-10-04T20:46:57.949184+00:00", "alarm_id": 1, "attempts": 0, "created_at": "2026-10-04T20:46:57.949184+00:00", "last_error": null, "updated_at": "2026-10-04T20:46:57.949184+00:00", "lease_owner": null, "leased_until": null, "recipient_open_id": null}, {"id": 2, "status": "pending", "next_at": "2026-10-04T20:46:57.958462+00:00", "alarm_id": 2, "attempts": 0, "created_at": "2026-10-04T20:46:57.958462+00:00", "last_error": null, "updated_at": "2026-10-04T20:46:57.958462+00:00", "lease_owner": null, "leased_until": null, "recipient_open_id": null}], "shadows": [{"ts": "2026-10-04T20:45:57.958423+00:00", "last": {"temperature": 25}, "signal": null, "pond_id": 9403, "device_no": "v2-hidden", "tenant_id": 9401, "product_id": 1, "timestamps": {"temperature": "2026-10-04T20:45:57.958423414Z"}, "model_version": 1}, {"ts": "2026-10-04T20:45:57.949137+00:00", "last": {"temperature": 25}, "signal": null, "pond_id": 9401, "device_no": "v2-permission", "tenant_id": 9401, "product_id": 1, "timestamps": {"temperature": "2026-10-04T20:45:57.949137778Z"}, "model_version": 1}], "telemetry": [{"ts": "2026-10-04T20:45:57.949137+00:00", "pond_id": 9401, "device_no": "v2-permission", "tenant_id": 9401, "product_id": 1, "properties": {"temperature": 25}, "model_version": 1}, {"ts": "2026-10-04T20:45:57.958423+00:00", "pond_id": 9403, "device_no": "v2-hidden", "tenant_id": 9401, "product_id": 1, "properties": {"temperature": 25}, "model_version": 1}], "sensor_data": [{"ph": null, "ts": "2026-10-04T20:45:57.949137+00:00", "signal": null, "battery": null, "pond_id": 9401, "salinity": null, "device_no": "v2-permission", "tenant_id": 9401, "turbidity": null, "temperature": 25, "dissolved_oxygen": null}, {"ph": null, "ts": "2026-10-04T20:45:57.958423+00:00", "signal": null, "battery": null, "pond_id": 9403, "salinity": null, "device_no": "v2-hidden", "tenant_id": 9401, "turbidity": null, "temperature": 25, "dissolved_oxygen": null}]} after={"alarms": [{"id": 1, "level": "warning", "metric": "temperature", "message": "temperature 高于阈值 20", "pond_id": 9401, "device_no": "v2-permission", "threshold": 20, "created_at": "2026-10-04T20:45:57.949137+00:00", "product_id": 1, "confirmed_at": null, "current_value": 25}, {"id": 2, "level": "warning", "metric": "temperature", "message": "temperature 高于阈值 20", "pond_id": 9403, "device_no": "v2-hidden", "threshold": 20, "created_at": "2026-10-04T20:45:57.958423+00:00", "product_id": 1, "confirmed_at": null, "current_value": 25}], "outbox": [{"id": 1, "status": "pending", "next_at": "2026-10-04T20:46:57.949184+00:00", "alarm_id": 1, "attempts": 0, "created_at": "2026-10-04T20:46:57.949184+00:00", "last_error": null, "updated_at": "2026-10-04T20:46:57.949184+00:00", "lease_owner": null, "leased_until": null, "recipient_open_id": null}, {"id": 2, "status": "pending", "next_at": "2026-10-04T20:46:57.958462+00:00", "alarm_id": 2, "attempts": 0, "created_at": "2026-10-04T20:46:57.958462+00:00", "last_error": null, "updated_at": "2026-10-04T20:46:57.958462+00:00", "lease_owner": null, "leased_until": null, "recipient_open_id": null}], "shadows": [{"ts": "2026-10-04T20:45:57.958423+00:00", "last": {"temperature": 25}, "signal": null, "pond_id": 9403, "device_no": "v2-hidden", "tenant_id": 9401, "product_id": 1, "timestamps": {"temperature": "2026-10-04T20:45:57.958423414Z"}, "model_version": 1}, {"ts": "2026-10-04T20:45:57.949137+00:00", "last": {"temperature": 25}, "signal": null, "pond_id": 9401, "device_no": "v2-permission", "tenant_id": 9401, "product_id": 1, "timestamps": {"temperature": "2026-10-04T20:45:57.949137778Z"}, "model_version": 1}], "telemetry": [{"ts": "2026-10-04T20:45:57.949137+00:00", "pond_id": 9401, "device_no": "v2-permission", "tenant_id": 9401, "product_id": 1, "properties": {"temperature": 25}, "model_version": 1}, {"ts": "2026-10-04T20:45:57.958423+00:00", "pond_id": 9403, "device_no": "v2-hidden", "tenant_id": 9401, "product_id": 1, "properties": {"temperature": 25}, "model_version": 1}], "sensor_data": [{"ph": null, "ts": "2026-10-04T20:45:57.949137+00:00", "signal": null, "battery": null, "pond_id": 9401, "salinity": null, "device_no": "v2-permission", "tenant_id": 9401, "turbidity": null, "temperature": 25, "dissolved_oxygen": null}, {"ph": null, "ts": "2026-10-04T20:45:57.958423+00:00", "signal": null, "battery": null, "pond_id": 9403, "salinity": null, "device_no": "v2-hidden", "tenant_id": 9401, "turbidity": null, "temperature": 25, "dissolved_oxygen": null}]}
=== RUN   TestAppAlarmConfirmDeniedWhenLiveRoleCannotConfirm/revoked_admin
    app_resource_scope_test.go:119: environment real_timescaledb=2.30.2
    app_resource_scope_test.go:134: scenario=confirm_revoked_admin error=not found before={"alarms": [{"id": 1, "level": "warning", "metric": "temperature", "message": "temperature 高于阈值 20", "pond_id": 9401, "device_no": "v2-permission", "threshold": 20, "created_at": "2026-10-04T20:45:58.364885+00:00", "product_id": 1, "confirmed_at": null, "current_value": 25}, {"id": 2, "level": "warning", "metric": "temperature", "message": "temperature 高于阈值 20", "pond_id": 9403, "device_no": "v2-hidden", "threshold": 20, "created_at": "2026-10-04T20:45:58.373654+00:00", "product_id": 1, "confirmed_at": null, "current_value": 25}], "outbox": [{"id": 1, "status": "pending", "next_at": "2026-10-04T20:46:58.364922+00:00", "alarm_id": 1, "attempts": 0, "created_at": "2026-10-04T20:46:58.364922+00:00", "last_error": null, "updated_at": "2026-10-04T20:46:58.364922+00:00", "lease_owner": null, "leased_until": null, "recipient_open_id": null}, {"id": 2, "status": "pending", "next_at": "2026-10-04T20:46:58.373688+00:00", "alarm_id": 2, "attempts": 0, "created_at": "2026-10-04T20:46:58.373688+00:00", "last_error": null, "updated_at": "2026-10-04T20:46:58.373688+00:00", "lease_owner": null, "leased_until": null, "recipient_open_id": null}], "shadows": [{"ts": "2026-10-04T20:45:58.373654+00:00", "last": {"temperature": 25}, "signal": null, "pond_id": 9403, "device_no": "v2-hidden", "tenant_id": 9401, "product_id": 1, "timestamps": {"temperature": "2026-10-04T20:45:58.373654871Z"}, "model_version": 1}, {"ts": "2026-10-04T20:45:58.364885+00:00", "last": {"temperature": 25}, "signal": null, "pond_id": 9401, "device_no": "v2-permission", "tenant_id": 9401, "product_id": 1, "timestamps": {"temperature": "2026-10-04T20:45:58.364885007Z"}, "model_version": 1}], "telemetry": [{"ts": "2026-10-04T20:45:58.364885+00:00", "pond_id": 9401, "device_no": "v2-permission", "tenant_id": 9401, "product_id": 1, "properties": {"temperature": 25}, "model_version": 1}, {"ts": "2026-10-04T20:45:58.373654+00:00", "pond_id": 9403, "device_no": "v2-hidden", "tenant_id": 9401, "product_id": 1, "properties": {"temperature": 25}, "model_version": 1}], "sensor_data": [{"ph": null, "ts": "2026-10-04T20:45:58.364885+00:00", "signal": null, "battery": null, "pond_id": 9401, "salinity": null, "device_no": "v2-permission", "tenant_id": 9401, "turbidity": null, "temperature": 25, "dissolved_oxygen": null}, {"ph": null, "ts": "2026-10-04T20:45:58.373654+00:00", "signal": null, "battery": null, "pond_id": 9403, "salinity": null, "device_no": "v2-hidden", "tenant_id": 9401, "turbidity": null, "temperature": 25, "dissolved_oxygen": null}]} after={"alarms": [{"id": 1, "level": "warning", "metric": "temperature", "message": "temperature 高于阈值 20", "pond_id": 9401, "device_no": "v2-permission", "threshold": 20, "created_at": "2026-10-04T20:45:58.364885+00:00", "product_id": 1, "confirmed_at": null, "current_value": 25}, {"id": 2, "level": "warning", "metric": "temperature", "message": "temperature 高于阈值 20", "pond_id": 9403, "device_no": "v2-hidden", "threshold": 20, "created_at": "2026-10-04T20:45:58.373654+00:00", "product_id": 1, "confirmed_at": null, "current_value": 25}], "outbox": [{"id": 1, "status": "pending", "next_at": "2026-10-04T20:46:58.364922+00:00", "alarm_id": 1, "attempts": 0, "created_at": "2026-10-04T20:46:58.364922+00:00", "last_error": null, "updated_at": "2026-10-04T20:46:58.364922+00:00", "lease_owner": null, "leased_until": null, "recipient_open_id": null}, {"id": 2, "status": "pending", "next_at": "2026-10-04T20:46:58.373688+00:00", "alarm_id": 2, "attempts": 0, "created_at": "2026-10-04T20:46:58.373688+00:00", "last_error": null, "updated_at": "2026-10-04T20:46:58.373688+00:00", "lease_owner": null, "leased_until": null, "recipient_open_id": null}], "shadows": [{"ts": "2026-10-04T20:45:58.373654+00:00", "last": {"temperature": 25}, "signal": null, "pond_id": 9403, "device_no": "v2-hidden", "tenant_id": 9401, "product_id": 1, "timestamps": {"temperature": "2026-10-04T20:45:58.373654871Z"}, "model_version": 1}, {"ts": "2026-10-04T20:45:58.364885+00:00", "last": {"temperature": 25}, "signal": null, "pond_id": 9401, "device_no": "v2-permission", "tenant_id": 9401, "product_id": 1, "timestamps": {"temperature": "2026-10-04T20:45:58.364885007Z"}, "model_version": 1}], "telemetry": [{"ts": "2026-10-04T20:45:58.364885+00:00", "pond_id": 9401, "device_no": "v2-permission", "tenant_id": 9401, "product_id": 1, "properties": {"temperature": 25}, "model_version": 1}, {"ts": "2026-10-04T20:45:58.373654+00:00", "pond_id": 9403, "device_no": "v2-hidden", "tenant_id": 9401, "product_id": 1, "properties": {"temperature": 25}, "model_version": 1}], "sensor_data": [{"ph": null, "ts": "2026-10-04T20:45:58.364885+00:00", "signal": null, "battery": null, "pond_id": 9401, "salinity": null, "device_no": "v2-permission", "tenant_id": 9401, "turbidity": null, "temperature": 25, "dissolved_oxygen": null}, {"ph": null, "ts": "2026-10-04T20:45:58.373654+00:00", "signal": null, "battery": null, "pond_id": 9403, "salinity": null, "device_no": "v2-hidden", "tenant_id": 9401, "turbidity": null, "temperature": 25, "dissolved_oxygen": null}]}
--- PASS: TestAppAlarmConfirmDeniedWhenLiveRoleCannotConfirm (0.83s)
    --- PASS: TestAppAlarmConfirmDeniedWhenLiveRoleCannotConfirm/viewer (0.41s)
    --- PASS: TestAppAlarmConfirmDeniedWhenLiveRoleCannotConfirm/revoked_admin (0.42s)
=== RUN   TestRegisterDevice_rejectsWhenLicenseVerificationIsUnavailable
--- PASS: TestRegisterDevice_rejectsWhenLicenseVerificationIsUnavailable (0.39s)
=== RUN   TestM6bProductWritesRejectRevocationAfterMiddleware
=== RUN   TestM6bProductWritesRejectRevocationAfterMiddleware/create_product/role
    product_revocation_http_test.go:39: environment real_timescaledb=2.30.2
[GIN-debug] [WARNING] Running in "debug" mode. Switch to "release" mode in production.
 - using env:	export GIN_MODE=release
 - using code:	gin.SetMode(gin.ReleaseMode)

[GIN-debug] POST   /admin/v1/login           --> git.hyhy.fun/rsplab/iolink/internal/adminapi.(*Server).login-fm (2 handlers)
[GIN-debug] GET    /admin/v1/license         --> git.hyhy.fun/rsplab/iolink/internal/adminapi.(*Server).getLicense-fm (3 handlers)
[GIN-debug] POST   /admin/v1/license         --> git.hyhy.fun/rsplab/iolink/internal/adminapi.(*Server).importLicense-fm (3 handlers)
[GIN-debug] GET    /admin/v1/tenants         --> git.hyhy.fun/rsplab/iolink/internal/adminapi.(*Server).listTenants-fm (3 handlers)
[GIN-debug] PUT    /admin/v1/tenants/:id/status --> git.hyhy.fun/rsplab/iolink/internal/adminapi.(*Server).setTenantStatus-fm (3 handlers)
[GIN-debug] GET    /admin/v1/tenants/:id/members --> git.hyhy.fun/rsplab/iolink/internal/adminapi.(*Server).listTenantMembers-fm (3 handlers)
[GIN-debug] PUT    /admin/v1/tenants/:id/members/:user_id --> git.hyhy.fun/rsplab/iolink/internal/adminapi.(*Server).setTenantMember-fm (3 handlers)
[GIN-debug] POST   /admin/v1/password        --> git.hyhy.fun/rsplab/iolink/internal/adminapi.(*Server).changePassword-fm (3 handlers)
[GIN-debug] GET    /admin/v1/farms           --> git.hyhy.fun/rsplab/iolink/internal/adminapi.(*Server).listFarms-fm (4 handlers)
[GIN-debug] POST   /admin/v1/farms           --> git.hyhy.fun/rsplab/iolink/internal/adminapi.(*Server).createFarm-fm (4 handlers)
[GIN-debug] GET    /admin/v1/users           --> git.hyhy.fun/rsplab/iolink/internal/adminapi.(*Server).listUsers-fm (4 handlers)
[GIN-debug] PUT    /admin/v1/farms/:id       --> git.hyhy.fun/rsplab/iolink/internal/adminapi.(*Server).updateFarm-fm (4 handlers)
[GIN-debug] DELETE /admin/v1/farms/:id       --> git.hyhy.fun/rsplab/iolink/internal/adminapi.(*Server).deleteFarm-fm (4 handlers)
[GIN-debug] PUT    /admin/v1/farms/:id/owner --> git.hyhy.fun/rsplab/iolink/internal/adminapi.(*Server).setFarmOwner-fm (4 handlers)
[GIN-debug] GET    /admin/v1/farms/:id/members --> git.hyhy.fun/rsplab/iolink/internal/adminapi.(*Server).listFarmMembers-fm (4 handlers)
[GIN-debug] PUT    /admin/v1/farms/:id/members/:user_id --> git.hyhy.fun/rsplab/iolink/internal/adminapi.(*Server).setFarmMember-fm (4 handlers)
[GIN-debug] GET    /admin/v1/ponds           --> git.hyhy.fun/rsplab/iolink/internal/adminapi.(*Server).listPonds-fm (4 handlers)
[GIN-debug] POST   /admin/v1/ponds           --> git.hyhy.fun/rsplab/iolink/internal/adminapi.(*Server).createPond-fm (4 handlers)
[GIN-debug] PUT    /admin/v1/ponds/:id       --> git.hyhy.fun/rsplab/iolink/internal/adminapi.(*Server).updatePond-fm (4 handlers)
[GIN-debug] DELETE /admin/v1/ponds/:id       --> git.hyhy.fun/rsplab/iolink/internal/adminapi.(*Server).deletePond-fm (4 handlers)
[GIN-debug] GET    /admin/v1/devices         --> git.hyhy.fun/rsplab/iolink/internal/adminapi.(*Server).listDevices-fm (4 handlers)
[GIN-debug] POST   /admin/v1/devices         --> git.hyhy.fun/rsplab/iolink/internal/adminapi.(*Server).registerDevice-fm (4 handlers)
[GIN-debug] GET    /admin/v1/devices/:device_no --> git.hyhy.fun/rsplab/iolink/internal/adminapi.(*Server).getDevice-fm (4 handlers)
[GIN-debug] DELETE /admin/v1/devices/:device_no --> git.hyhy.fun/rsplab/iolink/internal/adminapi.(*Server).deleteDevice-fm (4 handlers)
[GIN-debug] POST   /admin/v1/devices/:device_no/restore --> git.hyhy.fun/rsplab/iolink/internal/adminapi.(*Server).restoreDevice-fm (4 handlers)
[GIN-debug] PUT    /admin/v1/devices/:device_no/pond --> git.hyhy.fun/rsplab/iolink/internal/adminapi.(*Server).moveDevice-fm (4 handlers)
[GIN-debug] GET    /admin/v1/alarm-rules     --> git.hyhy.fun/rsplab/iolink/internal/adminapi.(*Server).listRules-fm (4 handlers)
[GIN-debug] POST   /admin/v1/alarm-rules     --> git.hyhy.fun/rsplab/iolink/internal/adminapi.(*Server).createRule-fm (4 handlers)
[GIN-debug] PUT    /admin/v1/alarm-rules/:id --> git.hyhy.fun/rsplab/iolink/internal/adminapi.(*Server).updateRule-fm (4 handlers)
[GIN-debug] DELETE /admin/v1/alarm-rules/:id --> git.hyhy.fun/rsplab/iolink/internal/adminapi.(*Server).deleteRule-fm (4 handlers)
[GIN-debug] GET    /admin/v1/alarms          --> git.hyhy.fun/rsplab/iolink/internal/adminapi.(*Server).listAlarms-fm (4 handlers)
[GIN-debug] POST   /admin/v1/alarms/:id/confirm --> git.hyhy.fun/rsplab/iolink/internal/adminapi.(*Server).confirmAlarm-fm (4 handlers)
[GIN-debug] POST   /admin/v1/alarms/batch-confirm --> git.hyhy.fun/rsplab/iolink/internal/adminapi.(*Server).batchConfirm-fm (4 handlers)
[GIN-debug] GET    /admin/v1/stats           --> git.hyhy.fun/rsplab/iolink/internal/adminapi.(*Server).stats-fm (4 handlers)
[GIN-debug] GET    /admin/v1/products        --> git.hyhy.fun/rsplab/iolink/internal/adminapi.(*Server).listProducts-fm (4 handlers)
[GIN-debug] POST   /admin/v1/products        --> git.hyhy.fun/rsplab/iolink/internal/adminapi.(*Server).createProduct-fm (4 handlers)
[GIN-debug] GET    /admin/v1/products/:product_id/models --> git.hyhy.fun/rsplab/iolink/internal/adminapi.(*Server).listProductModels-fm (4 handlers)
[GIN-debug] POST   /admin/v1/products/:product_id/models --> git.hyhy.fun/rsplab/iolink/internal/adminapi.(*Server).createProductModel-fm (4 handlers)
[GIN-debug] POST   /admin/v1/products/:product_id/models/:version/publish --> git.hyhy.fun/rsplab/iolink/internal/adminapi.(*Server).publishProductModel-fm (4 handlers)
[GIN-debug] GET    /admin/v1/devices/:device_no/product --> git.hyhy.fun/rsplab/iolink/internal/adminapi.(*Server).getDeviceProduct-fm (4 handlers)
[GIN-debug] PUT    /admin/v1/devices/:device_no/product --> git.hyhy.fun/rsplab/iolink/internal/adminapi.(*Server).assignDeviceProduct-fm (4 handlers)
2026/10/05 04:46:59 INFO http request request_id=6LPR3N4NNLY46TDA5JPM4KZXNX route=/admin/v1/login method=POST status=200 duration_ms=193 tenant_id=0 actor_id=0
2026/10/05 04:46:59 WARN http request request_id=IWFGD2B2URVPCDB2Y7WWMCJUXW route=/admin/v1/products method=POST status=403 duration_ms=4 tenant_id=9401 actor_id=9402
    product_revocation_http_test.go:91: http method=POST path=/admin/v1/products status=403 response={"error":"forbidden"}
=== RUN   TestM6bProductWritesRejectRevocationAfterMiddleware/create_product/membership
    product_revocation_http_test.go:39: environment real_timescaledb=2.30.2
[GIN-debug] [WARNING] Running in "debug" mode. Switch to "release" mode in production.
 - using env:	export GIN_MODE=release
 - using code:	gin.SetMode(gin.ReleaseMode)

[GIN-debug] POST   /admin/v1/login           --> git.hyhy.fun/rsplab/iolink/internal/adminapi.(*Server).login-fm (2 handlers)
[GIN-debug] GET    /admin/v1/license         --> git.hyhy.fun/rsplab/iolink/internal/adminapi.(*Server).getLicense-fm (3 handlers)
[GIN-debug] POST   /admin/v1/license         --> git.hyhy.fun/rsplab/iolink/internal/adminapi.(*Server).importLicense-fm (3 handlers)
[GIN-debug] GET    /admin/v1/tenants         --> git.hyhy.fun/rsplab/iolink/internal/adminapi.(*Server).listTenants-fm (3 handlers)
[GIN-debug] PUT    /admin/v1/tenants/:id/status --> git.hyhy.fun/rsplab/iolink/internal/adminapi.(*Server).setTenantStatus-fm (3 handlers)
[GIN-debug] GET    /admin/v1/tenants/:id/members --> git.hyhy.fun/rsplab/iolink/internal/adminapi.(*Server).listTenantMembers-fm (3 handlers)
[GIN-debug] PUT    /admin/v1/tenants/:id/members/:user_id --> git.hyhy.fun/rsplab/iolink/internal/adminapi.(*Server).setTenantMember-fm (3 handlers)
[GIN-debug] POST   /admin/v1/password        --> git.hyhy.fun/rsplab/iolink/internal/adminapi.(*Server).changePassword-fm (3 handlers)
[GIN-debug] GET    /admin/v1/farms           --> git.hyhy.fun/rsplab/iolink/internal/adminapi.(*Server).listFarms-fm (4 handlers)
[GIN-debug] POST   /admin/v1/farms           --> git.hyhy.fun/rsplab/iolink/internal/adminapi.(*Server).createFarm-fm (4 handlers)
[GIN-debug] GET    /admin/v1/users           --> git.hyhy.fun/rsplab/iolink/internal/adminapi.(*Server).listUsers-fm (4 handlers)
[GIN-debug] PUT    /admin/v1/farms/:id       --> git.hyhy.fun/rsplab/iolink/internal/adminapi.(*Server).updateFarm-fm (4 handlers)
[GIN-debug] DELETE /admin/v1/farms/:id       --> git.hyhy.fun/rsplab/iolink/internal/adminapi.(*Server).deleteFarm-fm (4 handlers)
[GIN-debug] PUT    /admin/v1/farms/:id/owner --> git.hyhy.fun/rsplab/iolink/internal/adminapi.(*Server).setFarmOwner-fm (4 handlers)
[GIN-debug] GET    /admin/v1/farms/:id/members --> git.hyhy.fun/rsplab/iolink/internal/adminapi.(*Server).listFarmMembers-fm (4 handlers)
[GIN-debug] PUT    /admin/v1/farms/:id/members/:user_id --> git.hyhy.fun/rsplab/iolink/internal/adminapi.(*Server).setFarmMember-fm (4 handlers)
[GIN-debug] GET    /admin/v1/ponds           --> git.hyhy.fun/rsplab/iolink/internal/adminapi.(*Server).listPonds-fm (4 handlers)
[GIN-debug] POST   /admin/v1/ponds           --> git.hyhy.fun/rsplab/iolink/internal/adminapi.(*Server).createPond-fm (4 handlers)
[GIN-debug] PUT    /admin/v1/ponds/:id       --> git.hyhy.fun/rsplab/iolink/internal/adminapi.(*Server).updatePond-fm (4 handlers)
[GIN-debug] DELETE /admin/v1/ponds/:id       --> git.hyhy.fun/rsplab/iolink/internal/adminapi.(*Server).deletePond-fm (4 handlers)
[GIN-debug] GET    /admin/v1/devices         --> git.hyhy.fun/rsplab/iolink/internal/adminapi.(*Server).listDevices-fm (4 handlers)
[GIN-debug] POST   /admin/v1/devices         --> git.hyhy.fun/rsplab/iolink/internal/adminapi.(*Server).registerDevice-fm (4 handlers)
[GIN-debug] GET    /admin/v1/devices/:device_no --> git.hyhy.fun/rsplab/iolink/internal/adminapi.(*Server).getDevice-fm (4 handlers)
[GIN-debug] DELETE /admin/v1/devices/:device_no --> git.hyhy.fun/rsplab/iolink/internal/adminapi.(*Server).deleteDevice-fm (4 handlers)
[GIN-debug] POST   /admin/v1/devices/:device_no/restore --> git.hyhy.fun/rsplab/iolink/internal/adminapi.(*Server).restoreDevice-fm (4 handlers)
[GIN-debug] PUT    /admin/v1/devices/:device_no/pond --> git.hyhy.fun/rsplab/iolink/internal/adminapi.(*Server).moveDevice-fm (4 handlers)
[GIN-debug] GET    /admin/v1/alarm-rules     --> git.hyhy.fun/rsplab/iolink/internal/adminapi.(*Server).listRules-fm (4 handlers)
[GIN-debug] POST   /admin/v1/alarm-rules     --> git.hyhy.fun/rsplab/iolink/internal/adminapi.(*Server).createRule-fm (4 handlers)
[GIN-debug] PUT    /admin/v1/alarm-rules/:id --> git.hyhy.fun/rsplab/iolink/internal/adminapi.(*Server).updateRule-fm (4 handlers)
[GIN-debug] DELETE /admin/v1/alarm-rules/:id --> git.hyhy.fun/rsplab/iolink/internal/adminapi.(*Server).deleteRule-fm (4 handlers)
[GIN-debug] GET    /admin/v1/alarms          --> git.hyhy.fun/rsplab/iolink/internal/adminapi.(*Server).listAlarms-fm (4 handlers)
[GIN-debug] POST   /admin/v1/alarms/:id/confirm --> git.hyhy.fun/rsplab/iolink/internal/adminapi.(*Server).confirmAlarm-fm (4 handlers)
[GIN-debug] POST   /admin/v1/alarms/batch-confirm --> git.hyhy.fun/rsplab/iolink/internal/adminapi.(*Server).batchConfirm-fm (4 handlers)
[GIN-debug] GET    /admin/v1/stats           --> git.hyhy.fun/rsplab/iolink/internal/adminapi.(*Server).stats-fm (4 handlers)
[GIN-debug] GET    /admin/v1/products        --> git.hyhy.fun/rsplab/iolink/internal/adminapi.(*Server).listProducts-fm (4 handlers)
[GIN-debug] POST   /admin/v1/products        --> git.hyhy.fun/rsplab/iolink/internal/adminapi.(*Server).createProduct-fm (4 handlers)
[GIN-debug] GET    /admin/v1/products/:product_id/models --> git.hyhy.fun/rsplab/iolink/internal/adminapi.(*Server).listProductModels-fm (4 handlers)
[GIN-debug] POST   /admin/v1/products/:product_id/models --> git.hyhy.fun/rsplab/iolink/internal/adminapi.(*Server).createProductModel-fm (4 handlers)
[GIN-debug] POST   /admin/v1/products/:product_id/models/:version/publish --> git.hyhy.fun/rsplab/iolink/internal/adminapi.(*Server).publishProductModel-fm (4 handlers)
[GIN-debug] GET    /admin/v1/devices/:device_no/product --> git.hyhy.fun/rsplab/iolink/internal/adminapi.(*Server).getDeviceProduct-fm (4 handlers)
[GIN-debug] PUT    /admin/v1/devices/:device_no/product --> git.hyhy.fun/rsplab/iolink/internal/adminapi.(*Server).assignDeviceProduct-fm (4 handlers)
2026/10/05 04:47:00 INFO http request request_id=6KIVDMQ46CNDDYQTQZIUJNSCU6 route=/admin/v1/login method=POST status=200 duration_ms=154 tenant_id=0 actor_id=0
2026/10/05 04:47:00 WARN http request request_id=JHHVZGBD2TRMN7PQQBVTFCOFHP route=/admin/v1/products method=POST status=403 duration_ms=11 tenant_id=9401 actor_id=9402
    product_revocation_http_test.go:91: http method=POST path=/admin/v1/products status=403 response={"error":"forbidden"}
=== RUN   TestM6bProductWritesRejectRevocationAfterMiddleware/create_product/tenant
    product_revocation_http_test.go:39: environment real_timescaledb=2.30.2
[GIN-debug] [WARNING] Running in "debug" mode. Switch to "release" mode in production.
 - using env:	export GIN_MODE=release
 - using code:	gin.SetMode(gin.ReleaseMode)

[GIN-debug] POST   /admin/v1/login           --> git.hyhy.fun/rsplab/iolink/internal/adminapi.(*Server).login-fm (2 handlers)
[GIN-debug] GET    /admin/v1/license         --> git.hyhy.fun/rsplab/iolink/internal/adminapi.(*Server).getLicense-fm (3 handlers)
[GIN-debug] POST   /admin/v1/license         --> git.hyhy.fun/rsplab/iolink/internal/adminapi.(*Server).importLicense-fm (3 handlers)
[GIN-debug] GET    /admin/v1/tenants         --> git.hyhy.fun/rsplab/iolink/internal/adminapi.(*Server).listTenants-fm (3 handlers)
[GIN-debug] PUT    /admin/v1/tenants/:id/status --> git.hyhy.fun/rsplab/iolink/internal/adminapi.(*Server).setTenantStatus-fm (3 handlers)
[GIN-debug] GET    /admin/v1/tenants/:id/members --> git.hyhy.fun/rsplab/iolink/internal/adminapi.(*Server).listTenantMembers-fm (3 handlers)
[GIN-debug] PUT    /admin/v1/tenants/:id/members/:user_id --> git.hyhy.fun/rsplab/iolink/internal/adminapi.(*Server).setTenantMember-fm (3 handlers)
[GIN-debug] POST   /admin/v1/password        --> git.hyhy.fun/rsplab/iolink/internal/adminapi.(*Server).changePassword-fm (3 handlers)
[GIN-debug] GET    /admin/v1/farms           --> git.hyhy.fun/rsplab/iolink/internal/adminapi.(*Server).listFarms-fm (4 handlers)
[GIN-debug] POST   /admin/v1/farms           --> git.hyhy.fun/rsplab/iolink/internal/adminapi.(*Server).createFarm-fm (4 handlers)
[GIN-debug] GET    /admin/v1/users           --> git.hyhy.fun/rsplab/iolink/internal/adminapi.(*Server).listUsers-fm (4 handlers)
[GIN-debug] PUT    /admin/v1/farms/:id       --> git.hyhy.fun/rsplab/iolink/internal/adminapi.(*Server).updateFarm-fm (4 handlers)
[GIN-debug] DELETE /admin/v1/farms/:id       --> git.hyhy.fun/rsplab/iolink/internal/adminapi.(*Server).deleteFarm-fm (4 handlers)
[GIN-debug] PUT    /admin/v1/farms/:id/owner --> git.hyhy.fun/rsplab/iolink/internal/adminapi.(*Server).setFarmOwner-fm (4 handlers)
[GIN-debug] GET    /admin/v1/farms/:id/members --> git.hyhy.fun/rsplab/iolink/internal/adminapi.(*Server).listFarmMembers-fm (4 handlers)
[GIN-debug] PUT    /admin/v1/farms/:id/members/:user_id --> git.hyhy.fun/rsplab/iolink/internal/adminapi.(*Server).setFarmMember-fm (4 handlers)
[GIN-debug] GET    /admin/v1/ponds           --> git.hyhy.fun/rsplab/iolink/internal/adminapi.(*Server).listPonds-fm (4 handlers)
[GIN-debug] POST   /admin/v1/ponds           --> git.hyhy.fun/rsplab/iolink/internal/adminapi.(*Server).createPond-fm (4 handlers)
[GIN-debug] PUT    /admin/v1/ponds/:id       --> git.hyhy.fun/rsplab/iolink/internal/adminapi.(*Server).updatePond-fm (4 handlers)
[GIN-debug] DELETE /admin/v1/ponds/:id       --> git.hyhy.fun/rsplab/iolink/internal/adminapi.(*Server).deletePond-fm (4 handlers)
[GIN-debug] GET    /admin/v1/devices         --> git.hyhy.fun/rsplab/iolink/internal/adminapi.(*Server).listDevices-fm (4 handlers)
[GIN-debug] POST   /admin/v1/devices         --> git.hyhy.fun/rsplab/iolink/internal/adminapi.(*Server).registerDevice-fm (4 handlers)
[GIN-debug] GET    /admin/v1/devices/:device_no --> git.hyhy.fun/rsplab/iolink/internal/adminapi.(*Server).getDevice-fm (4 handlers)
[GIN-debug] DELETE /admin/v1/devices/:device_no --> git.hyhy.fun/rsplab/iolink/internal/adminapi.(*Server).deleteDevice-fm (4 handlers)
[GIN-debug] POST   /admin/v1/devices/:device_no/restore --> git.hyhy.fun/rsplab/iolink/internal/adminapi.(*Server).restoreDevice-fm (4 handlers)
[GIN-debug] PUT    /admin/v1/devices/:device_no/pond --> git.hyhy.fun/rsplab/iolink/internal/adminapi.(*Server).moveDevice-fm (4 handlers)
[GIN-debug] GET    /admin/v1/alarm-rules     --> git.hyhy.fun/rsplab/iolink/internal/adminapi.(*Server).listRules-fm (4 handlers)
[GIN-debug] POST   /admin/v1/alarm-rules     --> git.hyhy.fun/rsplab/iolink/internal/adminapi.(*Server).createRule-fm (4 handlers)
[GIN-debug] PUT    /admin/v1/alarm-rules/:id --> git.hyhy.fun/rsplab/iolink/internal/adminapi.(*Server).updateRule-fm (4 handlers)
[GIN-debug] DELETE /admin/v1/alarm-rules/:id --> git.hyhy.fun/rsplab/iolink/internal/adminapi.(*Server).deleteRule-fm (4 handlers)
[GIN-debug] GET    /admin/v1/alarms          --> git.hyhy.fun/rsplab/iolink/internal/adminapi.(*Server).listAlarms-fm (4 handlers)
[GIN-debug] POST   /admin/v1/alarms/:id/confirm --> git.hyhy.fun/rsplab/iolink/internal/adminapi.(*Server).confirmAlarm-fm (4 handlers)
[GIN-debug] POST   /admin/v1/alarms/batch-confirm --> git.hyhy.fun/rsplab/iolink/internal/adminapi.(*Server).batchConfirm-fm (4 handlers)
[GIN-debug] GET    /admin/v1/stats           --> git.hyhy.fun/rsplab/iolink/internal/adminapi.(*Server).stats-fm (4 handlers)
[GIN-debug] GET    /admin/v1/products        --> git.hyhy.fun/rsplab/iolink/internal/adminapi.(*Server).listProducts-fm (4 handlers)
[GIN-debug] POST   /admin/v1/products        --> git.hyhy.fun/rsplab/iolink/internal/adminapi.(*Server).createProduct-fm (4 handlers)
[GIN-debug] GET    /admin/v1/products/:product_id/models --> git.hyhy.fun/rsplab/iolink/internal/adminapi.(*Server).listProductModels-fm (4 handlers)
[GIN-debug] POST   /admin/v1/products/:product_id/models --> git.hyhy.fun/rsplab/iolink/internal/adminapi.(*Server).createProductModel-fm (4 handlers)
[GIN-debug] POST   /admin/v1/products/:product_id/models/:version/publish --> git.hyhy.fun/rsplab/iolink/internal/adminapi.(*Server).publishProductModel-fm (4 handlers)
[GIN-debug] GET    /admin/v1/devices/:device_no/product --> git.hyhy.fun/rsplab/iolink/internal/adminapi.(*Server).getDeviceProduct-fm (4 handlers)
[GIN-debug] PUT    /admin/v1/devices/:device_no/product --> git.hyhy.fun/rsplab/iolink/internal/adminapi.(*Server).assignDeviceProduct-fm (4 handlers)
2026/10/05 04:47:01 INFO http request request_id=OEBRCRVXAZ3EJWWBGRN35XHOMV route=/admin/v1/login method=POST status=200 duration_ms=148 tenant_id=0 actor_id=0
2026/10/05 04:47:01 WARN http request request_id=UX3757WD23MAO2JUGRLEN6R67D route=/admin/v1/products method=POST status=403 duration_ms=3 tenant_id=9401 actor_id=9402
    product_revocation_http_test.go:91: http method=POST path=/admin/v1/products status=403 response={"error":"forbidden"}
=== RUN   TestM6bProductWritesRejectRevocationAfterMiddleware/create_product/platform_authority
    product_revocation_http_test.go:39: environment real_timescaledb=2.30.2
[GIN-debug] [WARNING] Running in "debug" mode. Switch to "release" mode in production.
 - using env:	export GIN_MODE=release
 - using code:	gin.SetMode(gin.ReleaseMode)

[GIN-debug] POST   /admin/v1/login           --> git.hyhy.fun/rsplab/iolink/internal/adminapi.(*Server).login-fm (2 handlers)
[GIN-debug] GET    /admin/v1/license         --> git.hyhy.fun/rsplab/iolink/internal/adminapi.(*Server).getLicense-fm (3 handlers)
[GIN-debug] POST   /admin/v1/license         --> git.hyhy.fun/rsplab/iolink/internal/adminapi.(*Server).importLicense-fm (3 handlers)
[GIN-debug] GET    /admin/v1/tenants         --> git.hyhy.fun/rsplab/iolink/internal/adminapi.(*Server).listTenants-fm (3 handlers)
[GIN-debug] PUT    /admin/v1/tenants/:id/status --> git.hyhy.fun/rsplab/iolink/internal/adminapi.(*Server).setTenantStatus-fm (3 handlers)
[GIN-debug] GET    /admin/v1/tenants/:id/members --> git.hyhy.fun/rsplab/iolink/internal/adminapi.(*Server).listTenantMembers-fm (3 handlers)
[GIN-debug] PUT    /admin/v1/tenants/:id/members/:user_id --> git.hyhy.fun/rsplab/iolink/internal/adminapi.(*Server).setTenantMember-fm (3 handlers)
[GIN-debug] POST   /admin/v1/password        --> git.hyhy.fun/rsplab/iolink/internal/adminapi.(*Server).changePassword-fm (3 handlers)
[GIN-debug] GET    /admin/v1/farms           --> git.hyhy.fun/rsplab/iolink/internal/adminapi.(*Server).listFarms-fm (4 handlers)
[GIN-debug] POST   /admin/v1/farms           --> git.hyhy.fun/rsplab/iolink/internal/adminapi.(*Server).createFarm-fm (4 handlers)
[GIN-debug] GET    /admin/v1/users           --> git.hyhy.fun/rsplab/iolink/internal/adminapi.(*Server).listUsers-fm (4 handlers)
[GIN-debug] PUT    /admin/v1/farms/:id       --> git.hyhy.fun/rsplab/iolink/internal/adminapi.(*Server).updateFarm-fm (4 handlers)
[GIN-debug] DELETE /admin/v1/farms/:id       --> git.hyhy.fun/rsplab/iolink/internal/adminapi.(*Server).deleteFarm-fm (4 handlers)
[GIN-debug] PUT    /admin/v1/farms/:id/owner --> git.hyhy.fun/rsplab/iolink/internal/adminapi.(*Server).setFarmOwner-fm (4 handlers)
[GIN-debug] GET    /admin/v1/farms/:id/members --> git.hyhy.fun/rsplab/iolink/internal/adminapi.(*Server).listFarmMembers-fm (4 handlers)
[GIN-debug] PUT    /admin/v1/farms/:id/members/:user_id --> git.hyhy.fun/rsplab/iolink/internal/adminapi.(*Server).setFarmMember-fm (4 handlers)
[GIN-debug] GET    /admin/v1/ponds           --> git.hyhy.fun/rsplab/iolink/internal/adminapi.(*Server).listPonds-fm (4 handlers)
[GIN-debug] POST   /admin/v1/ponds           --> git.hyhy.fun/rsplab/iolink/internal/adminapi.(*Server).createPond-fm (4 handlers)
[GIN-debug] PUT    /admin/v1/ponds/:id       --> git.hyhy.fun/rsplab/iolink/internal/adminapi.(*Server).updatePond-fm (4 handlers)
[GIN-debug] DELETE /admin/v1/ponds/:id       --> git.hyhy.fun/rsplab/iolink/internal/adminapi.(*Server).deletePond-fm (4 handlers)
[GIN-debug] GET    /admin/v1/devices         --> git.hyhy.fun/rsplab/iolink/internal/adminapi.(*Server).listDevices-fm (4 handlers)
[GIN-debug] POST   /admin/v1/devices         --> git.hyhy.fun/rsplab/iolink/internal/adminapi.(*Server).registerDevice-fm (4 handlers)
[GIN-debug] GET    /admin/v1/devices/:device_no --> git.hyhy.fun/rsplab/iolink/internal/adminapi.(*Server).getDevice-fm (4 handlers)
[GIN-debug] DELETE /admin/v1/devices/:device_no --> git.hyhy.fun/rsplab/iolink/internal/adminapi.(*Server).deleteDevice-fm (4 handlers)
[GIN-debug] POST   /admin/v1/devices/:device_no/restore --> git.hyhy.fun/rsplab/iolink/internal/adminapi.(*Server).restoreDevice-fm (4 handlers)
[GIN-debug] PUT    /admin/v1/devices/:device_no/pond --> git.hyhy.fun/rsplab/iolink/internal/adminapi.(*Server).moveDevice-fm (4 handlers)
[GIN-debug] GET    /admin/v1/alarm-rules     --> git.hyhy.fun/rsplab/iolink/internal/adminapi.(*Server).listRules-fm (4 handlers)
[GIN-debug] POST   /admin/v1/alarm-rules     --> git.hyhy.fun/rsplab/iolink/internal/adminapi.(*Server).createRule-fm (4 handlers)
[GIN-debug] PUT    /admin/v1/alarm-rules/:id --> git.hyhy.fun/rsplab/iolink/internal/adminapi.(*Server).updateRule-fm (4 handlers)
[GIN-debug] DELETE /admin/v1/alarm-rules/:id --> git.hyhy.fun/rsplab/iolink/internal/adminapi.(*Server).deleteRule-fm (4 handlers)
[GIN-debug] GET    /admin/v1/alarms          --> git.hyhy.fun/rsplab/iolink/internal/adminapi.(*Server).listAlarms-fm (4 handlers)
[GIN-debug] POST   /admin/v1/alarms/:id/confirm --> git.hyhy.fun/rsplab/iolink/internal/adminapi.(*Server).confirmAlarm-fm (4 handlers)
[GIN-debug] POST   /admin/v1/alarms/batch-confirm --> git.hyhy.fun/rsplab/iolink/internal/adminapi.(*Server).batchConfirm-fm (4 handlers)
[GIN-debug] GET    /admin/v1/stats           --> git.hyhy.fun/rsplab/iolink/internal/adminapi.(*Server).stats-fm (4 handlers)
[GIN-debug] GET    /admin/v1/products        --> git.hyhy.fun/rsplab/iolink/internal/adminapi.(*Server).listProducts-fm (4 handlers)
[GIN-debug] POST   /admin/v1/products        --> git.hyhy.fun/rsplab/iolink/internal/adminapi.(*Server).createProduct-fm (4 handlers)
[GIN-debug] GET    /admin/v1/products/:product_id/models --> git.hyhy.fun/rsplab/iolink/internal/adminapi.(*Server).listProductModels-fm (4 handlers)
[GIN-debug] POST   /admin/v1/products/:product_id/models --> git.hyhy.fun/rsplab/iolink/internal/adminapi.(*Server).createProductModel-fm (4 handlers)
[GIN-debug] POST   /admin/v1/products/:product_id/models/:version/publish --> git.hyhy.fun/rsplab/iolink/internal/adminapi.(*Server).publishProductModel-fm (4 handlers)
[GIN-debug] GET    /admin/v1/devices/:device_no/product --> git.hyhy.fun/rsplab/iolink/internal/adminapi.(*Server).getDeviceProduct-fm (4 handlers)
[GIN-debug] PUT    /admin/v1/devices/:device_no/product --> git.hyhy.fun/rsplab/iolink/internal/adminapi.(*Server).assignDeviceProduct-fm (4 handlers)
2026/10/05 04:47:01 INFO http request request_id=N757CAPOJNN3MNRDYLOIZXHIKT route=/admin/v1/login method=POST status=200 duration_ms=150 tenant_id=0 actor_id=0
2026/10/05 04:47:01 WARN http request request_id=7EU2S4DC6QLLWTLXRWDYYFK6QM route=/admin/v1/products method=POST status=403 duration_ms=4 tenant_id=9401 actor_id=9402
    product_revocation_http_test.go:91: http method=POST path=/admin/v1/products status=403 response={"error":"forbidden"}
=== RUN   TestM6bProductWritesRejectRevocationAfterMiddleware/create_product/permission_version
    product_revocation_http_test.go:39: environment real_timescaledb=2.30.2
[GIN-debug] [WARNING] Running in "debug" mode. Switch to "release" mode in production.
 - using env:	export GIN_MODE=release
 - using code:	gin.SetMode(gin.ReleaseMode)

[GIN-debug] POST   /admin/v1/login           --> git.hyhy.fun/rsplab/iolink/internal/adminapi.(*Server).login-fm (2 handlers)
[GIN-debug] GET    /admin/v1/license         --> git.hyhy.fun/rsplab/iolink/internal/adminapi.(*Server).getLicense-fm (3 handlers)
[GIN-debug] POST   /admin/v1/license         --> git.hyhy.fun/rsplab/iolink/internal/adminapi.(*Server).importLicense-fm (3 handlers)
[GIN-debug] GET    /admin/v1/tenants         --> git.hyhy.fun/rsplab/iolink/internal/adminapi.(*Server).listTenants-fm (3 handlers)
[GIN-debug] PUT    /admin/v1/tenants/:id/status --> git.hyhy.fun/rsplab/iolink/internal/adminapi.(*Server).setTenantStatus-fm (3 handlers)
[GIN-debug] GET    /admin/v1/tenants/:id/members --> git.hyhy.fun/rsplab/iolink/internal/adminapi.(*Server).listTenantMembers-fm (3 handlers)
[GIN-debug] PUT    /admin/v1/tenants/:id/members/:user_id --> git.hyhy.fun/rsplab/iolink/internal/adminapi.(*Server).setTenantMember-fm (3 handlers)
[GIN-debug] POST   /admin/v1/password        --> git.hyhy.fun/rsplab/iolink/internal/adminapi.(*Server).changePassword-fm (3 handlers)
[GIN-debug] GET    /admin/v1/farms           --> git.hyhy.fun/rsplab/iolink/internal/adminapi.(*Server).listFarms-fm (4 handlers)
[GIN-debug] POST   /admin/v1/farms           --> git.hyhy.fun/rsplab/iolink/internal/adminapi.(*Server).createFarm-fm (4 handlers)
[GIN-debug] GET    /admin/v1/users           --> git.hyhy.fun/rsplab/iolink/internal/adminapi.(*Server).listUsers-fm (4 handlers)
[GIN-debug] PUT    /admin/v1/farms/:id       --> git.hyhy.fun/rsplab/iolink/internal/adminapi.(*Server).updateFarm-fm (4 handlers)
[GIN-debug] DELETE /admin/v1/farms/:id       --> git.hyhy.fun/rsplab/iolink/internal/adminapi.(*Server).deleteFarm-fm (4 handlers)
[GIN-debug] PUT    /admin/v1/farms/:id/owner --> git.hyhy.fun/rsplab/iolink/internal/adminapi.(*Server).setFarmOwner-fm (4 handlers)
[GIN-debug] GET    /admin/v1/farms/:id/members --> git.hyhy.fun/rsplab/iolink/internal/adminapi.(*Server).listFarmMembers-fm (4 handlers)
[GIN-debug] PUT    /admin/v1/farms/:id/members/:user_id --> git.hyhy.fun/rsplab/iolink/internal/adminapi.(*Server).setFarmMember-fm (4 handlers)
[GIN-debug] GET    /admin/v1/ponds           --> git.hyhy.fun/rsplab/iolink/internal/adminapi.(*Server).listPonds-fm (4 handlers)
[GIN-debug] POST   /admin/v1/ponds           --> git.hyhy.fun/rsplab/iolink/internal/adminapi.(*Server).createPond-fm (4 handlers)
[GIN-debug] PUT    /admin/v1/ponds/:id       --> git.hyhy.fun/rsplab/iolink/internal/adminapi.(*Server).updatePond-fm (4 handlers)
[GIN-debug] DELETE /admin/v1/ponds/:id       --> git.hyhy.fun/rsplab/iolink/internal/adminapi.(*Server).deletePond-fm (4 handlers)
[GIN-debug] GET    /admin/v1/devices         --> git.hyhy.fun/rsplab/iolink/internal/adminapi.(*Server).listDevices-fm (4 handlers)
[GIN-debug] POST   /admin/v1/devices         --> git.hyhy.fun/rsplab/iolink/internal/adminapi.(*Server).registerDevice-fm (4 handlers)
[GIN-debug] GET    /admin/v1/devices/:device_no --> git.hyhy.fun/rsplab/iolink/internal/adminapi.(*Server).getDevice-fm (4 handlers)
[GIN-debug] DELETE /admin/v1/devices/:device_no --> git.hyhy.fun/rsplab/iolink/internal/adminapi.(*Server).deleteDevice-fm (4 handlers)
[GIN-debug] POST   /admin/v1/devices/:device_no/restore --> git.hyhy.fun/rsplab/iolink/internal/adminapi.(*Server).restoreDevice-fm (4 handlers)
[GIN-debug] PUT    /admin/v1/devices/:device_no/pond --> git.hyhy.fun/rsplab/iolink/internal/adminapi.(*Server).moveDevice-fm (4 handlers)
[GIN-debug] GET    /admin/v1/alarm-rules     --> git.hyhy.fun/rsplab/iolink/internal/adminapi.(*Server).listRules-fm (4 handlers)
[GIN-debug] POST   /admin/v1/alarm-rules     --> git.hyhy.fun/rsplab/iolink/internal/adminapi.(*Server).createRule-fm (4 handlers)
[GIN-debug] PUT    /admin/v1/alarm-rules/:id --> git.hyhy.fun/rsplab/iolink/internal/adminapi.(*Server).updateRule-fm (4 handlers)
[GIN-debug] DELETE /admin/v1/alarm-rules/:id --> git.hyhy.fun/rsplab/iolink/internal/adminapi.(*Server).deleteRule-fm (4 handlers)
[GIN-debug] GET    /admin/v1/alarms          --> git.hyhy.fun/rsplab/iolink/internal/adminapi.(*Server).listAlarms-fm (4 handlers)
[GIN-debug] POST   /admin/v1/alarms/:id/confirm --> git.hyhy.fun/rsplab/iolink/internal/adminapi.(*Server).confirmAlarm-fm (4 handlers)
[GIN-debug] POST   /admin/v1/alarms/batch-confirm --> git.hyhy.fun/rsplab/iolink/internal/adminapi.(*Server).batchConfirm-fm (4 handlers)
[GIN-debug] GET    /admin/v1/stats           --> git.hyhy.fun/rsplab/iolink/internal/adminapi.(*Server).stats-fm (4 handlers)
[GIN-debug] GET    /admin/v1/products        --> git.hyhy.fun/rsplab/iolink/internal/adminapi.(*Server).listProducts-fm (4 handlers)
[GIN-debug] POST   /admin/v1/products        --> git.hyhy.fun/rsplab/iolink/internal/adminapi.(*Server).createProduct-fm (4 handlers)
[GIN-debug] GET    /admin/v1/products/:product_id/models --> git.hyhy.fun/rsplab/iolink/internal/adminapi.(*Server).listProductModels-fm (4 handlers)
[GIN-debug] POST   /admin/v1/products/:product_id/models --> git.hyhy.fun/rsplab/iolink/internal/adminapi.(*Server).createProductModel-fm (4 handlers)
[GIN-debug] POST   /admin/v1/products/:product_id/models/:version/publish --> git.hyhy.fun/rsplab/iolink/internal/adminapi.(*Server).publishProductModel-fm (4 handlers)
[GIN-debug] GET    /admin/v1/devices/:device_no/product --> git.hyhy.fun/rsplab/iolink/internal/adminapi.(*Server).getDeviceProduct-fm (4 handlers)
[GIN-debug] PUT    /admin/v1/devices/:device_no/product --> git.hyhy.fun/rsplab/iolink/internal/adminapi.(*Server).assignDeviceProduct-fm (4 handlers)
2026/10/05 04:47:02 INFO http request request_id=SCH2AB5CFP5P3IFZP3ALYGQJQN route=/admin/v1/login method=POST status=200 duration_ms=153 tenant_id=0 actor_id=0
2026/10/05 04:47:02 WARN http request request_id=2E3I626ROB5EQ2K6NFMWOYJQKL route=/admin/v1/products method=POST status=403 duration_ms=4 tenant_id=9401 actor_id=9402
    product_revocation_http_test.go:91: http method=POST path=/admin/v1/products status=403 response={"error":"forbidden"}
=== RUN   TestM6bProductWritesRejectRevocationAfterMiddleware/create_model/role
    product_revocation_http_test.go:39: environment real_timescaledb=2.30.2
[GIN-debug] [WARNING] Running in "debug" mode. Switch to "release" mode in production.
 - using env:	export GIN_MODE=release
 - using code:	gin.SetMode(gin.ReleaseMode)

[GIN-debug] POST   /admin/v1/login           --> git.hyhy.fun/rsplab/iolink/internal/adminapi.(*Server).login-fm (2 handlers)
[GIN-debug] GET    /admin/v1/license         --> git.hyhy.fun/rsplab/iolink/internal/adminapi.(*Server).getLicense-fm (3 handlers)
[GIN-debug] POST   /admin/v1/license         --> git.hyhy.fun/rsplab/iolink/internal/adminapi.(*Server).importLicense-fm (3 handlers)
[GIN-debug] GET    /admin/v1/tenants         --> git.hyhy.fun/rsplab/iolink/internal/adminapi.(*Server).listTenants-fm (3 handlers)
[GIN-debug] PUT    /admin/v1/tenants/:id/status --> git.hyhy.fun/rsplab/iolink/internal/adminapi.(*Server).setTenantStatus-fm (3 handlers)
[GIN-debug] GET    /admin/v1/tenants/:id/members --> git.hyhy.fun/rsplab/iolink/internal/adminapi.(*Server).listTenantMembers-fm (3 handlers)
[GIN-debug] PUT    /admin/v1/tenants/:id/members/:user_id --> git.hyhy.fun/rsplab/iolink/internal/adminapi.(*Server).setTenantMember-fm (3 handlers)
[GIN-debug] POST   /admin/v1/password        --> git.hyhy.fun/rsplab/iolink/internal/adminapi.(*Server).changePassword-fm (3 handlers)
[GIN-debug] GET    /admin/v1/farms           --> git.hyhy.fun/rsplab/iolink/internal/adminapi.(*Server).listFarms-fm (4 handlers)
[GIN-debug] POST   /admin/v1/farms           --> git.hyhy.fun/rsplab/iolink/internal/adminapi.(*Server).createFarm-fm (4 handlers)
[GIN-debug] GET    /admin/v1/users           --> git.hyhy.fun/rsplab/iolink/internal/adminapi.(*Server).listUsers-fm (4 handlers)
[GIN-debug] PUT    /admin/v1/farms/:id       --> git.hyhy.fun/rsplab/iolink/internal/adminapi.(*Server).updateFarm-fm (4 handlers)
[GIN-debug] DELETE /admin/v1/farms/:id       --> git.hyhy.fun/rsplab/iolink/internal/adminapi.(*Server).deleteFarm-fm (4 handlers)
[GIN-debug] PUT    /admin/v1/farms/:id/owner --> git.hyhy.fun/rsplab/iolink/internal/adminapi.(*Server).setFarmOwner-fm (4 handlers)
[GIN-debug] GET    /admin/v1/farms/:id/members --> git.hyhy.fun/rsplab/iolink/internal/adminapi.(*Server).listFarmMembers-fm (4 handlers)
[GIN-debug] PUT    /admin/v1/farms/:id/members/:user_id --> git.hyhy.fun/rsplab/iolink/internal/adminapi.(*Server).setFarmMember-fm (4 handlers)
[GIN-debug] GET    /admin/v1/ponds           --> git.hyhy.fun/rsplab/iolink/internal/adminapi.(*Server).listPonds-fm (4 handlers)
[GIN-debug] POST   /admin/v1/ponds           --> git.hyhy.fun/rsplab/iolink/internal/adminapi.(*Server).createPond-fm (4 handlers)
[GIN-debug] PUT    /admin/v1/ponds/:id       --> git.hyhy.fun/rsplab/iolink/internal/adminapi.(*Server).updatePond-fm (4 handlers)
[GIN-debug] DELETE /admin/v1/ponds/:id       --> git.hyhy.fun/rsplab/iolink/internal/adminapi.(*Server).deletePond-fm (4 handlers)
[GIN-debug] GET    /admin/v1/devices         --> git.hyhy.fun/rsplab/iolink/internal/adminapi.(*Server).listDevices-fm (4 handlers)
[GIN-debug] POST   /admin/v1/devices         --> git.hyhy.fun/rsplab/iolink/internal/adminapi.(*Server).registerDevice-fm (4 handlers)
[GIN-debug] GET    /admin/v1/devices/:device_no --> git.hyhy.fun/rsplab/iolink/internal/adminapi.(*Server).getDevice-fm (4 handlers)
[GIN-debug] DELETE /admin/v1/devices/:device_no --> git.hyhy.fun/rsplab/iolink/internal/adminapi.(*Server).deleteDevice-fm (4 handlers)
[GIN-debug] POST   /admin/v1/devices/:device_no/restore --> git.hyhy.fun/rsplab/iolink/internal/adminapi.(*Server).restoreDevice-fm (4 handlers)
[GIN-debug] PUT    /admin/v1/devices/:device_no/pond --> git.hyhy.fun/rsplab/iolink/internal/adminapi.(*Server).moveDevice-fm (4 handlers)
[GIN-debug] GET    /admin/v1/alarm-rules     --> git.hyhy.fun/rsplab/iolink/internal/adminapi.(*Server).listRules-fm (4 handlers)
[GIN-debug] POST   /admin/v1/alarm-rules     --> git.hyhy.fun/rsplab/iolink/internal/adminapi.(*Server).createRule-fm (4 handlers)
[GIN-debug] PUT    /admin/v1/alarm-rules/:id --> git.hyhy.fun/rsplab/iolink/internal/adminapi.(*Server).updateRule-fm (4 handlers)
[GIN-debug] DELETE /admin/v1/alarm-rules/:id --> git.hyhy.fun/rsplab/iolink/internal/adminapi.(*Server).deleteRule-fm (4 handlers)
[GIN-debug] GET    /admin/v1/alarms          --> git.hyhy.fun/rsplab/iolink/internal/adminapi.(*Server).listAlarms-fm (4 handlers)
[GIN-debug] POST   /admin/v1/alarms/:id/confirm --> git.hyhy.fun/rsplab/iolink/internal/adminapi.(*Server).confirmAlarm-fm (4 handlers)
[GIN-debug] POST   /admin/v1/alarms/batch-confirm --> git.hyhy.fun/rsplab/iolink/internal/adminapi.(*Server).batchConfirm-fm (4 handlers)
[GIN-debug] GET    /admin/v1/stats           --> git.hyhy.fun/rsplab/iolink/internal/adminapi.(*Server).stats-fm (4 handlers)
[GIN-debug] GET    /admin/v1/products        --> git.hyhy.fun/rsplab/iolink/internal/adminapi.(*Server).listProducts-fm (4 handlers)
[GIN-debug] POST   /admin/v1/products        --> git.hyhy.fun/rsplab/iolink/internal/adminapi.(*Server).createProduct-fm (4 handlers)
[GIN-debug] GET    /admin/v1/products/:product_id/models --> git.hyhy.fun/rsplab/iolink/internal/adminapi.(*Server).listProductModels-fm (4 handlers)
[GIN-debug] POST   /admin/v1/products/:product_id/models --> git.hyhy.fun/rsplab/iolink/internal/adminapi.(*Server).createProductModel-fm (4 handlers)
[GIN-debug] POST   /admin/v1/products/:product_id/models/:version/publish --> git.hyhy.fun/rsplab/iolink/internal/adminapi.(*Server).publishProductModel-fm (4 handlers)
[GIN-debug] GET    /admin/v1/devices/:device_no/product --> git.hyhy.fun/rsplab/iolink/internal/adminapi.(*Server).getDeviceProduct-fm (4 handlers)
[GIN-debug] PUT    /admin/v1/devices/:device_no/product --> git.hyhy.fun/rsplab/iolink/internal/adminapi.(*Server).assignDeviceProduct-fm (4 handlers)
2026/10/05 04:47:03 INFO http request request_id=YYHXRXBTIBTNHJYPTJ4GYBKDR7 route=/admin/v1/login method=POST status=200 duration_ms=140 tenant_id=0 actor_id=0
2026/10/05 04:47:03 WARN http request request_id=5YOGVRZLWDHIYDBGQKIHKTCEL7 route=/admin/v1/products/:product_id/models method=POST status=403 duration_ms=6 tenant_id=9401 actor_id=9402
    product_revocation_http_test.go:91: http method=POST path=/admin/v1/products/2/models status=403 response={"error":"forbidden"}
=== RUN   TestM6bProductWritesRejectRevocationAfterMiddleware/create_model/membership
    product_revocation_http_test.go:39: environment real_timescaledb=2.30.2
[GIN-debug] [WARNING] Running in "debug" mode. Switch to "release" mode in production.
 - using env:	export GIN_MODE=release
 - using code:	gin.SetMode(gin.ReleaseMode)

[GIN-debug] POST   /admin/v1/login           --> git.hyhy.fun/rsplab/iolink/internal/adminapi.(*Server).login-fm (2 handlers)
[GIN-debug] GET    /admin/v1/license         --> git.hyhy.fun/rsplab/iolink/internal/adminapi.(*Server).getLicense-fm (3 handlers)
[GIN-debug] POST   /admin/v1/license         --> git.hyhy.fun/rsplab/iolink/internal/adminapi.(*Server).importLicense-fm (3 handlers)
[GIN-debug] GET    /admin/v1/tenants         --> git.hyhy.fun/rsplab/iolink/internal/adminapi.(*Server).listTenants-fm (3 handlers)
[GIN-debug] PUT    /admin/v1/tenants/:id/status --> git.hyhy.fun/rsplab/iolink/internal/adminapi.(*Server).setTenantStatus-fm (3 handlers)
[GIN-debug] GET    /admin/v1/tenants/:id/members --> git.hyhy.fun/rsplab/iolink/internal/adminapi.(*Server).listTenantMembers-fm (3 handlers)
[GIN-debug] PUT    /admin/v1/tenants/:id/members/:user_id --> git.hyhy.fun/rsplab/iolink/internal/adminapi.(*Server).setTenantMember-fm (3 handlers)
[GIN-debug] POST   /admin/v1/password        --> git.hyhy.fun/rsplab/iolink/internal/adminapi.(*Server).changePassword-fm (3 handlers)
[GIN-debug] GET    /admin/v1/farms           --> git.hyhy.fun/rsplab/iolink/internal/adminapi.(*Server).listFarms-fm (4 handlers)
[GIN-debug] POST   /admin/v1/farms           --> git.hyhy.fun/rsplab/iolink/internal/adminapi.(*Server).createFarm-fm (4 handlers)
[GIN-debug] GET    /admin/v1/users           --> git.hyhy.fun/rsplab/iolink/internal/adminapi.(*Server).listUsers-fm (4 handlers)
[GIN-debug] PUT    /admin/v1/farms/:id       --> git.hyhy.fun/rsplab/iolink/internal/adminapi.(*Server).updateFarm-fm (4 handlers)
[GIN-debug] DELETE /admin/v1/farms/:id       --> git.hyhy.fun/rsplab/iolink/internal/adminapi.(*Server).deleteFarm-fm (4 handlers)
[GIN-debug] PUT    /admin/v1/farms/:id/owner --> git.hyhy.fun/rsplab/iolink/internal/adminapi.(*Server).setFarmOwner-fm (4 handlers)
[GIN-debug] GET    /admin/v1/farms/:id/members --> git.hyhy.fun/rsplab/iolink/internal/adminapi.(*Server).listFarmMembers-fm (4 handlers)
[GIN-debug] PUT    /admin/v1/farms/:id/members/:user_id --> git.hyhy.fun/rsplab/iolink/internal/adminapi.(*Server).setFarmMember-fm (4 handlers)
[GIN-debug] GET    /admin/v1/ponds           --> git.hyhy.fun/rsplab/iolink/internal/adminapi.(*Server).listPonds-fm (4 handlers)
[GIN-debug] POST   /admin/v1/ponds           --> git.hyhy.fun/rsplab/iolink/internal/adminapi.(*Server).createPond-fm (4 handlers)
[GIN-debug] PUT    /admin/v1/ponds/:id       --> git.hyhy.fun/rsplab/iolink/internal/adminapi.(*Server).updatePond-fm (4 handlers)
[GIN-debug] DELETE /admin/v1/ponds/:id       --> git.hyhy.fun/rsplab/iolink/internal/adminapi.(*Server).deletePond-fm (4 handlers)
[GIN-debug] GET    /admin/v1/devices         --> git.hyhy.fun/rsplab/iolink/internal/adminapi.(*Server).listDevices-fm (4 handlers)
[GIN-debug] POST   /admin/v1/devices         --> git.hyhy.fun/rsplab/iolink/internal/adminapi.(*Server).registerDevice-fm (4 handlers)
[GIN-debug] GET    /admin/v1/devices/:device_no --> git.hyhy.fun/rsplab/iolink/internal/adminapi.(*Server).getDevice-fm (4 handlers)
[GIN-debug] DELETE /admin/v1/devices/:device_no --> git.hyhy.fun/rsplab/iolink/internal/adminapi.(*Server).deleteDevice-fm (4 handlers)
[GIN-debug] POST   /admin/v1/devices/:device_no/restore --> git.hyhy.fun/rsplab/iolink/internal/adminapi.(*Server).restoreDevice-fm (4 handlers)
[GIN-debug] PUT    /admin/v1/devices/:device_no/pond --> git.hyhy.fun/rsplab/iolink/internal/adminapi.(*Server).moveDevice-fm (4 handlers)
[GIN-debug] GET    /admin/v1/alarm-rules     --> git.hyhy.fun/rsplab/iolink/internal/adminapi.(*Server).listRules-fm (4 handlers)
[GIN-debug] POST   /admin/v1/alarm-rules     --> git.hyhy.fun/rsplab/iolink/internal/adminapi.(*Server).createRule-fm (4 handlers)
[GIN-debug] PUT    /admin/v1/alarm-rules/:id --> git.hyhy.fun/rsplab/iolink/internal/adminapi.(*Server).updateRule-fm (4 handlers)
[GIN-debug] DELETE /admin/v1/alarm-rules/:id --> git.hyhy.fun/rsplab/iolink/internal/adminapi.(*Server).deleteRule-fm (4 handlers)
[GIN-debug] GET    /admin/v1/alarms          --> git.hyhy.fun/rsplab/iolink/internal/adminapi.(*Server).listAlarms-fm (4 handlers)
[GIN-debug] POST   /admin/v1/alarms/:id/confirm --> git.hyhy.fun/rsplab/iolink/internal/adminapi.(*Server).confirmAlarm-fm (4 handlers)
[GIN-debug] POST   /admin/v1/alarms/batch-confirm --> git.hyhy.fun/rsplab/iolink/internal/adminapi.(*Server).batchConfirm-fm (4 handlers)
[GIN-debug] GET    /admin/v1/stats           --> git.hyhy.fun/rsplab/iolink/internal/adminapi.(*Server).stats-fm (4 handlers)
[GIN-debug] GET    /admin/v1/products        --> git.hyhy.fun/rsplab/iolink/internal/adminapi.(*Server).listProducts-fm (4 handlers)
[GIN-debug] POST   /admin/v1/products        --> git.hyhy.fun/rsplab/iolink/internal/adminapi.(*Server).createProduct-fm (4 handlers)
[GIN-debug] GET    /admin/v1/products/:product_id/models --> git.hyhy.fun/rsplab/iolink/internal/adminapi.(*Server).listProductModels-fm (4 handlers)
[GIN-debug] POST   /admin/v1/products/:product_id/models --> git.hyhy.fun/rsplab/iolink/internal/adminapi.(*Server).createProductModel-fm (4 handlers)
[GIN-debug] POST   /admin/v1/products/:product_id/models/:version/publish --> git.hyhy.fun/rsplab/iolink/internal/adminapi.(*Server).publishProductModel-fm (4 handlers)
[GIN-debug] GET    /admin/v1/devices/:device_no/product --> git.hyhy.fun/rsplab/iolink/internal/adminapi.(*Server).getDeviceProduct-fm (4 handlers)
[GIN-debug] PUT    /admin/v1/devices/:device_no/product --> git.hyhy.fun/rsplab/iolink/internal/adminapi.(*Server).assignDeviceProduct-fm (4 handlers)
2026/10/05 04:47:04 INFO http request request_id=N66PTWM4KJEDD6D5J6RRW2CMTO route=/admin/v1/login method=POST status=200 duration_ms=153 tenant_id=0 actor_id=0
2026/10/05 04:47:04 WARN http request request_id=62OPEQQV5LHFY6TJOJWC4QZGNE route=/admin/v1/products/:product_id/models method=POST status=403 duration_ms=6 tenant_id=9401 actor_id=9402
    product_revocation_http_test.go:91: http method=POST path=/admin/v1/products/2/models status=403 response={"error":"forbidden"}
=== RUN   TestM6bProductWritesRejectRevocationAfterMiddleware/create_model/tenant
    product_revocation_http_test.go:39: environment real_timescaledb=2.30.2
[GIN-debug] [WARNING] Running in "debug" mode. Switch to "release" mode in production.
 - using env:	export GIN_MODE=release
 - using code:	gin.SetMode(gin.ReleaseMode)

[GIN-debug] POST   /admin/v1/login           --> git.hyhy.fun/rsplab/iolink/internal/adminapi.(*Server).login-fm (2 handlers)
[GIN-debug] GET    /admin/v1/license         --> git.hyhy.fun/rsplab/iolink/internal/adminapi.(*Server).getLicense-fm (3 handlers)
[GIN-debug] POST   /admin/v1/license         --> git.hyhy.fun/rsplab/iolink/internal/adminapi.(*Server).importLicense-fm (3 handlers)
[GIN-debug] GET    /admin/v1/tenants         --> git.hyhy.fun/rsplab/iolink/internal/adminapi.(*Server).listTenants-fm (3 handlers)
[GIN-debug] PUT    /admin/v1/tenants/:id/status --> git.hyhy.fun/rsplab/iolink/internal/adminapi.(*Server).setTenantStatus-fm (3 handlers)
[GIN-debug] GET    /admin/v1/tenants/:id/members --> git.hyhy.fun/rsplab/iolink/internal/adminapi.(*Server).listTenantMembers-fm (3 handlers)
[GIN-debug] PUT    /admin/v1/tenants/:id/members/:user_id --> git.hyhy.fun/rsplab/iolink/internal/adminapi.(*Server).setTenantMember-fm (3 handlers)
[GIN-debug] POST   /admin/v1/password        --> git.hyhy.fun/rsplab/iolink/internal/adminapi.(*Server).changePassword-fm (3 handlers)
[GIN-debug] GET    /admin/v1/farms           --> git.hyhy.fun/rsplab/iolink/internal/adminapi.(*Server).listFarms-fm (4 handlers)
[GIN-debug] POST   /admin/v1/farms           --> git.hyhy.fun/rsplab/iolink/internal/adminapi.(*Server).createFarm-fm (4 handlers)
[GIN-debug] GET    /admin/v1/users           --> git.hyhy.fun/rsplab/iolink/internal/adminapi.(*Server).listUsers-fm (4 handlers)
[GIN-debug] PUT    /admin/v1/farms/:id       --> git.hyhy.fun/rsplab/iolink/internal/adminapi.(*Server).updateFarm-fm (4 handlers)
[GIN-debug] DELETE /admin/v1/farms/:id       --> git.hyhy.fun/rsplab/iolink/internal/adminapi.(*Server).deleteFarm-fm (4 handlers)
[GIN-debug] PUT    /admin/v1/farms/:id/owner --> git.hyhy.fun/rsplab/iolink/internal/adminapi.(*Server).setFarmOwner-fm (4 handlers)
[GIN-debug] GET    /admin/v1/farms/:id/members --> git.hyhy.fun/rsplab/iolink/internal/adminapi.(*Server).listFarmMembers-fm (4 handlers)
[GIN-debug] PUT    /admin/v1/farms/:id/members/:user_id --> git.hyhy.fun/rsplab/iolink/internal/adminapi.(*Server).setFarmMember-fm (4 handlers)
[GIN-debug] GET    /admin/v1/ponds           --> git.hyhy.fun/rsplab/iolink/internal/adminapi.(*Server).listPonds-fm (4 handlers)
[GIN-debug] POST   /admin/v1/ponds           --> git.hyhy.fun/rsplab/iolink/internal/adminapi.(*Server).createPond-fm (4 handlers)
[GIN-debug] PUT    /admin/v1/ponds/:id       --> git.hyhy.fun/rsplab/iolink/internal/adminapi.(*Server).updatePond-fm (4 handlers)
[GIN-debug] DELETE /admin/v1/ponds/:id       --> git.hyhy.fun/rsplab/iolink/internal/adminapi.(*Server).deletePond-fm (4 handlers)
[GIN-debug] GET    /admin/v1/devices         --> git.hyhy.fun/rsplab/iolink/internal/adminapi.(*Server).listDevices-fm (4 handlers)
[GIN-debug] POST   /admin/v1/devices         --> git.hyhy.fun/rsplab/iolink/internal/adminapi.(*Server).registerDevice-fm (4 handlers)
[GIN-debug] GET    /admin/v1/devices/:device_no --> git.hyhy.fun/rsplab/iolink/internal/adminapi.(*Server).getDevice-fm (4 handlers)
[GIN-debug] DELETE /admin/v1/devices/:device_no --> git.hyhy.fun/rsplab/iolink/internal/adminapi.(*Server).deleteDevice-fm (4 handlers)
[GIN-debug] POST   /admin/v1/devices/:device_no/restore --> git.hyhy.fun/rsplab/iolink/internal/adminapi.(*Server).restoreDevice-fm (4 handlers)
[GIN-debug] PUT    /admin/v1/devices/:device_no/pond --> git.hyhy.fun/rsplab/iolink/internal/adminapi.(*Server).moveDevice-fm (4 handlers)
[GIN-debug] GET    /admin/v1/alarm-rules     --> git.hyhy.fun/rsplab/iolink/internal/adminapi.(*Server).listRules-fm (4 handlers)
[GIN-debug] POST   /admin/v1/alarm-rules     --> git.hyhy.fun/rsplab/iolink/internal/adminapi.(*Server).createRule-fm (4 handlers)
[GIN-debug] PUT    /admin/v1/alarm-rules/:id --> git.hyhy.fun/rsplab/iolink/internal/adminapi.(*Server).updateRule-fm (4 handlers)
[GIN-debug] DELETE /admin/v1/alarm-rules/:id --> git.hyhy.fun/rsplab/iolink/internal/adminapi.(*Server).deleteRule-fm (4 handlers)
[GIN-debug] GET    /admin/v1/alarms          --> git.hyhy.fun/rsplab/iolink/internal/adminapi.(*Server).listAlarms-fm (4 handlers)
[GIN-debug] POST   /admin/v1/alarms/:id/confirm --> git.hyhy.fun/rsplab/iolink/internal/adminapi.(*Server).confirmAlarm-fm (4 handlers)
[GIN-debug] POST   /admin/v1/alarms/batch-confirm --> git.hyhy.fun/rsplab/iolink/internal/adminapi.(*Server).batchConfirm-fm (4 handlers)
[GIN-debug] GET    /admin/v1/stats           --> git.hyhy.fun/rsplab/iolink/internal/adminapi.(*Server).stats-fm (4 handlers)
[GIN-debug] GET    /admin/v1/products        --> git.hyhy.fun/rsplab/iolink/internal/adminapi.(*Server).listProducts-fm (4 handlers)
[GIN-debug] POST   /admin/v1/products        --> git.hyhy.fun/rsplab/iolink/internal/adminapi.(*Server).createProduct-fm (4 handlers)
[GIN-debug] GET    /admin/v1/products/:product_id/models --> git.hyhy.fun/rsplab/iolink/internal/adminapi.(*Server).listProductModels-fm (4 handlers)
[GIN-debug] POST   /admin/v1/products/:product_id/models --> git.hyhy.fun/rsplab/iolink/internal/adminapi.(*Server).createProductModel-fm (4 handlers)
[GIN-debug] POST   /admin/v1/products/:product_id/models/:version/publish --> git.hyhy.fun/rsplab/iolink/internal/adminapi.(*Server).publishProductModel-fm (4 handlers)
[GIN-debug] GET    /admin/v1/devices/:device_no/product --> git.hyhy.fun/rsplab/iolink/internal/adminapi.(*Server).getDeviceProduct-fm (4 handlers)
[GIN-debug] PUT    /admin/v1/devices/:device_no/product --> git.hyhy.fun/rsplab/iolink/internal/adminapi.(*Server).assignDeviceProduct-fm (4 handlers)
2026/10/05 04:47:05 INFO http request request_id=JCMBLDLJFVB7MVHY3IM4Z52R7P route=/admin/v1/login method=POST status=200 duration_ms=140 tenant_id=0 actor_id=0
2026/10/05 04:47:05 WARN http request request_id=FVEOYF3FGK7HGQOX5BO7CRE36K route=/admin/v1/products/:product_id/models method=POST status=403 duration_ms=6 tenant_id=9401 actor_id=9402
    product_revocation_http_test.go:91: http method=POST path=/admin/v1/products/2/models status=403 response={"error":"forbidden"}
=== RUN   TestM6bProductWritesRejectRevocationAfterMiddleware/create_model/platform_authority
    product_revocation_http_test.go:39: environment real_timescaledb=2.30.2
[GIN-debug] [WARNING] Running in "debug" mode. Switch to "release" mode in production.
 - using env:	export GIN_MODE=release
 - using code:	gin.SetMode(gin.ReleaseMode)

[GIN-debug] POST   /admin/v1/login           --> git.hyhy.fun/rsplab/iolink/internal/adminapi.(*Server).login-fm (2 handlers)
[GIN-debug] GET    /admin/v1/license         --> git.hyhy.fun/rsplab/iolink/internal/adminapi.(*Server).getLicense-fm (3 handlers)
[GIN-debug] POST   /admin/v1/license         --> git.hyhy.fun/rsplab/iolink/internal/adminapi.(*Server).importLicense-fm (3 handlers)
[GIN-debug] GET    /admin/v1/tenants         --> git.hyhy.fun/rsplab/iolink/internal/adminapi.(*Server).listTenants-fm (3 handlers)
[GIN-debug] PUT    /admin/v1/tenants/:id/status --> git.hyhy.fun/rsplab/iolink/internal/adminapi.(*Server).setTenantStatus-fm (3 handlers)
[GIN-debug] GET    /admin/v1/tenants/:id/members --> git.hyhy.fun/rsplab/iolink/internal/adminapi.(*Server).listTenantMembers-fm (3 handlers)
[GIN-debug] PUT    /admin/v1/tenants/:id/members/:user_id --> git.hyhy.fun/rsplab/iolink/internal/adminapi.(*Server).setTenantMember-fm (3 handlers)
[GIN-debug] POST   /admin/v1/password        --> git.hyhy.fun/rsplab/iolink/internal/adminapi.(*Server).changePassword-fm (3 handlers)
[GIN-debug] GET    /admin/v1/farms           --> git.hyhy.fun/rsplab/iolink/internal/adminapi.(*Server).listFarms-fm (4 handlers)
[GIN-debug] POST   /admin/v1/farms           --> git.hyhy.fun/rsplab/iolink/internal/adminapi.(*Server).createFarm-fm (4 handlers)
[GIN-debug] GET    /admin/v1/users           --> git.hyhy.fun/rsplab/iolink/internal/adminapi.(*Server).listUsers-fm (4 handlers)
[GIN-debug] PUT    /admin/v1/farms/:id       --> git.hyhy.fun/rsplab/iolink/internal/adminapi.(*Server).updateFarm-fm (4 handlers)
[GIN-debug] DELETE /admin/v1/farms/:id       --> git.hyhy.fun/rsplab/iolink/internal/adminapi.(*Server).deleteFarm-fm (4 handlers)
[GIN-debug] PUT    /admin/v1/farms/:id/owner --> git.hyhy.fun/rsplab/iolink/internal/adminapi.(*Server).setFarmOwner-fm (4 handlers)
[GIN-debug] GET    /admin/v1/farms/:id/members --> git.hyhy.fun/rsplab/iolink/internal/adminapi.(*Server).listFarmMembers-fm (4 handlers)
[GIN-debug] PUT    /admin/v1/farms/:id/members/:user_id --> git.hyhy.fun/rsplab/iolink/internal/adminapi.(*Server).setFarmMember-fm (4 handlers)
[GIN-debug] GET    /admin/v1/ponds           --> git.hyhy.fun/rsplab/iolink/internal/adminapi.(*Server).listPonds-fm (4 handlers)
[GIN-debug] POST   /admin/v1/ponds           --> git.hyhy.fun/rsplab/iolink/internal/adminapi.(*Server).createPond-fm (4 handlers)
[GIN-debug] PUT    /admin/v1/ponds/:id       --> git.hyhy.fun/rsplab/iolink/internal/adminapi.(*Server).updatePond-fm (4 handlers)
[GIN-debug] DELETE /admin/v1/ponds/:id       --> git.hyhy.fun/rsplab/iolink/internal/adminapi.(*Server).deletePond-fm (4 handlers)
[GIN-debug] GET    /admin/v1/devices         --> git.hyhy.fun/rsplab/iolink/internal/adminapi.(*Server).listDevices-fm (4 handlers)
[GIN-debug] POST   /admin/v1/devices         --> git.hyhy.fun/rsplab/iolink/internal/adminapi.(*Server).registerDevice-fm (4 handlers)
[GIN-debug] GET    /admin/v1/devices/:device_no --> git.hyhy.fun/rsplab/iolink/internal/adminapi.(*Server).getDevice-fm (4 handlers)
[GIN-debug] DELETE /admin/v1/devices/:device_no --> git.hyhy.fun/rsplab/iolink/internal/adminapi.(*Server).deleteDevice-fm (4 handlers)
[GIN-debug] POST   /admin/v1/devices/:device_no/restore --> git.hyhy.fun/rsplab/iolink/internal/adminapi.(*Server).restoreDevice-fm (4 handlers)
[GIN-debug] PUT    /admin/v1/devices/:device_no/pond --> git.hyhy.fun/rsplab/iolink/internal/adminapi.(*Server).moveDevice-fm (4 handlers)
[GIN-debug] GET    /admin/v1/alarm-rules     --> git.hyhy.fun/rsplab/iolink/internal/adminapi.(*Server).listRules-fm (4 handlers)
[GIN-debug] POST   /admin/v1/alarm-rules     --> git.hyhy.fun/rsplab/iolink/internal/adminapi.(*Server).createRule-fm (4 handlers)
[GIN-debug] PUT    /admin/v1/alarm-rules/:id --> git.hyhy.fun/rsplab/iolink/internal/adminapi.(*Server).updateRule-fm (4 handlers)
[GIN-debug] DELETE /admin/v1/alarm-rules/:id --> git.hyhy.fun/rsplab/iolink/internal/adminapi.(*Server).deleteRule-fm (4 handlers)
[GIN-debug] GET    /admin/v1/alarms          --> git.hyhy.fun/rsplab/iolink/internal/adminapi.(*Server).listAlarms-fm (4 handlers)
[GIN-debug] POST   /admin/v1/alarms/:id/confirm --> git.hyhy.fun/rsplab/iolink/internal/adminapi.(*Server).confirmAlarm-fm (4 handlers)
[GIN-debug] POST   /admin/v1/alarms/batch-confirm --> git.hyhy.fun/rsplab/iolink/internal/adminapi.(*Server).batchConfirm-fm (4 handlers)
[GIN-debug] GET    /admin/v1/stats           --> git.hyhy.fun/rsplab/iolink/internal/adminapi.(*Server).stats-fm (4 handlers)
[GIN-debug] GET    /admin/v1/products        --> git.hyhy.fun/rsplab/iolink/internal/adminapi.(*Server).listProducts-fm (4 handlers)
[GIN-debug] POST   /admin/v1/products        --> git.hyhy.fun/rsplab/iolink/internal/adminapi.(*Server).createProduct-fm (4 handlers)
[GIN-debug] GET    /admin/v1/products/:product_id/models --> git.hyhy.fun/rsplab/iolink/internal/adminapi.(*Server).listProductModels-fm (4 handlers)
[GIN-debug] POST   /admin/v1/products/:product_id/models --> git.hyhy.fun/rsplab/iolink/internal/adminapi.(*Server).createProductModel-fm (4 handlers)
[GIN-debug] POST   /admin/v1/products/:product_id/models/:version/publish --> git.hyhy.fun/rsplab/iolink/internal/adminapi.(*Server).publishProductModel-fm (4 handlers)
[GIN-debug] GET    /admin/v1/devices/:device_no/product --> git.hyhy.fun/rsplab/iolink/internal/adminapi.(*Server).getDeviceProduct-fm (4 handlers)
[GIN-debug] PUT    /admin/v1/devices/:device_no/product --> git.hyhy.fun/rsplab/iolink/internal/adminapi.(*Server).assignDeviceProduct-fm (4 handlers)
2026/10/05 04:47:06 INFO http request request_id=NVV4URAJDPS6NH5WCVEXPJVV5D route=/admin/v1/login method=POST status=200 duration_ms=132 tenant_id=0 actor_id=0
2026/10/05 04:47:06 WARN http request request_id=XQOL4CJR3NP3IPW3ZL4NFPC5Q3 route=/admin/v1/products/:product_id/models method=POST status=403 duration_ms=6 tenant_id=9401 actor_id=9402
    product_revocation_http_test.go:91: http method=POST path=/admin/v1/products/2/models status=403 response={"error":"forbidden"}
=== RUN   TestM6bProductWritesRejectRevocationAfterMiddleware/create_model/permission_version
    product_revocation_http_test.go:39: environment real_timescaledb=2.30.2
[GIN-debug] [WARNING] Running in "debug" mode. Switch to "release" mode in production.
 - using env:	export GIN_MODE=release
 - using code:	gin.SetMode(gin.ReleaseMode)

[GIN-debug] POST   /admin/v1/login           --> git.hyhy.fun/rsplab/iolink/internal/adminapi.(*Server).login-fm (2 handlers)
[GIN-debug] GET    /admin/v1/license         --> git.hyhy.fun/rsplab/iolink/internal/adminapi.(*Server).getLicense-fm (3 handlers)
[GIN-debug] POST   /admin/v1/license         --> git.hyhy.fun/rsplab/iolink/internal/adminapi.(*Server).importLicense-fm (3 handlers)
[GIN-debug] GET    /admin/v1/tenants         --> git.hyhy.fun/rsplab/iolink/internal/adminapi.(*Server).listTenants-fm (3 handlers)
[GIN-debug] PUT    /admin/v1/tenants/:id/status --> git.hyhy.fun/rsplab/iolink/internal/adminapi.(*Server).setTenantStatus-fm (3 handlers)
[GIN-debug] GET    /admin/v1/tenants/:id/members --> git.hyhy.fun/rsplab/iolink/internal/adminapi.(*Server).listTenantMembers-fm (3 handlers)
[GIN-debug] PUT    /admin/v1/tenants/:id/members/:user_id --> git.hyhy.fun/rsplab/iolink/internal/adminapi.(*Server).setTenantMember-fm (3 handlers)
[GIN-debug] POST   /admin/v1/password        --> git.hyhy.fun/rsplab/iolink/internal/adminapi.(*Server).changePassword-fm (3 handlers)
[GIN-debug] GET    /admin/v1/farms           --> git.hyhy.fun/rsplab/iolink/internal/adminapi.(*Server).listFarms-fm (4 handlers)
[GIN-debug] POST   /admin/v1/farms           --> git.hyhy.fun/rsplab/iolink/internal/adminapi.(*Server).createFarm-fm (4 handlers)
[GIN-debug] GET    /admin/v1/users           --> git.hyhy.fun/rsplab/iolink/internal/adminapi.(*Server).listUsers-fm (4 handlers)
[GIN-debug] PUT    /admin/v1/farms/:id       --> git.hyhy.fun/rsplab/iolink/internal/adminapi.(*Server).updateFarm-fm (4 handlers)
[GIN-debug] DELETE /admin/v1/farms/:id       --> git.hyhy.fun/rsplab/iolink/internal/adminapi.(*Server).deleteFarm-fm (4 handlers)
[GIN-debug] PUT    /admin/v1/farms/:id/owner --> git.hyhy.fun/rsplab/iolink/internal/adminapi.(*Server).setFarmOwner-fm (4 handlers)
[GIN-debug] GET    /admin/v1/farms/:id/members --> git.hyhy.fun/rsplab/iolink/internal/adminapi.(*Server).listFarmMembers-fm (4 handlers)
[GIN-debug] PUT    /admin/v1/farms/:id/members/:user_id --> git.hyhy.fun/rsplab/iolink/internal/adminapi.(*Server).setFarmMember-fm (4 handlers)
[GIN-debug] GET    /admin/v1/ponds           --> git.hyhy.fun/rsplab/iolink/internal/adminapi.(*Server).listPonds-fm (4 handlers)
[GIN-debug] POST   /admin/v1/ponds           --> git.hyhy.fun/rsplab/iolink/internal/adminapi.(*Server).createPond-fm (4 handlers)
[GIN-debug] PUT    /admin/v1/ponds/:id       --> git.hyhy.fun/rsplab/iolink/internal/adminapi.(*Server).updatePond-fm (4 handlers)
[GIN-debug] DELETE /admin/v1/ponds/:id       --> git.hyhy.fun/rsplab/iolink/internal/adminapi.(*Server).deletePond-fm (4 handlers)
[GIN-debug] GET    /admin/v1/devices         --> git.hyhy.fun/rsplab/iolink/internal/adminapi.(*Server).listDevices-fm (4 handlers)
[GIN-debug] POST   /admin/v1/devices         --> git.hyhy.fun/rsplab/iolink/internal/adminapi.(*Server).registerDevice-fm (4 handlers)
[GIN-debug] GET    /admin/v1/devices/:device_no --> git.hyhy.fun/rsplab/iolink/internal/adminapi.(*Server).getDevice-fm (4 handlers)
[GIN-debug] DELETE /admin/v1/devices/:device_no --> git.hyhy.fun/rsplab/iolink/internal/adminapi.(*Server).deleteDevice-fm (4 handlers)
[GIN-debug] POST   /admin/v1/devices/:device_no/restore --> git.hyhy.fun/rsplab/iolink/internal/adminapi.(*Server).restoreDevice-fm (4 handlers)
[GIN-debug] PUT    /admin/v1/devices/:device_no/pond --> git.hyhy.fun/rsplab/iolink/internal/adminapi.(*Server).moveDevice-fm (4 handlers)
[GIN-debug] GET    /admin/v1/alarm-rules     --> git.hyhy.fun/rsplab/iolink/internal/adminapi.(*Server).listRules-fm (4 handlers)
[GIN-debug] POST   /admin/v1/alarm-rules     --> git.hyhy.fun/rsplab/iolink/internal/adminapi.(*Server).createRule-fm (4 handlers)
[GIN-debug] PUT    /admin/v1/alarm-rules/:id --> git.hyhy.fun/rsplab/iolink/internal/adminapi.(*Server).updateRule-fm (4 handlers)
[GIN-debug] DELETE /admin/v1/alarm-rules/:id --> git.hyhy.fun/rsplab/iolink/internal/adminapi.(*Server).deleteRule-fm (4 handlers)
[GIN-debug] GET    /admin/v1/alarms          --> git.hyhy.fun/rsplab/iolink/internal/adminapi.(*Server).listAlarms-fm (4 handlers)
[GIN-debug] POST   /admin/v1/alarms/:id/confirm --> git.hyhy.fun/rsplab/iolink/internal/adminapi.(*Server).confirmAlarm-fm (4 handlers)
[GIN-debug] POST   /admin/v1/alarms/batch-confirm --> git.hyhy.fun/rsplab/iolink/internal/adminapi.(*Server).batchConfirm-fm (4 handlers)
[GIN-debug] GET    /admin/v1/stats           --> git.hyhy.fun/rsplab/iolink/internal/adminapi.(*Server).stats-fm (4 handlers)
[GIN-debug] GET    /admin/v1/products        --> git.hyhy.fun/rsplab/iolink/internal/adminapi.(*Server).listProducts-fm (4 handlers)
[GIN-debug] POST   /admin/v1/products        --> git.hyhy.fun/rsplab/iolink/internal/adminapi.(*Server).createProduct-fm (4 handlers)
[GIN-debug] GET    /admin/v1/products/:product_id/models --> git.hyhy.fun/rsplab/iolink/internal/adminapi.(*Server).listProductModels-fm (4 handlers)
[GIN-debug] POST   /admin/v1/products/:product_id/models --> git.hyhy.fun/rsplab/iolink/internal/adminapi.(*Server).createProductModel-fm (4 handlers)
[GIN-debug] POST   /admin/v1/products/:product_id/models/:version/publish --> git.hyhy.fun/rsplab/iolink/internal/adminapi.(*Server).publishProductModel-fm (4 handlers)
[GIN-debug] GET    /admin/v1/devices/:device_no/product --> git.hyhy.fun/rsplab/iolink/internal/adminapi.(*Server).getDeviceProduct-fm (4 handlers)
[GIN-debug] PUT    /admin/v1/devices/:device_no/product --> git.hyhy.fun/rsplab/iolink/internal/adminapi.(*Server).assignDeviceProduct-fm (4 handlers)
2026/10/05 04:47:07 INFO http request request_id=UOALFUX7TRORGP3V3KCRKSLVPC route=/admin/v1/login method=POST status=200 duration_ms=140 tenant_id=0 actor_id=0
2026/10/05 04:47:07 WARN http request request_id=O42VX5FWCFOWF6DMRCIA7PYEFQ route=/admin/v1/products/:product_id/models method=POST status=403 duration_ms=7 tenant_id=9401 actor_id=9402
    product_revocation_http_test.go:91: http method=POST path=/admin/v1/products/2/models status=403 response={"error":"forbidden"}
=== RUN   TestM6bProductWritesRejectRevocationAfterMiddleware/publish_model/role
    product_revocation_http_test.go:39: environment real_timescaledb=2.30.2
[GIN-debug] [WARNING] Running in "debug" mode. Switch to "release" mode in production.
 - using env:	export GIN_MODE=release
 - using code:	gin.SetMode(gin.ReleaseMode)

[GIN-debug] POST   /admin/v1/login           --> git.hyhy.fun/rsplab/iolink/internal/adminapi.(*Server).login-fm (2 handlers)
[GIN-debug] GET    /admin/v1/license         --> git.hyhy.fun/rsplab/iolink/internal/adminapi.(*Server).getLicense-fm (3 handlers)
[GIN-debug] POST   /admin/v1/license         --> git.hyhy.fun/rsplab/iolink/internal/adminapi.(*Server).importLicense-fm (3 handlers)
[GIN-debug] GET    /admin/v1/tenants         --> git.hyhy.fun/rsplab/iolink/internal/adminapi.(*Server).listTenants-fm (3 handlers)
[GIN-debug] PUT    /admin/v1/tenants/:id/status --> git.hyhy.fun/rsplab/iolink/internal/adminapi.(*Server).setTenantStatus-fm (3 handlers)
[GIN-debug] GET    /admin/v1/tenants/:id/members --> git.hyhy.fun/rsplab/iolink/internal/adminapi.(*Server).listTenantMembers-fm (3 handlers)
[GIN-debug] PUT    /admin/v1/tenants/:id/members/:user_id --> git.hyhy.fun/rsplab/iolink/internal/adminapi.(*Server).setTenantMember-fm (3 handlers)
[GIN-debug] POST   /admin/v1/password        --> git.hyhy.fun/rsplab/iolink/internal/adminapi.(*Server).changePassword-fm (3 handlers)
[GIN-debug] GET    /admin/v1/farms           --> git.hyhy.fun/rsplab/iolink/internal/adminapi.(*Server).listFarms-fm (4 handlers)
[GIN-debug] POST   /admin/v1/farms           --> git.hyhy.fun/rsplab/iolink/internal/adminapi.(*Server).createFarm-fm (4 handlers)
[GIN-debug] GET    /admin/v1/users           --> git.hyhy.fun/rsplab/iolink/internal/adminapi.(*Server).listUsers-fm (4 handlers)
[GIN-debug] PUT    /admin/v1/farms/:id       --> git.hyhy.fun/rsplab/iolink/internal/adminapi.(*Server).updateFarm-fm (4 handlers)
[GIN-debug] DELETE /admin/v1/farms/:id       --> git.hyhy.fun/rsplab/iolink/internal/adminapi.(*Server).deleteFarm-fm (4 handlers)
[GIN-debug] PUT    /admin/v1/farms/:id/owner --> git.hyhy.fun/rsplab/iolink/internal/adminapi.(*Server).setFarmOwner-fm (4 handlers)
[GIN-debug] GET    /admin/v1/farms/:id/members --> git.hyhy.fun/rsplab/iolink/internal/adminapi.(*Server).listFarmMembers-fm (4 handlers)
[GIN-debug] PUT    /admin/v1/farms/:id/members/:user_id --> git.hyhy.fun/rsplab/iolink/internal/adminapi.(*Server).setFarmMember-fm (4 handlers)
[GIN-debug] GET    /admin/v1/ponds           --> git.hyhy.fun/rsplab/iolink/internal/adminapi.(*Server).listPonds-fm (4 handlers)
[GIN-debug] POST   /admin/v1/ponds           --> git.hyhy.fun/rsplab/iolink/internal/adminapi.(*Server).createPond-fm (4 handlers)
[GIN-debug] PUT    /admin/v1/ponds/:id       --> git.hyhy.fun/rsplab/iolink/internal/adminapi.(*Server).updatePond-fm (4 handlers)
[GIN-debug] DELETE /admin/v1/ponds/:id       --> git.hyhy.fun/rsplab/iolink/internal/adminapi.(*Server).deletePond-fm (4 handlers)
[GIN-debug] GET    /admin/v1/devices         --> git.hyhy.fun/rsplab/iolink/internal/adminapi.(*Server).listDevices-fm (4 handlers)
[GIN-debug] POST   /admin/v1/devices         --> git.hyhy.fun/rsplab/iolink/internal/adminapi.(*Server).registerDevice-fm (4 handlers)
[GIN-debug] GET    /admin/v1/devices/:device_no --> git.hyhy.fun/rsplab/iolink/internal/adminapi.(*Server).getDevice-fm (4 handlers)
[GIN-debug] DELETE /admin/v1/devices/:device_no --> git.hyhy.fun/rsplab/iolink/internal/adminapi.(*Server).deleteDevice-fm (4 handlers)
[GIN-debug] POST   /admin/v1/devices/:device_no/restore --> git.hyhy.fun/rsplab/iolink/internal/adminapi.(*Server).restoreDevice-fm (4 handlers)
[GIN-debug] PUT    /admin/v1/devices/:device_no/pond --> git.hyhy.fun/rsplab/iolink/internal/adminapi.(*Server).moveDevice-fm (4 handlers)
[GIN-debug] GET    /admin/v1/alarm-rules     --> git.hyhy.fun/rsplab/iolink/internal/adminapi.(*Server).listRules-fm (4 handlers)
[GIN-debug] POST   /admin/v1/alarm-rules     --> git.hyhy.fun/rsplab/iolink/internal/adminapi.(*Server).createRule-fm (4 handlers)
[GIN-debug] PUT    /admin/v1/alarm-rules/:id --> git.hyhy.fun/rsplab/iolink/internal/adminapi.(*Server).updateRule-fm (4 handlers)
[GIN-debug] DELETE /admin/v1/alarm-rules/:id --> git.hyhy.fun/rsplab/iolink/internal/adminapi.(*Server).deleteRule-fm (4 handlers)
[GIN-debug] GET    /admin/v1/alarms          --> git.hyhy.fun/rsplab/iolink/internal/adminapi.(*Server).listAlarms-fm (4 handlers)
[GIN-debug] POST   /admin/v1/alarms/:id/confirm --> git.hyhy.fun/rsplab/iolink/internal/adminapi.(*Server).confirmAlarm-fm (4 handlers)
[GIN-debug] POST   /admin/v1/alarms/batch-confirm --> git.hyhy.fun/rsplab/iolink/internal/adminapi.(*Server).batchConfirm-fm (4 handlers)
[GIN-debug] GET    /admin/v1/stats           --> git.hyhy.fun/rsplab/iolink/internal/adminapi.(*Server).stats-fm (4 handlers)
[GIN-debug] GET    /admin/v1/products        --> git.hyhy.fun/rsplab/iolink/internal/adminapi.(*Server).listProducts-fm (4 handlers)
[GIN-debug] POST   /admin/v1/products        --> git.hyhy.fun/rsplab/iolink/internal/adminapi.(*Server).createProduct-fm (4 handlers)
[GIN-debug] GET    /admin/v1/products/:product_id/models --> git.hyhy.fun/rsplab/iolink/internal/adminapi.(*Server).listProductModels-fm (4 handlers)
[GIN-debug] POST   /admin/v1/products/:product_id/models --> git.hyhy.fun/rsplab/iolink/internal/adminapi.(*Server).createProductModel-fm (4 handlers)
[GIN-debug] POST   /admin/v1/products/:product_id/models/:version/publish --> git.hyhy.fun/rsplab/iolink/internal/adminapi.(*Server).publishProductModel-fm (4 handlers)
[GIN-debug] GET    /admin/v1/devices/:device_no/product --> git.hyhy.fun/rsplab/iolink/internal/adminapi.(*Server).getDeviceProduct-fm (4 handlers)
[GIN-debug] PUT    /admin/v1/devices/:device_no/product --> git.hyhy.fun/rsplab/iolink/internal/adminapi.(*Server).assignDeviceProduct-fm (4 handlers)
2026/10/05 04:47:08 INFO http request request_id=O24QFZD2HIDTW3OMV2XSDMSMUF route=/admin/v1/login method=POST status=200 duration_ms=137 tenant_id=0 actor_id=0
2026/10/05 04:47:08 WARN http request request_id=4AXWCU3BHKTVMQDGTMTOHAUTAP route=/admin/v1/products/:product_id/models/:version/publish method=POST status=403 duration_ms=4 tenant_id=9401 actor_id=9402
    product_revocation_http_test.go:91: http method=POST path=/admin/v1/products/2/models/2/publish status=403 response={"error":"forbidden"}
=== RUN   TestM6bProductWritesRejectRevocationAfterMiddleware/publish_model/membership
    product_revocation_http_test.go:39: environment real_timescaledb=2.30.2
[GIN-debug] [WARNING] Running in "debug" mode. Switch to "release" mode in production.
 - using env:	export GIN_MODE=release
 - using code:	gin.SetMode(gin.ReleaseMode)

[GIN-debug] POST   /admin/v1/login           --> git.hyhy.fun/rsplab/iolink/internal/adminapi.(*Server).login-fm (2 handlers)
[GIN-debug] GET    /admin/v1/license         --> git.hyhy.fun/rsplab/iolink/internal/adminapi.(*Server).getLicense-fm (3 handlers)
[GIN-debug] POST   /admin/v1/license         --> git.hyhy.fun/rsplab/iolink/internal/adminapi.(*Server).importLicense-fm (3 handlers)
[GIN-debug] GET    /admin/v1/tenants         --> git.hyhy.fun/rsplab/iolink/internal/adminapi.(*Server).listTenants-fm (3 handlers)
[GIN-debug] PUT    /admin/v1/tenants/:id/status --> git.hyhy.fun/rsplab/iolink/internal/adminapi.(*Server).setTenantStatus-fm (3 handlers)
[GIN-debug] GET    /admin/v1/tenants/:id/members --> git.hyhy.fun/rsplab/iolink/internal/adminapi.(*Server).listTenantMembers-fm (3 handlers)
[GIN-debug] PUT    /admin/v1/tenants/:id/members/:user_id --> git.hyhy.fun/rsplab/iolink/internal/adminapi.(*Server).setTenantMember-fm (3 handlers)
[GIN-debug] POST   /admin/v1/password        --> git.hyhy.fun/rsplab/iolink/internal/adminapi.(*Server).changePassword-fm (3 handlers)
[GIN-debug] GET    /admin/v1/farms           --> git.hyhy.fun/rsplab/iolink/internal/adminapi.(*Server).listFarms-fm (4 handlers)
[GIN-debug] POST   /admin/v1/farms           --> git.hyhy.fun/rsplab/iolink/internal/adminapi.(*Server).createFarm-fm (4 handlers)
[GIN-debug] GET    /admin/v1/users           --> git.hyhy.fun/rsplab/iolink/internal/adminapi.(*Server).listUsers-fm (4 handlers)
[GIN-debug] PUT    /admin/v1/farms/:id       --> git.hyhy.fun/rsplab/iolink/internal/adminapi.(*Server).updateFarm-fm (4 handlers)
[GIN-debug] DELETE /admin/v1/farms/:id       --> git.hyhy.fun/rsplab/iolink/internal/adminapi.(*Server).deleteFarm-fm (4 handlers)
[GIN-debug] PUT    /admin/v1/farms/:id/owner --> git.hyhy.fun/rsplab/iolink/internal/adminapi.(*Server).setFarmOwner-fm (4 handlers)
[GIN-debug] GET    /admin/v1/farms/:id/members --> git.hyhy.fun/rsplab/iolink/internal/adminapi.(*Server).listFarmMembers-fm (4 handlers)
[GIN-debug] PUT    /admin/v1/farms/:id/members/:user_id --> git.hyhy.fun/rsplab/iolink/internal/adminapi.(*Server).setFarmMember-fm (4 handlers)
[GIN-debug] GET    /admin/v1/ponds           --> git.hyhy.fun/rsplab/iolink/internal/adminapi.(*Server).listPonds-fm (4 handlers)
[GIN-debug] POST   /admin/v1/ponds           --> git.hyhy.fun/rsplab/iolink/internal/adminapi.(*Server).createPond-fm (4 handlers)
[GIN-debug] PUT    /admin/v1/ponds/:id       --> git.hyhy.fun/rsplab/iolink/internal/adminapi.(*Server).updatePond-fm (4 handlers)
[GIN-debug] DELETE /admin/v1/ponds/:id       --> git.hyhy.fun/rsplab/iolink/internal/adminapi.(*Server).deletePond-fm (4 handlers)
[GIN-debug] GET    /admin/v1/devices         --> git.hyhy.fun/rsplab/iolink/internal/adminapi.(*Server).listDevices-fm (4 handlers)
[GIN-debug] POST   /admin/v1/devices         --> git.hyhy.fun/rsplab/iolink/internal/adminapi.(*Server).registerDevice-fm (4 handlers)
[GIN-debug] GET    /admin/v1/devices/:device_no --> git.hyhy.fun/rsplab/iolink/internal/adminapi.(*Server).getDevice-fm (4 handlers)
[GIN-debug] DELETE /admin/v1/devices/:device_no --> git.hyhy.fun/rsplab/iolink/internal/adminapi.(*Server).deleteDevice-fm (4 handlers)
[GIN-debug] POST   /admin/v1/devices/:device_no/restore --> git.hyhy.fun/rsplab/iolink/internal/adminapi.(*Server).restoreDevice-fm (4 handlers)
[GIN-debug] PUT    /admin/v1/devices/:device_no/pond --> git.hyhy.fun/rsplab/iolink/internal/adminapi.(*Server).moveDevice-fm (4 handlers)
[GIN-debug] GET    /admin/v1/alarm-rules     --> git.hyhy.fun/rsplab/iolink/internal/adminapi.(*Server).listRules-fm (4 handlers)
[GIN-debug] POST   /admin/v1/alarm-rules     --> git.hyhy.fun/rsplab/iolink/internal/adminapi.(*Server).createRule-fm (4 handlers)
[GIN-debug] PUT    /admin/v1/alarm-rules/:id --> git.hyhy.fun/rsplab/iolink/internal/adminapi.(*Server).updateRule-fm (4 handlers)
[GIN-debug] DELETE /admin/v1/alarm-rules/:id --> git.hyhy.fun/rsplab/iolink/internal/adminapi.(*Server).deleteRule-fm (4 handlers)
[GIN-debug] GET    /admin/v1/alarms          --> git.hyhy.fun/rsplab/iolink/internal/adminapi.(*Server).listAlarms-fm (4 handlers)
[GIN-debug] POST   /admin/v1/alarms/:id/confirm --> git.hyhy.fun/rsplab/iolink/internal/adminapi.(*Server).confirmAlarm-fm (4 handlers)
[GIN-debug] POST   /admin/v1/alarms/batch-confirm --> git.hyhy.fun/rsplab/iolink/internal/adminapi.(*Server).batchConfirm-fm (4 handlers)
[GIN-debug] GET    /admin/v1/stats           --> git.hyhy.fun/rsplab/iolink/internal/adminapi.(*Server).stats-fm (4 handlers)
[GIN-debug] GET    /admin/v1/products        --> git.hyhy.fun/rsplab/iolink/internal/adminapi.(*Server).listProducts-fm (4 handlers)
[GIN-debug] POST   /admin/v1/products        --> git.hyhy.fun/rsplab/iolink/internal/adminapi.(*Server).createProduct-fm (4 handlers)
[GIN-debug] GET    /admin/v1/products/:product_id/models --> git.hyhy.fun/rsplab/iolink/internal/adminapi.(*Server).listProductModels-fm (4 handlers)
[GIN-debug] POST   /admin/v1/products/:product_id/models --> git.hyhy.fun/rsplab/iolink/internal/adminapi.(*Server).createProductModel-fm (4 handlers)
[GIN-debug] POST   /admin/v1/products/:product_id/models/:version/publish --> git.hyhy.fun/rsplab/iolink/internal/adminapi.(*Server).publishProductModel-fm (4 handlers)
[GIN-debug] GET    /admin/v1/devices/:device_no/product --> git.hyhy.fun/rsplab/iolink/internal/adminapi.(*Server).getDeviceProduct-fm (4 handlers)
[GIN-debug] PUT    /admin/v1/devices/:device_no/product --> git.hyhy.fun/rsplab/iolink/internal/adminapi.(*Server).assignDeviceProduct-fm (4 handlers)
2026/10/05 04:47:08 INFO http request request_id=6ADPWAST4IHAFFZ7QZUFBAMOSK route=/admin/v1/login method=POST status=200 duration_ms=132 tenant_id=0 actor_id=0
2026/10/05 04:47:08 WARN http request request_id=XJMLPJHVI7F6YJAHJEPUKMIICS route=/admin/v1/products/:product_id/models/:version/publish method=POST status=403 duration_ms=3 tenant_id=9401 actor_id=9402
    product_revocation_http_test.go:91: http method=POST path=/admin/v1/products/2/models/2/publish status=403 response={"error":"forbidden"}
=== RUN   TestM6bProductWritesRejectRevocationAfterMiddleware/publish_model/tenant
    product_revocation_http_test.go:39: environment real_timescaledb=2.30.2
[GIN-debug] [WARNING] Running in "debug" mode. Switch to "release" mode in production.
 - using env:	export GIN_MODE=release
 - using code:	gin.SetMode(gin.ReleaseMode)

[GIN-debug] POST   /admin/v1/login           --> git.hyhy.fun/rsplab/iolink/internal/adminapi.(*Server).login-fm (2 handlers)
[GIN-debug] GET    /admin/v1/license         --> git.hyhy.fun/rsplab/iolink/internal/adminapi.(*Server).getLicense-fm (3 handlers)
[GIN-debug] POST   /admin/v1/license         --> git.hyhy.fun/rsplab/iolink/internal/adminapi.(*Server).importLicense-fm (3 handlers)
[GIN-debug] GET    /admin/v1/tenants         --> git.hyhy.fun/rsplab/iolink/internal/adminapi.(*Server).listTenants-fm (3 handlers)
[GIN-debug] PUT    /admin/v1/tenants/:id/status --> git.hyhy.fun/rsplab/iolink/internal/adminapi.(*Server).setTenantStatus-fm (3 handlers)
[GIN-debug] GET    /admin/v1/tenants/:id/members --> git.hyhy.fun/rsplab/iolink/internal/adminapi.(*Server).listTenantMembers-fm (3 handlers)
[GIN-debug] PUT    /admin/v1/tenants/:id/members/:user_id --> git.hyhy.fun/rsplab/iolink/internal/adminapi.(*Server).setTenantMember-fm (3 handlers)
[GIN-debug] POST   /admin/v1/password        --> git.hyhy.fun/rsplab/iolink/internal/adminapi.(*Server).changePassword-fm (3 handlers)
[GIN-debug] GET    /admin/v1/farms           --> git.hyhy.fun/rsplab/iolink/internal/adminapi.(*Server).listFarms-fm (4 handlers)
[GIN-debug] POST   /admin/v1/farms           --> git.hyhy.fun/rsplab/iolink/internal/adminapi.(*Server).createFarm-fm (4 handlers)
[GIN-debug] GET    /admin/v1/users           --> git.hyhy.fun/rsplab/iolink/internal/adminapi.(*Server).listUsers-fm (4 handlers)
[GIN-debug] PUT    /admin/v1/farms/:id       --> git.hyhy.fun/rsplab/iolink/internal/adminapi.(*Server).updateFarm-fm (4 handlers)
[GIN-debug] DELETE /admin/v1/farms/:id       --> git.hyhy.fun/rsplab/iolink/internal/adminapi.(*Server).deleteFarm-fm (4 handlers)
[GIN-debug] PUT    /admin/v1/farms/:id/owner --> git.hyhy.fun/rsplab/iolink/internal/adminapi.(*Server).setFarmOwner-fm (4 handlers)
[GIN-debug] GET    /admin/v1/farms/:id/members --> git.hyhy.fun/rsplab/iolink/internal/adminapi.(*Server).listFarmMembers-fm (4 handlers)
[GIN-debug] PUT    /admin/v1/farms/:id/members/:user_id --> git.hyhy.fun/rsplab/iolink/internal/adminapi.(*Server).setFarmMember-fm (4 handlers)
[GIN-debug] GET    /admin/v1/ponds           --> git.hyhy.fun/rsplab/iolink/internal/adminapi.(*Server).listPonds-fm (4 handlers)
[GIN-debug] POST   /admin/v1/ponds           --> git.hyhy.fun/rsplab/iolink/internal/adminapi.(*Server).createPond-fm (4 handlers)
[GIN-debug] PUT    /admin/v1/ponds/:id       --> git.hyhy.fun/rsplab/iolink/internal/adminapi.(*Server).updatePond-fm (4 handlers)
[GIN-debug] DELETE /admin/v1/ponds/:id       --> git.hyhy.fun/rsplab/iolink/internal/adminapi.(*Server).deletePond-fm (4 handlers)
[GIN-debug] GET    /admin/v1/devices         --> git.hyhy.fun/rsplab/iolink/internal/adminapi.(*Server).listDevices-fm (4 handlers)
[GIN-debug] POST   /admin/v1/devices         --> git.hyhy.fun/rsplab/iolink/internal/adminapi.(*Server).registerDevice-fm (4 handlers)
[GIN-debug] GET    /admin/v1/devices/:device_no --> git.hyhy.fun/rsplab/iolink/internal/adminapi.(*Server).getDevice-fm (4 handlers)
[GIN-debug] DELETE /admin/v1/devices/:device_no --> git.hyhy.fun/rsplab/iolink/internal/adminapi.(*Server).deleteDevice-fm (4 handlers)
[GIN-debug] POST   /admin/v1/devices/:device_no/restore --> git.hyhy.fun/rsplab/iolink/internal/adminapi.(*Server).restoreDevice-fm (4 handlers)
[GIN-debug] PUT    /admin/v1/devices/:device_no/pond --> git.hyhy.fun/rsplab/iolink/internal/adminapi.(*Server).moveDevice-fm (4 handlers)
[GIN-debug] GET    /admin/v1/alarm-rules     --> git.hyhy.fun/rsplab/iolink/internal/adminapi.(*Server).listRules-fm (4 handlers)
[GIN-debug] POST   /admin/v1/alarm-rules     --> git.hyhy.fun/rsplab/iolink/internal/adminapi.(*Server).createRule-fm (4 handlers)
[GIN-debug] PUT    /admin/v1/alarm-rules/:id --> git.hyhy.fun/rsplab/iolink/internal/adminapi.(*Server).updateRule-fm (4 handlers)
[GIN-debug] DELETE /admin/v1/alarm-rules/:id --> git.hyhy.fun/rsplab/iolink/internal/adminapi.(*Server).deleteRule-fm (4 handlers)
[GIN-debug] GET    /admin/v1/alarms          --> git.hyhy.fun/rsplab/iolink/internal/adminapi.(*Server).listAlarms-fm (4 handlers)
[GIN-debug] POST   /admin/v1/alarms/:id/confirm --> git.hyhy.fun/rsplab/iolink/internal/adminapi.(*Server).confirmAlarm-fm (4 handlers)
[GIN-debug] POST   /admin/v1/alarms/batch-confirm --> git.hyhy.fun/rsplab/iolink/internal/adminapi.(*Server).batchConfirm-fm (4 handlers)
[GIN-debug] GET    /admin/v1/stats           --> git.hyhy.fun/rsplab/iolink/internal/adminapi.(*Server).stats-fm (4 handlers)
[GIN-debug] GET    /admin/v1/products        --> git.hyhy.fun/rsplab/iolink/internal/adminapi.(*Server).listProducts-fm (4 handlers)
[GIN-debug] POST   /admin/v1/products        --> git.hyhy.fun/rsplab/iolink/internal/adminapi.(*Server).createProduct-fm (4 handlers)
[GIN-debug] GET    /admin/v1/products/:product_id/models --> git.hyhy.fun/rsplab/iolink/internal/adminapi.(*Server).listProductModels-fm (4 handlers)
[GIN-debug] POST   /admin/v1/products/:product_id/models --> git.hyhy.fun/rsplab/iolink/internal/adminapi.(*Server).createProductModel-fm (4 handlers)
[GIN-debug] POST   /admin/v1/products/:product_id/models/:version/publish --> git.hyhy.fun/rsplab/iolink/internal/adminapi.(*Server).publishProductModel-fm (4 handlers)
[GIN-debug] GET    /admin/v1/devices/:device_no/product --> git.hyhy.fun/rsplab/iolink/internal/adminapi.(*Server).getDeviceProduct-fm (4 handlers)
[GIN-debug] PUT    /admin/v1/devices/:device_no/product --> git.hyhy.fun/rsplab/iolink/internal/adminapi.(*Server).assignDeviceProduct-fm (4 handlers)
2026/10/05 04:47:09 INFO http request request_id=LA35A6K5LXB7IRBQY53RSZUWKE route=/admin/v1/login method=POST status=200 duration_ms=141 tenant_id=0 actor_id=0
2026/10/05 04:47:09 WARN http request request_id=5WHWMVTIX35GI4TRTHZMEKGL7Q route=/admin/v1/products/:product_id/models/:version/publish method=POST status=403 duration_ms=4 tenant_id=9401 actor_id=9402
    product_revocation_http_test.go:91: http method=POST path=/admin/v1/products/2/models/2/publish status=403 response={"error":"forbidden"}
=== RUN   TestM6bProductWritesRejectRevocationAfterMiddleware/publish_model/platform_authority
    product_revocation_http_test.go:39: environment real_timescaledb=2.30.2
[GIN-debug] [WARNING] Running in "debug" mode. Switch to "release" mode in production.
 - using env:	export GIN_MODE=release
 - using code:	gin.SetMode(gin.ReleaseMode)

[GIN-debug] POST   /admin/v1/login           --> git.hyhy.fun/rsplab/iolink/internal/adminapi.(*Server).login-fm (2 handlers)
[GIN-debug] GET    /admin/v1/license         --> git.hyhy.fun/rsplab/iolink/internal/adminapi.(*Server).getLicense-fm (3 handlers)
[GIN-debug] POST   /admin/v1/license         --> git.hyhy.fun/rsplab/iolink/internal/adminapi.(*Server).importLicense-fm (3 handlers)
[GIN-debug] GET    /admin/v1/tenants         --> git.hyhy.fun/rsplab/iolink/internal/adminapi.(*Server).listTenants-fm (3 handlers)
[GIN-debug] PUT    /admin/v1/tenants/:id/status --> git.hyhy.fun/rsplab/iolink/internal/adminapi.(*Server).setTenantStatus-fm (3 handlers)
[GIN-debug] GET    /admin/v1/tenants/:id/members --> git.hyhy.fun/rsplab/iolink/internal/adminapi.(*Server).listTenantMembers-fm (3 handlers)
[GIN-debug] PUT    /admin/v1/tenants/:id/members/:user_id --> git.hyhy.fun/rsplab/iolink/internal/adminapi.(*Server).setTenantMember-fm (3 handlers)
[GIN-debug] POST   /admin/v1/password        --> git.hyhy.fun/rsplab/iolink/internal/adminapi.(*Server).changePassword-fm (3 handlers)
[GIN-debug] GET    /admin/v1/farms           --> git.hyhy.fun/rsplab/iolink/internal/adminapi.(*Server).listFarms-fm (4 handlers)
[GIN-debug] POST   /admin/v1/farms           --> git.hyhy.fun/rsplab/iolink/internal/adminapi.(*Server).createFarm-fm (4 handlers)
[GIN-debug] GET    /admin/v1/users           --> git.hyhy.fun/rsplab/iolink/internal/adminapi.(*Server).listUsers-fm (4 handlers)
[GIN-debug] PUT    /admin/v1/farms/:id       --> git.hyhy.fun/rsplab/iolink/internal/adminapi.(*Server).updateFarm-fm (4 handlers)
[GIN-debug] DELETE /admin/v1/farms/:id       --> git.hyhy.fun/rsplab/iolink/internal/adminapi.(*Server).deleteFarm-fm (4 handlers)
[GIN-debug] PUT    /admin/v1/farms/:id/owner --> git.hyhy.fun/rsplab/iolink/internal/adminapi.(*Server).setFarmOwner-fm (4 handlers)
[GIN-debug] GET    /admin/v1/farms/:id/members --> git.hyhy.fun/rsplab/iolink/internal/adminapi.(*Server).listFarmMembers-fm (4 handlers)
[GIN-debug] PUT    /admin/v1/farms/:id/members/:user_id --> git.hyhy.fun/rsplab/iolink/internal/adminapi.(*Server).setFarmMember-fm (4 handlers)
[GIN-debug] GET    /admin/v1/ponds           --> git.hyhy.fun/rsplab/iolink/internal/adminapi.(*Server).listPonds-fm (4 handlers)
[GIN-debug] POST   /admin/v1/ponds           --> git.hyhy.fun/rsplab/iolink/internal/adminapi.(*Server).createPond-fm (4 handlers)
[GIN-debug] PUT    /admin/v1/ponds/:id       --> git.hyhy.fun/rsplab/iolink/internal/adminapi.(*Server).updatePond-fm (4 handlers)
[GIN-debug] DELETE /admin/v1/ponds/:id       --> git.hyhy.fun/rsplab/iolink/internal/adminapi.(*Server).deletePond-fm (4 handlers)
[GIN-debug] GET    /admin/v1/devices         --> git.hyhy.fun/rsplab/iolink/internal/adminapi.(*Server).listDevices-fm (4 handlers)
[GIN-debug] POST   /admin/v1/devices         --> git.hyhy.fun/rsplab/iolink/internal/adminapi.(*Server).registerDevice-fm (4 handlers)
[GIN-debug] GET    /admin/v1/devices/:device_no --> git.hyhy.fun/rsplab/iolink/internal/adminapi.(*Server).getDevice-fm (4 handlers)
[GIN-debug] DELETE /admin/v1/devices/:device_no --> git.hyhy.fun/rsplab/iolink/internal/adminapi.(*Server).deleteDevice-fm (4 handlers)
[GIN-debug] POST   /admin/v1/devices/:device_no/restore --> git.hyhy.fun/rsplab/iolink/internal/adminapi.(*Server).restoreDevice-fm (4 handlers)
[GIN-debug] PUT    /admin/v1/devices/:device_no/pond --> git.hyhy.fun/rsplab/iolink/internal/adminapi.(*Server).moveDevice-fm (4 handlers)
[GIN-debug] GET    /admin/v1/alarm-rules     --> git.hyhy.fun/rsplab/iolink/internal/adminapi.(*Server).listRules-fm (4 handlers)
[GIN-debug] POST   /admin/v1/alarm-rules     --> git.hyhy.fun/rsplab/iolink/internal/adminapi.(*Server).createRule-fm (4 handlers)
[GIN-debug] PUT    /admin/v1/alarm-rules/:id --> git.hyhy.fun/rsplab/iolink/internal/adminapi.(*Server).updateRule-fm (4 handlers)
[GIN-debug] DELETE /admin/v1/alarm-rules/:id --> git.hyhy.fun/rsplab/iolink/internal/adminapi.(*Server).deleteRule-fm (4 handlers)
[GIN-debug] GET    /admin/v1/alarms          --> git.hyhy.fun/rsplab/iolink/internal/adminapi.(*Server).listAlarms-fm (4 handlers)
[GIN-debug] POST   /admin/v1/alarms/:id/confirm --> git.hyhy.fun/rsplab/iolink/internal/adminapi.(*Server).confirmAlarm-fm (4 handlers)
[GIN-debug] POST   /admin/v1/alarms/batch-confirm --> git.hyhy.fun/rsplab/iolink/internal/adminapi.(*Server).batchConfirm-fm (4 handlers)
[GIN-debug] GET    /admin/v1/stats           --> git.hyhy.fun/rsplab/iolink/internal/adminapi.(*Server).stats-fm (4 handlers)
[GIN-debug] GET    /admin/v1/products        --> git.hyhy.fun/rsplab/iolink/internal/adminapi.(*Server).listProducts-fm (4 handlers)
[GIN-debug] POST   /admin/v1/products        --> git.hyhy.fun/rsplab/iolink/internal/adminapi.(*Server).createProduct-fm (4 handlers)
[GIN-debug] GET    /admin/v1/products/:product_id/models --> git.hyhy.fun/rsplab/iolink/internal/adminapi.(*Server).listProductModels-fm (4 handlers)
[GIN-debug] POST   /admin/v1/products/:product_id/models --> git.hyhy.fun/rsplab/iolink/internal/adminapi.(*Server).createProductModel-fm (4 handlers)
[GIN-debug] POST   /admin/v1/products/:product_id/models/:version/publish --> git.hyhy.fun/rsplab/iolink/internal/adminapi.(*Server).publishProductModel-fm (4 handlers)
[GIN-debug] GET    /admin/v1/devices/:device_no/product --> git.hyhy.fun/rsplab/iolink/internal/adminapi.(*Server).getDeviceProduct-fm (4 handlers)
[GIN-debug] PUT    /admin/v1/devices/:device_no/product --> git.hyhy.fun/rsplab/iolink/internal/adminapi.(*Server).assignDeviceProduct-fm (4 handlers)
2026/10/05 04:47:10 INFO http request request_id=IYQN3ANARF7YNQWVD4GLOFD6FQ route=/admin/v1/login method=POST status=200 duration_ms=136 tenant_id=0 actor_id=0
2026/10/05 04:47:10 WARN http request request_id=2N5SJE2VABV2GDHAWXWWJYZYLY route=/admin/v1/products/:product_id/models/:version/publish method=POST status=403 duration_ms=4 tenant_id=9401 actor_id=9402
    product_revocation_http_test.go:91: http method=POST path=/admin/v1/products/2/models/2/publish status=403 response={"error":"forbidden"}
=== RUN   TestM6bProductWritesRejectRevocationAfterMiddleware/publish_model/permission_version
    product_revocation_http_test.go:39: environment real_timescaledb=2.30.2
[GIN-debug] [WARNING] Running in "debug" mode. Switch to "release" mode in production.
 - using env:	export GIN_MODE=release
 - using code:	gin.SetMode(gin.ReleaseMode)

[GIN-debug] POST   /admin/v1/login           --> git.hyhy.fun/rsplab/iolink/internal/adminapi.(*Server).login-fm (2 handlers)
[GIN-debug] GET    /admin/v1/license         --> git.hyhy.fun/rsplab/iolink/internal/adminapi.(*Server).getLicense-fm (3 handlers)
[GIN-debug] POST   /admin/v1/license         --> git.hyhy.fun/rsplab/iolink/internal/adminapi.(*Server).importLicense-fm (3 handlers)
[GIN-debug] GET    /admin/v1/tenants         --> git.hyhy.fun/rsplab/iolink/internal/adminapi.(*Server).listTenants-fm (3 handlers)
[GIN-debug] PUT    /admin/v1/tenants/:id/status --> git.hyhy.fun/rsplab/iolink/internal/adminapi.(*Server).setTenantStatus-fm (3 handlers)
[GIN-debug] GET    /admin/v1/tenants/:id/members --> git.hyhy.fun/rsplab/iolink/internal/adminapi.(*Server).listTenantMembers-fm (3 handlers)
[GIN-debug] PUT    /admin/v1/tenants/:id/members/:user_id --> git.hyhy.fun/rsplab/iolink/internal/adminapi.(*Server).setTenantMember-fm (3 handlers)
[GIN-debug] POST   /admin/v1/password        --> git.hyhy.fun/rsplab/iolink/internal/adminapi.(*Server).changePassword-fm (3 handlers)
[GIN-debug] GET    /admin/v1/farms           --> git.hyhy.fun/rsplab/iolink/internal/adminapi.(*Server).listFarms-fm (4 handlers)
[GIN-debug] POST   /admin/v1/farms           --> git.hyhy.fun/rsplab/iolink/internal/adminapi.(*Server).createFarm-fm (4 handlers)
[GIN-debug] GET    /admin/v1/users           --> git.hyhy.fun/rsplab/iolink/internal/adminapi.(*Server).listUsers-fm (4 handlers)
[GIN-debug] PUT    /admin/v1/farms/:id       --> git.hyhy.fun/rsplab/iolink/internal/adminapi.(*Server).updateFarm-fm (4 handlers)
[GIN-debug] DELETE /admin/v1/farms/:id       --> git.hyhy.fun/rsplab/iolink/internal/adminapi.(*Server).deleteFarm-fm (4 handlers)
[GIN-debug] PUT    /admin/v1/farms/:id/owner --> git.hyhy.fun/rsplab/iolink/internal/adminapi.(*Server).setFarmOwner-fm (4 handlers)
[GIN-debug] GET    /admin/v1/farms/:id/members --> git.hyhy.fun/rsplab/iolink/internal/adminapi.(*Server).listFarmMembers-fm (4 handlers)
[GIN-debug] PUT    /admin/v1/farms/:id/members/:user_id --> git.hyhy.fun/rsplab/iolink/internal/adminapi.(*Server).setFarmMember-fm (4 handlers)
[GIN-debug] GET    /admin/v1/ponds           --> git.hyhy.fun/rsplab/iolink/internal/adminapi.(*Server).listPonds-fm (4 handlers)
[GIN-debug] POST   /admin/v1/ponds           --> git.hyhy.fun/rsplab/iolink/internal/adminapi.(*Server).createPond-fm (4 handlers)
[GIN-debug] PUT    /admin/v1/ponds/:id       --> git.hyhy.fun/rsplab/iolink/internal/adminapi.(*Server).updatePond-fm (4 handlers)
[GIN-debug] DELETE /admin/v1/ponds/:id       --> git.hyhy.fun/rsplab/iolink/internal/adminapi.(*Server).deletePond-fm (4 handlers)
[GIN-debug] GET    /admin/v1/devices         --> git.hyhy.fun/rsplab/iolink/internal/adminapi.(*Server).listDevices-fm (4 handlers)
[GIN-debug] POST   /admin/v1/devices         --> git.hyhy.fun/rsplab/iolink/internal/adminapi.(*Server).registerDevice-fm (4 handlers)
[GIN-debug] GET    /admin/v1/devices/:device_no --> git.hyhy.fun/rsplab/iolink/internal/adminapi.(*Server).getDevice-fm (4 handlers)
[GIN-debug] DELETE /admin/v1/devices/:device_no --> git.hyhy.fun/rsplab/iolink/internal/adminapi.(*Server).deleteDevice-fm (4 handlers)
[GIN-debug] POST   /admin/v1/devices/:device_no/restore --> git.hyhy.fun/rsplab/iolink/internal/adminapi.(*Server).restoreDevice-fm (4 handlers)
[GIN-debug] PUT    /admin/v1/devices/:device_no/pond --> git.hyhy.fun/rsplab/iolink/internal/adminapi.(*Server).moveDevice-fm (4 handlers)
[GIN-debug] GET    /admin/v1/alarm-rules     --> git.hyhy.fun/rsplab/iolink/internal/adminapi.(*Server).listRules-fm (4 handlers)
[GIN-debug] POST   /admin/v1/alarm-rules     --> git.hyhy.fun/rsplab/iolink/internal/adminapi.(*Server).createRule-fm (4 handlers)
[GIN-debug] PUT    /admin/v1/alarm-rules/:id --> git.hyhy.fun/rsplab/iolink/internal/adminapi.(*Server).updateRule-fm (4 handlers)
[GIN-debug] DELETE /admin/v1/alarm-rules/:id --> git.hyhy.fun/rsplab/iolink/internal/adminapi.(*Server).deleteRule-fm (4 handlers)
[GIN-debug] GET    /admin/v1/alarms          --> git.hyhy.fun/rsplab/iolink/internal/adminapi.(*Server).listAlarms-fm (4 handlers)
[GIN-debug] POST   /admin/v1/alarms/:id/confirm --> git.hyhy.fun/rsplab/iolink/internal/adminapi.(*Server).confirmAlarm-fm (4 handlers)
[GIN-debug] POST   /admin/v1/alarms/batch-confirm --> git.hyhy.fun/rsplab/iolink/internal/adminapi.(*Server).batchConfirm-fm (4 handlers)
[GIN-debug] GET    /admin/v1/stats           --> git.hyhy.fun/rsplab/iolink/internal/adminapi.(*Server).stats-fm (4 handlers)
[GIN-debug] GET    /admin/v1/products        --> git.hyhy.fun/rsplab/iolink/internal/adminapi.(*Server).listProducts-fm (4 handlers)
[GIN-debug] POST   /admin/v1/products        --> git.hyhy.fun/rsplab/iolink/internal/adminapi.(*Server).createProduct-fm (4 handlers)
[GIN-debug] GET    /admin/v1/products/:product_id/models --> git.hyhy.fun/rsplab/iolink/internal/adminapi.(*Server).listProductModels-fm (4 handlers)
[GIN-debug] POST   /admin/v1/products/:product_id/models --> git.hyhy.fun/rsplab/iolink/internal/adminapi.(*Server).createProductModel-fm (4 handlers)
[GIN-debug] POST   /admin/v1/products/:product_id/models/:version/publish --> git.hyhy.fun/rsplab/iolink/internal/adminapi.(*Server).publishProductModel-fm (4 handlers)
[GIN-debug] GET    /admin/v1/devices/:device_no/product --> git.hyhy.fun/rsplab/iolink/internal/adminapi.(*Server).getDeviceProduct-fm (4 handlers)
[GIN-debug] PUT    /admin/v1/devices/:device_no/product --> git.hyhy.fun/rsplab/iolink/internal/adminapi.(*Server).assignDeviceProduct-fm (4 handlers)
2026/10/05 04:47:11 INFO http request request_id=JOASE6WE3GUB445VKKVAIA3VSX route=/admin/v1/login method=POST status=200 duration_ms=142 tenant_id=0 actor_id=0
2026/10/05 04:47:11 WARN http request request_id=FNZY74XMKMRVNHPN77DOKBCK3I route=/admin/v1/products/:product_id/models/:version/publish method=POST status=403 duration_ms=4 tenant_id=9401 actor_id=9402
    product_revocation_http_test.go:91: http method=POST path=/admin/v1/products/2/models/2/publish status=403 response={"error":"forbidden"}
=== RUN   TestM6bProductWritesRejectRevocationAfterMiddleware/assign_device/role
    product_revocation_http_test.go:39: environment real_timescaledb=2.30.2
[GIN-debug] [WARNING] Running in "debug" mode. Switch to "release" mode in production.
 - using env:	export GIN_MODE=release
 - using code:	gin.SetMode(gin.ReleaseMode)

[GIN-debug] POST   /admin/v1/login           --> git.hyhy.fun/rsplab/iolink/internal/adminapi.(*Server).login-fm (2 handlers)
[GIN-debug] GET    /admin/v1/license         --> git.hyhy.fun/rsplab/iolink/internal/adminapi.(*Server).getLicense-fm (3 handlers)
[GIN-debug] POST   /admin/v1/license         --> git.hyhy.fun/rsplab/iolink/internal/adminapi.(*Server).importLicense-fm (3 handlers)
[GIN-debug] GET    /admin/v1/tenants         --> git.hyhy.fun/rsplab/iolink/internal/adminapi.(*Server).listTenants-fm (3 handlers)
[GIN-debug] PUT    /admin/v1/tenants/:id/status --> git.hyhy.fun/rsplab/iolink/internal/adminapi.(*Server).setTenantStatus-fm (3 handlers)
[GIN-debug] GET    /admin/v1/tenants/:id/members --> git.hyhy.fun/rsplab/iolink/internal/adminapi.(*Server).listTenantMembers-fm (3 handlers)
[GIN-debug] PUT    /admin/v1/tenants/:id/members/:user_id --> git.hyhy.fun/rsplab/iolink/internal/adminapi.(*Server).setTenantMember-fm (3 handlers)
[GIN-debug] POST   /admin/v1/password        --> git.hyhy.fun/rsplab/iolink/internal/adminapi.(*Server).changePassword-fm (3 handlers)
[GIN-debug] GET    /admin/v1/farms           --> git.hyhy.fun/rsplab/iolink/internal/adminapi.(*Server).listFarms-fm (4 handlers)
[GIN-debug] POST   /admin/v1/farms           --> git.hyhy.fun/rsplab/iolink/internal/adminapi.(*Server).createFarm-fm (4 handlers)
[GIN-debug] GET    /admin/v1/users           --> git.hyhy.fun/rsplab/iolink/internal/adminapi.(*Server).listUsers-fm (4 handlers)
[GIN-debug] PUT    /admin/v1/farms/:id       --> git.hyhy.fun/rsplab/iolink/internal/adminapi.(*Server).updateFarm-fm (4 handlers)
[GIN-debug] DELETE /admin/v1/farms/:id       --> git.hyhy.fun/rsplab/iolink/internal/adminapi.(*Server).deleteFarm-fm (4 handlers)
[GIN-debug] PUT    /admin/v1/farms/:id/owner --> git.hyhy.fun/rsplab/iolink/internal/adminapi.(*Server).setFarmOwner-fm (4 handlers)
[GIN-debug] GET    /admin/v1/farms/:id/members --> git.hyhy.fun/rsplab/iolink/internal/adminapi.(*Server).listFarmMembers-fm (4 handlers)
[GIN-debug] PUT    /admin/v1/farms/:id/members/:user_id --> git.hyhy.fun/rsplab/iolink/internal/adminapi.(*Server).setFarmMember-fm (4 handlers)
[GIN-debug] GET    /admin/v1/ponds           --> git.hyhy.fun/rsplab/iolink/internal/adminapi.(*Server).listPonds-fm (4 handlers)
[GIN-debug] POST   /admin/v1/ponds           --> git.hyhy.fun/rsplab/iolink/internal/adminapi.(*Server).createPond-fm (4 handlers)
[GIN-debug] PUT    /admin/v1/ponds/:id       --> git.hyhy.fun/rsplab/iolink/internal/adminapi.(*Server).updatePond-fm (4 handlers)
[GIN-debug] DELETE /admin/v1/ponds/:id       --> git.hyhy.fun/rsplab/iolink/internal/adminapi.(*Server).deletePond-fm (4 handlers)
[GIN-debug] GET    /admin/v1/devices         --> git.hyhy.fun/rsplab/iolink/internal/adminapi.(*Server).listDevices-fm (4 handlers)
[GIN-debug] POST   /admin/v1/devices         --> git.hyhy.fun/rsplab/iolink/internal/adminapi.(*Server).registerDevice-fm (4 handlers)
[GIN-debug] GET    /admin/v1/devices/:device_no --> git.hyhy.fun/rsplab/iolink/internal/adminapi.(*Server).getDevice-fm (4 handlers)
[GIN-debug] DELETE /admin/v1/devices/:device_no --> git.hyhy.fun/rsplab/iolink/internal/adminapi.(*Server).deleteDevice-fm (4 handlers)
[GIN-debug] POST   /admin/v1/devices/:device_no/restore --> git.hyhy.fun/rsplab/iolink/internal/adminapi.(*Server).restoreDevice-fm (4 handlers)
[GIN-debug] PUT    /admin/v1/devices/:device_no/pond --> git.hyhy.fun/rsplab/iolink/internal/adminapi.(*Server).moveDevice-fm (4 handlers)
[GIN-debug] GET    /admin/v1/alarm-rules     --> git.hyhy.fun/rsplab/iolink/internal/adminapi.(*Server).listRules-fm (4 handlers)
[GIN-debug] POST   /admin/v1/alarm-rules     --> git.hyhy.fun/rsplab/iolink/internal/adminapi.(*Server).createRule-fm (4 handlers)
[GIN-debug] PUT    /admin/v1/alarm-rules/:id --> git.hyhy.fun/rsplab/iolink/internal/adminapi.(*Server).updateRule-fm (4 handlers)
[GIN-debug] DELETE /admin/v1/alarm-rules/:id --> git.hyhy.fun/rsplab/iolink/internal/adminapi.(*Server).deleteRule-fm (4 handlers)
[GIN-debug] GET    /admin/v1/alarms          --> git.hyhy.fun/rsplab/iolink/internal/adminapi.(*Server).listAlarms-fm (4 handlers)
[GIN-debug] POST   /admin/v1/alarms/:id/confirm --> git.hyhy.fun/rsplab/iolink/internal/adminapi.(*Server).confirmAlarm-fm (4 handlers)
[GIN-debug] POST   /admin/v1/alarms/batch-confirm --> git.hyhy.fun/rsplab/iolink/internal/adminapi.(*Server).batchConfirm-fm (4 handlers)
[GIN-debug] GET    /admin/v1/stats           --> git.hyhy.fun/rsplab/iolink/internal/adminapi.(*Server).stats-fm (4 handlers)
[GIN-debug] GET    /admin/v1/products        --> git.hyhy.fun/rsplab/iolink/internal/adminapi.(*Server).listProducts-fm (4 handlers)
[GIN-debug] POST   /admin/v1/products        --> git.hyhy.fun/rsplab/iolink/internal/adminapi.(*Server).createProduct-fm (4 handlers)
[GIN-debug] GET    /admin/v1/products/:product_id/models --> git.hyhy.fun/rsplab/iolink/internal/adminapi.(*Server).listProductModels-fm (4 handlers)
[GIN-debug] POST   /admin/v1/products/:product_id/models --> git.hyhy.fun/rsplab/iolink/internal/adminapi.(*Server).createProductModel-fm (4 handlers)
[GIN-debug] POST   /admin/v1/products/:product_id/models/:version/publish --> git.hyhy.fun/rsplab/iolink/internal/adminapi.(*Server).publishProductModel-fm (4 handlers)
[GIN-debug] GET    /admin/v1/devices/:device_no/product --> git.hyhy.fun/rsplab/iolink/internal/adminapi.(*Server).getDeviceProduct-fm (4 handlers)
[GIN-debug] PUT    /admin/v1/devices/:device_no/product --> git.hyhy.fun/rsplab/iolink/internal/adminapi.(*Server).assignDeviceProduct-fm (4 handlers)
2026/10/05 04:47:12 INFO http request request_id=4TP5OEXZ4ZK7VAKEXA2JHJH5J2 route=/admin/v1/login method=POST status=200 duration_ms=141 tenant_id=0 actor_id=0
2026/10/05 04:47:12 WARN http request request_id=TQDOAPJL4N43KGHRZWMG4MUBP7 route=/admin/v1/devices/:device_no/product method=PUT status=403 duration_ms=4 tenant_id=9401 actor_id=9402
    product_revocation_http_test.go:91: http method=PUT path=/admin/v1/devices/v2-permission/product status=403 response={"error":"forbidden"}
=== RUN   TestM6bProductWritesRejectRevocationAfterMiddleware/assign_device/membership
    product_revocation_http_test.go:39: environment real_timescaledb=2.30.2
[GIN-debug] [WARNING] Running in "debug" mode. Switch to "release" mode in production.
 - using env:	export GIN_MODE=release
 - using code:	gin.SetMode(gin.ReleaseMode)

[GIN-debug] POST   /admin/v1/login           --> git.hyhy.fun/rsplab/iolink/internal/adminapi.(*Server).login-fm (2 handlers)
[GIN-debug] GET    /admin/v1/license         --> git.hyhy.fun/rsplab/iolink/internal/adminapi.(*Server).getLicense-fm (3 handlers)
[GIN-debug] POST   /admin/v1/license         --> git.hyhy.fun/rsplab/iolink/internal/adminapi.(*Server).importLicense-fm (3 handlers)
[GIN-debug] GET    /admin/v1/tenants         --> git.hyhy.fun/rsplab/iolink/internal/adminapi.(*Server).listTenants-fm (3 handlers)
[GIN-debug] PUT    /admin/v1/tenants/:id/status --> git.hyhy.fun/rsplab/iolink/internal/adminapi.(*Server).setTenantStatus-fm (3 handlers)
[GIN-debug] GET    /admin/v1/tenants/:id/members --> git.hyhy.fun/rsplab/iolink/internal/adminapi.(*Server).listTenantMembers-fm (3 handlers)
[GIN-debug] PUT    /admin/v1/tenants/:id/members/:user_id --> git.hyhy.fun/rsplab/iolink/internal/adminapi.(*Server).setTenantMember-fm (3 handlers)
[GIN-debug] POST   /admin/v1/password        --> git.hyhy.fun/rsplab/iolink/internal/adminapi.(*Server).changePassword-fm (3 handlers)
[GIN-debug] GET    /admin/v1/farms           --> git.hyhy.fun/rsplab/iolink/internal/adminapi.(*Server).listFarms-fm (4 handlers)
[GIN-debug] POST   /admin/v1/farms           --> git.hyhy.fun/rsplab/iolink/internal/adminapi.(*Server).createFarm-fm (4 handlers)
[GIN-debug] GET    /admin/v1/users           --> git.hyhy.fun/rsplab/iolink/internal/adminapi.(*Server).listUsers-fm (4 handlers)
[GIN-debug] PUT    /admin/v1/farms/:id       --> git.hyhy.fun/rsplab/iolink/internal/adminapi.(*Server).updateFarm-fm (4 handlers)
[GIN-debug] DELETE /admin/v1/farms/:id       --> git.hyhy.fun/rsplab/iolink/internal/adminapi.(*Server).deleteFarm-fm (4 handlers)
[GIN-debug] PUT    /admin/v1/farms/:id/owner --> git.hyhy.fun/rsplab/iolink/internal/adminapi.(*Server).setFarmOwner-fm (4 handlers)
[GIN-debug] GET    /admin/v1/farms/:id/members --> git.hyhy.fun/rsplab/iolink/internal/adminapi.(*Server).listFarmMembers-fm (4 handlers)
[GIN-debug] PUT    /admin/v1/farms/:id/members/:user_id --> git.hyhy.fun/rsplab/iolink/internal/adminapi.(*Server).setFarmMember-fm (4 handlers)
[GIN-debug] GET    /admin/v1/ponds           --> git.hyhy.fun/rsplab/iolink/internal/adminapi.(*Server).listPonds-fm (4 handlers)
[GIN-debug] POST   /admin/v1/ponds           --> git.hyhy.fun/rsplab/iolink/internal/adminapi.(*Server).createPond-fm (4 handlers)
[GIN-debug] PUT    /admin/v1/ponds/:id       --> git.hyhy.fun/rsplab/iolink/internal/adminapi.(*Server).updatePond-fm (4 handlers)
[GIN-debug] DELETE /admin/v1/ponds/:id       --> git.hyhy.fun/rsplab/iolink/internal/adminapi.(*Server).deletePond-fm (4 handlers)
[GIN-debug] GET    /admin/v1/devices         --> git.hyhy.fun/rsplab/iolink/internal/adminapi.(*Server).listDevices-fm (4 handlers)
[GIN-debug] POST   /admin/v1/devices         --> git.hyhy.fun/rsplab/iolink/internal/adminapi.(*Server).registerDevice-fm (4 handlers)
[GIN-debug] GET    /admin/v1/devices/:device_no --> git.hyhy.fun/rsplab/iolink/internal/adminapi.(*Server).getDevice-fm (4 handlers)
[GIN-debug] DELETE /admin/v1/devices/:device_no --> git.hyhy.fun/rsplab/iolink/internal/adminapi.(*Server).deleteDevice-fm (4 handlers)
[GIN-debug] POST   /admin/v1/devices/:device_no/restore --> git.hyhy.fun/rsplab/iolink/internal/adminapi.(*Server).restoreDevice-fm (4 handlers)
[GIN-debug] PUT    /admin/v1/devices/:device_no/pond --> git.hyhy.fun/rsplab/iolink/internal/adminapi.(*Server).moveDevice-fm (4 handlers)
[GIN-debug] GET    /admin/v1/alarm-rules     --> git.hyhy.fun/rsplab/iolink/internal/adminapi.(*Server).listRules-fm (4 handlers)
[GIN-debug] POST   /admin/v1/alarm-rules     --> git.hyhy.fun/rsplab/iolink/internal/adminapi.(*Server).createRule-fm (4 handlers)
[GIN-debug] PUT    /admin/v1/alarm-rules/:id --> git.hyhy.fun/rsplab/iolink/internal/adminapi.(*Server).updateRule-fm (4 handlers)
[GIN-debug] DELETE /admin/v1/alarm-rules/:id --> git.hyhy.fun/rsplab/iolink/internal/adminapi.(*Server).deleteRule-fm (4 handlers)
[GIN-debug] GET    /admin/v1/alarms          --> git.hyhy.fun/rsplab/iolink/internal/adminapi.(*Server).listAlarms-fm (4 handlers)
[GIN-debug] POST   /admin/v1/alarms/:id/confirm --> git.hyhy.fun/rsplab/iolink/internal/adminapi.(*Server).confirmAlarm-fm (4 handlers)
[GIN-debug] POST   /admin/v1/alarms/batch-confirm --> git.hyhy.fun/rsplab/iolink/internal/adminapi.(*Server).batchConfirm-fm (4 handlers)
[GIN-debug] GET    /admin/v1/stats           --> git.hyhy.fun/rsplab/iolink/internal/adminapi.(*Server).stats-fm (4 handlers)
[GIN-debug] GET    /admin/v1/products        --> git.hyhy.fun/rsplab/iolink/internal/adminapi.(*Server).listProducts-fm (4 handlers)
[GIN-debug] POST   /admin/v1/products        --> git.hyhy.fun/rsplab/iolink/internal/adminapi.(*Server).createProduct-fm (4 handlers)
[GIN-debug] GET    /admin/v1/products/:product_id/models --> git.hyhy.fun/rsplab/iolink/internal/adminapi.(*Server).listProductModels-fm (4 handlers)
[GIN-debug] POST   /admin/v1/products/:product_id/models --> git.hyhy.fun/rsplab/iolink/internal/adminapi.(*Server).createProductModel-fm (4 handlers)
[GIN-debug] POST   /admin/v1/products/:product_id/models/:version/publish --> git.hyhy.fun/rsplab/iolink/internal/adminapi.(*Server).publishProductModel-fm (4 handlers)
[GIN-debug] GET    /admin/v1/devices/:device_no/product --> git.hyhy.fun/rsplab/iolink/internal/adminapi.(*Server).getDeviceProduct-fm (4 handlers)
[GIN-debug] PUT    /admin/v1/devices/:device_no/product --> git.hyhy.fun/rsplab/iolink/internal/adminapi.(*Server).assignDeviceProduct-fm (4 handlers)
2026/10/05 04:47:13 INFO http request request_id=VLRXDXY5IUAKLSK5NNT47H4BPB route=/admin/v1/login method=POST status=200 duration_ms=180 tenant_id=0 actor_id=0
2026/10/05 04:47:13 WARN http request request_id=SNR234CT3AYJLNIGAK4A32ALJC route=/admin/v1/devices/:device_no/product method=PUT status=403 duration_ms=4 tenant_id=9401 actor_id=9402
    product_revocation_http_test.go:91: http method=PUT path=/admin/v1/devices/v2-permission/product status=403 response={"error":"forbidden"}
=== RUN   TestM6bProductWritesRejectRevocationAfterMiddleware/assign_device/tenant
    product_revocation_http_test.go:39: environment real_timescaledb=2.30.2
[GIN-debug] [WARNING] Running in "debug" mode. Switch to "release" mode in production.
 - using env:	export GIN_MODE=release
 - using code:	gin.SetMode(gin.ReleaseMode)

[GIN-debug] POST   /admin/v1/login           --> git.hyhy.fun/rsplab/iolink/internal/adminapi.(*Server).login-fm (2 handlers)
[GIN-debug] GET    /admin/v1/license         --> git.hyhy.fun/rsplab/iolink/internal/adminapi.(*Server).getLicense-fm (3 handlers)
[GIN-debug] POST   /admin/v1/license         --> git.hyhy.fun/rsplab/iolink/internal/adminapi.(*Server).importLicense-fm (3 handlers)
[GIN-debug] GET    /admin/v1/tenants         --> git.hyhy.fun/rsplab/iolink/internal/adminapi.(*Server).listTenants-fm (3 handlers)
[GIN-debug] PUT    /admin/v1/tenants/:id/status --> git.hyhy.fun/rsplab/iolink/internal/adminapi.(*Server).setTenantStatus-fm (3 handlers)
[GIN-debug] GET    /admin/v1/tenants/:id/members --> git.hyhy.fun/rsplab/iolink/internal/adminapi.(*Server).listTenantMembers-fm (3 handlers)
[GIN-debug] PUT    /admin/v1/tenants/:id/members/:user_id --> git.hyhy.fun/rsplab/iolink/internal/adminapi.(*Server).setTenantMember-fm (3 handlers)
[GIN-debug] POST   /admin/v1/password        --> git.hyhy.fun/rsplab/iolink/internal/adminapi.(*Server).changePassword-fm (3 handlers)
[GIN-debug] GET    /admin/v1/farms           --> git.hyhy.fun/rsplab/iolink/internal/adminapi.(*Server).listFarms-fm (4 handlers)
[GIN-debug] POST   /admin/v1/farms           --> git.hyhy.fun/rsplab/iolink/internal/adminapi.(*Server).createFarm-fm (4 handlers)
[GIN-debug] GET    /admin/v1/users           --> git.hyhy.fun/rsplab/iolink/internal/adminapi.(*Server).listUsers-fm (4 handlers)
[GIN-debug] PUT    /admin/v1/farms/:id       --> git.hyhy.fun/rsplab/iolink/internal/adminapi.(*Server).updateFarm-fm (4 handlers)
[GIN-debug] DELETE /admin/v1/farms/:id       --> git.hyhy.fun/rsplab/iolink/internal/adminapi.(*Server).deleteFarm-fm (4 handlers)
[GIN-debug] PUT    /admin/v1/farms/:id/owner --> git.hyhy.fun/rsplab/iolink/internal/adminapi.(*Server).setFarmOwner-fm (4 handlers)
[GIN-debug] GET    /admin/v1/farms/:id/members --> git.hyhy.fun/rsplab/iolink/internal/adminapi.(*Server).listFarmMembers-fm (4 handlers)
[GIN-debug] PUT    /admin/v1/farms/:id/members/:user_id --> git.hyhy.fun/rsplab/iolink/internal/adminapi.(*Server).setFarmMember-fm (4 handlers)
[GIN-debug] GET    /admin/v1/ponds           --> git.hyhy.fun/rsplab/iolink/internal/adminapi.(*Server).listPonds-fm (4 handlers)
[GIN-debug] POST   /admin/v1/ponds           --> git.hyhy.fun/rsplab/iolink/internal/adminapi.(*Server).createPond-fm (4 handlers)
[GIN-debug] PUT    /admin/v1/ponds/:id       --> git.hyhy.fun/rsplab/iolink/internal/adminapi.(*Server).updatePond-fm (4 handlers)
[GIN-debug] DELETE /admin/v1/ponds/:id       --> git.hyhy.fun/rsplab/iolink/internal/adminapi.(*Server).deletePond-fm (4 handlers)
[GIN-debug] GET    /admin/v1/devices         --> git.hyhy.fun/rsplab/iolink/internal/adminapi.(*Server).listDevices-fm (4 handlers)
[GIN-debug] POST   /admin/v1/devices         --> git.hyhy.fun/rsplab/iolink/internal/adminapi.(*Server).registerDevice-fm (4 handlers)
[GIN-debug] GET    /admin/v1/devices/:device_no --> git.hyhy.fun/rsplab/iolink/internal/adminapi.(*Server).getDevice-fm (4 handlers)
[GIN-debug] DELETE /admin/v1/devices/:device_no --> git.hyhy.fun/rsplab/iolink/internal/adminapi.(*Server).deleteDevice-fm (4 handlers)
[GIN-debug] POST   /admin/v1/devices/:device_no/restore --> git.hyhy.fun/rsplab/iolink/internal/adminapi.(*Server).restoreDevice-fm (4 handlers)
[GIN-debug] PUT    /admin/v1/devices/:device_no/pond --> git.hyhy.fun/rsplab/iolink/internal/adminapi.(*Server).moveDevice-fm (4 handlers)
[GIN-debug] GET    /admin/v1/alarm-rules     --> git.hyhy.fun/rsplab/iolink/internal/adminapi.(*Server).listRules-fm (4 handlers)
[GIN-debug] POST   /admin/v1/alarm-rules     --> git.hyhy.fun/rsplab/iolink/internal/adminapi.(*Server).createRule-fm (4 handlers)
[GIN-debug] PUT    /admin/v1/alarm-rules/:id --> git.hyhy.fun/rsplab/iolink/internal/adminapi.(*Server).updateRule-fm (4 handlers)
[GIN-debug] DELETE /admin/v1/alarm-rules/:id --> git.hyhy.fun/rsplab/iolink/internal/adminapi.(*Server).deleteRule-fm (4 handlers)
[GIN-debug] GET    /admin/v1/alarms          --> git.hyhy.fun/rsplab/iolink/internal/adminapi.(*Server).listAlarms-fm (4 handlers)
[GIN-debug] POST   /admin/v1/alarms/:id/confirm --> git.hyhy.fun/rsplab/iolink/internal/adminapi.(*Server).confirmAlarm-fm (4 handlers)
[GIN-debug] POST   /admin/v1/alarms/batch-confirm --> git.hyhy.fun/rsplab/iolink/internal/adminapi.(*Server).batchConfirm-fm (4 handlers)
[GIN-debug] GET    /admin/v1/stats           --> git.hyhy.fun/rsplab/iolink/internal/adminapi.(*Server).stats-fm (4 handlers)
[GIN-debug] GET    /admin/v1/products        --> git.hyhy.fun/rsplab/iolink/internal/adminapi.(*Server).listProducts-fm (4 handlers)
[GIN-debug] POST   /admin/v1/products        --> git.hyhy.fun/rsplab/iolink/internal/adminapi.(*Server).createProduct-fm (4 handlers)
[GIN-debug] GET    /admin/v1/products/:product_id/models --> git.hyhy.fun/rsplab/iolink/internal/adminapi.(*Server).listProductModels-fm (4 handlers)
[GIN-debug] POST   /admin/v1/products/:product_id/models --> git.hyhy.fun/rsplab/iolink/internal/adminapi.(*Server).createProductModel-fm (4 handlers)
[GIN-debug] POST   /admin/v1/products/:product_id/models/:version/publish --> git.hyhy.fun/rsplab/iolink/internal/adminapi.(*Server).publishProductModel-fm (4 handlers)
[GIN-debug] GET    /admin/v1/devices/:device_no/product --> git.hyhy.fun/rsplab/iolink/internal/adminapi.(*Server).getDeviceProduct-fm (4 handlers)
[GIN-debug] PUT    /admin/v1/devices/:device_no/product --> git.hyhy.fun/rsplab/iolink/internal/adminapi.(*Server).assignDeviceProduct-fm (4 handlers)
2026/10/05 04:47:14 INFO http request request_id=LCSLWPELWH6DVBNZRUSLWKSJH4 route=/admin/v1/login method=POST status=200 duration_ms=135 tenant_id=0 actor_id=0
2026/10/05 04:47:14 WARN http request request_id=L4ZPEMEJXJ4QEZVUN5OWCHQLDO route=/admin/v1/devices/:device_no/product method=PUT status=403 duration_ms=4 tenant_id=9401 actor_id=9402
    product_revocation_http_test.go:91: http method=PUT path=/admin/v1/devices/v2-permission/product status=403 response={"error":"forbidden"}
=== RUN   TestM6bProductWritesRejectRevocationAfterMiddleware/assign_device/platform_authority
    product_revocation_http_test.go:39: environment real_timescaledb=2.30.2
[GIN-debug] [WARNING] Running in "debug" mode. Switch to "release" mode in production.
 - using env:	export GIN_MODE=release
 - using code:	gin.SetMode(gin.ReleaseMode)

[GIN-debug] POST   /admin/v1/login           --> git.hyhy.fun/rsplab/iolink/internal/adminapi.(*Server).login-fm (2 handlers)
[GIN-debug] GET    /admin/v1/license         --> git.hyhy.fun/rsplab/iolink/internal/adminapi.(*Server).getLicense-fm (3 handlers)
[GIN-debug] POST   /admin/v1/license         --> git.hyhy.fun/rsplab/iolink/internal/adminapi.(*Server).importLicense-fm (3 handlers)
[GIN-debug] GET    /admin/v1/tenants         --> git.hyhy.fun/rsplab/iolink/internal/adminapi.(*Server).listTenants-fm (3 handlers)
[GIN-debug] PUT    /admin/v1/tenants/:id/status --> git.hyhy.fun/rsplab/iolink/internal/adminapi.(*Server).setTenantStatus-fm (3 handlers)
[GIN-debug] GET    /admin/v1/tenants/:id/members --> git.hyhy.fun/rsplab/iolink/internal/adminapi.(*Server).listTenantMembers-fm (3 handlers)
[GIN-debug] PUT    /admin/v1/tenants/:id/members/:user_id --> git.hyhy.fun/rsplab/iolink/internal/adminapi.(*Server).setTenantMember-fm (3 handlers)
[GIN-debug] POST   /admin/v1/password        --> git.hyhy.fun/rsplab/iolink/internal/adminapi.(*Server).changePassword-fm (3 handlers)
[GIN-debug] GET    /admin/v1/farms           --> git.hyhy.fun/rsplab/iolink/internal/adminapi.(*Server).listFarms-fm (4 handlers)
[GIN-debug] POST   /admin/v1/farms           --> git.hyhy.fun/rsplab/iolink/internal/adminapi.(*Server).createFarm-fm (4 handlers)
[GIN-debug] GET    /admin/v1/users           --> git.hyhy.fun/rsplab/iolink/internal/adminapi.(*Server).listUsers-fm (4 handlers)
[GIN-debug] PUT    /admin/v1/farms/:id       --> git.hyhy.fun/rsplab/iolink/internal/adminapi.(*Server).updateFarm-fm (4 handlers)
[GIN-debug] DELETE /admin/v1/farms/:id       --> git.hyhy.fun/rsplab/iolink/internal/adminapi.(*Server).deleteFarm-fm (4 handlers)
[GIN-debug] PUT    /admin/v1/farms/:id/owner --> git.hyhy.fun/rsplab/iolink/internal/adminapi.(*Server).setFarmOwner-fm (4 handlers)
[GIN-debug] GET    /admin/v1/farms/:id/members --> git.hyhy.fun/rsplab/iolink/internal/adminapi.(*Server).listFarmMembers-fm (4 handlers)
[GIN-debug] PUT    /admin/v1/farms/:id/members/:user_id --> git.hyhy.fun/rsplab/iolink/internal/adminapi.(*Server).setFarmMember-fm (4 handlers)
[GIN-debug] GET    /admin/v1/ponds           --> git.hyhy.fun/rsplab/iolink/internal/adminapi.(*Server).listPonds-fm (4 handlers)
[GIN-debug] POST   /admin/v1/ponds           --> git.hyhy.fun/rsplab/iolink/internal/adminapi.(*Server).createPond-fm (4 handlers)
[GIN-debug] PUT    /admin/v1/ponds/:id       --> git.hyhy.fun/rsplab/iolink/internal/adminapi.(*Server).updatePond-fm (4 handlers)
[GIN-debug] DELETE /admin/v1/ponds/:id       --> git.hyhy.fun/rsplab/iolink/internal/adminapi.(*Server).deletePond-fm (4 handlers)
[GIN-debug] GET    /admin/v1/devices         --> git.hyhy.fun/rsplab/iolink/internal/adminapi.(*Server).listDevices-fm (4 handlers)
[GIN-debug] POST   /admin/v1/devices         --> git.hyhy.fun/rsplab/iolink/internal/adminapi.(*Server).registerDevice-fm (4 handlers)
[GIN-debug] GET    /admin/v1/devices/:device_no --> git.hyhy.fun/rsplab/iolink/internal/adminapi.(*Server).getDevice-fm (4 handlers)
[GIN-debug] DELETE /admin/v1/devices/:device_no --> git.hyhy.fun/rsplab/iolink/internal/adminapi.(*Server).deleteDevice-fm (4 handlers)
[GIN-debug] POST   /admin/v1/devices/:device_no/restore --> git.hyhy.fun/rsplab/iolink/internal/adminapi.(*Server).restoreDevice-fm (4 handlers)
[GIN-debug] PUT    /admin/v1/devices/:device_no/pond --> git.hyhy.fun/rsplab/iolink/internal/adminapi.(*Server).moveDevice-fm (4 handlers)
[GIN-debug] GET    /admin/v1/alarm-rules     --> git.hyhy.fun/rsplab/iolink/internal/adminapi.(*Server).listRules-fm (4 handlers)
[GIN-debug] POST   /admin/v1/alarm-rules     --> git.hyhy.fun/rsplab/iolink/internal/adminapi.(*Server).createRule-fm (4 handlers)
[GIN-debug] PUT    /admin/v1/alarm-rules/:id --> git.hyhy.fun/rsplab/iolink/internal/adminapi.(*Server).updateRule-fm (4 handlers)
[GIN-debug] DELETE /admin/v1/alarm-rules/:id --> git.hyhy.fun/rsplab/iolink/internal/adminapi.(*Server).deleteRule-fm (4 handlers)
[GIN-debug] GET    /admin/v1/alarms          --> git.hyhy.fun/rsplab/iolink/internal/adminapi.(*Server).listAlarms-fm (4 handlers)
[GIN-debug] POST   /admin/v1/alarms/:id/confirm --> git.hyhy.fun/rsplab/iolink/internal/adminapi.(*Server).confirmAlarm-fm (4 handlers)
[GIN-debug] POST   /admin/v1/alarms/batch-confirm --> git.hyhy.fun/rsplab/iolink/internal/adminapi.(*Server).batchConfirm-fm (4 handlers)
[GIN-debug] GET    /admin/v1/stats           --> git.hyhy.fun/rsplab/iolink/internal/adminapi.(*Server).stats-fm (4 handlers)
[GIN-debug] GET    /admin/v1/products        --> git.hyhy.fun/rsplab/iolink/internal/adminapi.(*Server).listProducts-fm (4 handlers)
[GIN-debug] POST   /admin/v1/products        --> git.hyhy.fun/rsplab/iolink/internal/adminapi.(*Server).createProduct-fm (4 handlers)
[GIN-debug] GET    /admin/v1/products/:product_id/models --> git.hyhy.fun/rsplab/iolink/internal/adminapi.(*Server).listProductModels-fm (4 handlers)
[GIN-debug] POST   /admin/v1/products/:product_id/models --> git.hyhy.fun/rsplab/iolink/internal/adminapi.(*Server).createProductModel-fm (4 handlers)
[GIN-debug] POST   /admin/v1/products/:product_id/models/:version/publish --> git.hyhy.fun/rsplab/iolink/internal/adminapi.(*Server).publishProductModel-fm (4 handlers)
[GIN-debug] GET    /admin/v1/devices/:device_no/product --> git.hyhy.fun/rsplab/iolink/internal/adminapi.(*Server).getDeviceProduct-fm (4 handlers)
[GIN-debug] PUT    /admin/v1/devices/:device_no/product --> git.hyhy.fun/rsplab/iolink/internal/adminapi.(*Server).assignDeviceProduct-fm (4 handlers)
2026/10/05 04:47:14 INFO http request request_id=TINJBIY6AHVYTWEZPQMEW3CMNB route=/admin/v1/login method=POST status=200 duration_ms=146 tenant_id=0 actor_id=0
2026/10/05 04:47:15 WARN http request request_id=B4XXNZFPCBBDATJKMHJK4RPCLC route=/admin/v1/devices/:device_no/product method=PUT status=403 duration_ms=4 tenant_id=9401 actor_id=9402
    product_revocation_http_test.go:91: http method=PUT path=/admin/v1/devices/v2-permission/product status=403 response={"error":"forbidden"}
=== RUN   TestM6bProductWritesRejectRevocationAfterMiddleware/assign_device/permission_version
    product_revocation_http_test.go:39: environment real_timescaledb=2.30.2
[GIN-debug] [WARNING] Running in "debug" mode. Switch to "release" mode in production.
 - using env:	export GIN_MODE=release
 - using code:	gin.SetMode(gin.ReleaseMode)

[GIN-debug] POST   /admin/v1/login           --> git.hyhy.fun/rsplab/iolink/internal/adminapi.(*Server).login-fm (2 handlers)
[GIN-debug] GET    /admin/v1/license         --> git.hyhy.fun/rsplab/iolink/internal/adminapi.(*Server).getLicense-fm (3 handlers)
[GIN-debug] POST   /admin/v1/license         --> git.hyhy.fun/rsplab/iolink/internal/adminapi.(*Server).importLicense-fm (3 handlers)
[GIN-debug] GET    /admin/v1/tenants         --> git.hyhy.fun/rsplab/iolink/internal/adminapi.(*Server).listTenants-fm (3 handlers)
[GIN-debug] PUT    /admin/v1/tenants/:id/status --> git.hyhy.fun/rsplab/iolink/internal/adminapi.(*Server).setTenantStatus-fm (3 handlers)
[GIN-debug] GET    /admin/v1/tenants/:id/members --> git.hyhy.fun/rsplab/iolink/internal/adminapi.(*Server).listTenantMembers-fm (3 handlers)
[GIN-debug] PUT    /admin/v1/tenants/:id/members/:user_id --> git.hyhy.fun/rsplab/iolink/internal/adminapi.(*Server).setTenantMember-fm (3 handlers)
[GIN-debug] POST   /admin/v1/password        --> git.hyhy.fun/rsplab/iolink/internal/adminapi.(*Server).changePassword-fm (3 handlers)
[GIN-debug] GET    /admin/v1/farms           --> git.hyhy.fun/rsplab/iolink/internal/adminapi.(*Server).listFarms-fm (4 handlers)
[GIN-debug] POST   /admin/v1/farms           --> git.hyhy.fun/rsplab/iolink/internal/adminapi.(*Server).createFarm-fm (4 handlers)
[GIN-debug] GET    /admin/v1/users           --> git.hyhy.fun/rsplab/iolink/internal/adminapi.(*Server).listUsers-fm (4 handlers)
[GIN-debug] PUT    /admin/v1/farms/:id       --> git.hyhy.fun/rsplab/iolink/internal/adminapi.(*Server).updateFarm-fm (4 handlers)
[GIN-debug] DELETE /admin/v1/farms/:id       --> git.hyhy.fun/rsplab/iolink/internal/adminapi.(*Server).deleteFarm-fm (4 handlers)
[GIN-debug] PUT    /admin/v1/farms/:id/owner --> git.hyhy.fun/rsplab/iolink/internal/adminapi.(*Server).setFarmOwner-fm (4 handlers)
[GIN-debug] GET    /admin/v1/farms/:id/members --> git.hyhy.fun/rsplab/iolink/internal/adminapi.(*Server).listFarmMembers-fm (4 handlers)
[GIN-debug] PUT    /admin/v1/farms/:id/members/:user_id --> git.hyhy.fun/rsplab/iolink/internal/adminapi.(*Server).setFarmMember-fm (4 handlers)
[GIN-debug] GET    /admin/v1/ponds           --> git.hyhy.fun/rsplab/iolink/internal/adminapi.(*Server).listPonds-fm (4 handlers)
[GIN-debug] POST   /admin/v1/ponds           --> git.hyhy.fun/rsplab/iolink/internal/adminapi.(*Server).createPond-fm (4 handlers)
[GIN-debug] PUT    /admin/v1/ponds/:id       --> git.hyhy.fun/rsplab/iolink/internal/adminapi.(*Server).updatePond-fm (4 handlers)
[GIN-debug] DELETE /admin/v1/ponds/:id       --> git.hyhy.fun/rsplab/iolink/internal/adminapi.(*Server).deletePond-fm (4 handlers)
[GIN-debug] GET    /admin/v1/devices         --> git.hyhy.fun/rsplab/iolink/internal/adminapi.(*Server).listDevices-fm (4 handlers)
[GIN-debug] POST   /admin/v1/devices         --> git.hyhy.fun/rsplab/iolink/internal/adminapi.(*Server).registerDevice-fm (4 handlers)
[GIN-debug] GET    /admin/v1/devices/:device_no --> git.hyhy.fun/rsplab/iolink/internal/adminapi.(*Server).getDevice-fm (4 handlers)
[GIN-debug] DELETE /admin/v1/devices/:device_no --> git.hyhy.fun/rsplab/iolink/internal/adminapi.(*Server).deleteDevice-fm (4 handlers)
[GIN-debug] POST   /admin/v1/devices/:device_no/restore --> git.hyhy.fun/rsplab/iolink/internal/adminapi.(*Server).restoreDevice-fm (4 handlers)
[GIN-debug] PUT    /admin/v1/devices/:device_no/pond --> git.hyhy.fun/rsplab/iolink/internal/adminapi.(*Server).moveDevice-fm (4 handlers)
[GIN-debug] GET    /admin/v1/alarm-rules     --> git.hyhy.fun/rsplab/iolink/internal/adminapi.(*Server).listRules-fm (4 handlers)
[GIN-debug] POST   /admin/v1/alarm-rules     --> git.hyhy.fun/rsplab/iolink/internal/adminapi.(*Server).createRule-fm (4 handlers)
[GIN-debug] PUT    /admin/v1/alarm-rules/:id --> git.hyhy.fun/rsplab/iolink/internal/adminapi.(*Server).updateRule-fm (4 handlers)
[GIN-debug] DELETE /admin/v1/alarm-rules/:id --> git.hyhy.fun/rsplab/iolink/internal/adminapi.(*Server).deleteRule-fm (4 handlers)
[GIN-debug] GET    /admin/v1/alarms          --> git.hyhy.fun/rsplab/iolink/internal/adminapi.(*Server).listAlarms-fm (4 handlers)
[GIN-debug] POST   /admin/v1/alarms/:id/confirm --> git.hyhy.fun/rsplab/iolink/internal/adminapi.(*Server).confirmAlarm-fm (4 handlers)
[GIN-debug] POST   /admin/v1/alarms/batch-confirm --> git.hyhy.fun/rsplab/iolink/internal/adminapi.(*Server).batchConfirm-fm (4 handlers)
[GIN-debug] GET    /admin/v1/stats           --> git.hyhy.fun/rsplab/iolink/internal/adminapi.(*Server).stats-fm (4 handlers)
[GIN-debug] GET    /admin/v1/products        --> git.hyhy.fun/rsplab/iolink/internal/adminapi.(*Server).listProducts-fm (4 handlers)
[GIN-debug] POST   /admin/v1/products        --> git.hyhy.fun/rsplab/iolink/internal/adminapi.(*Server).createProduct-fm (4 handlers)
[GIN-debug] GET    /admin/v1/products/:product_id/models --> git.hyhy.fun/rsplab/iolink/internal/adminapi.(*Server).listProductModels-fm (4 handlers)
[GIN-debug] POST   /admin/v1/products/:product_id/models --> git.hyhy.fun/rsplab/iolink/internal/adminapi.(*Server).createProductModel-fm (4 handlers)
[GIN-debug] POST   /admin/v1/products/:product_id/models/:version/publish --> git.hyhy.fun/rsplab/iolink/internal/adminapi.(*Server).publishProductModel-fm (4 handlers)
[GIN-debug] GET    /admin/v1/devices/:device_no/product --> git.hyhy.fun/rsplab/iolink/internal/adminapi.(*Server).getDeviceProduct-fm (4 handlers)
[GIN-debug] PUT    /admin/v1/devices/:device_no/product --> git.hyhy.fun/rsplab/iolink/internal/adminapi.(*Server).assignDeviceProduct-fm (4 handlers)
2026/10/05 04:47:16 INFO http request request_id=RZ6M2TYKHKXWMNUODKBQMTSDR7 route=/admin/v1/login method=POST status=200 duration_ms=132 tenant_id=0 actor_id=0
2026/10/05 04:47:16 WARN http request request_id=SQXM5OADHXYRAAO2VY5GXXYH63 route=/admin/v1/devices/:device_no/product method=PUT status=403 duration_ms=4 tenant_id=9401 actor_id=9402
    product_revocation_http_test.go:91: http method=PUT path=/admin/v1/devices/v2-permission/product status=403 response={"error":"forbidden"}
--- PASS: TestM6bProductWritesRejectRevocationAfterMiddleware (18.04s)
    --- PASS: TestM6bProductWritesRejectRevocationAfterMiddleware/create_product/role (0.80s)
    --- PASS: TestM6bProductWritesRejectRevocationAfterMiddleware/create_product/membership (0.83s)
    --- PASS: TestM6bProductWritesRejectRevocationAfterMiddleware/create_product/tenant (0.74s)
    --- PASS: TestM6bProductWritesRejectRevocationAfterMiddleware/create_product/platform_authority (0.83s)
    --- PASS: TestM6bProductWritesRejectRevocationAfterMiddleware/create_product/permission_version (1.06s)
    --- PASS: TestM6bProductWritesRejectRevocationAfterMiddleware/create_model/role (0.91s)
    --- PASS: TestM6bProductWritesRejectRevocationAfterMiddleware/create_model/membership (0.84s)
    --- PASS: TestM6bProductWritesRejectRevocationAfterMiddleware/create_model/tenant (0.86s)
    --- PASS: TestM6bProductWritesRejectRevocationAfterMiddleware/create_model/platform_authority (0.80s)
    --- PASS: TestM6bProductWritesRejectRevocationAfterMiddleware/create_model/permission_version (0.84s)
    --- PASS: TestM6bProductWritesRejectRevocationAfterMiddleware/publish_model/role (0.81s)
    --- PASS: TestM6bProductWritesRejectRevocationAfterMiddleware/publish_model/membership (0.82s)
    --- PASS: TestM6bProductWritesRejectRevocationAfterMiddleware/publish_model/tenant (1.00s)
    --- PASS: TestM6bProductWritesRejectRevocationAfterMiddleware/publish_model/platform_authority (0.75s)
    --- PASS: TestM6bProductWritesRejectRevocationAfterMiddleware/publish_model/permission_version (0.99s)
    --- PASS: TestM6bProductWritesRejectRevocationAfterMiddleware/assign_device/role (0.74s)
    --- PASS: TestM6bProductWritesRejectRevocationAfterMiddleware/assign_device/membership (0.85s)
    --- PASS: TestM6bProductWritesRejectRevocationAfterMiddleware/assign_device/tenant (0.94s)
    --- PASS: TestM6bProductWritesRejectRevocationAfterMiddleware/assign_device/platform_authority (1.00s)
    --- PASS: TestM6bProductWritesRejectRevocationAfterMiddleware/assign_device/permission_version (1.65s)
=== RUN   TestM6bEnsurePlatformUserDoesNotCreateOrdinaryMembership
--- PASS: TestM6bEnsurePlatformUserDoesNotCreateOrdinaryMembership (0.50s)
=== RUN   TestM6bStoredPlatformMembershipFailsClosed
[GIN-debug] [WARNING] Running in "debug" mode. Switch to "release" mode in production.
 - using env:	export GIN_MODE=release
 - using code:	gin.SetMode(gin.ReleaseMode)

[GIN-debug] POST   /admin/v1/login           --> git.hyhy.fun/rsplab/iolink/internal/adminapi.(*Server).login-fm (2 handlers)
[GIN-debug] GET    /admin/v1/license         --> git.hyhy.fun/rsplab/iolink/internal/adminapi.(*Server).getLicense-fm (3 handlers)
[GIN-debug] POST   /admin/v1/license         --> git.hyhy.fun/rsplab/iolink/internal/adminapi.(*Server).importLicense-fm (3 handlers)
[GIN-debug] GET    /admin/v1/tenants         --> git.hyhy.fun/rsplab/iolink/internal/adminapi.(*Server).listTenants-fm (3 handlers)
[GIN-debug] PUT    /admin/v1/tenants/:id/status --> git.hyhy.fun/rsplab/iolink/internal/adminapi.(*Server).setTenantStatus-fm (3 handlers)
[GIN-debug] GET    /admin/v1/tenants/:id/members --> git.hyhy.fun/rsplab/iolink/internal/adminapi.(*Server).listTenantMembers-fm (3 handlers)
[GIN-debug] PUT    /admin/v1/tenants/:id/members/:user_id --> git.hyhy.fun/rsplab/iolink/internal/adminapi.(*Server).setTenantMember-fm (3 handlers)
[GIN-debug] POST   /admin/v1/password        --> git.hyhy.fun/rsplab/iolink/internal/adminapi.(*Server).changePassword-fm (3 handlers)
[GIN-debug] GET    /admin/v1/farms           --> git.hyhy.fun/rsplab/iolink/internal/adminapi.(*Server).listFarms-fm (4 handlers)
[GIN-debug] POST   /admin/v1/farms           --> git.hyhy.fun/rsplab/iolink/internal/adminapi.(*Server).createFarm-fm (4 handlers)
[GIN-debug] GET    /admin/v1/users           --> git.hyhy.fun/rsplab/iolink/internal/adminapi.(*Server).listUsers-fm (4 handlers)
[GIN-debug] PUT    /admin/v1/farms/:id       --> git.hyhy.fun/rsplab/iolink/internal/adminapi.(*Server).updateFarm-fm (4 handlers)
[GIN-debug] DELETE /admin/v1/farms/:id       --> git.hyhy.fun/rsplab/iolink/internal/adminapi.(*Server).deleteFarm-fm (4 handlers)
[GIN-debug] PUT    /admin/v1/farms/:id/owner --> git.hyhy.fun/rsplab/iolink/internal/adminapi.(*Server).setFarmOwner-fm (4 handlers)
[GIN-debug] GET    /admin/v1/farms/:id/members --> git.hyhy.fun/rsplab/iolink/internal/adminapi.(*Server).listFarmMembers-fm (4 handlers)
[GIN-debug] PUT    /admin/v1/farms/:id/members/:user_id --> git.hyhy.fun/rsplab/iolink/internal/adminapi.(*Server).setFarmMember-fm (4 handlers)
[GIN-debug] GET    /admin/v1/ponds           --> git.hyhy.fun/rsplab/iolink/internal/adminapi.(*Server).listPonds-fm (4 handlers)
[GIN-debug] POST   /admin/v1/ponds           --> git.hyhy.fun/rsplab/iolink/internal/adminapi.(*Server).createPond-fm (4 handlers)
[GIN-debug] PUT    /admin/v1/ponds/:id       --> git.hyhy.fun/rsplab/iolink/internal/adminapi.(*Server).updatePond-fm (4 handlers)
[GIN-debug] DELETE /admin/v1/ponds/:id       --> git.hyhy.fun/rsplab/iolink/internal/adminapi.(*Server).deletePond-fm (4 handlers)
[GIN-debug] GET    /admin/v1/devices         --> git.hyhy.fun/rsplab/iolink/internal/adminapi.(*Server).listDevices-fm (4 handlers)
[GIN-debug] POST   /admin/v1/devices         --> git.hyhy.fun/rsplab/iolink/internal/adminapi.(*Server).registerDevice-fm (4 handlers)
[GIN-debug] GET    /admin/v1/devices/:device_no --> git.hyhy.fun/rsplab/iolink/internal/adminapi.(*Server).getDevice-fm (4 handlers)
[GIN-debug] DELETE /admin/v1/devices/:device_no --> git.hyhy.fun/rsplab/iolink/internal/adminapi.(*Server).deleteDevice-fm (4 handlers)
[GIN-debug] POST   /admin/v1/devices/:device_no/restore --> git.hyhy.fun/rsplab/iolink/internal/adminapi.(*Server).restoreDevice-fm (4 handlers)
[GIN-debug] PUT    /admin/v1/devices/:device_no/pond --> git.hyhy.fun/rsplab/iolink/internal/adminapi.(*Server).moveDevice-fm (4 handlers)
[GIN-debug] GET    /admin/v1/alarm-rules     --> git.hyhy.fun/rsplab/iolink/internal/adminapi.(*Server).listRules-fm (4 handlers)
[GIN-debug] POST   /admin/v1/alarm-rules     --> git.hyhy.fun/rsplab/iolink/internal/adminapi.(*Server).createRule-fm (4 handlers)
[GIN-debug] PUT    /admin/v1/alarm-rules/:id --> git.hyhy.fun/rsplab/iolink/internal/adminapi.(*Server).updateRule-fm (4 handlers)
[GIN-debug] DELETE /admin/v1/alarm-rules/:id --> git.hyhy.fun/rsplab/iolink/internal/adminapi.(*Server).deleteRule-fm (4 handlers)
[GIN-debug] GET    /admin/v1/alarms          --> git.hyhy.fun/rsplab/iolink/internal/adminapi.(*Server).listAlarms-fm (4 handlers)
[GIN-debug] POST   /admin/v1/alarms/:id/confirm --> git.hyhy.fun/rsplab/iolink/internal/adminapi.(*Server).confirmAlarm-fm (4 handlers)
[GIN-debug] POST   /admin/v1/alarms/batch-confirm --> git.hyhy.fun/rsplab/iolink/internal/adminapi.(*Server).batchConfirm-fm (4 handlers)
[GIN-debug] GET    /admin/v1/stats           --> git.hyhy.fun/rsplab/iolink/internal/adminapi.(*Server).stats-fm (4 handlers)
[GIN-debug] GET    /admin/v1/products        --> git.hyhy.fun/rsplab/iolink/internal/adminapi.(*Server).listProducts-fm (4 handlers)
[GIN-debug] POST   /admin/v1/products        --> git.hyhy.fun/rsplab/iolink/internal/adminapi.(*Server).createProduct-fm (4 handlers)
[GIN-debug] GET    /admin/v1/products/:product_id/models --> git.hyhy.fun/rsplab/iolink/internal/adminapi.(*Server).listProductModels-fm (4 handlers)
[GIN-debug] POST   /admin/v1/products/:product_id/models --> git.hyhy.fun/rsplab/iolink/internal/adminapi.(*Server).createProductModel-fm (4 handlers)
[GIN-debug] POST   /admin/v1/products/:product_id/models/:version/publish --> git.hyhy.fun/rsplab/iolink/internal/adminapi.(*Server).publishProductModel-fm (4 handlers)
[GIN-debug] GET    /admin/v1/devices/:device_no/product --> git.hyhy.fun/rsplab/iolink/internal/adminapi.(*Server).getDeviceProduct-fm (4 handlers)
[GIN-debug] PUT    /admin/v1/devices/:device_no/product --> git.hyhy.fun/rsplab/iolink/internal/adminapi.(*Server).assignDeviceProduct-fm (4 handlers)
=== RUN   TestM6bStoredPlatformMembershipFailsClosed/owner
2026/10/05 04:47:18 WARN http request request_id=N6E6RFKSZE4SHJVXL5JHUJKZNB route=/admin/v1/farms method=GET status=401 duration_ms=1 tenant_id=0 actor_id=0
2026/10/05 04:47:18 INFO http request request_id=PBC5LQYPRYP7ZP2SXXJD7THFXI route=/admin/v1/login method=POST status=200 duration_ms=143 tenant_id=0 actor_id=0
2026/10/05 04:47:18 WARN http request request_id=EL6QSKR2FVJKJOH2PSGNPEHZH3 route=/admin/v1/farms method=GET status=403 duration_ms=1 tenant_id=0 actor_id=0
    platform_membership_test.go:76: ADMIN stored role=owner old token=401 fresh login business read=403
=== RUN   TestM6bStoredPlatformMembershipFailsClosed/admin
2026/10/05 04:47:18 WARN http request request_id=E2NKTZFF6W4S7X46XMSNMFL62S route=/admin/v1/farms method=GET status=401 duration_ms=0 tenant_id=0 actor_id=0
2026/10/05 04:47:18 INFO http request request_id=T7ENDG6QEOIADR376MMUFHNIMU route=/admin/v1/login method=POST status=200 duration_ms=143 tenant_id=0 actor_id=0
2026/10/05 04:47:18 WARN http request request_id=7QLXZ23YLRY6G62KT54ZMF5MRL route=/admin/v1/farms method=GET status=403 duration_ms=1 tenant_id=0 actor_id=0
    platform_membership_test.go:76: ADMIN stored role=admin old token=401 fresh login business read=403
=== RUN   TestM6bStoredPlatformMembershipFailsClosed/member
2026/10/05 04:47:18 WARN http request request_id=5HOFP3X6H2Z2VWZVW3OWIQSK5Z route=/admin/v1/farms method=GET status=401 duration_ms=0 tenant_id=0 actor_id=0
2026/10/05 04:47:18 INFO http request request_id=S4IIZTXU77NFS45HFEQG75CQZV route=/admin/v1/login method=POST status=200 duration_ms=140 tenant_id=0 actor_id=0
2026/10/05 04:47:18 WARN http request request_id=JPSMBA7MAVYQPIHKMSUAZGEWE7 route=/admin/v1/farms method=GET status=403 duration_ms=0 tenant_id=0 actor_id=0
    platform_membership_test.go:76: ADMIN stored role=member old token=401 fresh login business read=403
=== RUN   TestM6bStoredPlatformMembershipFailsClosed/viewer
2026/10/05 04:47:18 WARN http request request_id=IOBHRASHYFX6DQZC5DKITWE4PF route=/admin/v1/farms method=GET status=401 duration_ms=0 tenant_id=0 actor_id=0
2026/10/05 04:47:18 INFO http request request_id=XR7HB5LIDHAM7BWBNLP56ET5MI route=/admin/v1/login method=POST status=200 duration_ms=156 tenant_id=0 actor_id=0
2026/10/05 04:47:18 WARN http request request_id=QIJ7BFCR6QGU4EZV4UWEW4MONW route=/admin/v1/farms method=GET status=403 duration_ms=0 tenant_id=0 actor_id=0
    platform_membership_test.go:76: ADMIN stored role=viewer old token=401 fresh login business read=403
=== RUN   TestM6bStoredPlatformMembershipFailsClosed/owner_assignment_scoped_false
=== RUN   TestM6bStoredPlatformMembershipFailsClosed/owner_assignment_scoped_true
--- PASS: TestM6bStoredPlatformMembershipFailsClosed (1.99s)
    --- PASS: TestM6bStoredPlatformMembershipFailsClosed/owner (0.15s)
    --- PASS: TestM6bStoredPlatformMembershipFailsClosed/admin (0.15s)
    --- PASS: TestM6bStoredPlatformMembershipFailsClosed/member (0.15s)
    --- PASS: TestM6bStoredPlatformMembershipFailsClosed/viewer (0.16s)
    --- PASS: TestM6bStoredPlatformMembershipFailsClosed/owner_assignment_scoped_false (0.00s)
    --- PASS: TestM6bStoredPlatformMembershipFailsClosed/owner_assignment_scoped_true (0.00s)
=== RUN   TestHistoryAndAlarmFiltersUseSnapshotOwnership
--- PASS: TestHistoryAndAlarmFiltersUseSnapshotOwnership (0.59s)
=== RUN   TestM6bFakeExecutorPropagatesScopeAndRejectsRevocation
    fake_executor_m6b_test.go:36: environment real_timescaledb=2.30.2
=== RUN   TestM6bFakeExecutorPropagatesScopeAndRejectsRevocation/preserves_tenant_actor_context
=== RUN   TestM6bFakeExecutorPropagatesScopeAndRejectsRevocation/rejects_committed_role_revocation_before_side_effect
=== RUN   TestM6bFakeExecutorPropagatesScopeAndRejectsRevocation/rejects_committed_permission_version_revocation_before_side_effect
--- PASS: TestM6bFakeExecutorPropagatesScopeAndRejectsRevocation (0.58s)
    --- PASS: TestM6bFakeExecutorPropagatesScopeAndRejectsRevocation/preserves_tenant_actor_context (0.00s)
    --- PASS: TestM6bFakeExecutorPropagatesScopeAndRejectsRevocation/rejects_committed_role_revocation_before_side_effect (0.01s)
    --- PASS: TestM6bFakeExecutorPropagatesScopeAndRejectsRevocation/rejects_committed_permission_version_revocation_before_side_effect (0.01s)
=== RUN   TestAppTelemetryHTTPWhenManagerFarmAssignmentIsRevoked
=== RUN   TestAppTelemetryHTTPWhenManagerFarmAssignmentIsRevoked/owner
    app_resource_scope_write_http_test.go:13: environment real_timescaledb=2.30.2
[GIN-debug] [WARNING] Running in "debug" mode. Switch to "release" mode in production.
 - using env:	export GIN_MODE=release
 - using code:	gin.SetMode(gin.ReleaseMode)

[GIN-debug] POST   /api/v1/auth/login        --> git.hyhy.fun/rsplab/iolink/internal/appapi.(*Server).login-fm (2 handlers)
[GIN-debug] GET    /api/v1/auth/tenants      --> git.hyhy.fun/rsplab/iolink/internal/appapi.(*Server).listTenants-fm (3 handlers)
[GIN-debug] POST   /api/v1/auth/tenant       --> git.hyhy.fun/rsplab/iolink/internal/appapi.(*Server).switchTenant-fm (3 handlers)
[GIN-debug] GET    /api/v1/ponds             --> git.hyhy.fun/rsplab/iolink/internal/appapi.(*Server).listPonds-fm (3 handlers)
[GIN-debug] GET    /api/v1/ponds/:id         --> git.hyhy.fun/rsplab/iolink/internal/appapi.(*Server).getPond-fm (3 handlers)
[GIN-debug] GET    /api/v1/devices           --> git.hyhy.fun/rsplab/iolink/internal/appapi.(*Server).listDevices-fm (3 handlers)
[GIN-debug] GET    /api/v1/devices/:device_no --> git.hyhy.fun/rsplab/iolink/internal/appapi.(*Server).getDevice-fm (3 handlers)
[GIN-debug] GET    /api/v1/water/latest      --> git.hyhy.fun/rsplab/iolink/internal/appapi.(*Server).waterLatest-fm (3 handlers)
[GIN-debug] GET    /api/v1/water/history     --> git.hyhy.fun/rsplab/iolink/internal/appapi.(*Server).waterHistory-fm (3 handlers)
[GIN-debug] GET    /api/v1/alarms            --> git.hyhy.fun/rsplab/iolink/internal/appapi.(*Server).listAlarms-fm (3 handlers)
[GIN-debug] GET    /api/v1/stats/summary     --> git.hyhy.fun/rsplab/iolink/internal/appapi.(*Server).statsSummary-fm (3 handlers)
[GIN-debug] POST   /api/v1/alarms/:id/confirm --> git.hyhy.fun/rsplab/iolink/internal/appapi.(*Server).confirmAlarm-fm (3 handlers)
[GIN-debug] POST   /api/v2/devices/:device_no/telemetry --> git.hyhy.fun/rsplab/iolink/internal/appapi.(*Server).submitTelemetryV2-fm (3 handlers)
[GIN-debug] GET    /api/v2/devices/:device_no/model/latest --> git.hyhy.fun/rsplab/iolink/internal/appapi.(*Server).modelLatestV2-fm (3 handlers)
[GIN-debug] GET    /api/v2/devices/:device_no/history --> git.hyhy.fun/rsplab/iolink/internal/appapi.(*Server).telemetryHistoryV2-fm (3 handlers)
    app_resource_scope_write_http_test.go:21: http method=POST path=/api/v2/devices/v2-hidden/telemetry status=202 response={"device_no":"v2-hidden","model_version":1,"accepted":["temperature"],"rejected":[]}
    app_resource_scope_write_http_test.go:29: scenario=owner_revoked_farm_assignment status=202 before={"alarms": [], "outbox": [], "shadows": [], "telemetry": [], "sensor_data": []} after={"alarms": [], "outbox": [], "shadows": [{"ts": "2026-10-01T00:00:00+00:00", "last": {"temperature": 25}, "signal": null, "pond_id": 9403, "device_no": "v2-hidden", "tenant_id": 9401, "product_id": 1, "timestamps": {"temperature": "2026-10-01T00:00:00Z"}, "model_version": 1}], "telemetry": [{"ts": "2026-10-01T00:00:00+00:00", "pond_id": 9403, "device_no": "v2-hidden", "tenant_id": 9401, "product_id": 1, "properties": {"temperature": 25}, "model_version": 1}], "sensor_data": [{"ph": null, "ts": "2026-10-01T00:00:00+00:00", "signal": null, "battery": null, "pond_id": 9403, "salinity": null, "device_no": "v2-hidden", "tenant_id": 9401, "turbidity": null, "temperature": 25, "dissolved_oxygen": null}]}
=== RUN   TestAppTelemetryHTTPWhenManagerFarmAssignmentIsRevoked/admin
    app_resource_scope_write_http_test.go:13: environment real_timescaledb=2.30.2
[GIN-debug] [WARNING] Running in "debug" mode. Switch to "release" mode in production.
 - using env:	export GIN_MODE=release
 - using code:	gin.SetMode(gin.ReleaseMode)

[GIN-debug] POST   /api/v1/auth/login        --> git.hyhy.fun/rsplab/iolink/internal/appapi.(*Server).login-fm (2 handlers)
[GIN-debug] GET    /api/v1/auth/tenants      --> git.hyhy.fun/rsplab/iolink/internal/appapi.(*Server).listTenants-fm (3 handlers)
[GIN-debug] POST   /api/v1/auth/tenant       --> git.hyhy.fun/rsplab/iolink/internal/appapi.(*Server).switchTenant-fm (3 handlers)
[GIN-debug] GET    /api/v1/ponds             --> git.hyhy.fun/rsplab/iolink/internal/appapi.(*Server).listPonds-fm (3 handlers)
[GIN-debug] GET    /api/v1/ponds/:id         --> git.hyhy.fun/rsplab/iolink/internal/appapi.(*Server).getPond-fm (3 handlers)
[GIN-debug] GET    /api/v1/devices           --> git.hyhy.fun/rsplab/iolink/internal/appapi.(*Server).listDevices-fm (3 handlers)
[GIN-debug] GET    /api/v1/devices/:device_no --> git.hyhy.fun/rsplab/iolink/internal/appapi.(*Server).getDevice-fm (3 handlers)
[GIN-debug] GET    /api/v1/water/latest      --> git.hyhy.fun/rsplab/iolink/internal/appapi.(*Server).waterLatest-fm (3 handlers)
[GIN-debug] GET    /api/v1/water/history     --> git.hyhy.fun/rsplab/iolink/internal/appapi.(*Server).waterHistory-fm (3 handlers)
[GIN-debug] GET    /api/v1/alarms            --> git.hyhy.fun/rsplab/iolink/internal/appapi.(*Server).listAlarms-fm (3 handlers)
[GIN-debug] GET    /api/v1/stats/summary     --> git.hyhy.fun/rsplab/iolink/internal/appapi.(*Server).statsSummary-fm (3 handlers)
[GIN-debug] POST   /api/v1/alarms/:id/confirm --> git.hyhy.fun/rsplab/iolink/internal/appapi.(*Server).confirmAlarm-fm (3 handlers)
[GIN-debug] POST   /api/v2/devices/:device_no/telemetry --> git.hyhy.fun/rsplab/iolink/internal/appapi.(*Server).submitTelemetryV2-fm (3 handlers)
[GIN-debug] GET    /api/v2/devices/:device_no/model/latest --> git.hyhy.fun/rsplab/iolink/internal/appapi.(*Server).modelLatestV2-fm (3 handlers)
[GIN-debug] GET    /api/v2/devices/:device_no/history --> git.hyhy.fun/rsplab/iolink/internal/appapi.(*Server).telemetryHistoryV2-fm (3 handlers)
    app_resource_scope_write_http_test.go:21: http method=POST path=/api/v2/devices/v2-hidden/telemetry status=202 response={"device_no":"v2-hidden","model_version":1,"accepted":["temperature"],"rejected":[]}
    app_resource_scope_write_http_test.go:29: scenario=admin_revoked_farm_assignment status=202 before={"alarms": [], "outbox": [], "shadows": [], "telemetry": [], "sensor_data": []} after={"alarms": [], "outbox": [], "shadows": [{"ts": "2026-10-01T00:00:00+00:00", "last": {"temperature": 25}, "signal": null, "pond_id": 9403, "device_no": "v2-hidden", "tenant_id": 9401, "product_id": 1, "timestamps": {"temperature": "2026-10-01T00:00:00Z"}, "model_version": 1}], "telemetry": [{"ts": "2026-10-01T00:00:00+00:00", "pond_id": 9403, "device_no": "v2-hidden", "tenant_id": 9401, "product_id": 1, "properties": {"temperature": 25}, "model_version": 1}], "sensor_data": [{"ph": null, "ts": "2026-10-01T00:00:00+00:00", "signal": null, "battery": null, "pond_id": 9403, "salinity": null, "device_no": "v2-hidden", "tenant_id": 9401, "turbidity": null, "temperature": 25, "dissolved_oxygen": null}]}
=== RUN   TestAppTelemetryHTTPWhenManagerFarmAssignmentIsRevoked/member
    app_resource_scope_write_http_test.go:13: environment real_timescaledb=2.30.2
[GIN-debug] [WARNING] Running in "debug" mode. Switch to "release" mode in production.
 - using env:	export GIN_MODE=release
 - using code:	gin.SetMode(gin.ReleaseMode)

[GIN-debug] POST   /api/v1/auth/login        --> git.hyhy.fun/rsplab/iolink/internal/appapi.(*Server).login-fm (2 handlers)
[GIN-debug] GET    /api/v1/auth/tenants      --> git.hyhy.fun/rsplab/iolink/internal/appapi.(*Server).listTenants-fm (3 handlers)
[GIN-debug] POST   /api/v1/auth/tenant       --> git.hyhy.fun/rsplab/iolink/internal/appapi.(*Server).switchTenant-fm (3 handlers)
[GIN-debug] GET    /api/v1/ponds             --> git.hyhy.fun/rsplab/iolink/internal/appapi.(*Server).listPonds-fm (3 handlers)
[GIN-debug] GET    /api/v1/ponds/:id         --> git.hyhy.fun/rsplab/iolink/internal/appapi.(*Server).getPond-fm (3 handlers)
[GIN-debug] GET    /api/v1/devices           --> git.hyhy.fun/rsplab/iolink/internal/appapi.(*Server).listDevices-fm (3 handlers)
[GIN-debug] GET    /api/v1/devices/:device_no --> git.hyhy.fun/rsplab/iolink/internal/appapi.(*Server).getDevice-fm (3 handlers)
[GIN-debug] GET    /api/v1/water/latest      --> git.hyhy.fun/rsplab/iolink/internal/appapi.(*Server).waterLatest-fm (3 handlers)
[GIN-debug] GET    /api/v1/water/history     --> git.hyhy.fun/rsplab/iolink/internal/appapi.(*Server).waterHistory-fm (3 handlers)
[GIN-debug] GET    /api/v1/alarms            --> git.hyhy.fun/rsplab/iolink/internal/appapi.(*Server).listAlarms-fm (3 handlers)
[GIN-debug] GET    /api/v1/stats/summary     --> git.hyhy.fun/rsplab/iolink/internal/appapi.(*Server).statsSummary-fm (3 handlers)
[GIN-debug] POST   /api/v1/alarms/:id/confirm --> git.hyhy.fun/rsplab/iolink/internal/appapi.(*Server).confirmAlarm-fm (3 handlers)
[GIN-debug] POST   /api/v2/devices/:device_no/telemetry --> git.hyhy.fun/rsplab/iolink/internal/appapi.(*Server).submitTelemetryV2-fm (3 handlers)
[GIN-debug] GET    /api/v2/devices/:device_no/model/latest --> git.hyhy.fun/rsplab/iolink/internal/appapi.(*Server).modelLatestV2-fm (3 handlers)
[GIN-debug] GET    /api/v2/devices/:device_no/history --> git.hyhy.fun/rsplab/iolink/internal/appapi.(*Server).telemetryHistoryV2-fm (3 handlers)
    app_resource_scope_write_http_test.go:21: http method=POST path=/api/v2/devices/v2-hidden/telemetry status=404 response={"error":"not_found"}
    app_resource_scope_write_http_test.go:29: scenario=member_revoked_farm_assignment status=404 before={"alarms": [], "outbox": [], "shadows": [], "telemetry": [], "sensor_data": []} after={"alarms": [], "outbox": [], "shadows": [], "telemetry": [], "sensor_data": []}
=== RUN   TestAppTelemetryHTTPWhenManagerFarmAssignmentIsRevoked/viewer
    app_resource_scope_write_http_test.go:13: environment real_timescaledb=2.30.2
[GIN-debug] [WARNING] Running in "debug" mode. Switch to "release" mode in production.
 - using env:	export GIN_MODE=release
 - using code:	gin.SetMode(gin.ReleaseMode)

[GIN-debug] POST   /api/v1/auth/login        --> git.hyhy.fun/rsplab/iolink/internal/appapi.(*Server).login-fm (2 handlers)
[GIN-debug] GET    /api/v1/auth/tenants      --> git.hyhy.fun/rsplab/iolink/internal/appapi.(*Server).listTenants-fm (3 handlers)
[GIN-debug] POST   /api/v1/auth/tenant       --> git.hyhy.fun/rsplab/iolink/internal/appapi.(*Server).switchTenant-fm (3 handlers)
[GIN-debug] GET    /api/v1/ponds             --> git.hyhy.fun/rsplab/iolink/internal/appapi.(*Server).listPonds-fm (3 handlers)
[GIN-debug] GET    /api/v1/ponds/:id         --> git.hyhy.fun/rsplab/iolink/internal/appapi.(*Server).getPond-fm (3 handlers)
[GIN-debug] GET    /api/v1/devices           --> git.hyhy.fun/rsplab/iolink/internal/appapi.(*Server).listDevices-fm (3 handlers)
[GIN-debug] GET    /api/v1/devices/:device_no --> git.hyhy.fun/rsplab/iolink/internal/appapi.(*Server).getDevice-fm (3 handlers)
[GIN-debug] GET    /api/v1/water/latest      --> git.hyhy.fun/rsplab/iolink/internal/appapi.(*Server).waterLatest-fm (3 handlers)
[GIN-debug] GET    /api/v1/water/history     --> git.hyhy.fun/rsplab/iolink/internal/appapi.(*Server).waterHistory-fm (3 handlers)
[GIN-debug] GET    /api/v1/alarms            --> git.hyhy.fun/rsplab/iolink/internal/appapi.(*Server).listAlarms-fm (3 handlers)
[GIN-debug] GET    /api/v1/stats/summary     --> git.hyhy.fun/rsplab/iolink/internal/appapi.(*Server).statsSummary-fm (3 handlers)
[GIN-debug] POST   /api/v1/alarms/:id/confirm --> git.hyhy.fun/rsplab/iolink/internal/appapi.(*Server).confirmAlarm-fm (3 handlers)
[GIN-debug] POST   /api/v2/devices/:device_no/telemetry --> git.hyhy.fun/rsplab/iolink/internal/appapi.(*Server).submitTelemetryV2-fm (3 handlers)
[GIN-debug] GET    /api/v2/devices/:device_no/model/latest --> git.hyhy.fun/rsplab/iolink/internal/appapi.(*Server).modelLatestV2-fm (3 handlers)
[GIN-debug] GET    /api/v2/devices/:device_no/history --> git.hyhy.fun/rsplab/iolink/internal/appapi.(*Server).telemetryHistoryV2-fm (3 handlers)
    app_resource_scope_write_http_test.go:21: http method=POST path=/api/v2/devices/v2-hidden/telemetry status=404 response={"error":"not_found"}
    app_resource_scope_write_http_test.go:29: scenario=viewer_revoked_farm_assignment status=404 before={"alarms": [], "outbox": [], "shadows": [], "telemetry": [], "sensor_data": []} after={"alarms": [], "outbox": [], "shadows": [], "telemetry": [], "sensor_data": []}
=== RUN   TestAppTelemetryHTTPWhenManagerFarmAssignmentIsRevoked/support
    app_resource_scope_write_http_test.go:13: environment real_timescaledb=2.30.2
[GIN-debug] [WARNING] Running in "debug" mode. Switch to "release" mode in production.
 - using env:	export GIN_MODE=release
 - using code:	gin.SetMode(gin.ReleaseMode)

[GIN-debug] POST   /api/v1/auth/login        --> git.hyhy.fun/rsplab/iolink/internal/appapi.(*Server).login-fm (2 handlers)
[GIN-debug] GET    /api/v1/auth/tenants      --> git.hyhy.fun/rsplab/iolink/internal/appapi.(*Server).listTenants-fm (3 handlers)
[GIN-debug] POST   /api/v1/auth/tenant       --> git.hyhy.fun/rsplab/iolink/internal/appapi.(*Server).switchTenant-fm (3 handlers)
[GIN-debug] GET    /api/v1/ponds             --> git.hyhy.fun/rsplab/iolink/internal/appapi.(*Server).listPonds-fm (3 handlers)
[GIN-debug] GET    /api/v1/ponds/:id         --> git.hyhy.fun/rsplab/iolink/internal/appapi.(*Server).getPond-fm (3 handlers)
[GIN-debug] GET    /api/v1/devices           --> git.hyhy.fun/rsplab/iolink/internal/appapi.(*Server).listDevices-fm (3 handlers)
[GIN-debug] GET    /api/v1/devices/:device_no --> git.hyhy.fun/rsplab/iolink/internal/appapi.(*Server).getDevice-fm (3 handlers)
[GIN-debug] GET    /api/v1/water/latest      --> git.hyhy.fun/rsplab/iolink/internal/appapi.(*Server).waterLatest-fm (3 handlers)
[GIN-debug] GET    /api/v1/water/history     --> git.hyhy.fun/rsplab/iolink/internal/appapi.(*Server).waterHistory-fm (3 handlers)
[GIN-debug] GET    /api/v1/alarms            --> git.hyhy.fun/rsplab/iolink/internal/appapi.(*Server).listAlarms-fm (3 handlers)
[GIN-debug] GET    /api/v1/stats/summary     --> git.hyhy.fun/rsplab/iolink/internal/appapi.(*Server).statsSummary-fm (3 handlers)
[GIN-debug] POST   /api/v1/alarms/:id/confirm --> git.hyhy.fun/rsplab/iolink/internal/appapi.(*Server).confirmAlarm-fm (3 handlers)
[GIN-debug] POST   /api/v2/devices/:device_no/telemetry --> git.hyhy.fun/rsplab/iolink/internal/appapi.(*Server).submitTelemetryV2-fm (3 handlers)
[GIN-debug] GET    /api/v2/devices/:device_no/model/latest --> git.hyhy.fun/rsplab/iolink/internal/appapi.(*Server).modelLatestV2-fm (3 handlers)
[GIN-debug] GET    /api/v2/devices/:device_no/history --> git.hyhy.fun/rsplab/iolink/internal/appapi.(*Server).telemetryHistoryV2-fm (3 handlers)
    app_resource_scope_write_http_test.go:21: http method=POST path=/api/v2/devices/v2-hidden/telemetry status=404 response={"error":"not_found"}
    app_resource_scope_write_http_test.go:29: scenario=support_revoked_farm_assignment status=404 before={"alarms": [], "outbox": [], "shadows": [], "telemetry": [], "sensor_data": []} after={"alarms": [], "outbox": [], "shadows": [], "telemetry": [], "sensor_data": []}
--- PASS: TestAppTelemetryHTTPWhenManagerFarmAssignmentIsRevoked (3.27s)
    --- PASS: TestAppTelemetryHTTPWhenManagerFarmAssignmentIsRevoked/owner (0.64s)
    --- PASS: TestAppTelemetryHTTPWhenManagerFarmAssignmentIsRevoked/admin (0.67s)
    --- PASS: TestAppTelemetryHTTPWhenManagerFarmAssignmentIsRevoked/member (0.63s)
    --- PASS: TestAppTelemetryHTTPWhenManagerFarmAssignmentIsRevoked/viewer (0.82s)
    --- PASS: TestAppTelemetryHTTPWhenManagerFarmAssignmentIsRevoked/support (0.52s)
=== RUN   TestAppAlarmBatchConfirmAllowsTenantManagerWithoutFarmAssignment
=== RUN   TestAppAlarmBatchConfirmAllowsTenantManagerWithoutFarmAssignment/owner
    app_resource_scope_test.go:146: environment real_timescaledb=2.30.2
    app_resource_scope_test.go:174: scenario=batch_confirm_manager_owner confirmed=2 error=<nil> before={"alarms": [{"id": 1, "level": "warning", "metric": "temperature", "message": "temperature 高于阈值 20", "pond_id": 9401, "device_no": "v2-permission", "threshold": 20, "created_at": "2026-10-04T20:46:24.223959+00:00", "product_id": 1, "confirmed_at": null, "current_value": 25}, {"id": 2, "level": "warning", "metric": "temperature", "message": "temperature 高于阈值 20", "pond_id": 9403, "device_no": "v2-hidden", "threshold": 20, "created_at": "2026-10-04T20:46:24.236289+00:00", "product_id": 1, "confirmed_at": null, "current_value": 25}], "outbox": [{"id": 1, "status": "pending", "next_at": "2026-10-04T20:47:24.224002+00:00", "alarm_id": 1, "attempts": 0, "created_at": "2026-10-04T20:47:24.224002+00:00", "last_error": null, "updated_at": "2026-10-04T20:47:24.224002+00:00", "lease_owner": null, "leased_until": null, "recipient_open_id": null}, {"id": 2, "status": "pending", "next_at": "2026-10-04T20:47:24.236328+00:00", "alarm_id": 2, "attempts": 0, "created_at": "2026-10-04T20:47:24.236328+00:00", "last_error": null, "updated_at": "2026-10-04T20:47:24.236328+00:00", "lease_owner": null, "leased_until": null, "recipient_open_id": null}], "shadows": [{"ts": "2026-10-04T20:46:24.236289+00:00", "last": {"temperature": 25}, "signal": null, "pond_id": 9403, "device_no": "v2-hidden", "tenant_id": 9401, "product_id": 1, "timestamps": {"temperature": "2026-10-04T20:46:24.236289875Z"}, "model_version": 1}, {"ts": "2026-10-04T20:46:24.223959+00:00", "last": {"temperature": 25}, "signal": null, "pond_id": 9401, "device_no": "v2-permission", "tenant_id": 9401, "product_id": 1, "timestamps": {"temperature": "2026-10-04T20:46:24.223959969Z"}, "model_version": 1}], "telemetry": [{"ts": "2026-10-04T20:46:24.223959+00:00", "pond_id": 9401, "device_no": "v2-permission", "tenant_id": 9401, "product_id": 1, "properties": {"temperature": 25}, "model_version": 1}, {"ts": "2026-10-04T20:46:24.236289+00:00", "pond_id": 9403, "device_no": "v2-hidden", "tenant_id": 9401, "product_id": 1, "properties": {"temperature": 25}, "model_version": 1}], "sensor_data": [{"ph": null, "ts": "2026-10-04T20:46:24.223959+00:00", "signal": null, "battery": null, "pond_id": 9401, "salinity": null, "device_no": "v2-permission", "tenant_id": 9401, "turbidity": null, "temperature": 25, "dissolved_oxygen": null}, {"ph": null, "ts": "2026-10-04T20:46:24.236289+00:00", "signal": null, "battery": null, "pond_id": 9403, "salinity": null, "device_no": "v2-hidden", "tenant_id": 9401, "turbidity": null, "temperature": 25, "dissolved_oxygen": null}]} after={"alarms": [{"id": 1, "level": "warning", "metric": "temperature", "message": "temperature 高于阈值 20", "pond_id": 9401, "device_no": "v2-permission", "threshold": 20, "created_at": "2026-10-04T20:46:24.223959+00:00", "product_id": 1, "confirmed_at": "2026-10-04T20:47:24.247314+00:00", "current_value": 25}, {"id": 2, "level": "warning", "metric": "temperature", "message": "temperature 高于阈值 20", "pond_id": 9403, "device_no": "v2-hidden", "threshold": 20, "created_at": "2026-10-04T20:46:24.236289+00:00", "product_id": 1, "confirmed_at": "2026-10-04T20:47:24.247314+00:00", "current_value": 25}], "outbox": [{"id": 1, "status": "pending", "next_at": "2026-10-04T20:47:24.224002+00:00", "alarm_id": 1, "attempts": 0, "created_at": "2026-10-04T20:47:24.224002+00:00", "last_error": null, "updated_at": "2026-10-04T20:47:24.224002+00:00", "lease_owner": null, "leased_until": null, "recipient_open_id": null}, {"id": 2, "status": "pending", "next_at": "2026-10-04T20:47:24.236328+00:00", "alarm_id": 2, "attempts": 0, "created_at": "2026-10-04T20:47:24.236328+00:00", "last_error": null, "updated_at": "2026-10-04T20:47:24.236328+00:00", "lease_owner": null, "leased_until": null, "recipient_open_id": null}], "shadows": [{"ts": "2026-10-04T20:46:24.236289+00:00", "last": {"temperature": 25}, "signal": null, "pond_id": 9403, "device_no": "v2-hidden", "tenant_id": 9401, "product_id": 1, "timestamps": {"temperature": "2026-10-04T20:46:24.236289875Z"}, "model_version": 1}, {"ts": "2026-10-04T20:46:24.223959+00:00", "last": {"temperature": 25}, "signal": null, "pond_id": 9401, "device_no": "v2-permission", "tenant_id": 9401, "product_id": 1, "timestamps": {"temperature": "2026-10-04T20:46:24.223959969Z"}, "model_version": 1}], "telemetry": [{"ts": "2026-10-04T20:46:24.223959+00:00", "pond_id": 9401, "device_no": "v2-permission", "tenant_id": 9401, "product_id": 1, "properties": {"temperature": 25}, "model_version": 1}, {"ts": "2026-10-04T20:46:24.236289+00:00", "pond_id": 9403, "device_no": "v2-hidden", "tenant_id": 9401, "product_id": 1, "properties": {"temperature": 25}, "model_version": 1}], "sensor_data": [{"ph": null, "ts": "2026-10-04T20:46:24.223959+00:00", "signal": null, "battery": null, "pond_id": 9401, "salinity": null, "device_no": "v2-permission", "tenant_id": 9401, "turbidity": null, "temperature": 25, "dissolved_oxygen": null}, {"ph": null, "ts": "2026-10-04T20:46:24.236289+00:00", "signal": null, "battery": null, "pond_id": 9403, "salinity": null, "device_no": "v2-hidden", "tenant_id": 9401, "turbidity": null, "temperature": 25, "dissolved_oxygen": null}]}
=== RUN   TestAppAlarmBatchConfirmAllowsTenantManagerWithoutFarmAssignment/admin
    app_resource_scope_test.go:146: environment real_timescaledb=2.30.2
    app_resource_scope_test.go:174: scenario=batch_confirm_manager_admin confirmed=2 error=<nil> before={"alarms": [{"id": 1, "level": "warning", "metric": "temperature", "message": "temperature 高于阈值 20", "pond_id": 9401, "device_no": "v2-permission", "threshold": 20, "created_at": "2026-10-04T20:46:24.946687+00:00", "product_id": 1, "confirmed_at": null, "current_value": 25}, {"id": 2, "level": "warning", "metric": "temperature", "message": "temperature 高于阈值 20", "pond_id": 9403, "device_no": "v2-hidden", "threshold": 20, "created_at": "2026-10-04T20:46:24.956438+00:00", "product_id": 1, "confirmed_at": null, "current_value": 25}], "outbox": [{"id": 1, "status": "pending", "next_at": "2026-10-04T20:47:24.946732+00:00", "alarm_id": 1, "attempts": 0, "created_at": "2026-10-04T20:47:24.946732+00:00", "last_error": null, "updated_at": "2026-10-04T20:47:24.946732+00:00", "lease_owner": null, "leased_until": null, "recipient_open_id": null}, {"id": 2, "status": "pending", "next_at": "2026-10-04T20:47:24.956481+00:00", "alarm_id": 2, "attempts": 0, "created_at": "2026-10-04T20:47:24.956481+00:00", "last_error": null, "updated_at": "2026-10-04T20:47:24.956481+00:00", "lease_owner": null, "leased_until": null, "recipient_open_id": null}], "shadows": [{"ts": "2026-10-04T20:46:24.956438+00:00", "last": {"temperature": 25}, "signal": null, "pond_id": 9403, "device_no": "v2-hidden", "tenant_id": 9401, "product_id": 1, "timestamps": {"temperature": "2026-10-04T20:46:24.956438726Z"}, "model_version": 1}, {"ts": "2026-10-04T20:46:24.946687+00:00", "last": {"temperature": 25}, "signal": null, "pond_id": 9401, "device_no": "v2-permission", "tenant_id": 9401, "product_id": 1, "timestamps": {"temperature": "2026-10-04T20:46:24.946687843Z"}, "model_version": 1}], "telemetry": [{"ts": "2026-10-04T20:46:24.946687+00:00", "pond_id": 9401, "device_no": "v2-permission", "tenant_id": 9401, "product_id": 1, "properties": {"temperature": 25}, "model_version": 1}, {"ts": "2026-10-04T20:46:24.956438+00:00", "pond_id": 9403, "device_no": "v2-hidden", "tenant_id": 9401, "product_id": 1, "properties": {"temperature": 25}, "model_version": 1}], "sensor_data": [{"ph": null, "ts": "2026-10-04T20:46:24.946687+00:00", "signal": null, "battery": null, "pond_id": 9401, "salinity": null, "device_no": "v2-permission", "tenant_id": 9401, "turbidity": null, "temperature": 25, "dissolved_oxygen": null}, {"ph": null, "ts": "2026-10-04T20:46:24.956438+00:00", "signal": null, "battery": null, "pond_id": 9403, "salinity": null, "device_no": "v2-hidden", "tenant_id": 9401, "turbidity": null, "temperature": 25, "dissolved_oxygen": null}]} after={"alarms": [{"id": 1, "level": "warning", "metric": "temperature", "message": "temperature 高于阈值 20", "pond_id": 9401, "device_no": "v2-permission", "threshold": 20, "created_at": "2026-10-04T20:46:24.946687+00:00", "product_id": 1, "confirmed_at": "2026-10-04T20:47:24.968123+00:00", "current_value": 25}, {"id": 2, "level": "warning", "metric": "temperature", "message": "temperature 高于阈值 20", "pond_id": 9403, "device_no": "v2-hidden", "threshold": 20, "created_at": "2026-10-04T20:46:24.956438+00:00", "product_id": 1, "confirmed_at": "2026-10-04T20:47:24.968123+00:00", "current_value": 25}], "outbox": [{"id": 1, "status": "pending", "next_at": "2026-10-04T20:47:24.946732+00:00", "alarm_id": 1, "attempts": 0, "created_at": "2026-10-04T20:47:24.946732+00:00", "last_error": null, "updated_at": "2026-10-04T20:47:24.946732+00:00", "lease_owner": null, "leased_until": null, "recipient_open_id": null}, {"id": 2, "status": "pending", "next_at": "2026-10-04T20:47:24.956481+00:00", "alarm_id": 2, "attempts": 0, "created_at": "2026-10-04T20:47:24.956481+00:00", "last_error": null, "updated_at": "2026-10-04T20:47:24.956481+00:00", "lease_owner": null, "leased_until": null, "recipient_open_id": null}], "shadows": [{"ts": "2026-10-04T20:46:24.956438+00:00", "last": {"temperature": 25}, "signal": null, "pond_id": 9403, "device_no": "v2-hidden", "tenant_id": 9401, "product_id": 1, "timestamps": {"temperature": "2026-10-04T20:46:24.956438726Z"}, "model_version": 1}, {"ts": "2026-10-04T20:46:24.946687+00:00", "last": {"temperature": 25}, "signal": null, "pond_id": 9401, "device_no": "v2-permission", "tenant_id": 9401, "product_id": 1, "timestamps": {"temperature": "2026-10-04T20:46:24.946687843Z"}, "model_version": 1}], "telemetry": [{"ts": "2026-10-04T20:46:24.946687+00:00", "pond_id": 9401, "device_no": "v2-permission", "tenant_id": 9401, "product_id": 1, "properties": {"temperature": 25}, "model_version": 1}, {"ts": "2026-10-04T20:46:24.956438+00:00", "pond_id": 9403, "device_no": "v2-hidden", "tenant_id": 9401, "product_id": 1, "properties": {"temperature": 25}, "model_version": 1}], "sensor_data": [{"ph": null, "ts": "2026-10-04T20:46:24.946687+00:00", "signal": null, "battery": null, "pond_id": 9401, "salinity": null, "device_no": "v2-permission", "tenant_id": 9401, "turbidity": null, "temperature": 25, "dissolved_oxygen": null}, {"ph": null, "ts": "2026-10-04T20:46:24.956438+00:00", "signal": null, "battery": null, "pond_id": 9403, "salinity": null, "device_no": "v2-hidden", "tenant_id": 9401, "turbidity": null, "temperature": 25, "dissolved_oxygen": null}]}
--- PASS: TestAppAlarmBatchConfirmAllowsTenantManagerWithoutFarmAssignment (1.52s)
    --- PASS: TestAppAlarmBatchConfirmAllowsTenantManagerWithoutFarmAssignment/owner (0.76s)
    --- PASS: TestAppAlarmBatchConfirmAllowsTenantManagerWithoutFarmAssignment/admin (0.76s)
=== RUN   TestConfiguredAndDeviceIntervals
--- PASS: TestConfiguredAndDeviceIntervals (0.80s)
=== RUN   TestAlarmThresholdConcurrencyConfirmationAndMove
--- PASS: TestAlarmThresholdConcurrencyConfirmationAndMove (1.11s)
=== RUN   TestM6bAlarmHTTPRejectsRevocationAfterAuthentication
=== RUN   TestM6bAlarmHTTPRejectsRevocationAfterAuthentication/batch_role
    alarm_revocation_http_test.go:43: environment real_timescaledb=2.30.2
[GIN-debug] [WARNING] Running in "debug" mode. Switch to "release" mode in production.
 - using env:	export GIN_MODE=release
 - using code:	gin.SetMode(gin.ReleaseMode)

[GIN-debug] POST   /admin/v1/login           --> git.hyhy.fun/rsplab/iolink/internal/adminapi.(*Server).login-fm (2 handlers)
[GIN-debug] GET    /admin/v1/license         --> git.hyhy.fun/rsplab/iolink/internal/adminapi.(*Server).getLicense-fm (3 handlers)
[GIN-debug] POST   /admin/v1/license         --> git.hyhy.fun/rsplab/iolink/internal/adminapi.(*Server).importLicense-fm (3 handlers)
[GIN-debug] GET    /admin/v1/tenants         --> git.hyhy.fun/rsplab/iolink/internal/adminapi.(*Server).listTenants-fm (3 handlers)
[GIN-debug] PUT    /admin/v1/tenants/:id/status --> git.hyhy.fun/rsplab/iolink/internal/adminapi.(*Server).setTenantStatus-fm (3 handlers)
[GIN-debug] GET    /admin/v1/tenants/:id/members --> git.hyhy.fun/rsplab/iolink/internal/adminapi.(*Server).listTenantMembers-fm (3 handlers)
[GIN-debug] PUT    /admin/v1/tenants/:id/members/:user_id --> git.hyhy.fun/rsplab/iolink/internal/adminapi.(*Server).setTenantMember-fm (3 handlers)
[GIN-debug] POST   /admin/v1/password        --> git.hyhy.fun/rsplab/iolink/internal/adminapi.(*Server).changePassword-fm (3 handlers)
[GIN-debug] GET    /admin/v1/farms           --> git.hyhy.fun/rsplab/iolink/internal/adminapi.(*Server).listFarms-fm (4 handlers)
[GIN-debug] POST   /admin/v1/farms           --> git.hyhy.fun/rsplab/iolink/internal/adminapi.(*Server).createFarm-fm (4 handlers)
[GIN-debug] GET    /admin/v1/users           --> git.hyhy.fun/rsplab/iolink/internal/adminapi.(*Server).listUsers-fm (4 handlers)
[GIN-debug] PUT    /admin/v1/farms/:id       --> git.hyhy.fun/rsplab/iolink/internal/adminapi.(*Server).updateFarm-fm (4 handlers)
[GIN-debug] DELETE /admin/v1/farms/:id       --> git.hyhy.fun/rsplab/iolink/internal/adminapi.(*Server).deleteFarm-fm (4 handlers)
[GIN-debug] PUT    /admin/v1/farms/:id/owner --> git.hyhy.fun/rsplab/iolink/internal/adminapi.(*Server).setFarmOwner-fm (4 handlers)
[GIN-debug] GET    /admin/v1/farms/:id/members --> git.hyhy.fun/rsplab/iolink/internal/adminapi.(*Server).listFarmMembers-fm (4 handlers)
[GIN-debug] PUT    /admin/v1/farms/:id/members/:user_id --> git.hyhy.fun/rsplab/iolink/internal/adminapi.(*Server).setFarmMember-fm (4 handlers)
[GIN-debug] GET    /admin/v1/ponds           --> git.hyhy.fun/rsplab/iolink/internal/adminapi.(*Server).listPonds-fm (4 handlers)
[GIN-debug] POST   /admin/v1/ponds           --> git.hyhy.fun/rsplab/iolink/internal/adminapi.(*Server).createPond-fm (4 handlers)
[GIN-debug] PUT    /admin/v1/ponds/:id       --> git.hyhy.fun/rsplab/iolink/internal/adminapi.(*Server).updatePond-fm (4 handlers)
[GIN-debug] DELETE /admin/v1/ponds/:id       --> git.hyhy.fun/rsplab/iolink/internal/adminapi.(*Server).deletePond-fm (4 handlers)
[GIN-debug] GET    /admin/v1/devices         --> git.hyhy.fun/rsplab/iolink/internal/adminapi.(*Server).listDevices-fm (4 handlers)
[GIN-debug] POST   /admin/v1/devices         --> git.hyhy.fun/rsplab/iolink/internal/adminapi.(*Server).registerDevice-fm (4 handlers)
[GIN-debug] GET    /admin/v1/devices/:device_no --> git.hyhy.fun/rsplab/iolink/internal/adminapi.(*Server).getDevice-fm (4 handlers)
[GIN-debug] DELETE /admin/v1/devices/:device_no --> git.hyhy.fun/rsplab/iolink/internal/adminapi.(*Server).deleteDevice-fm (4 handlers)
[GIN-debug] POST   /admin/v1/devices/:device_no/restore --> git.hyhy.fun/rsplab/iolink/internal/adminapi.(*Server).restoreDevice-fm (4 handlers)
[GIN-debug] PUT    /admin/v1/devices/:device_no/pond --> git.hyhy.fun/rsplab/iolink/internal/adminapi.(*Server).moveDevice-fm (4 handlers)
[GIN-debug] GET    /admin/v1/alarm-rules     --> git.hyhy.fun/rsplab/iolink/internal/adminapi.(*Server).listRules-fm (4 handlers)
[GIN-debug] POST   /admin/v1/alarm-rules     --> git.hyhy.fun/rsplab/iolink/internal/adminapi.(*Server).createRule-fm (4 handlers)
[GIN-debug] PUT    /admin/v1/alarm-rules/:id --> git.hyhy.fun/rsplab/iolink/internal/adminapi.(*Server).updateRule-fm (4 handlers)
[GIN-debug] DELETE /admin/v1/alarm-rules/:id --> git.hyhy.fun/rsplab/iolink/internal/adminapi.(*Server).deleteRule-fm (4 handlers)
[GIN-debug] GET    /admin/v1/alarms          --> git.hyhy.fun/rsplab/iolink/internal/adminapi.(*Server).listAlarms-fm (4 handlers)
[GIN-debug] POST   /admin/v1/alarms/:id/confirm --> git.hyhy.fun/rsplab/iolink/internal/adminapi.(*Server).confirmAlarm-fm (4 handlers)
[GIN-debug] POST   /admin/v1/alarms/batch-confirm --> git.hyhy.fun/rsplab/iolink/internal/adminapi.(*Server).batchConfirm-fm (4 handlers)
[GIN-debug] GET    /admin/v1/stats           --> git.hyhy.fun/rsplab/iolink/internal/adminapi.(*Server).stats-fm (4 handlers)
[GIN-debug] GET    /admin/v1/products        --> git.hyhy.fun/rsplab/iolink/internal/adminapi.(*Server).listProducts-fm (4 handlers)
[GIN-debug] POST   /admin/v1/products        --> git.hyhy.fun/rsplab/iolink/internal/adminapi.(*Server).createProduct-fm (4 handlers)
[GIN-debug] GET    /admin/v1/products/:product_id/models --> git.hyhy.fun/rsplab/iolink/internal/adminapi.(*Server).listProductModels-fm (4 handlers)
[GIN-debug] POST   /admin/v1/products/:product_id/models --> git.hyhy.fun/rsplab/iolink/internal/adminapi.(*Server).createProductModel-fm (4 handlers)
[GIN-debug] POST   /admin/v1/products/:product_id/models/:version/publish --> git.hyhy.fun/rsplab/iolink/internal/adminapi.(*Server).publishProductModel-fm (4 handlers)
[GIN-debug] GET    /admin/v1/devices/:device_no/product --> git.hyhy.fun/rsplab/iolink/internal/adminapi.(*Server).getDeviceProduct-fm (4 handlers)
[GIN-debug] PUT    /admin/v1/devices/:device_no/product --> git.hyhy.fun/rsplab/iolink/internal/adminapi.(*Server).assignDeviceProduct-fm (4 handlers)
2026/10/05 04:47:27 INFO http request request_id=4Y4QDVJCR4MUUQRDQ77N5F5C7R route=/admin/v1/login method=POST status=200 duration_ms=141 tenant_id=0 actor_id=0
2026/10/05 04:47:27 WARN http request request_id=SMYJLDYGG7WDVJY5N5BEDVTWNR route=/admin/v1/alarms/batch-confirm method=POST status=404 duration_ms=5 tenant_id=9401 actor_id=9402
    alarm_revocation_http_test.go:95: operation=batch revocation=role injected=true status=404 response={"error":"alarm not found"} unchanged=true
=== RUN   TestM6bAlarmHTTPRejectsRevocationAfterAuthentication/batch_membership
    alarm_revocation_http_test.go:43: environment real_timescaledb=2.30.2
[GIN-debug] [WARNING] Running in "debug" mode. Switch to "release" mode in production.
 - using env:	export GIN_MODE=release
 - using code:	gin.SetMode(gin.ReleaseMode)

[GIN-debug] POST   /admin/v1/login           --> git.hyhy.fun/rsplab/iolink/internal/adminapi.(*Server).login-fm (2 handlers)
[GIN-debug] GET    /admin/v1/license         --> git.hyhy.fun/rsplab/iolink/internal/adminapi.(*Server).getLicense-fm (3 handlers)
[GIN-debug] POST   /admin/v1/license         --> git.hyhy.fun/rsplab/iolink/internal/adminapi.(*Server).importLicense-fm (3 handlers)
[GIN-debug] GET    /admin/v1/tenants         --> git.hyhy.fun/rsplab/iolink/internal/adminapi.(*Server).listTenants-fm (3 handlers)
[GIN-debug] PUT    /admin/v1/tenants/:id/status --> git.hyhy.fun/rsplab/iolink/internal/adminapi.(*Server).setTenantStatus-fm (3 handlers)
[GIN-debug] GET    /admin/v1/tenants/:id/members --> git.hyhy.fun/rsplab/iolink/internal/adminapi.(*Server).listTenantMembers-fm (3 handlers)
[GIN-debug] PUT    /admin/v1/tenants/:id/members/:user_id --> git.hyhy.fun/rsplab/iolink/internal/adminapi.(*Server).setTenantMember-fm (3 handlers)
[GIN-debug] POST   /admin/v1/password        --> git.hyhy.fun/rsplab/iolink/internal/adminapi.(*Server).changePassword-fm (3 handlers)
[GIN-debug] GET    /admin/v1/farms           --> git.hyhy.fun/rsplab/iolink/internal/adminapi.(*Server).listFarms-fm (4 handlers)
[GIN-debug] POST   /admin/v1/farms           --> git.hyhy.fun/rsplab/iolink/internal/adminapi.(*Server).createFarm-fm (4 handlers)
[GIN-debug] GET    /admin/v1/users           --> git.hyhy.fun/rsplab/iolink/internal/adminapi.(*Server).listUsers-fm (4 handlers)
[GIN-debug] PUT    /admin/v1/farms/:id       --> git.hyhy.fun/rsplab/iolink/internal/adminapi.(*Server).updateFarm-fm (4 handlers)
[GIN-debug] DELETE /admin/v1/farms/:id       --> git.hyhy.fun/rsplab/iolink/internal/adminapi.(*Server).deleteFarm-fm (4 handlers)
[GIN-debug] PUT    /admin/v1/farms/:id/owner --> git.hyhy.fun/rsplab/iolink/internal/adminapi.(*Server).setFarmOwner-fm (4 handlers)
[GIN-debug] GET    /admin/v1/farms/:id/members --> git.hyhy.fun/rsplab/iolink/internal/adminapi.(*Server).listFarmMembers-fm (4 handlers)
[GIN-debug] PUT    /admin/v1/farms/:id/members/:user_id --> git.hyhy.fun/rsplab/iolink/internal/adminapi.(*Server).setFarmMember-fm (4 handlers)
[GIN-debug] GET    /admin/v1/ponds           --> git.hyhy.fun/rsplab/iolink/internal/adminapi.(*Server).listPonds-fm (4 handlers)
[GIN-debug] POST   /admin/v1/ponds           --> git.hyhy.fun/rsplab/iolink/internal/adminapi.(*Server).createPond-fm (4 handlers)
[GIN-debug] PUT    /admin/v1/ponds/:id       --> git.hyhy.fun/rsplab/iolink/internal/adminapi.(*Server).updatePond-fm (4 handlers)
[GIN-debug] DELETE /admin/v1/ponds/:id       --> git.hyhy.fun/rsplab/iolink/internal/adminapi.(*Server).deletePond-fm (4 handlers)
[GIN-debug] GET    /admin/v1/devices         --> git.hyhy.fun/rsplab/iolink/internal/adminapi.(*Server).listDevices-fm (4 handlers)
[GIN-debug] POST   /admin/v1/devices         --> git.hyhy.fun/rsplab/iolink/internal/adminapi.(*Server).registerDevice-fm (4 handlers)
[GIN-debug] GET    /admin/v1/devices/:device_no --> git.hyhy.fun/rsplab/iolink/internal/adminapi.(*Server).getDevice-fm (4 handlers)
[GIN-debug] DELETE /admin/v1/devices/:device_no --> git.hyhy.fun/rsplab/iolink/internal/adminapi.(*Server).deleteDevice-fm (4 handlers)
[GIN-debug] POST   /admin/v1/devices/:device_no/restore --> git.hyhy.fun/rsplab/iolink/internal/adminapi.(*Server).restoreDevice-fm (4 handlers)
[GIN-debug] PUT    /admin/v1/devices/:device_no/pond --> git.hyhy.fun/rsplab/iolink/internal/adminapi.(*Server).moveDevice-fm (4 handlers)
[GIN-debug] GET    /admin/v1/alarm-rules     --> git.hyhy.fun/rsplab/iolink/internal/adminapi.(*Server).listRules-fm (4 handlers)
[GIN-debug] POST   /admin/v1/alarm-rules     --> git.hyhy.fun/rsplab/iolink/internal/adminapi.(*Server).createRule-fm (4 handlers)
[GIN-debug] PUT    /admin/v1/alarm-rules/:id --> git.hyhy.fun/rsplab/iolink/internal/adminapi.(*Server).updateRule-fm (4 handlers)
[GIN-debug] DELETE /admin/v1/alarm-rules/:id --> git.hyhy.fun/rsplab/iolink/internal/adminapi.(*Server).deleteRule-fm (4 handlers)
[GIN-debug] GET    /admin/v1/alarms          --> git.hyhy.fun/rsplab/iolink/internal/adminapi.(*Server).listAlarms-fm (4 handlers)
[GIN-debug] POST   /admin/v1/alarms/:id/confirm --> git.hyhy.fun/rsplab/iolink/internal/adminapi.(*Server).confirmAlarm-fm (4 handlers)
[GIN-debug] POST   /admin/v1/alarms/batch-confirm --> git.hyhy.fun/rsplab/iolink/internal/adminapi.(*Server).batchConfirm-fm (4 handlers)
[GIN-debug] GET    /admin/v1/stats           --> git.hyhy.fun/rsplab/iolink/internal/adminapi.(*Server).stats-fm (4 handlers)
[GIN-debug] GET    /admin/v1/products        --> git.hyhy.fun/rsplab/iolink/internal/adminapi.(*Server).listProducts-fm (4 handlers)
[GIN-debug] POST   /admin/v1/products        --> git.hyhy.fun/rsplab/iolink/internal/adminapi.(*Server).createProduct-fm (4 handlers)
[GIN-debug] GET    /admin/v1/products/:product_id/models --> git.hyhy.fun/rsplab/iolink/internal/adminapi.(*Server).listProductModels-fm (4 handlers)
[GIN-debug] POST   /admin/v1/products/:product_id/models --> git.hyhy.fun/rsplab/iolink/internal/adminapi.(*Server).createProductModel-fm (4 handlers)
[GIN-debug] POST   /admin/v1/products/:product_id/models/:version/publish --> git.hyhy.fun/rsplab/iolink/internal/adminapi.(*Server).publishProductModel-fm (4 handlers)
[GIN-debug] GET    /admin/v1/devices/:device_no/product --> git.hyhy.fun/rsplab/iolink/internal/adminapi.(*Server).getDeviceProduct-fm (4 handlers)
[GIN-debug] PUT    /admin/v1/devices/:device_no/product --> git.hyhy.fun/rsplab/iolink/internal/adminapi.(*Server).assignDeviceProduct-fm (4 handlers)
2026/10/05 04:47:28 INFO http request request_id=ZZHN5PLHCTZITYWFQTFOV72FZT route=/admin/v1/login method=POST status=200 duration_ms=144 tenant_id=0 actor_id=0
2026/10/05 04:47:28 WARN http request request_id=7LHH4U34Q2BLHGQRMTC6AZSOJB route=/admin/v1/alarms/batch-confirm method=POST status=404 duration_ms=5 tenant_id=9401 actor_id=9402
    alarm_revocation_http_test.go:95: operation=batch revocation=membership injected=true status=404 response={"error":"alarm not found"} unchanged=true
=== RUN   TestM6bAlarmHTTPRejectsRevocationAfterAuthentication/batch_tenant
    alarm_revocation_http_test.go:43: environment real_timescaledb=2.30.2
[GIN-debug] [WARNING] Running in "debug" mode. Switch to "release" mode in production.
 - using env:	export GIN_MODE=release
 - using code:	gin.SetMode(gin.ReleaseMode)

[GIN-debug] POST   /admin/v1/login           --> git.hyhy.fun/rsplab/iolink/internal/adminapi.(*Server).login-fm (2 handlers)
[GIN-debug] GET    /admin/v1/license         --> git.hyhy.fun/rsplab/iolink/internal/adminapi.(*Server).getLicense-fm (3 handlers)
[GIN-debug] POST   /admin/v1/license         --> git.hyhy.fun/rsplab/iolink/internal/adminapi.(*Server).importLicense-fm (3 handlers)
[GIN-debug] GET    /admin/v1/tenants         --> git.hyhy.fun/rsplab/iolink/internal/adminapi.(*Server).listTenants-fm (3 handlers)
[GIN-debug] PUT    /admin/v1/tenants/:id/status --> git.hyhy.fun/rsplab/iolink/internal/adminapi.(*Server).setTenantStatus-fm (3 handlers)
[GIN-debug] GET    /admin/v1/tenants/:id/members --> git.hyhy.fun/rsplab/iolink/internal/adminapi.(*Server).listTenantMembers-fm (3 handlers)
[GIN-debug] PUT    /admin/v1/tenants/:id/members/:user_id --> git.hyhy.fun/rsplab/iolink/internal/adminapi.(*Server).setTenantMember-fm (3 handlers)
[GIN-debug] POST   /admin/v1/password        --> git.hyhy.fun/rsplab/iolink/internal/adminapi.(*Server).changePassword-fm (3 handlers)
[GIN-debug] GET    /admin/v1/farms           --> git.hyhy.fun/rsplab/iolink/internal/adminapi.(*Server).listFarms-fm (4 handlers)
[GIN-debug] POST   /admin/v1/farms           --> git.hyhy.fun/rsplab/iolink/internal/adminapi.(*Server).createFarm-fm (4 handlers)
[GIN-debug] GET    /admin/v1/users           --> git.hyhy.fun/rsplab/iolink/internal/adminapi.(*Server).listUsers-fm (4 handlers)
[GIN-debug] PUT    /admin/v1/farms/:id       --> git.hyhy.fun/rsplab/iolink/internal/adminapi.(*Server).updateFarm-fm (4 handlers)
[GIN-debug] DELETE /admin/v1/farms/:id       --> git.hyhy.fun/rsplab/iolink/internal/adminapi.(*Server).deleteFarm-fm (4 handlers)
[GIN-debug] PUT    /admin/v1/farms/:id/owner --> git.hyhy.fun/rsplab/iolink/internal/adminapi.(*Server).setFarmOwner-fm (4 handlers)
[GIN-debug] GET    /admin/v1/farms/:id/members --> git.hyhy.fun/rsplab/iolink/internal/adminapi.(*Server).listFarmMembers-fm (4 handlers)
[GIN-debug] PUT    /admin/v1/farms/:id/members/:user_id --> git.hyhy.fun/rsplab/iolink/internal/adminapi.(*Server).setFarmMember-fm (4 handlers)
[GIN-debug] GET    /admin/v1/ponds           --> git.hyhy.fun/rsplab/iolink/internal/adminapi.(*Server).listPonds-fm (4 handlers)
[GIN-debug] POST   /admin/v1/ponds           --> git.hyhy.fun/rsplab/iolink/internal/adminapi.(*Server).createPond-fm (4 handlers)
[GIN-debug] PUT    /admin/v1/ponds/:id       --> git.hyhy.fun/rsplab/iolink/internal/adminapi.(*Server).updatePond-fm (4 handlers)
[GIN-debug] DELETE /admin/v1/ponds/:id       --> git.hyhy.fun/rsplab/iolink/internal/adminapi.(*Server).deletePond-fm (4 handlers)
[GIN-debug] GET    /admin/v1/devices         --> git.hyhy.fun/rsplab/iolink/internal/adminapi.(*Server).listDevices-fm (4 handlers)
[GIN-debug] POST   /admin/v1/devices         --> git.hyhy.fun/rsplab/iolink/internal/adminapi.(*Server).registerDevice-fm (4 handlers)
[GIN-debug] GET    /admin/v1/devices/:device_no --> git.hyhy.fun/rsplab/iolink/internal/adminapi.(*Server).getDevice-fm (4 handlers)
[GIN-debug] DELETE /admin/v1/devices/:device_no --> git.hyhy.fun/rsplab/iolink/internal/adminapi.(*Server).deleteDevice-fm (4 handlers)
[GIN-debug] POST   /admin/v1/devices/:device_no/restore --> git.hyhy.fun/rsplab/iolink/internal/adminapi.(*Server).restoreDevice-fm (4 handlers)
[GIN-debug] PUT    /admin/v1/devices/:device_no/pond --> git.hyhy.fun/rsplab/iolink/internal/adminapi.(*Server).moveDevice-fm (4 handlers)
[GIN-debug] GET    /admin/v1/alarm-rules     --> git.hyhy.fun/rsplab/iolink/internal/adminapi.(*Server).listRules-fm (4 handlers)
[GIN-debug] POST   /admin/v1/alarm-rules     --> git.hyhy.fun/rsplab/iolink/internal/adminapi.(*Server).createRule-fm (4 handlers)
[GIN-debug] PUT    /admin/v1/alarm-rules/:id --> git.hyhy.fun/rsplab/iolink/internal/adminapi.(*Server).updateRule-fm (4 handlers)
[GIN-debug] DELETE /admin/v1/alarm-rules/:id --> git.hyhy.fun/rsplab/iolink/internal/adminapi.(*Server).deleteRule-fm (4 handlers)
[GIN-debug] GET    /admin/v1/alarms          --> git.hyhy.fun/rsplab/iolink/internal/adminapi.(*Server).listAlarms-fm (4 handlers)
[GIN-debug] POST   /admin/v1/alarms/:id/confirm --> git.hyhy.fun/rsplab/iolink/internal/adminapi.(*Server).confirmAlarm-fm (4 handlers)
[GIN-debug] POST   /admin/v1/alarms/batch-confirm --> git.hyhy.fun/rsplab/iolink/internal/adminapi.(*Server).batchConfirm-fm (4 handlers)
[GIN-debug] GET    /admin/v1/stats           --> git.hyhy.fun/rsplab/iolink/internal/adminapi.(*Server).stats-fm (4 handlers)
[GIN-debug] GET    /admin/v1/products        --> git.hyhy.fun/rsplab/iolink/internal/adminapi.(*Server).listProducts-fm (4 handlers)
[GIN-debug] POST   /admin/v1/products        --> git.hyhy.fun/rsplab/iolink/internal/adminapi.(*Server).createProduct-fm (4 handlers)
[GIN-debug] GET    /admin/v1/products/:product_id/models --> git.hyhy.fun/rsplab/iolink/internal/adminapi.(*Server).listProductModels-fm (4 handlers)
[GIN-debug] POST   /admin/v1/products/:product_id/models --> git.hyhy.fun/rsplab/iolink/internal/adminapi.(*Server).createProductModel-fm (4 handlers)
[GIN-debug] POST   /admin/v1/products/:product_id/models/:version/publish --> git.hyhy.fun/rsplab/iolink/internal/adminapi.(*Server).publishProductModel-fm (4 handlers)
[GIN-debug] GET    /admin/v1/devices/:device_no/product --> git.hyhy.fun/rsplab/iolink/internal/adminapi.(*Server).getDeviceProduct-fm (4 handlers)
[GIN-debug] PUT    /admin/v1/devices/:device_no/product --> git.hyhy.fun/rsplab/iolink/internal/adminapi.(*Server).assignDeviceProduct-fm (4 handlers)
2026/10/05 04:47:29 INFO http request request_id=YV3BNITOD6BSVOYECONICV4XGP route=/admin/v1/login method=POST status=200 duration_ms=139 tenant_id=0 actor_id=0
2026/10/05 04:47:29 WARN http request request_id=O2EL4RP63JPQGK67CCPEKRMQM7 route=/admin/v1/alarms/batch-confirm method=POST status=404 duration_ms=6 tenant_id=9401 actor_id=9402
    alarm_revocation_http_test.go:95: operation=batch revocation=tenant injected=true status=404 response={"error":"alarm not found"} unchanged=true
=== RUN   TestM6bAlarmHTTPRejectsRevocationAfterAuthentication/batch_platform_authority
    alarm_revocation_http_test.go:43: environment real_timescaledb=2.30.2
[GIN-debug] [WARNING] Running in "debug" mode. Switch to "release" mode in production.
 - using env:	export GIN_MODE=release
 - using code:	gin.SetMode(gin.ReleaseMode)

[GIN-debug] POST   /admin/v1/login           --> git.hyhy.fun/rsplab/iolink/internal/adminapi.(*Server).login-fm (2 handlers)
[GIN-debug] GET    /admin/v1/license         --> git.hyhy.fun/rsplab/iolink/internal/adminapi.(*Server).getLicense-fm (3 handlers)
[GIN-debug] POST   /admin/v1/license         --> git.hyhy.fun/rsplab/iolink/internal/adminapi.(*Server).importLicense-fm (3 handlers)
[GIN-debug] GET    /admin/v1/tenants         --> git.hyhy.fun/rsplab/iolink/internal/adminapi.(*Server).listTenants-fm (3 handlers)
[GIN-debug] PUT    /admin/v1/tenants/:id/status --> git.hyhy.fun/rsplab/iolink/internal/adminapi.(*Server).setTenantStatus-fm (3 handlers)
[GIN-debug] GET    /admin/v1/tenants/:id/members --> git.hyhy.fun/rsplab/iolink/internal/adminapi.(*Server).listTenantMembers-fm (3 handlers)
[GIN-debug] PUT    /admin/v1/tenants/:id/members/:user_id --> git.hyhy.fun/rsplab/iolink/internal/adminapi.(*Server).setTenantMember-fm (3 handlers)
[GIN-debug] POST   /admin/v1/password        --> git.hyhy.fun/rsplab/iolink/internal/adminapi.(*Server).changePassword-fm (3 handlers)
[GIN-debug] GET    /admin/v1/farms           --> git.hyhy.fun/rsplab/iolink/internal/adminapi.(*Server).listFarms-fm (4 handlers)
[GIN-debug] POST   /admin/v1/farms           --> git.hyhy.fun/rsplab/iolink/internal/adminapi.(*Server).createFarm-fm (4 handlers)
[GIN-debug] GET    /admin/v1/users           --> git.hyhy.fun/rsplab/iolink/internal/adminapi.(*Server).listUsers-fm (4 handlers)
[GIN-debug] PUT    /admin/v1/farms/:id       --> git.hyhy.fun/rsplab/iolink/internal/adminapi.(*Server).updateFarm-fm (4 handlers)
[GIN-debug] DELETE /admin/v1/farms/:id       --> git.hyhy.fun/rsplab/iolink/internal/adminapi.(*Server).deleteFarm-fm (4 handlers)
[GIN-debug] PUT    /admin/v1/farms/:id/owner --> git.hyhy.fun/rsplab/iolink/internal/adminapi.(*Server).setFarmOwner-fm (4 handlers)
[GIN-debug] GET    /admin/v1/farms/:id/members --> git.hyhy.fun/rsplab/iolink/internal/adminapi.(*Server).listFarmMembers-fm (4 handlers)
[GIN-debug] PUT    /admin/v1/farms/:id/members/:user_id --> git.hyhy.fun/rsplab/iolink/internal/adminapi.(*Server).setFarmMember-fm (4 handlers)
[GIN-debug] GET    /admin/v1/ponds           --> git.hyhy.fun/rsplab/iolink/internal/adminapi.(*Server).listPonds-fm (4 handlers)
[GIN-debug] POST   /admin/v1/ponds           --> git.hyhy.fun/rsplab/iolink/internal/adminapi.(*Server).createPond-fm (4 handlers)
[GIN-debug] PUT    /admin/v1/ponds/:id       --> git.hyhy.fun/rsplab/iolink/internal/adminapi.(*Server).updatePond-fm (4 handlers)
[GIN-debug] DELETE /admin/v1/ponds/:id       --> git.hyhy.fun/rsplab/iolink/internal/adminapi.(*Server).deletePond-fm (4 handlers)
[GIN-debug] GET    /admin/v1/devices         --> git.hyhy.fun/rsplab/iolink/internal/adminapi.(*Server).listDevices-fm (4 handlers)
[GIN-debug] POST   /admin/v1/devices         --> git.hyhy.fun/rsplab/iolink/internal/adminapi.(*Server).registerDevice-fm (4 handlers)
[GIN-debug] GET    /admin/v1/devices/:device_no --> git.hyhy.fun/rsplab/iolink/internal/adminapi.(*Server).getDevice-fm (4 handlers)
[GIN-debug] DELETE /admin/v1/devices/:device_no --> git.hyhy.fun/rsplab/iolink/internal/adminapi.(*Server).deleteDevice-fm (4 handlers)
[GIN-debug] POST   /admin/v1/devices/:device_no/restore --> git.hyhy.fun/rsplab/iolink/internal/adminapi.(*Server).restoreDevice-fm (4 handlers)
[GIN-debug] PUT    /admin/v1/devices/:device_no/pond --> git.hyhy.fun/rsplab/iolink/internal/adminapi.(*Server).moveDevice-fm (4 handlers)
[GIN-debug] GET    /admin/v1/alarm-rules     --> git.hyhy.fun/rsplab/iolink/internal/adminapi.(*Server).listRules-fm (4 handlers)
[GIN-debug] POST   /admin/v1/alarm-rules     --> git.hyhy.fun/rsplab/iolink/internal/adminapi.(*Server).createRule-fm (4 handlers)
[GIN-debug] PUT    /admin/v1/alarm-rules/:id --> git.hyhy.fun/rsplab/iolink/internal/adminapi.(*Server).updateRule-fm (4 handlers)
[GIN-debug] DELETE /admin/v1/alarm-rules/:id --> git.hyhy.fun/rsplab/iolink/internal/adminapi.(*Server).deleteRule-fm (4 handlers)
[GIN-debug] GET    /admin/v1/alarms          --> git.hyhy.fun/rsplab/iolink/internal/adminapi.(*Server).listAlarms-fm (4 handlers)
[GIN-debug] POST   /admin/v1/alarms/:id/confirm --> git.hyhy.fun/rsplab/iolink/internal/adminapi.(*Server).confirmAlarm-fm (4 handlers)
[GIN-debug] POST   /admin/v1/alarms/batch-confirm --> git.hyhy.fun/rsplab/iolink/internal/adminapi.(*Server).batchConfirm-fm (4 handlers)
[GIN-debug] GET    /admin/v1/stats           --> git.hyhy.fun/rsplab/iolink/internal/adminapi.(*Server).stats-fm (4 handlers)
[GIN-debug] GET    /admin/v1/products        --> git.hyhy.fun/rsplab/iolink/internal/adminapi.(*Server).listProducts-fm (4 handlers)
[GIN-debug] POST   /admin/v1/products        --> git.hyhy.fun/rsplab/iolink/internal/adminapi.(*Server).createProduct-fm (4 handlers)
[GIN-debug] GET    /admin/v1/products/:product_id/models --> git.hyhy.fun/rsplab/iolink/internal/adminapi.(*Server).listProductModels-fm (4 handlers)
[GIN-debug] POST   /admin/v1/products/:product_id/models --> git.hyhy.fun/rsplab/iolink/internal/adminapi.(*Server).createProductModel-fm (4 handlers)
[GIN-debug] POST   /admin/v1/products/:product_id/models/:version/publish --> git.hyhy.fun/rsplab/iolink/internal/adminapi.(*Server).publishProductModel-fm (4 handlers)
[GIN-debug] GET    /admin/v1/devices/:device_no/product --> git.hyhy.fun/rsplab/iolink/internal/adminapi.(*Server).getDeviceProduct-fm (4 handlers)
[GIN-debug] PUT    /admin/v1/devices/:device_no/product --> git.hyhy.fun/rsplab/iolink/internal/adminapi.(*Server).assignDeviceProduct-fm (4 handlers)
2026/10/05 04:47:30 INFO http request request_id=TW47W3XLHAVCJN56B5JBR23DNH route=/admin/v1/login method=POST status=200 duration_ms=152 tenant_id=0 actor_id=0
2026/10/05 04:47:30 WARN http request request_id=NZKZ4GC7W6ISMNOWSU3X5U4ROQ route=/admin/v1/alarms/batch-confirm method=POST status=404 duration_ms=5 tenant_id=9401 actor_id=9402
    alarm_revocation_http_test.go:95: operation=batch revocation=platform_authority injected=true status=404 response={"error":"alarm not found"} unchanged=true
=== RUN   TestM6bAlarmHTTPRejectsRevocationAfterAuthentication/batch_permission_version
    alarm_revocation_http_test.go:43: environment real_timescaledb=2.30.2
[GIN-debug] [WARNING] Running in "debug" mode. Switch to "release" mode in production.
 - using env:	export GIN_MODE=release
 - using code:	gin.SetMode(gin.ReleaseMode)

[GIN-debug] POST   /admin/v1/login           --> git.hyhy.fun/rsplab/iolink/internal/adminapi.(*Server).login-fm (2 handlers)
[GIN-debug] GET    /admin/v1/license         --> git.hyhy.fun/rsplab/iolink/internal/adminapi.(*Server).getLicense-fm (3 handlers)
[GIN-debug] POST   /admin/v1/license         --> git.hyhy.fun/rsplab/iolink/internal/adminapi.(*Server).importLicense-fm (3 handlers)
[GIN-debug] GET    /admin/v1/tenants         --> git.hyhy.fun/rsplab/iolink/internal/adminapi.(*Server).listTenants-fm (3 handlers)
[GIN-debug] PUT    /admin/v1/tenants/:id/status --> git.hyhy.fun/rsplab/iolink/internal/adminapi.(*Server).setTenantStatus-fm (3 handlers)
[GIN-debug] GET    /admin/v1/tenants/:id/members --> git.hyhy.fun/rsplab/iolink/internal/adminapi.(*Server).listTenantMembers-fm (3 handlers)
[GIN-debug] PUT    /admin/v1/tenants/:id/members/:user_id --> git.hyhy.fun/rsplab/iolink/internal/adminapi.(*Server).setTenantMember-fm (3 handlers)
[GIN-debug] POST   /admin/v1/password        --> git.hyhy.fun/rsplab/iolink/internal/adminapi.(*Server).changePassword-fm (3 handlers)
[GIN-debug] GET    /admin/v1/farms           --> git.hyhy.fun/rsplab/iolink/internal/adminapi.(*Server).listFarms-fm (4 handlers)
[GIN-debug] POST   /admin/v1/farms           --> git.hyhy.fun/rsplab/iolink/internal/adminapi.(*Server).createFarm-fm (4 handlers)
[GIN-debug] GET    /admin/v1/users           --> git.hyhy.fun/rsplab/iolink/internal/adminapi.(*Server).listUsers-fm (4 handlers)
[GIN-debug] PUT    /admin/v1/farms/:id       --> git.hyhy.fun/rsplab/iolink/internal/adminapi.(*Server).updateFarm-fm (4 handlers)
[GIN-debug] DELETE /admin/v1/farms/:id       --> git.hyhy.fun/rsplab/iolink/internal/adminapi.(*Server).deleteFarm-fm (4 handlers)
[GIN-debug] PUT    /admin/v1/farms/:id/owner --> git.hyhy.fun/rsplab/iolink/internal/adminapi.(*Server).setFarmOwner-fm (4 handlers)
[GIN-debug] GET    /admin/v1/farms/:id/members --> git.hyhy.fun/rsplab/iolink/internal/adminapi.(*Server).listFarmMembers-fm (4 handlers)
[GIN-debug] PUT    /admin/v1/farms/:id/members/:user_id --> git.hyhy.fun/rsplab/iolink/internal/adminapi.(*Server).setFarmMember-fm (4 handlers)
[GIN-debug] GET    /admin/v1/ponds           --> git.hyhy.fun/rsplab/iolink/internal/adminapi.(*Server).listPonds-fm (4 handlers)
[GIN-debug] POST   /admin/v1/ponds           --> git.hyhy.fun/rsplab/iolink/internal/adminapi.(*Server).createPond-fm (4 handlers)
[GIN-debug] PUT    /admin/v1/ponds/:id       --> git.hyhy.fun/rsplab/iolink/internal/adminapi.(*Server).updatePond-fm (4 handlers)
[GIN-debug] DELETE /admin/v1/ponds/:id       --> git.hyhy.fun/rsplab/iolink/internal/adminapi.(*Server).deletePond-fm (4 handlers)
[GIN-debug] GET    /admin/v1/devices         --> git.hyhy.fun/rsplab/iolink/internal/adminapi.(*Server).listDevices-fm (4 handlers)
[GIN-debug] POST   /admin/v1/devices         --> git.hyhy.fun/rsplab/iolink/internal/adminapi.(*Server).registerDevice-fm (4 handlers)
[GIN-debug] GET    /admin/v1/devices/:device_no --> git.hyhy.fun/rsplab/iolink/internal/adminapi.(*Server).getDevice-fm (4 handlers)
[GIN-debug] DELETE /admin/v1/devices/:device_no --> git.hyhy.fun/rsplab/iolink/internal/adminapi.(*Server).deleteDevice-fm (4 handlers)
[GIN-debug] POST   /admin/v1/devices/:device_no/restore --> git.hyhy.fun/rsplab/iolink/internal/adminapi.(*Server).restoreDevice-fm (4 handlers)
[GIN-debug] PUT    /admin/v1/devices/:device_no/pond --> git.hyhy.fun/rsplab/iolink/internal/adminapi.(*Server).moveDevice-fm (4 handlers)
[GIN-debug] GET    /admin/v1/alarm-rules     --> git.hyhy.fun/rsplab/iolink/internal/adminapi.(*Server).listRules-fm (4 handlers)
[GIN-debug] POST   /admin/v1/alarm-rules     --> git.hyhy.fun/rsplab/iolink/internal/adminapi.(*Server).createRule-fm (4 handlers)
[GIN-debug] PUT    /admin/v1/alarm-rules/:id --> git.hyhy.fun/rsplab/iolink/internal/adminapi.(*Server).updateRule-fm (4 handlers)
[GIN-debug] DELETE /admin/v1/alarm-rules/:id --> git.hyhy.fun/rsplab/iolink/internal/adminapi.(*Server).deleteRule-fm (4 handlers)
[GIN-debug] GET    /admin/v1/alarms          --> git.hyhy.fun/rsplab/iolink/internal/adminapi.(*Server).listAlarms-fm (4 handlers)
[GIN-debug] POST   /admin/v1/alarms/:id/confirm --> git.hyhy.fun/rsplab/iolink/internal/adminapi.(*Server).confirmAlarm-fm (4 handlers)
[GIN-debug] POST   /admin/v1/alarms/batch-confirm --> git.hyhy.fun/rsplab/iolink/internal/adminapi.(*Server).batchConfirm-fm (4 handlers)
[GIN-debug] GET    /admin/v1/stats           --> git.hyhy.fun/rsplab/iolink/internal/adminapi.(*Server).stats-fm (4 handlers)
[GIN-debug] GET    /admin/v1/products        --> git.hyhy.fun/rsplab/iolink/internal/adminapi.(*Server).listProducts-fm (4 handlers)
[GIN-debug] POST   /admin/v1/products        --> git.hyhy.fun/rsplab/iolink/internal/adminapi.(*Server).createProduct-fm (4 handlers)
[GIN-debug] GET    /admin/v1/products/:product_id/models --> git.hyhy.fun/rsplab/iolink/internal/adminapi.(*Server).listProductModels-fm (4 handlers)
[GIN-debug] POST   /admin/v1/products/:product_id/models --> git.hyhy.fun/rsplab/iolink/internal/adminapi.(*Server).createProductModel-fm (4 handlers)
[GIN-debug] POST   /admin/v1/products/:product_id/models/:version/publish --> git.hyhy.fun/rsplab/iolink/internal/adminapi.(*Server).publishProductModel-fm (4 handlers)
[GIN-debug] GET    /admin/v1/devices/:device_no/product --> git.hyhy.fun/rsplab/iolink/internal/adminapi.(*Server).getDeviceProduct-fm (4 handlers)
[GIN-debug] PUT    /admin/v1/devices/:device_no/product --> git.hyhy.fun/rsplab/iolink/internal/adminapi.(*Server).assignDeviceProduct-fm (4 handlers)
2026/10/05 04:47:31 INFO http request request_id=KTTDT5Q5CWZNNL433NC6S7QBDV route=/admin/v1/login method=POST status=200 duration_ms=142 tenant_id=0 actor_id=0
2026/10/05 04:47:31 WARN http request request_id=4DYKDV3CETDWHOVCKB2DTQHORO route=/admin/v1/alarms/batch-confirm method=POST status=404 duration_ms=5 tenant_id=9401 actor_id=9402
    alarm_revocation_http_test.go:95: operation=batch revocation=permission_version injected=true status=404 response={"error":"alarm not found"} unchanged=true
=== RUN   TestM6bAlarmHTTPRejectsRevocationAfterAuthentication/singular_role
    alarm_revocation_http_test.go:43: environment real_timescaledb=2.30.2
[GIN-debug] [WARNING] Running in "debug" mode. Switch to "release" mode in production.
 - using env:	export GIN_MODE=release
 - using code:	gin.SetMode(gin.ReleaseMode)

[GIN-debug] POST   /admin/v1/login           --> git.hyhy.fun/rsplab/iolink/internal/adminapi.(*Server).login-fm (2 handlers)
[GIN-debug] GET    /admin/v1/license         --> git.hyhy.fun/rsplab/iolink/internal/adminapi.(*Server).getLicense-fm (3 handlers)
[GIN-debug] POST   /admin/v1/license         --> git.hyhy.fun/rsplab/iolink/internal/adminapi.(*Server).importLicense-fm (3 handlers)
[GIN-debug] GET    /admin/v1/tenants         --> git.hyhy.fun/rsplab/iolink/internal/adminapi.(*Server).listTenants-fm (3 handlers)
[GIN-debug] PUT    /admin/v1/tenants/:id/status --> git.hyhy.fun/rsplab/iolink/internal/adminapi.(*Server).setTenantStatus-fm (3 handlers)
[GIN-debug] GET    /admin/v1/tenants/:id/members --> git.hyhy.fun/rsplab/iolink/internal/adminapi.(*Server).listTenantMembers-fm (3 handlers)
[GIN-debug] PUT    /admin/v1/tenants/:id/members/:user_id --> git.hyhy.fun/rsplab/iolink/internal/adminapi.(*Server).setTenantMember-fm (3 handlers)
[GIN-debug] POST   /admin/v1/password        --> git.hyhy.fun/rsplab/iolink/internal/adminapi.(*Server).changePassword-fm (3 handlers)
[GIN-debug] GET    /admin/v1/farms           --> git.hyhy.fun/rsplab/iolink/internal/adminapi.(*Server).listFarms-fm (4 handlers)
[GIN-debug] POST   /admin/v1/farms           --> git.hyhy.fun/rsplab/iolink/internal/adminapi.(*Server).createFarm-fm (4 handlers)
[GIN-debug] GET    /admin/v1/users           --> git.hyhy.fun/rsplab/iolink/internal/adminapi.(*Server).listUsers-fm (4 handlers)
[GIN-debug] PUT    /admin/v1/farms/:id       --> git.hyhy.fun/rsplab/iolink/internal/adminapi.(*Server).updateFarm-fm (4 handlers)
[GIN-debug] DELETE /admin/v1/farms/:id       --> git.hyhy.fun/rsplab/iolink/internal/adminapi.(*Server).deleteFarm-fm (4 handlers)
[GIN-debug] PUT    /admin/v1/farms/:id/owner --> git.hyhy.fun/rsplab/iolink/internal/adminapi.(*Server).setFarmOwner-fm (4 handlers)
[GIN-debug] GET    /admin/v1/farms/:id/members --> git.hyhy.fun/rsplab/iolink/internal/adminapi.(*Server).listFarmMembers-fm (4 handlers)
[GIN-debug] PUT    /admin/v1/farms/:id/members/:user_id --> git.hyhy.fun/rsplab/iolink/internal/adminapi.(*Server).setFarmMember-fm (4 handlers)
[GIN-debug] GET    /admin/v1/ponds           --> git.hyhy.fun/rsplab/iolink/internal/adminapi.(*Server).listPonds-fm (4 handlers)
[GIN-debug] POST   /admin/v1/ponds           --> git.hyhy.fun/rsplab/iolink/internal/adminapi.(*Server).createPond-fm (4 handlers)
[GIN-debug] PUT    /admin/v1/ponds/:id       --> git.hyhy.fun/rsplab/iolink/internal/adminapi.(*Server).updatePond-fm (4 handlers)
[GIN-debug] DELETE /admin/v1/ponds/:id       --> git.hyhy.fun/rsplab/iolink/internal/adminapi.(*Server).deletePond-fm (4 handlers)
[GIN-debug] GET    /admin/v1/devices         --> git.hyhy.fun/rsplab/iolink/internal/adminapi.(*Server).listDevices-fm (4 handlers)
[GIN-debug] POST   /admin/v1/devices         --> git.hyhy.fun/rsplab/iolink/internal/adminapi.(*Server).registerDevice-fm (4 handlers)
[GIN-debug] GET    /admin/v1/devices/:device_no --> git.hyhy.fun/rsplab/iolink/internal/adminapi.(*Server).getDevice-fm (4 handlers)
[GIN-debug] DELETE /admin/v1/devices/:device_no --> git.hyhy.fun/rsplab/iolink/internal/adminapi.(*Server).deleteDevice-fm (4 handlers)
[GIN-debug] POST   /admin/v1/devices/:device_no/restore --> git.hyhy.fun/rsplab/iolink/internal/adminapi.(*Server).restoreDevice-fm (4 handlers)
[GIN-debug] PUT    /admin/v1/devices/:device_no/pond --> git.hyhy.fun/rsplab/iolink/internal/adminapi.(*Server).moveDevice-fm (4 handlers)
[GIN-debug] GET    /admin/v1/alarm-rules     --> git.hyhy.fun/rsplab/iolink/internal/adminapi.(*Server).listRules-fm (4 handlers)
[GIN-debug] POST   /admin/v1/alarm-rules     --> git.hyhy.fun/rsplab/iolink/internal/adminapi.(*Server).createRule-fm (4 handlers)
[GIN-debug] PUT    /admin/v1/alarm-rules/:id --> git.hyhy.fun/rsplab/iolink/internal/adminapi.(*Server).updateRule-fm (4 handlers)
[GIN-debug] DELETE /admin/v1/alarm-rules/:id --> git.hyhy.fun/rsplab/iolink/internal/adminapi.(*Server).deleteRule-fm (4 handlers)
[GIN-debug] GET    /admin/v1/alarms          --> git.hyhy.fun/rsplab/iolink/internal/adminapi.(*Server).listAlarms-fm (4 handlers)
[GIN-debug] POST   /admin/v1/alarms/:id/confirm --> git.hyhy.fun/rsplab/iolink/internal/adminapi.(*Server).confirmAlarm-fm (4 handlers)
[GIN-debug] POST   /admin/v1/alarms/batch-confirm --> git.hyhy.fun/rsplab/iolink/internal/adminapi.(*Server).batchConfirm-fm (4 handlers)
[GIN-debug] GET    /admin/v1/stats           --> git.hyhy.fun/rsplab/iolink/internal/adminapi.(*Server).stats-fm (4 handlers)
[GIN-debug] GET    /admin/v1/products        --> git.hyhy.fun/rsplab/iolink/internal/adminapi.(*Server).listProducts-fm (4 handlers)
[GIN-debug] POST   /admin/v1/products        --> git.hyhy.fun/rsplab/iolink/internal/adminapi.(*Server).createProduct-fm (4 handlers)
[GIN-debug] GET    /admin/v1/products/:product_id/models --> git.hyhy.fun/rsplab/iolink/internal/adminapi.(*Server).listProductModels-fm (4 handlers)
[GIN-debug] POST   /admin/v1/products/:product_id/models --> git.hyhy.fun/rsplab/iolink/internal/adminapi.(*Server).createProductModel-fm (4 handlers)
[GIN-debug] POST   /admin/v1/products/:product_id/models/:version/publish --> git.hyhy.fun/rsplab/iolink/internal/adminapi.(*Server).publishProductModel-fm (4 handlers)
[GIN-debug] GET    /admin/v1/devices/:device_no/product --> git.hyhy.fun/rsplab/iolink/internal/adminapi.(*Server).getDeviceProduct-fm (4 handlers)
[GIN-debug] PUT    /admin/v1/devices/:device_no/product --> git.hyhy.fun/rsplab/iolink/internal/adminapi.(*Server).assignDeviceProduct-fm (4 handlers)
2026/10/05 04:47:31 INFO http request request_id=OEBLD77CKZXBNHVP3KAPMEDFVQ route=/admin/v1/login method=POST status=200 duration_ms=156 tenant_id=0 actor_id=0
2026/10/05 04:47:32 WARN http request request_id=26K5XIJO4FLCGOX7TJW2Y65LIK route=/admin/v1/alarms/:id/confirm method=POST status=404 duration_ms=6 tenant_id=9401 actor_id=9402
    alarm_revocation_http_test.go:95: operation=singular revocation=role injected=true status=404 response={"error":"alarm not found"} unchanged=true
=== RUN   TestM6bAlarmHTTPRejectsRevocationAfterAuthentication/singular_membership
    alarm_revocation_http_test.go:43: environment real_timescaledb=2.30.2
[GIN-debug] [WARNING] Running in "debug" mode. Switch to "release" mode in production.
 - using env:	export GIN_MODE=release
 - using code:	gin.SetMode(gin.ReleaseMode)

[GIN-debug] POST   /admin/v1/login           --> git.hyhy.fun/rsplab/iolink/internal/adminapi.(*Server).login-fm (2 handlers)
[GIN-debug] GET    /admin/v1/license         --> git.hyhy.fun/rsplab/iolink/internal/adminapi.(*Server).getLicense-fm (3 handlers)
[GIN-debug] POST   /admin/v1/license         --> git.hyhy.fun/rsplab/iolink/internal/adminapi.(*Server).importLicense-fm (3 handlers)
[GIN-debug] GET    /admin/v1/tenants         --> git.hyhy.fun/rsplab/iolink/internal/adminapi.(*Server).listTenants-fm (3 handlers)
[GIN-debug] PUT    /admin/v1/tenants/:id/status --> git.hyhy.fun/rsplab/iolink/internal/adminapi.(*Server).setTenantStatus-fm (3 handlers)
[GIN-debug] GET    /admin/v1/tenants/:id/members --> git.hyhy.fun/rsplab/iolink/internal/adminapi.(*Server).listTenantMembers-fm (3 handlers)
[GIN-debug] PUT    /admin/v1/tenants/:id/members/:user_id --> git.hyhy.fun/rsplab/iolink/internal/adminapi.(*Server).setTenantMember-fm (3 handlers)
[GIN-debug] POST   /admin/v1/password        --> git.hyhy.fun/rsplab/iolink/internal/adminapi.(*Server).changePassword-fm (3 handlers)
[GIN-debug] GET    /admin/v1/farms           --> git.hyhy.fun/rsplab/iolink/internal/adminapi.(*Server).listFarms-fm (4 handlers)
[GIN-debug] POST   /admin/v1/farms           --> git.hyhy.fun/rsplab/iolink/internal/adminapi.(*Server).createFarm-fm (4 handlers)
[GIN-debug] GET    /admin/v1/users           --> git.hyhy.fun/rsplab/iolink/internal/adminapi.(*Server).listUsers-fm (4 handlers)
[GIN-debug] PUT    /admin/v1/farms/:id       --> git.hyhy.fun/rsplab/iolink/internal/adminapi.(*Server).updateFarm-fm (4 handlers)
[GIN-debug] DELETE /admin/v1/farms/:id       --> git.hyhy.fun/rsplab/iolink/internal/adminapi.(*Server).deleteFarm-fm (4 handlers)
[GIN-debug] PUT    /admin/v1/farms/:id/owner --> git.hyhy.fun/rsplab/iolink/internal/adminapi.(*Server).setFarmOwner-fm (4 handlers)
[GIN-debug] GET    /admin/v1/farms/:id/members --> git.hyhy.fun/rsplab/iolink/internal/adminapi.(*Server).listFarmMembers-fm (4 handlers)
[GIN-debug] PUT    /admin/v1/farms/:id/members/:user_id --> git.hyhy.fun/rsplab/iolink/internal/adminapi.(*Server).setFarmMember-fm (4 handlers)
[GIN-debug] GET    /admin/v1/ponds           --> git.hyhy.fun/rsplab/iolink/internal/adminapi.(*Server).listPonds-fm (4 handlers)
[GIN-debug] POST   /admin/v1/ponds           --> git.hyhy.fun/rsplab/iolink/internal/adminapi.(*Server).createPond-fm (4 handlers)
[GIN-debug] PUT    /admin/v1/ponds/:id       --> git.hyhy.fun/rsplab/iolink/internal/adminapi.(*Server).updatePond-fm (4 handlers)
[GIN-debug] DELETE /admin/v1/ponds/:id       --> git.hyhy.fun/rsplab/iolink/internal/adminapi.(*Server).deletePond-fm (4 handlers)
[GIN-debug] GET    /admin/v1/devices         --> git.hyhy.fun/rsplab/iolink/internal/adminapi.(*Server).listDevices-fm (4 handlers)
[GIN-debug] POST   /admin/v1/devices         --> git.hyhy.fun/rsplab/iolink/internal/adminapi.(*Server).registerDevice-fm (4 handlers)
[GIN-debug] GET    /admin/v1/devices/:device_no --> git.hyhy.fun/rsplab/iolink/internal/adminapi.(*Server).getDevice-fm (4 handlers)
[GIN-debug] DELETE /admin/v1/devices/:device_no --> git.hyhy.fun/rsplab/iolink/internal/adminapi.(*Server).deleteDevice-fm (4 handlers)
[GIN-debug] POST   /admin/v1/devices/:device_no/restore --> git.hyhy.fun/rsplab/iolink/internal/adminapi.(*Server).restoreDevice-fm (4 handlers)
[GIN-debug] PUT    /admin/v1/devices/:device_no/pond --> git.hyhy.fun/rsplab/iolink/internal/adminapi.(*Server).moveDevice-fm (4 handlers)
[GIN-debug] GET    /admin/v1/alarm-rules     --> git.hyhy.fun/rsplab/iolink/internal/adminapi.(*Server).listRules-fm (4 handlers)
[GIN-debug] POST   /admin/v1/alarm-rules     --> git.hyhy.fun/rsplab/iolink/internal/adminapi.(*Server).createRule-fm (4 handlers)
[GIN-debug] PUT    /admin/v1/alarm-rules/:id --> git.hyhy.fun/rsplab/iolink/internal/adminapi.(*Server).updateRule-fm (4 handlers)
[GIN-debug] DELETE /admin/v1/alarm-rules/:id --> git.hyhy.fun/rsplab/iolink/internal/adminapi.(*Server).deleteRule-fm (4 handlers)
[GIN-debug] GET    /admin/v1/alarms          --> git.hyhy.fun/rsplab/iolink/internal/adminapi.(*Server).listAlarms-fm (4 handlers)
[GIN-debug] POST   /admin/v1/alarms/:id/confirm --> git.hyhy.fun/rsplab/iolink/internal/adminapi.(*Server).confirmAlarm-fm (4 handlers)
[GIN-debug] POST   /admin/v1/alarms/batch-confirm --> git.hyhy.fun/rsplab/iolink/internal/adminapi.(*Server).batchConfirm-fm (4 handlers)
[GIN-debug] GET    /admin/v1/stats           --> git.hyhy.fun/rsplab/iolink/internal/adminapi.(*Server).stats-fm (4 handlers)
[GIN-debug] GET    /admin/v1/products        --> git.hyhy.fun/rsplab/iolink/internal/adminapi.(*Server).listProducts-fm (4 handlers)
[GIN-debug] POST   /admin/v1/products        --> git.hyhy.fun/rsplab/iolink/internal/adminapi.(*Server).createProduct-fm (4 handlers)
[GIN-debug] GET    /admin/v1/products/:product_id/models --> git.hyhy.fun/rsplab/iolink/internal/adminapi.(*Server).listProductModels-fm (4 handlers)
[GIN-debug] POST   /admin/v1/products/:product_id/models --> git.hyhy.fun/rsplab/iolink/internal/adminapi.(*Server).createProductModel-fm (4 handlers)
[GIN-debug] POST   /admin/v1/products/:product_id/models/:version/publish --> git.hyhy.fun/rsplab/iolink/internal/adminapi.(*Server).publishProductModel-fm (4 handlers)
[GIN-debug] GET    /admin/v1/devices/:device_no/product --> git.hyhy.fun/rsplab/iolink/internal/adminapi.(*Server).getDeviceProduct-fm (4 handlers)
[GIN-debug] PUT    /admin/v1/devices/:device_no/product --> git.hyhy.fun/rsplab/iolink/internal/adminapi.(*Server).assignDeviceProduct-fm (4 handlers)
2026/10/05 04:47:32 INFO http request request_id=3UKXTPJ7TN6ZLN2NCM5NK3LN7F route=/admin/v1/login method=POST status=200 duration_ms=145 tenant_id=0 actor_id=0
2026/10/05 04:47:32 WARN http request request_id=OCCMKYFSG6U5MTIXHKEUE24Q6J route=/admin/v1/alarms/:id/confirm method=POST status=404 duration_ms=6 tenant_id=9401 actor_id=9402
    alarm_revocation_http_test.go:95: operation=singular revocation=membership injected=true status=404 response={"error":"alarm not found"} unchanged=true
=== RUN   TestM6bAlarmHTTPRejectsRevocationAfterAuthentication/singular_tenant
    alarm_revocation_http_test.go:43: environment real_timescaledb=2.30.2
[GIN-debug] [WARNING] Running in "debug" mode. Switch to "release" mode in production.
 - using env:	export GIN_MODE=release
 - using code:	gin.SetMode(gin.ReleaseMode)

[GIN-debug] POST   /admin/v1/login           --> git.hyhy.fun/rsplab/iolink/internal/adminapi.(*Server).login-fm (2 handlers)
[GIN-debug] GET    /admin/v1/license         --> git.hyhy.fun/rsplab/iolink/internal/adminapi.(*Server).getLicense-fm (3 handlers)
[GIN-debug] POST   /admin/v1/license         --> git.hyhy.fun/rsplab/iolink/internal/adminapi.(*Server).importLicense-fm (3 handlers)
[GIN-debug] GET    /admin/v1/tenants         --> git.hyhy.fun/rsplab/iolink/internal/adminapi.(*Server).listTenants-fm (3 handlers)
[GIN-debug] PUT    /admin/v1/tenants/:id/status --> git.hyhy.fun/rsplab/iolink/internal/adminapi.(*Server).setTenantStatus-fm (3 handlers)
[GIN-debug] GET    /admin/v1/tenants/:id/members --> git.hyhy.fun/rsplab/iolink/internal/adminapi.(*Server).listTenantMembers-fm (3 handlers)
[GIN-debug] PUT    /admin/v1/tenants/:id/members/:user_id --> git.hyhy.fun/rsplab/iolink/internal/adminapi.(*Server).setTenantMember-fm (3 handlers)
[GIN-debug] POST   /admin/v1/password        --> git.hyhy.fun/rsplab/iolink/internal/adminapi.(*Server).changePassword-fm (3 handlers)
[GIN-debug] GET    /admin/v1/farms           --> git.hyhy.fun/rsplab/iolink/internal/adminapi.(*Server).listFarms-fm (4 handlers)
[GIN-debug] POST   /admin/v1/farms           --> git.hyhy.fun/rsplab/iolink/internal/adminapi.(*Server).createFarm-fm (4 handlers)
[GIN-debug] GET    /admin/v1/users           --> git.hyhy.fun/rsplab/iolink/internal/adminapi.(*Server).listUsers-fm (4 handlers)
[GIN-debug] PUT    /admin/v1/farms/:id       --> git.hyhy.fun/rsplab/iolink/internal/adminapi.(*Server).updateFarm-fm (4 handlers)
[GIN-debug] DELETE /admin/v1/farms/:id       --> git.hyhy.fun/rsplab/iolink/internal/adminapi.(*Server).deleteFarm-fm (4 handlers)
[GIN-debug] PUT    /admin/v1/farms/:id/owner --> git.hyhy.fun/rsplab/iolink/internal/adminapi.(*Server).setFarmOwner-fm (4 handlers)
[GIN-debug] GET    /admin/v1/farms/:id/members --> git.hyhy.fun/rsplab/iolink/internal/adminapi.(*Server).listFarmMembers-fm (4 handlers)
[GIN-debug] PUT    /admin/v1/farms/:id/members/:user_id --> git.hyhy.fun/rsplab/iolink/internal/adminapi.(*Server).setFarmMember-fm (4 handlers)
[GIN-debug] GET    /admin/v1/ponds           --> git.hyhy.fun/rsplab/iolink/internal/adminapi.(*Server).listPonds-fm (4 handlers)
[GIN-debug] POST   /admin/v1/ponds           --> git.hyhy.fun/rsplab/iolink/internal/adminapi.(*Server).createPond-fm (4 handlers)
[GIN-debug] PUT    /admin/v1/ponds/:id       --> git.hyhy.fun/rsplab/iolink/internal/adminapi.(*Server).updatePond-fm (4 handlers)
[GIN-debug] DELETE /admin/v1/ponds/:id       --> git.hyhy.fun/rsplab/iolink/internal/adminapi.(*Server).deletePond-fm (4 handlers)
[GIN-debug] GET    /admin/v1/devices         --> git.hyhy.fun/rsplab/iolink/internal/adminapi.(*Server).listDevices-fm (4 handlers)
[GIN-debug] POST   /admin/v1/devices         --> git.hyhy.fun/rsplab/iolink/internal/adminapi.(*Server).registerDevice-fm (4 handlers)
[GIN-debug] GET    /admin/v1/devices/:device_no --> git.hyhy.fun/rsplab/iolink/internal/adminapi.(*Server).getDevice-fm (4 handlers)
[GIN-debug] DELETE /admin/v1/devices/:device_no --> git.hyhy.fun/rsplab/iolink/internal/adminapi.(*Server).deleteDevice-fm (4 handlers)
[GIN-debug] POST   /admin/v1/devices/:device_no/restore --> git.hyhy.fun/rsplab/iolink/internal/adminapi.(*Server).restoreDevice-fm (4 handlers)
[GIN-debug] PUT    /admin/v1/devices/:device_no/pond --> git.hyhy.fun/rsplab/iolink/internal/adminapi.(*Server).moveDevice-fm (4 handlers)
[GIN-debug] GET    /admin/v1/alarm-rules     --> git.hyhy.fun/rsplab/iolink/internal/adminapi.(*Server).listRules-fm (4 handlers)
[GIN-debug] POST   /admin/v1/alarm-rules     --> git.hyhy.fun/rsplab/iolink/internal/adminapi.(*Server).createRule-fm (4 handlers)
[GIN-debug] PUT    /admin/v1/alarm-rules/:id --> git.hyhy.fun/rsplab/iolink/internal/adminapi.(*Server).updateRule-fm (4 handlers)
[GIN-debug] DELETE /admin/v1/alarm-rules/:id --> git.hyhy.fun/rsplab/iolink/internal/adminapi.(*Server).deleteRule-fm (4 handlers)
[GIN-debug] GET    /admin/v1/alarms          --> git.hyhy.fun/rsplab/iolink/internal/adminapi.(*Server).listAlarms-fm (4 handlers)
[GIN-debug] POST   /admin/v1/alarms/:id/confirm --> git.hyhy.fun/rsplab/iolink/internal/adminapi.(*Server).confirmAlarm-fm (4 handlers)
[GIN-debug] POST   /admin/v1/alarms/batch-confirm --> git.hyhy.fun/rsplab/iolink/internal/adminapi.(*Server).batchConfirm-fm (4 handlers)
[GIN-debug] GET    /admin/v1/stats           --> git.hyhy.fun/rsplab/iolink/internal/adminapi.(*Server).stats-fm (4 handlers)
[GIN-debug] GET    /admin/v1/products        --> git.hyhy.fun/rsplab/iolink/internal/adminapi.(*Server).listProducts-fm (4 handlers)
[GIN-debug] POST   /admin/v1/products        --> git.hyhy.fun/rsplab/iolink/internal/adminapi.(*Server).createProduct-fm (4 handlers)
[GIN-debug] GET    /admin/v1/products/:product_id/models --> git.hyhy.fun/rsplab/iolink/internal/adminapi.(*Server).listProductModels-fm (4 handlers)
[GIN-debug] POST   /admin/v1/products/:product_id/models --> git.hyhy.fun/rsplab/iolink/internal/adminapi.(*Server).createProductModel-fm (4 handlers)
[GIN-debug] POST   /admin/v1/products/:product_id/models/:version/publish --> git.hyhy.fun/rsplab/iolink/internal/adminapi.(*Server).publishProductModel-fm (4 handlers)
[GIN-debug] GET    /admin/v1/devices/:device_no/product --> git.hyhy.fun/rsplab/iolink/internal/adminapi.(*Server).getDeviceProduct-fm (4 handlers)
[GIN-debug] PUT    /admin/v1/devices/:device_no/product --> git.hyhy.fun/rsplab/iolink/internal/adminapi.(*Server).assignDeviceProduct-fm (4 handlers)
2026/10/05 04:47:33 INFO http request request_id=3HW6UMG3YVQEYFKAFFHWEY7MVQ route=/admin/v1/login method=POST status=200 duration_ms=135 tenant_id=0 actor_id=0
2026/10/05 04:47:33 WARN http request request_id=O2CCVEYHO6BEFZ2JQPDPL3WUK6 route=/admin/v1/alarms/:id/confirm method=POST status=404 duration_ms=6 tenant_id=9401 actor_id=9402
    alarm_revocation_http_test.go:95: operation=singular revocation=tenant injected=true status=404 response={"error":"alarm not found"} unchanged=true
=== RUN   TestM6bAlarmHTTPRejectsRevocationAfterAuthentication/singular_platform_authority
    alarm_revocation_http_test.go:43: environment real_timescaledb=2.30.2
[GIN-debug] [WARNING] Running in "debug" mode. Switch to "release" mode in production.
 - using env:	export GIN_MODE=release
 - using code:	gin.SetMode(gin.ReleaseMode)

[GIN-debug] POST   /admin/v1/login           --> git.hyhy.fun/rsplab/iolink/internal/adminapi.(*Server).login-fm (2 handlers)
[GIN-debug] GET    /admin/v1/license         --> git.hyhy.fun/rsplab/iolink/internal/adminapi.(*Server).getLicense-fm (3 handlers)
[GIN-debug] POST   /admin/v1/license         --> git.hyhy.fun/rsplab/iolink/internal/adminapi.(*Server).importLicense-fm (3 handlers)
[GIN-debug] GET    /admin/v1/tenants         --> git.hyhy.fun/rsplab/iolink/internal/adminapi.(*Server).listTenants-fm (3 handlers)
[GIN-debug] PUT    /admin/v1/tenants/:id/status --> git.hyhy.fun/rsplab/iolink/internal/adminapi.(*Server).setTenantStatus-fm (3 handlers)
[GIN-debug] GET    /admin/v1/tenants/:id/members --> git.hyhy.fun/rsplab/iolink/internal/adminapi.(*Server).listTenantMembers-fm (3 handlers)
[GIN-debug] PUT    /admin/v1/tenants/:id/members/:user_id --> git.hyhy.fun/rsplab/iolink/internal/adminapi.(*Server).setTenantMember-fm (3 handlers)
[GIN-debug] POST   /admin/v1/password        --> git.hyhy.fun/rsplab/iolink/internal/adminapi.(*Server).changePassword-fm (3 handlers)
[GIN-debug] GET    /admin/v1/farms           --> git.hyhy.fun/rsplab/iolink/internal/adminapi.(*Server).listFarms-fm (4 handlers)
[GIN-debug] POST   /admin/v1/farms           --> git.hyhy.fun/rsplab/iolink/internal/adminapi.(*Server).createFarm-fm (4 handlers)
[GIN-debug] GET    /admin/v1/users           --> git.hyhy.fun/rsplab/iolink/internal/adminapi.(*Server).listUsers-fm (4 handlers)
[GIN-debug] PUT    /admin/v1/farms/:id       --> git.hyhy.fun/rsplab/iolink/internal/adminapi.(*Server).updateFarm-fm (4 handlers)
[GIN-debug] DELETE /admin/v1/farms/:id       --> git.hyhy.fun/rsplab/iolink/internal/adminapi.(*Server).deleteFarm-fm (4 handlers)
[GIN-debug] PUT    /admin/v1/farms/:id/owner --> git.hyhy.fun/rsplab/iolink/internal/adminapi.(*Server).setFarmOwner-fm (4 handlers)
[GIN-debug] GET    /admin/v1/farms/:id/members --> git.hyhy.fun/rsplab/iolink/internal/adminapi.(*Server).listFarmMembers-fm (4 handlers)
[GIN-debug] PUT    /admin/v1/farms/:id/members/:user_id --> git.hyhy.fun/rsplab/iolink/internal/adminapi.(*Server).setFarmMember-fm (4 handlers)
[GIN-debug] GET    /admin/v1/ponds           --> git.hyhy.fun/rsplab/iolink/internal/adminapi.(*Server).listPonds-fm (4 handlers)
[GIN-debug] POST   /admin/v1/ponds           --> git.hyhy.fun/rsplab/iolink/internal/adminapi.(*Server).createPond-fm (4 handlers)
[GIN-debug] PUT    /admin/v1/ponds/:id       --> git.hyhy.fun/rsplab/iolink/internal/adminapi.(*Server).updatePond-fm (4 handlers)
[GIN-debug] DELETE /admin/v1/ponds/:id       --> git.hyhy.fun/rsplab/iolink/internal/adminapi.(*Server).deletePond-fm (4 handlers)
[GIN-debug] GET    /admin/v1/devices         --> git.hyhy.fun/rsplab/iolink/internal/adminapi.(*Server).listDevices-fm (4 handlers)
[GIN-debug] POST   /admin/v1/devices         --> git.hyhy.fun/rsplab/iolink/internal/adminapi.(*Server).registerDevice-fm (4 handlers)
[GIN-debug] GET    /admin/v1/devices/:device_no --> git.hyhy.fun/rsplab/iolink/internal/adminapi.(*Server).getDevice-fm (4 handlers)
[GIN-debug] DELETE /admin/v1/devices/:device_no --> git.hyhy.fun/rsplab/iolink/internal/adminapi.(*Server).deleteDevice-fm (4 handlers)
[GIN-debug] POST   /admin/v1/devices/:device_no/restore --> git.hyhy.fun/rsplab/iolink/internal/adminapi.(*Server).restoreDevice-fm (4 handlers)
[GIN-debug] PUT    /admin/v1/devices/:device_no/pond --> git.hyhy.fun/rsplab/iolink/internal/adminapi.(*Server).moveDevice-fm (4 handlers)
[GIN-debug] GET    /admin/v1/alarm-rules     --> git.hyhy.fun/rsplab/iolink/internal/adminapi.(*Server).listRules-fm (4 handlers)
[GIN-debug] POST   /admin/v1/alarm-rules     --> git.hyhy.fun/rsplab/iolink/internal/adminapi.(*Server).createRule-fm (4 handlers)
[GIN-debug] PUT    /admin/v1/alarm-rules/:id --> git.hyhy.fun/rsplab/iolink/internal/adminapi.(*Server).updateRule-fm (4 handlers)
[GIN-debug] DELETE /admin/v1/alarm-rules/:id --> git.hyhy.fun/rsplab/iolink/internal/adminapi.(*Server).deleteRule-fm (4 handlers)
[GIN-debug] GET    /admin/v1/alarms          --> git.hyhy.fun/rsplab/iolink/internal/adminapi.(*Server).listAlarms-fm (4 handlers)
[GIN-debug] POST   /admin/v1/alarms/:id/confirm --> git.hyhy.fun/rsplab/iolink/internal/adminapi.(*Server).confirmAlarm-fm (4 handlers)
[GIN-debug] POST   /admin/v1/alarms/batch-confirm --> git.hyhy.fun/rsplab/iolink/internal/adminapi.(*Server).batchConfirm-fm (4 handlers)
[GIN-debug] GET    /admin/v1/stats           --> git.hyhy.fun/rsplab/iolink/internal/adminapi.(*Server).stats-fm (4 handlers)
[GIN-debug] GET    /admin/v1/products        --> git.hyhy.fun/rsplab/iolink/internal/adminapi.(*Server).listProducts-fm (4 handlers)
[GIN-debug] POST   /admin/v1/products        --> git.hyhy.fun/rsplab/iolink/internal/adminapi.(*Server).createProduct-fm (4 handlers)
[GIN-debug] GET    /admin/v1/products/:product_id/models --> git.hyhy.fun/rsplab/iolink/internal/adminapi.(*Server).listProductModels-fm (4 handlers)
[GIN-debug] POST   /admin/v1/products/:product_id/models --> git.hyhy.fun/rsplab/iolink/internal/adminapi.(*Server).createProductModel-fm (4 handlers)
[GIN-debug] POST   /admin/v1/products/:product_id/models/:version/publish --> git.hyhy.fun/rsplab/iolink/internal/adminapi.(*Server).publishProductModel-fm (4 handlers)
[GIN-debug] GET    /admin/v1/devices/:device_no/product --> git.hyhy.fun/rsplab/iolink/internal/adminapi.(*Server).getDeviceProduct-fm (4 handlers)
[GIN-debug] PUT    /admin/v1/devices/:device_no/product --> git.hyhy.fun/rsplab/iolink/internal/adminapi.(*Server).assignDeviceProduct-fm (4 handlers)
2026/10/05 04:47:34 INFO http request request_id=BTMILFBCRXMWLFUT3R2FPBOQS5 route=/admin/v1/login method=POST status=200 duration_ms=139 tenant_id=0 actor_id=0
2026/10/05 04:47:34 WARN http request request_id=WGYCEX5I3MKXV7CZCEXWYPNOVY route=/admin/v1/alarms/:id/confirm method=POST status=404 duration_ms=6 tenant_id=9401 actor_id=9402
    alarm_revocation_http_test.go:95: operation=singular revocation=platform_authority injected=true status=404 response={"error":"alarm not found"} unchanged=true
=== RUN   TestM6bAlarmHTTPRejectsRevocationAfterAuthentication/singular_permission_version
    alarm_revocation_http_test.go:43: environment real_timescaledb=2.30.2
[GIN-debug] [WARNING] Running in "debug" mode. Switch to "release" mode in production.
 - using env:	export GIN_MODE=release
 - using code:	gin.SetMode(gin.ReleaseMode)

[GIN-debug] POST   /admin/v1/login           --> git.hyhy.fun/rsplab/iolink/internal/adminapi.(*Server).login-fm (2 handlers)
[GIN-debug] GET    /admin/v1/license         --> git.hyhy.fun/rsplab/iolink/internal/adminapi.(*Server).getLicense-fm (3 handlers)
[GIN-debug] POST   /admin/v1/license         --> git.hyhy.fun/rsplab/iolink/internal/adminapi.(*Server).importLicense-fm (3 handlers)
[GIN-debug] GET    /admin/v1/tenants         --> git.hyhy.fun/rsplab/iolink/internal/adminapi.(*Server).listTenants-fm (3 handlers)
[GIN-debug] PUT    /admin/v1/tenants/:id/status --> git.hyhy.fun/rsplab/iolink/internal/adminapi.(*Server).setTenantStatus-fm (3 handlers)
[GIN-debug] GET    /admin/v1/tenants/:id/members --> git.hyhy.fun/rsplab/iolink/internal/adminapi.(*Server).listTenantMembers-fm (3 handlers)
[GIN-debug] PUT    /admin/v1/tenants/:id/members/:user_id --> git.hyhy.fun/rsplab/iolink/internal/adminapi.(*Server).setTenantMember-fm (3 handlers)
[GIN-debug] POST   /admin/v1/password        --> git.hyhy.fun/rsplab/iolink/internal/adminapi.(*Server).changePassword-fm (3 handlers)
[GIN-debug] GET    /admin/v1/farms           --> git.hyhy.fun/rsplab/iolink/internal/adminapi.(*Server).listFarms-fm (4 handlers)
[GIN-debug] POST   /admin/v1/farms           --> git.hyhy.fun/rsplab/iolink/internal/adminapi.(*Server).createFarm-fm (4 handlers)
[GIN-debug] GET    /admin/v1/users           --> git.hyhy.fun/rsplab/iolink/internal/adminapi.(*Server).listUsers-fm (4 handlers)
[GIN-debug] PUT    /admin/v1/farms/:id       --> git.hyhy.fun/rsplab/iolink/internal/adminapi.(*Server).updateFarm-fm (4 handlers)
[GIN-debug] DELETE /admin/v1/farms/:id       --> git.hyhy.fun/rsplab/iolink/internal/adminapi.(*Server).deleteFarm-fm (4 handlers)
[GIN-debug] PUT    /admin/v1/farms/:id/owner --> git.hyhy.fun/rsplab/iolink/internal/adminapi.(*Server).setFarmOwner-fm (4 handlers)
[GIN-debug] GET    /admin/v1/farms/:id/members --> git.hyhy.fun/rsplab/iolink/internal/adminapi.(*Server).listFarmMembers-fm (4 handlers)
[GIN-debug] PUT    /admin/v1/farms/:id/members/:user_id --> git.hyhy.fun/rsplab/iolink/internal/adminapi.(*Server).setFarmMember-fm (4 handlers)
[GIN-debug] GET    /admin/v1/ponds           --> git.hyhy.fun/rsplab/iolink/internal/adminapi.(*Server).listPonds-fm (4 handlers)
[GIN-debug] POST   /admin/v1/ponds           --> git.hyhy.fun/rsplab/iolink/internal/adminapi.(*Server).createPond-fm (4 handlers)
[GIN-debug] PUT    /admin/v1/ponds/:id       --> git.hyhy.fun/rsplab/iolink/internal/adminapi.(*Server).updatePond-fm (4 handlers)
[GIN-debug] DELETE /admin/v1/ponds/:id       --> git.hyhy.fun/rsplab/iolink/internal/adminapi.(*Server).deletePond-fm (4 handlers)
[GIN-debug] GET    /admin/v1/devices         --> git.hyhy.fun/rsplab/iolink/internal/adminapi.(*Server).listDevices-fm (4 handlers)
[GIN-debug] POST   /admin/v1/devices         --> git.hyhy.fun/rsplab/iolink/internal/adminapi.(*Server).registerDevice-fm (4 handlers)
[GIN-debug] GET    /admin/v1/devices/:device_no --> git.hyhy.fun/rsplab/iolink/internal/adminapi.(*Server).getDevice-fm (4 handlers)
[GIN-debug] DELETE /admin/v1/devices/:device_no --> git.hyhy.fun/rsplab/iolink/internal/adminapi.(*Server).deleteDevice-fm (4 handlers)
[GIN-debug] POST   /admin/v1/devices/:device_no/restore --> git.hyhy.fun/rsplab/iolink/internal/adminapi.(*Server).restoreDevice-fm (4 handlers)
[GIN-debug] PUT    /admin/v1/devices/:device_no/pond --> git.hyhy.fun/rsplab/iolink/internal/adminapi.(*Server).moveDevice-fm (4 handlers)
[GIN-debug] GET    /admin/v1/alarm-rules     --> git.hyhy.fun/rsplab/iolink/internal/adminapi.(*Server).listRules-fm (4 handlers)
[GIN-debug] POST   /admin/v1/alarm-rules     --> git.hyhy.fun/rsplab/iolink/internal/adminapi.(*Server).createRule-fm (4 handlers)
[GIN-debug] PUT    /admin/v1/alarm-rules/:id --> git.hyhy.fun/rsplab/iolink/internal/adminapi.(*Server).updateRule-fm (4 handlers)
[GIN-debug] DELETE /admin/v1/alarm-rules/:id --> git.hyhy.fun/rsplab/iolink/internal/adminapi.(*Server).deleteRule-fm (4 handlers)
[GIN-debug] GET    /admin/v1/alarms          --> git.hyhy.fun/rsplab/iolink/internal/adminapi.(*Server).listAlarms-fm (4 handlers)
[GIN-debug] POST   /admin/v1/alarms/:id/confirm --> git.hyhy.fun/rsplab/iolink/internal/adminapi.(*Server).confirmAlarm-fm (4 handlers)
[GIN-debug] POST   /admin/v1/alarms/batch-confirm --> git.hyhy.fun/rsplab/iolink/internal/adminapi.(*Server).batchConfirm-fm (4 handlers)
[GIN-debug] GET    /admin/v1/stats           --> git.hyhy.fun/rsplab/iolink/internal/adminapi.(*Server).stats-fm (4 handlers)
[GIN-debug] GET    /admin/v1/products        --> git.hyhy.fun/rsplab/iolink/internal/adminapi.(*Server).listProducts-fm (4 handlers)
[GIN-debug] POST   /admin/v1/products        --> git.hyhy.fun/rsplab/iolink/internal/adminapi.(*Server).createProduct-fm (4 handlers)
[GIN-debug] GET    /admin/v1/products/:product_id/models --> git.hyhy.fun/rsplab/iolink/internal/adminapi.(*Server).listProductModels-fm (4 handlers)
[GIN-debug] POST   /admin/v1/products/:product_id/models --> git.hyhy.fun/rsplab/iolink/internal/adminapi.(*Server).createProductModel-fm (4 handlers)
[GIN-debug] POST   /admin/v1/products/:product_id/models/:version/publish --> git.hyhy.fun/rsplab/iolink/internal/adminapi.(*Server).publishProductModel-fm (4 handlers)
[GIN-debug] GET    /admin/v1/devices/:device_no/product --> git.hyhy.fun/rsplab/iolink/internal/adminapi.(*Server).getDeviceProduct-fm (4 handlers)
[GIN-debug] PUT    /admin/v1/devices/:device_no/product --> git.hyhy.fun/rsplab/iolink/internal/adminapi.(*Server).assignDeviceProduct-fm (4 handlers)
2026/10/05 04:47:35 INFO http request request_id=KIY6UVLXBOLGEQ2PLJIEHZXGQV route=/admin/v1/login method=POST status=200 duration_ms=131 tenant_id=0 actor_id=0
2026/10/05 04:47:35 WARN http request request_id=Q4QJDWSM2K5XJKULBKYTYLYQLY route=/admin/v1/alarms/:id/confirm method=POST status=404 duration_ms=5 tenant_id=9401 actor_id=9402
    alarm_revocation_http_test.go:95: operation=singular revocation=permission_version injected=true status=404 response={"error":"alarm not found"} unchanged=true
--- PASS: TestM6bAlarmHTTPRejectsRevocationAfterAuthentication (8.06s)
    --- PASS: TestM6bAlarmHTTPRejectsRevocationAfterAuthentication/batch_role (0.79s)
    --- PASS: TestM6bAlarmHTTPRejectsRevocationAfterAuthentication/batch_membership (0.80s)
    --- PASS: TestM6bAlarmHTTPRejectsRevocationAfterAuthentication/batch_tenant (0.80s)
    --- PASS: TestM6bAlarmHTTPRejectsRevocationAfterAuthentication/batch_platform_authority (0.82s)
    --- PASS: TestM6bAlarmHTTPRejectsRevocationAfterAuthentication/batch_permission_version (0.81s)
    --- PASS: TestM6bAlarmHTTPRejectsRevocationAfterAuthentication/singular_role (0.82s)
    --- PASS: TestM6bAlarmHTTPRejectsRevocationAfterAuthentication/singular_membership (0.80s)
    --- PASS: TestM6bAlarmHTTPRejectsRevocationAfterAuthentication/singular_tenant (0.80s)
    --- PASS: TestM6bAlarmHTTPRejectsRevocationAfterAuthentication/singular_platform_authority (0.81s)
    --- PASS: TestM6bAlarmHTTPRejectsRevocationAfterAuthentication/singular_permission_version (0.80s)
=== RUN   TestDeviceSecretIsRandomAndReturnedOnlyOnCreation
--- PASS: TestDeviceSecretIsRandomAndReturnedOnlyOnCreation (0.64s)
=== RUN   TestReviewerMemberGrantRejectsCommittedActorRevocation
=== RUN   TestReviewerMemberGrantRejectsCommittedActorRevocation/role
    tenant_write_revocation_http_test.go:41: environment real_timescaledb=2.30.2
[GIN-debug] [WARNING] Running in "debug" mode. Switch to "release" mode in production.
 - using env:	export GIN_MODE=release
 - using code:	gin.SetMode(gin.ReleaseMode)

[GIN-debug] POST   /admin/v1/login           --> git.hyhy.fun/rsplab/iolink/internal/adminapi.(*Server).login-fm (2 handlers)
[GIN-debug] GET    /admin/v1/license         --> git.hyhy.fun/rsplab/iolink/internal/adminapi.(*Server).getLicense-fm (3 handlers)
[GIN-debug] POST   /admin/v1/license         --> git.hyhy.fun/rsplab/iolink/internal/adminapi.(*Server).importLicense-fm (3 handlers)
[GIN-debug] GET    /admin/v1/tenants         --> git.hyhy.fun/rsplab/iolink/internal/adminapi.(*Server).listTenants-fm (3 handlers)
[GIN-debug] PUT    /admin/v1/tenants/:id/status --> git.hyhy.fun/rsplab/iolink/internal/adminapi.(*Server).setTenantStatus-fm (3 handlers)
[GIN-debug] GET    /admin/v1/tenants/:id/members --> git.hyhy.fun/rsplab/iolink/internal/adminapi.(*Server).listTenantMembers-fm (3 handlers)
[GIN-debug] PUT    /admin/v1/tenants/:id/members/:user_id --> git.hyhy.fun/rsplab/iolink/internal/adminapi.(*Server).setTenantMember-fm (3 handlers)
[GIN-debug] POST   /admin/v1/password        --> git.hyhy.fun/rsplab/iolink/internal/adminapi.(*Server).changePassword-fm (3 handlers)
[GIN-debug] GET    /admin/v1/farms           --> git.hyhy.fun/rsplab/iolink/internal/adminapi.(*Server).listFarms-fm (4 handlers)
[GIN-debug] POST   /admin/v1/farms           --> git.hyhy.fun/rsplab/iolink/internal/adminapi.(*Server).createFarm-fm (4 handlers)
[GIN-debug] GET    /admin/v1/users           --> git.hyhy.fun/rsplab/iolink/internal/adminapi.(*Server).listUsers-fm (4 handlers)
[GIN-debug] PUT    /admin/v1/farms/:id       --> git.hyhy.fun/rsplab/iolink/internal/adminapi.(*Server).updateFarm-fm (4 handlers)
[GIN-debug] DELETE /admin/v1/farms/:id       --> git.hyhy.fun/rsplab/iolink/internal/adminapi.(*Server).deleteFarm-fm (4 handlers)
[GIN-debug] PUT    /admin/v1/farms/:id/owner --> git.hyhy.fun/rsplab/iolink/internal/adminapi.(*Server).setFarmOwner-fm (4 handlers)
[GIN-debug] GET    /admin/v1/farms/:id/members --> git.hyhy.fun/rsplab/iolink/internal/adminapi.(*Server).listFarmMembers-fm (4 handlers)
[GIN-debug] PUT    /admin/v1/farms/:id/members/:user_id --> git.hyhy.fun/rsplab/iolink/internal/adminapi.(*Server).setFarmMember-fm (4 handlers)
[GIN-debug] GET    /admin/v1/ponds           --> git.hyhy.fun/rsplab/iolink/internal/adminapi.(*Server).listPonds-fm (4 handlers)
[GIN-debug] POST   /admin/v1/ponds           --> git.hyhy.fun/rsplab/iolink/internal/adminapi.(*Server).createPond-fm (4 handlers)
[GIN-debug] PUT    /admin/v1/ponds/:id       --> git.hyhy.fun/rsplab/iolink/internal/adminapi.(*Server).updatePond-fm (4 handlers)
[GIN-debug] DELETE /admin/v1/ponds/:id       --> git.hyhy.fun/rsplab/iolink/internal/adminapi.(*Server).deletePond-fm (4 handlers)
[GIN-debug] GET    /admin/v1/devices         --> git.hyhy.fun/rsplab/iolink/internal/adminapi.(*Server).listDevices-fm (4 handlers)
[GIN-debug] POST   /admin/v1/devices         --> git.hyhy.fun/rsplab/iolink/internal/adminapi.(*Server).registerDevice-fm (4 handlers)
[GIN-debug] GET    /admin/v1/devices/:device_no --> git.hyhy.fun/rsplab/iolink/internal/adminapi.(*Server).getDevice-fm (4 handlers)
[GIN-debug] DELETE /admin/v1/devices/:device_no --> git.hyhy.fun/rsplab/iolink/internal/adminapi.(*Server).deleteDevice-fm (4 handlers)
[GIN-debug] POST   /admin/v1/devices/:device_no/restore --> git.hyhy.fun/rsplab/iolink/internal/adminapi.(*Server).restoreDevice-fm (4 handlers)
[GIN-debug] PUT    /admin/v1/devices/:device_no/pond --> git.hyhy.fun/rsplab/iolink/internal/adminapi.(*Server).moveDevice-fm (4 handlers)
[GIN-debug] GET    /admin/v1/alarm-rules     --> git.hyhy.fun/rsplab/iolink/internal/adminapi.(*Server).listRules-fm (4 handlers)
[GIN-debug] POST   /admin/v1/alarm-rules     --> git.hyhy.fun/rsplab/iolink/internal/adminapi.(*Server).createRule-fm (4 handlers)
[GIN-debug] PUT    /admin/v1/alarm-rules/:id --> git.hyhy.fun/rsplab/iolink/internal/adminapi.(*Server).updateRule-fm (4 handlers)
[GIN-debug] DELETE /admin/v1/alarm-rules/:id --> git.hyhy.fun/rsplab/iolink/internal/adminapi.(*Server).deleteRule-fm (4 handlers)
[GIN-debug] GET    /admin/v1/alarms          --> git.hyhy.fun/rsplab/iolink/internal/adminapi.(*Server).listAlarms-fm (4 handlers)
[GIN-debug] POST   /admin/v1/alarms/:id/confirm --> git.hyhy.fun/rsplab/iolink/internal/adminapi.(*Server).confirmAlarm-fm (4 handlers)
[GIN-debug] POST   /admin/v1/alarms/batch-confirm --> git.hyhy.fun/rsplab/iolink/internal/adminapi.(*Server).batchConfirm-fm (4 handlers)
[GIN-debug] GET    /admin/v1/stats           --> git.hyhy.fun/rsplab/iolink/internal/adminapi.(*Server).stats-fm (4 handlers)
[GIN-debug] GET    /admin/v1/products        --> git.hyhy.fun/rsplab/iolink/internal/adminapi.(*Server).listProducts-fm (4 handlers)
[GIN-debug] POST   /admin/v1/products        --> git.hyhy.fun/rsplab/iolink/internal/adminapi.(*Server).createProduct-fm (4 handlers)
[GIN-debug] GET    /admin/v1/products/:product_id/models --> git.hyhy.fun/rsplab/iolink/internal/adminapi.(*Server).listProductModels-fm (4 handlers)
[GIN-debug] POST   /admin/v1/products/:product_id/models --> git.hyhy.fun/rsplab/iolink/internal/adminapi.(*Server).createProductModel-fm (4 handlers)
[GIN-debug] POST   /admin/v1/products/:product_id/models/:version/publish --> git.hyhy.fun/rsplab/iolink/internal/adminapi.(*Server).publishProductModel-fm (4 handlers)
[GIN-debug] GET    /admin/v1/devices/:device_no/product --> git.hyhy.fun/rsplab/iolink/internal/adminapi.(*Server).getDeviceProduct-fm (4 handlers)
[GIN-debug] PUT    /admin/v1/devices/:device_no/product --> git.hyhy.fun/rsplab/iolink/internal/adminapi.(*Server).assignDeviceProduct-fm (4 handlers)
2026/10/05 04:47:36 INFO http request request_id=WUJI6SG6RJN4WZBQ2276VR6IB7 route=/admin/v1/login method=POST status=200 duration_ms=140 tenant_id=0 actor_id=0
2026/10/05 04:47:36 WARN http request request_id=T5WRZAIG3GMTC5DH7BY76TIEKM route=/admin/v1/tenants/:id/members/:user_id method=PUT status=403 duration_ms=4 tenant_id=9401 actor_id=9402
    tenant_write_revocation_http_test.go:68: http method=PUT path=/admin/v1/tenants/9401/members/9401 status=403 response={"error":"forbidden"}
    tenant_write_revocation_http_test.go:73: source=9120469 member_change=role injected=true status=403 before="owner" after="owner" response={"error":"forbidden"}
=== RUN   TestReviewerMemberGrantRejectsCommittedActorRevocation/membership
    tenant_write_revocation_http_test.go:41: environment real_timescaledb=2.30.2
[GIN-debug] [WARNING] Running in "debug" mode. Switch to "release" mode in production.
 - using env:	export GIN_MODE=release
 - using code:	gin.SetMode(gin.ReleaseMode)

[GIN-debug] POST   /admin/v1/login           --> git.hyhy.fun/rsplab/iolink/internal/adminapi.(*Server).login-fm (2 handlers)
[GIN-debug] GET    /admin/v1/license         --> git.hyhy.fun/rsplab/iolink/internal/adminapi.(*Server).getLicense-fm (3 handlers)
[GIN-debug] POST   /admin/v1/license         --> git.hyhy.fun/rsplab/iolink/internal/adminapi.(*Server).importLicense-fm (3 handlers)
[GIN-debug] GET    /admin/v1/tenants         --> git.hyhy.fun/rsplab/iolink/internal/adminapi.(*Server).listTenants-fm (3 handlers)
[GIN-debug] PUT    /admin/v1/tenants/:id/status --> git.hyhy.fun/rsplab/iolink/internal/adminapi.(*Server).setTenantStatus-fm (3 handlers)
[GIN-debug] GET    /admin/v1/tenants/:id/members --> git.hyhy.fun/rsplab/iolink/internal/adminapi.(*Server).listTenantMembers-fm (3 handlers)
[GIN-debug] PUT    /admin/v1/tenants/:id/members/:user_id --> git.hyhy.fun/rsplab/iolink/internal/adminapi.(*Server).setTenantMember-fm (3 handlers)
[GIN-debug] POST   /admin/v1/password        --> git.hyhy.fun/rsplab/iolink/internal/adminapi.(*Server).changePassword-fm (3 handlers)
[GIN-debug] GET    /admin/v1/farms           --> git.hyhy.fun/rsplab/iolink/internal/adminapi.(*Server).listFarms-fm (4 handlers)
[GIN-debug] POST   /admin/v1/farms           --> git.hyhy.fun/rsplab/iolink/internal/adminapi.(*Server).createFarm-fm (4 handlers)
[GIN-debug] GET    /admin/v1/users           --> git.hyhy.fun/rsplab/iolink/internal/adminapi.(*Server).listUsers-fm (4 handlers)
[GIN-debug] PUT    /admin/v1/farms/:id       --> git.hyhy.fun/rsplab/iolink/internal/adminapi.(*Server).updateFarm-fm (4 handlers)
[GIN-debug] DELETE /admin/v1/farms/:id       --> git.hyhy.fun/rsplab/iolink/internal/adminapi.(*Server).deleteFarm-fm (4 handlers)
[GIN-debug] PUT    /admin/v1/farms/:id/owner --> git.hyhy.fun/rsplab/iolink/internal/adminapi.(*Server).setFarmOwner-fm (4 handlers)
[GIN-debug] GET    /admin/v1/farms/:id/members --> git.hyhy.fun/rsplab/iolink/internal/adminapi.(*Server).listFarmMembers-fm (4 handlers)
[GIN-debug] PUT    /admin/v1/farms/:id/members/:user_id --> git.hyhy.fun/rsplab/iolink/internal/adminapi.(*Server).setFarmMember-fm (4 handlers)
[GIN-debug] GET    /admin/v1/ponds           --> git.hyhy.fun/rsplab/iolink/internal/adminapi.(*Server).listPonds-fm (4 handlers)
[GIN-debug] POST   /admin/v1/ponds           --> git.hyhy.fun/rsplab/iolink/internal/adminapi.(*Server).createPond-fm (4 handlers)
[GIN-debug] PUT    /admin/v1/ponds/:id       --> git.hyhy.fun/rsplab/iolink/internal/adminapi.(*Server).updatePond-fm (4 handlers)
[GIN-debug] DELETE /admin/v1/ponds/:id       --> git.hyhy.fun/rsplab/iolink/internal/adminapi.(*Server).deletePond-fm (4 handlers)
[GIN-debug] GET    /admin/v1/devices         --> git.hyhy.fun/rsplab/iolink/internal/adminapi.(*Server).listDevices-fm (4 handlers)
[GIN-debug] POST   /admin/v1/devices         --> git.hyhy.fun/rsplab/iolink/internal/adminapi.(*Server).registerDevice-fm (4 handlers)
[GIN-debug] GET    /admin/v1/devices/:device_no --> git.hyhy.fun/rsplab/iolink/internal/adminapi.(*Server).getDevice-fm (4 handlers)
[GIN-debug] DELETE /admin/v1/devices/:device_no --> git.hyhy.fun/rsplab/iolink/internal/adminapi.(*Server).deleteDevice-fm (4 handlers)
[GIN-debug] POST   /admin/v1/devices/:device_no/restore --> git.hyhy.fun/rsplab/iolink/internal/adminapi.(*Server).restoreDevice-fm (4 handlers)
[GIN-debug] PUT    /admin/v1/devices/:device_no/pond --> git.hyhy.fun/rsplab/iolink/internal/adminapi.(*Server).moveDevice-fm (4 handlers)
[GIN-debug] GET    /admin/v1/alarm-rules     --> git.hyhy.fun/rsplab/iolink/internal/adminapi.(*Server).listRules-fm (4 handlers)
[GIN-debug] POST   /admin/v1/alarm-rules     --> git.hyhy.fun/rsplab/iolink/internal/adminapi.(*Server).createRule-fm (4 handlers)
[GIN-debug] PUT    /admin/v1/alarm-rules/:id --> git.hyhy.fun/rsplab/iolink/internal/adminapi.(*Server).updateRule-fm (4 handlers)
[GIN-debug] DELETE /admin/v1/alarm-rules/:id --> git.hyhy.fun/rsplab/iolink/internal/adminapi.(*Server).deleteRule-fm (4 handlers)
[GIN-debug] GET    /admin/v1/alarms          --> git.hyhy.fun/rsplab/iolink/internal/adminapi.(*Server).listAlarms-fm (4 handlers)
[GIN-debug] POST   /admin/v1/alarms/:id/confirm --> git.hyhy.fun/rsplab/iolink/internal/adminapi.(*Server).confirmAlarm-fm (4 handlers)
[GIN-debug] POST   /admin/v1/alarms/batch-confirm --> git.hyhy.fun/rsplab/iolink/internal/adminapi.(*Server).batchConfirm-fm (4 handlers)
[GIN-debug] GET    /admin/v1/stats           --> git.hyhy.fun/rsplab/iolink/internal/adminapi.(*Server).stats-fm (4 handlers)
[GIN-debug] GET    /admin/v1/products        --> git.hyhy.fun/rsplab/iolink/internal/adminapi.(*Server).listProducts-fm (4 handlers)
[GIN-debug] POST   /admin/v1/products        --> git.hyhy.fun/rsplab/iolink/internal/adminapi.(*Server).createProduct-fm (4 handlers)
[GIN-debug] GET    /admin/v1/products/:product_id/models --> git.hyhy.fun/rsplab/iolink/internal/adminapi.(*Server).listProductModels-fm (4 handlers)
[GIN-debug] POST   /admin/v1/products/:product_id/models --> git.hyhy.fun/rsplab/iolink/internal/adminapi.(*Server).createProductModel-fm (4 handlers)
[GIN-debug] POST   /admin/v1/products/:product_id/models/:version/publish --> git.hyhy.fun/rsplab/iolink/internal/adminapi.(*Server).publishProductModel-fm (4 handlers)
[GIN-debug] GET    /admin/v1/devices/:device_no/product --> git.hyhy.fun/rsplab/iolink/internal/adminapi.(*Server).getDeviceProduct-fm (4 handlers)
[GIN-debug] PUT    /admin/v1/devices/:device_no/product --> git.hyhy.fun/rsplab/iolink/internal/adminapi.(*Server).assignDeviceProduct-fm (4 handlers)
2026/10/05 04:47:37 INFO http request request_id=RAV2TND5N36QJ2ZBCUAOMQJWGU route=/admin/v1/login method=POST status=200 duration_ms=148 tenant_id=0 actor_id=0
2026/10/05 04:47:37 WARN http request request_id=LZFUL5RMH5GYI7FDUHLMZY5OUC route=/admin/v1/tenants/:id/members/:user_id method=PUT status=403 duration_ms=4 tenant_id=9401 actor_id=9402
    tenant_write_revocation_http_test.go:68: http method=PUT path=/admin/v1/tenants/9401/members/9401 status=403 response={"error":"forbidden"}
    tenant_write_revocation_http_test.go:73: source=9120469 member_change=membership injected=true status=403 before="owner" after="owner" response={"error":"forbidden"}
=== RUN   TestReviewerMemberGrantRejectsCommittedActorRevocation/tenant
    tenant_write_revocation_http_test.go:41: environment real_timescaledb=2.30.2
[GIN-debug] [WARNING] Running in "debug" mode. Switch to "release" mode in production.
 - using env:	export GIN_MODE=release
 - using code:	gin.SetMode(gin.ReleaseMode)

[GIN-debug] POST   /admin/v1/login           --> git.hyhy.fun/rsplab/iolink/internal/adminapi.(*Server).login-fm (2 handlers)
[GIN-debug] GET    /admin/v1/license         --> git.hyhy.fun/rsplab/iolink/internal/adminapi.(*Server).getLicense-fm (3 handlers)
[GIN-debug] POST   /admin/v1/license         --> git.hyhy.fun/rsplab/iolink/internal/adminapi.(*Server).importLicense-fm (3 handlers)
[GIN-debug] GET    /admin/v1/tenants         --> git.hyhy.fun/rsplab/iolink/internal/adminapi.(*Server).listTenants-fm (3 handlers)
[GIN-debug] PUT    /admin/v1/tenants/:id/status --> git.hyhy.fun/rsplab/iolink/internal/adminapi.(*Server).setTenantStatus-fm (3 handlers)
[GIN-debug] GET    /admin/v1/tenants/:id/members --> git.hyhy.fun/rsplab/iolink/internal/adminapi.(*Server).listTenantMembers-fm (3 handlers)
[GIN-debug] PUT    /admin/v1/tenants/:id/members/:user_id --> git.hyhy.fun/rsplab/iolink/internal/adminapi.(*Server).setTenantMember-fm (3 handlers)
[GIN-debug] POST   /admin/v1/password        --> git.hyhy.fun/rsplab/iolink/internal/adminapi.(*Server).changePassword-fm (3 handlers)
[GIN-debug] GET    /admin/v1/farms           --> git.hyhy.fun/rsplab/iolink/internal/adminapi.(*Server).listFarms-fm (4 handlers)
[GIN-debug] POST   /admin/v1/farms           --> git.hyhy.fun/rsplab/iolink/internal/adminapi.(*Server).createFarm-fm (4 handlers)
[GIN-debug] GET    /admin/v1/users           --> git.hyhy.fun/rsplab/iolink/internal/adminapi.(*Server).listUsers-fm (4 handlers)
[GIN-debug] PUT    /admin/v1/farms/:id       --> git.hyhy.fun/rsplab/iolink/internal/adminapi.(*Server).updateFarm-fm (4 handlers)
[GIN-debug] DELETE /admin/v1/farms/:id       --> git.hyhy.fun/rsplab/iolink/internal/adminapi.(*Server).deleteFarm-fm (4 handlers)
[GIN-debug] PUT    /admin/v1/farms/:id/owner --> git.hyhy.fun/rsplab/iolink/internal/adminapi.(*Server).setFarmOwner-fm (4 handlers)
[GIN-debug] GET    /admin/v1/farms/:id/members --> git.hyhy.fun/rsplab/iolink/internal/adminapi.(*Server).listFarmMembers-fm (4 handlers)
[GIN-debug] PUT    /admin/v1/farms/:id/members/:user_id --> git.hyhy.fun/rsplab/iolink/internal/adminapi.(*Server).setFarmMember-fm (4 handlers)
[GIN-debug] GET    /admin/v1/ponds           --> git.hyhy.fun/rsplab/iolink/internal/adminapi.(*Server).listPonds-fm (4 handlers)
[GIN-debug] POST   /admin/v1/ponds           --> git.hyhy.fun/rsplab/iolink/internal/adminapi.(*Server).createPond-fm (4 handlers)
[GIN-debug] PUT    /admin/v1/ponds/:id       --> git.hyhy.fun/rsplab/iolink/internal/adminapi.(*Server).updatePond-fm (4 handlers)
[GIN-debug] DELETE /admin/v1/ponds/:id       --> git.hyhy.fun/rsplab/iolink/internal/adminapi.(*Server).deletePond-fm (4 handlers)
[GIN-debug] GET    /admin/v1/devices         --> git.hyhy.fun/rsplab/iolink/internal/adminapi.(*Server).listDevices-fm (4 handlers)
[GIN-debug] POST   /admin/v1/devices         --> git.hyhy.fun/rsplab/iolink/internal/adminapi.(*Server).registerDevice-fm (4 handlers)
[GIN-debug] GET    /admin/v1/devices/:device_no --> git.hyhy.fun/rsplab/iolink/internal/adminapi.(*Server).getDevice-fm (4 handlers)
[GIN-debug] DELETE /admin/v1/devices/:device_no --> git.hyhy.fun/rsplab/iolink/internal/adminapi.(*Server).deleteDevice-fm (4 handlers)
[GIN-debug] POST   /admin/v1/devices/:device_no/restore --> git.hyhy.fun/rsplab/iolink/internal/adminapi.(*Server).restoreDevice-fm (4 handlers)
[GIN-debug] PUT    /admin/v1/devices/:device_no/pond --> git.hyhy.fun/rsplab/iolink/internal/adminapi.(*Server).moveDevice-fm (4 handlers)
[GIN-debug] GET    /admin/v1/alarm-rules     --> git.hyhy.fun/rsplab/iolink/internal/adminapi.(*Server).listRules-fm (4 handlers)
[GIN-debug] POST   /admin/v1/alarm-rules     --> git.hyhy.fun/rsplab/iolink/internal/adminapi.(*Server).createRule-fm (4 handlers)
[GIN-debug] PUT    /admin/v1/alarm-rules/:id --> git.hyhy.fun/rsplab/iolink/internal/adminapi.(*Server).updateRule-fm (4 handlers)
[GIN-debug] DELETE /admin/v1/alarm-rules/:id --> git.hyhy.fun/rsplab/iolink/internal/adminapi.(*Server).deleteRule-fm (4 handlers)
[GIN-debug] GET    /admin/v1/alarms          --> git.hyhy.fun/rsplab/iolink/internal/adminapi.(*Server).listAlarms-fm (4 handlers)
[GIN-debug] POST   /admin/v1/alarms/:id/confirm --> git.hyhy.fun/rsplab/iolink/internal/adminapi.(*Server).confirmAlarm-fm (4 handlers)
[GIN-debug] POST   /admin/v1/alarms/batch-confirm --> git.hyhy.fun/rsplab/iolink/internal/adminapi.(*Server).batchConfirm-fm (4 handlers)
[GIN-debug] GET    /admin/v1/stats           --> git.hyhy.fun/rsplab/iolink/internal/adminapi.(*Server).stats-fm (4 handlers)
[GIN-debug] GET    /admin/v1/products        --> git.hyhy.fun/rsplab/iolink/internal/adminapi.(*Server).listProducts-fm (4 handlers)
[GIN-debug] POST   /admin/v1/products        --> git.hyhy.fun/rsplab/iolink/internal/adminapi.(*Server).createProduct-fm (4 handlers)
[GIN-debug] GET    /admin/v1/products/:product_id/models --> git.hyhy.fun/rsplab/iolink/internal/adminapi.(*Server).listProductModels-fm (4 handlers)
[GIN-debug] POST   /admin/v1/products/:product_id/models --> git.hyhy.fun/rsplab/iolink/internal/adminapi.(*Server).createProductModel-fm (4 handlers)
[GIN-debug] POST   /admin/v1/products/:product_id/models/:version/publish --> git.hyhy.fun/rsplab/iolink/internal/adminapi.(*Server).publishProductModel-fm (4 handlers)
[GIN-debug] GET    /admin/v1/devices/:device_no/product --> git.hyhy.fun/rsplab/iolink/internal/adminapi.(*Server).getDeviceProduct-fm (4 handlers)
[GIN-debug] PUT    /admin/v1/devices/:device_no/product --> git.hyhy.fun/rsplab/iolink/internal/adminapi.(*Server).assignDeviceProduct-fm (4 handlers)
2026/10/05 04:47:38 INFO http request request_id=JHNWHP5IYGU452WDPVCQPCAQLI route=/admin/v1/login method=POST status=200 duration_ms=154 tenant_id=0 actor_id=0
2026/10/05 04:47:38 WARN http request request_id=PZS7BYLRL2VYMUJQCXLCK7PLH4 route=/admin/v1/tenants/:id/members/:user_id method=PUT status=403 duration_ms=4 tenant_id=9401 actor_id=9402
    tenant_write_revocation_http_test.go:68: http method=PUT path=/admin/v1/tenants/9401/members/9401 status=403 response={"error":"forbidden"}
    tenant_write_revocation_http_test.go:73: source=9120469 member_change=tenant injected=true status=403 before="owner" after="owner" response={"error":"forbidden"}
=== RUN   TestReviewerMemberGrantRejectsCommittedActorRevocation/platform_authority
    tenant_write_revocation_http_test.go:41: environment real_timescaledb=2.30.2
[GIN-debug] [WARNING] Running in "debug" mode. Switch to "release" mode in production.
 - using env:	export GIN_MODE=release
 - using code:	gin.SetMode(gin.ReleaseMode)

[GIN-debug] POST   /admin/v1/login           --> git.hyhy.fun/rsplab/iolink/internal/adminapi.(*Server).login-fm (2 handlers)
[GIN-debug] GET    /admin/v1/license         --> git.hyhy.fun/rsplab/iolink/internal/adminapi.(*Server).getLicense-fm (3 handlers)
[GIN-debug] POST   /admin/v1/license         --> git.hyhy.fun/rsplab/iolink/internal/adminapi.(*Server).importLicense-fm (3 handlers)
[GIN-debug] GET    /admin/v1/tenants         --> git.hyhy.fun/rsplab/iolink/internal/adminapi.(*Server).listTenants-fm (3 handlers)
[GIN-debug] PUT    /admin/v1/tenants/:id/status --> git.hyhy.fun/rsplab/iolink/internal/adminapi.(*Server).setTenantStatus-fm (3 handlers)
[GIN-debug] GET    /admin/v1/tenants/:id/members --> git.hyhy.fun/rsplab/iolink/internal/adminapi.(*Server).listTenantMembers-fm (3 handlers)
[GIN-debug] PUT    /admin/v1/tenants/:id/members/:user_id --> git.hyhy.fun/rsplab/iolink/internal/adminapi.(*Server).setTenantMember-fm (3 handlers)
[GIN-debug] POST   /admin/v1/password        --> git.hyhy.fun/rsplab/iolink/internal/adminapi.(*Server).changePassword-fm (3 handlers)
[GIN-debug] GET    /admin/v1/farms           --> git.hyhy.fun/rsplab/iolink/internal/adminapi.(*Server).listFarms-fm (4 handlers)
[GIN-debug] POST   /admin/v1/farms           --> git.hyhy.fun/rsplab/iolink/internal/adminapi.(*Server).createFarm-fm (4 handlers)
[GIN-debug] GET    /admin/v1/users           --> git.hyhy.fun/rsplab/iolink/internal/adminapi.(*Server).listUsers-fm (4 handlers)
[GIN-debug] PUT    /admin/v1/farms/:id       --> git.hyhy.fun/rsplab/iolink/internal/adminapi.(*Server).updateFarm-fm (4 handlers)
[GIN-debug] DELETE /admin/v1/farms/:id       --> git.hyhy.fun/rsplab/iolink/internal/adminapi.(*Server).deleteFarm-fm (4 handlers)
[GIN-debug] PUT    /admin/v1/farms/:id/owner --> git.hyhy.fun/rsplab/iolink/internal/adminapi.(*Server).setFarmOwner-fm (4 handlers)
[GIN-debug] GET    /admin/v1/farms/:id/members --> git.hyhy.fun/rsplab/iolink/internal/adminapi.(*Server).listFarmMembers-fm (4 handlers)
[GIN-debug] PUT    /admin/v1/farms/:id/members/:user_id --> git.hyhy.fun/rsplab/iolink/internal/adminapi.(*Server).setFarmMember-fm (4 handlers)
[GIN-debug] GET    /admin/v1/ponds           --> git.hyhy.fun/rsplab/iolink/internal/adminapi.(*Server).listPonds-fm (4 handlers)
[GIN-debug] POST   /admin/v1/ponds           --> git.hyhy.fun/rsplab/iolink/internal/adminapi.(*Server).createPond-fm (4 handlers)
[GIN-debug] PUT    /admin/v1/ponds/:id       --> git.hyhy.fun/rsplab/iolink/internal/adminapi.(*Server).updatePond-fm (4 handlers)
[GIN-debug] DELETE /admin/v1/ponds/:id       --> git.hyhy.fun/rsplab/iolink/internal/adminapi.(*Server).deletePond-fm (4 handlers)
[GIN-debug] GET    /admin/v1/devices         --> git.hyhy.fun/rsplab/iolink/internal/adminapi.(*Server).listDevices-fm (4 handlers)
[GIN-debug] POST   /admin/v1/devices         --> git.hyhy.fun/rsplab/iolink/internal/adminapi.(*Server).registerDevice-fm (4 handlers)
[GIN-debug] GET    /admin/v1/devices/:device_no --> git.hyhy.fun/rsplab/iolink/internal/adminapi.(*Server).getDevice-fm (4 handlers)
[GIN-debug] DELETE /admin/v1/devices/:device_no --> git.hyhy.fun/rsplab/iolink/internal/adminapi.(*Server).deleteDevice-fm (4 handlers)
[GIN-debug] POST   /admin/v1/devices/:device_no/restore --> git.hyhy.fun/rsplab/iolink/internal/adminapi.(*Server).restoreDevice-fm (4 handlers)
[GIN-debug] PUT    /admin/v1/devices/:device_no/pond --> git.hyhy.fun/rsplab/iolink/internal/adminapi.(*Server).moveDevice-fm (4 handlers)
[GIN-debug] GET    /admin/v1/alarm-rules     --> git.hyhy.fun/rsplab/iolink/internal/adminapi.(*Server).listRules-fm (4 handlers)
[GIN-debug] POST   /admin/v1/alarm-rules     --> git.hyhy.fun/rsplab/iolink/internal/adminapi.(*Server).createRule-fm (4 handlers)
[GIN-debug] PUT    /admin/v1/alarm-rules/:id --> git.hyhy.fun/rsplab/iolink/internal/adminapi.(*Server).updateRule-fm (4 handlers)
[GIN-debug] DELETE /admin/v1/alarm-rules/:id --> git.hyhy.fun/rsplab/iolink/internal/adminapi.(*Server).deleteRule-fm (4 handlers)
[GIN-debug] GET    /admin/v1/alarms          --> git.hyhy.fun/rsplab/iolink/internal/adminapi.(*Server).listAlarms-fm (4 handlers)
[GIN-debug] POST   /admin/v1/alarms/:id/confirm --> git.hyhy.fun/rsplab/iolink/internal/adminapi.(*Server).confirmAlarm-fm (4 handlers)
[GIN-debug] POST   /admin/v1/alarms/batch-confirm --> git.hyhy.fun/rsplab/iolink/internal/adminapi.(*Server).batchConfirm-fm (4 handlers)
[GIN-debug] GET    /admin/v1/stats           --> git.hyhy.fun/rsplab/iolink/internal/adminapi.(*Server).stats-fm (4 handlers)
[GIN-debug] GET    /admin/v1/products        --> git.hyhy.fun/rsplab/iolink/internal/adminapi.(*Server).listProducts-fm (4 handlers)
[GIN-debug] POST   /admin/v1/products        --> git.hyhy.fun/rsplab/iolink/internal/adminapi.(*Server).createProduct-fm (4 handlers)
[GIN-debug] GET    /admin/v1/products/:product_id/models --> git.hyhy.fun/rsplab/iolink/internal/adminapi.(*Server).listProductModels-fm (4 handlers)
[GIN-debug] POST   /admin/v1/products/:product_id/models --> git.hyhy.fun/rsplab/iolink/internal/adminapi.(*Server).createProductModel-fm (4 handlers)
[GIN-debug] POST   /admin/v1/products/:product_id/models/:version/publish --> git.hyhy.fun/rsplab/iolink/internal/adminapi.(*Server).publishProductModel-fm (4 handlers)
[GIN-debug] GET    /admin/v1/devices/:device_no/product --> git.hyhy.fun/rsplab/iolink/internal/adminapi.(*Server).getDeviceProduct-fm (4 handlers)
[GIN-debug] PUT    /admin/v1/devices/:device_no/product --> git.hyhy.fun/rsplab/iolink/internal/adminapi.(*Server).assignDeviceProduct-fm (4 handlers)
2026/10/05 04:47:39 INFO http request request_id=EEMV3YPPJIVRIKYIRIJ3J2RJ5D route=/admin/v1/login method=POST status=200 duration_ms=146 tenant_id=0 actor_id=0
2026/10/05 04:47:39 WARN http request request_id=SVR5H7VG7CEDZIGSZOYVW3KWZJ route=/admin/v1/tenants/:id/members/:user_id method=PUT status=403 duration_ms=4 tenant_id=9401 actor_id=9402
    tenant_write_revocation_http_test.go:68: http method=PUT path=/admin/v1/tenants/9401/members/9401 status=403 response={"error":"forbidden"}
    tenant_write_revocation_http_test.go:73: source=9120469 member_change=platform_authority injected=true status=403 before="owner" after="owner" response={"error":"forbidden"}
--- PASS: TestReviewerMemberGrantRejectsCommittedActorRevocation (3.21s)
    --- PASS: TestReviewerMemberGrantRejectsCommittedActorRevocation/role (0.79s)
    --- PASS: TestReviewerMemberGrantRejectsCommittedActorRevocation/membership (0.81s)
    --- PASS: TestReviewerMemberGrantRejectsCommittedActorRevocation/tenant (0.82s)
    --- PASS: TestReviewerMemberGrantRejectsCommittedActorRevocation/platform_authority (0.79s)
=== RUN   TestAppResourceHTTPWhenManagerTokenLosesAuthority
=== RUN   TestAppResourceHTTPWhenManagerTokenLosesAuthority/role
    app_resource_scope_http_test.go:170: environment real_timescaledb=2.30.2
[GIN-debug] [WARNING] Running in "debug" mode. Switch to "release" mode in production.
 - using env:	export GIN_MODE=release
 - using code:	gin.SetMode(gin.ReleaseMode)

[GIN-debug] POST   /api/v1/auth/login        --> git.hyhy.fun/rsplab/iolink/internal/appapi.(*Server).login-fm (2 handlers)
[GIN-debug] GET    /api/v1/auth/tenants      --> git.hyhy.fun/rsplab/iolink/internal/appapi.(*Server).listTenants-fm (3 handlers)
[GIN-debug] POST   /api/v1/auth/tenant       --> git.hyhy.fun/rsplab/iolink/internal/appapi.(*Server).switchTenant-fm (3 handlers)
[GIN-debug] GET    /api/v1/ponds             --> git.hyhy.fun/rsplab/iolink/internal/appapi.(*Server).listPonds-fm (3 handlers)
[GIN-debug] GET    /api/v1/ponds/:id         --> git.hyhy.fun/rsplab/iolink/internal/appapi.(*Server).getPond-fm (3 handlers)
[GIN-debug] GET    /api/v1/devices           --> git.hyhy.fun/rsplab/iolink/internal/appapi.(*Server).listDevices-fm (3 handlers)
[GIN-debug] GET    /api/v1/devices/:device_no --> git.hyhy.fun/rsplab/iolink/internal/appapi.(*Server).getDevice-fm (3 handlers)
[GIN-debug] GET    /api/v1/water/latest      --> git.hyhy.fun/rsplab/iolink/internal/appapi.(*Server).waterLatest-fm (3 handlers)
[GIN-debug] GET    /api/v1/water/history     --> git.hyhy.fun/rsplab/iolink/internal/appapi.(*Server).waterHistory-fm (3 handlers)
[GIN-debug] GET    /api/v1/alarms            --> git.hyhy.fun/rsplab/iolink/internal/appapi.(*Server).listAlarms-fm (3 handlers)
[GIN-debug] GET    /api/v1/stats/summary     --> git.hyhy.fun/rsplab/iolink/internal/appapi.(*Server).statsSummary-fm (3 handlers)
[GIN-debug] POST   /api/v1/alarms/:id/confirm --> git.hyhy.fun/rsplab/iolink/internal/appapi.(*Server).confirmAlarm-fm (3 handlers)
[GIN-debug] POST   /api/v2/devices/:device_no/telemetry --> git.hyhy.fun/rsplab/iolink/internal/appapi.(*Server).submitTelemetryV2-fm (3 handlers)
[GIN-debug] GET    /api/v2/devices/:device_no/model/latest --> git.hyhy.fun/rsplab/iolink/internal/appapi.(*Server).modelLatestV2-fm (3 handlers)
[GIN-debug] GET    /api/v2/devices/:device_no/history --> git.hyhy.fun/rsplab/iolink/internal/appapi.(*Server).telemetryHistoryV2-fm (3 handlers)
    app_resource_scope_http_test.go:187: http method=GET path=/api/v2/devices/v2-hidden/model/latest status=401 response={"error":"tenant membership revoked"}
    app_resource_scope_http_test.go:190: scenario=role_revocation status=401 before={"alarms": [], "outbox": [], "shadows": [], "telemetry": [], "sensor_data": []} after={"alarms": [], "outbox": [], "shadows": [], "telemetry": [], "sensor_data": []}
    app_resource_scope_http_test.go:187: http method=POST path=/api/v2/devices/v2-hidden/telemetry status=401 response={"error":"tenant membership revoked"}
    app_resource_scope_http_test.go:190: scenario=role_revocation status=401 before={"alarms": [], "outbox": [], "shadows": [], "telemetry": [], "sensor_data": []} after={"alarms": [], "outbox": [], "shadows": [], "telemetry": [], "sensor_data": []}
=== RUN   TestAppResourceHTTPWhenManagerTokenLosesAuthority/membership
    app_resource_scope_http_test.go:170: environment real_timescaledb=2.30.2
[GIN-debug] [WARNING] Running in "debug" mode. Switch to "release" mode in production.
 - using env:	export GIN_MODE=release
 - using code:	gin.SetMode(gin.ReleaseMode)

[GIN-debug] POST   /api/v1/auth/login        --> git.hyhy.fun/rsplab/iolink/internal/appapi.(*Server).login-fm (2 handlers)
[GIN-debug] GET    /api/v1/auth/tenants      --> git.hyhy.fun/rsplab/iolink/internal/appapi.(*Server).listTenants-fm (3 handlers)
[GIN-debug] POST   /api/v1/auth/tenant       --> git.hyhy.fun/rsplab/iolink/internal/appapi.(*Server).switchTenant-fm (3 handlers)
[GIN-debug] GET    /api/v1/ponds             --> git.hyhy.fun/rsplab/iolink/internal/appapi.(*Server).listPonds-fm (3 handlers)
[GIN-debug] GET    /api/v1/ponds/:id         --> git.hyhy.fun/rsplab/iolink/internal/appapi.(*Server).getPond-fm (3 handlers)
[GIN-debug] GET    /api/v1/devices           --> git.hyhy.fun/rsplab/iolink/internal/appapi.(*Server).listDevices-fm (3 handlers)
[GIN-debug] GET    /api/v1/devices/:device_no --> git.hyhy.fun/rsplab/iolink/internal/appapi.(*Server).getDevice-fm (3 handlers)
[GIN-debug] GET    /api/v1/water/latest      --> git.hyhy.fun/rsplab/iolink/internal/appapi.(*Server).waterLatest-fm (3 handlers)
[GIN-debug] GET    /api/v1/water/history     --> git.hyhy.fun/rsplab/iolink/internal/appapi.(*Server).waterHistory-fm (3 handlers)
[GIN-debug] GET    /api/v1/alarms            --> git.hyhy.fun/rsplab/iolink/internal/appapi.(*Server).listAlarms-fm (3 handlers)
[GIN-debug] GET    /api/v1/stats/summary     --> git.hyhy.fun/rsplab/iolink/internal/appapi.(*Server).statsSummary-fm (3 handlers)
[GIN-debug] POST   /api/v1/alarms/:id/confirm --> git.hyhy.fun/rsplab/iolink/internal/appapi.(*Server).confirmAlarm-fm (3 handlers)
[GIN-debug] POST   /api/v2/devices/:device_no/telemetry --> git.hyhy.fun/rsplab/iolink/internal/appapi.(*Server).submitTelemetryV2-fm (3 handlers)
[GIN-debug] GET    /api/v2/devices/:device_no/model/latest --> git.hyhy.fun/rsplab/iolink/internal/appapi.(*Server).modelLatestV2-fm (3 handlers)
[GIN-debug] GET    /api/v2/devices/:device_no/history --> git.hyhy.fun/rsplab/iolink/internal/appapi.(*Server).telemetryHistoryV2-fm (3 handlers)
    app_resource_scope_http_test.go:187: http method=GET path=/api/v2/devices/v2-hidden/model/latest status=401 response={"error":"tenant membership revoked"}
    app_resource_scope_http_test.go:190: scenario=membership_revocation status=401 before={"alarms": [], "outbox": [], "shadows": [], "telemetry": [], "sensor_data": []} after={"alarms": [], "outbox": [], "shadows": [], "telemetry": [], "sensor_data": []}
    app_resource_scope_http_test.go:187: http method=POST path=/api/v2/devices/v2-hidden/telemetry status=401 response={"error":"tenant membership revoked"}
    app_resource_scope_http_test.go:190: scenario=membership_revocation status=401 before={"alarms": [], "outbox": [], "shadows": [], "telemetry": [], "sensor_data": []} after={"alarms": [], "outbox": [], "shadows": [], "telemetry": [], "sensor_data": []}
=== RUN   TestAppResourceHTTPWhenManagerTokenLosesAuthority/platform_authority
    app_resource_scope_http_test.go:170: environment real_timescaledb=2.30.2
[GIN-debug] [WARNING] Running in "debug" mode. Switch to "release" mode in production.
 - using env:	export GIN_MODE=release
 - using code:	gin.SetMode(gin.ReleaseMode)

[GIN-debug] POST   /api/v1/auth/login        --> git.hyhy.fun/rsplab/iolink/internal/appapi.(*Server).login-fm (2 handlers)
[GIN-debug] GET    /api/v1/auth/tenants      --> git.hyhy.fun/rsplab/iolink/internal/appapi.(*Server).listTenants-fm (3 handlers)
[GIN-debug] POST   /api/v1/auth/tenant       --> git.hyhy.fun/rsplab/iolink/internal/appapi.(*Server).switchTenant-fm (3 handlers)
[GIN-debug] GET    /api/v1/ponds             --> git.hyhy.fun/rsplab/iolink/internal/appapi.(*Server).listPonds-fm (3 handlers)
[GIN-debug] GET    /api/v1/ponds/:id         --> git.hyhy.fun/rsplab/iolink/internal/appapi.(*Server).getPond-fm (3 handlers)
[GIN-debug] GET    /api/v1/devices           --> git.hyhy.fun/rsplab/iolink/internal/appapi.(*Server).listDevices-fm (3 handlers)
[GIN-debug] GET    /api/v1/devices/:device_no --> git.hyhy.fun/rsplab/iolink/internal/appapi.(*Server).getDevice-fm (3 handlers)
[GIN-debug] GET    /api/v1/water/latest      --> git.hyhy.fun/rsplab/iolink/internal/appapi.(*Server).waterLatest-fm (3 handlers)
[GIN-debug] GET    /api/v1/water/history     --> git.hyhy.fun/rsplab/iolink/internal/appapi.(*Server).waterHistory-fm (3 handlers)
[GIN-debug] GET    /api/v1/alarms            --> git.hyhy.fun/rsplab/iolink/internal/appapi.(*Server).listAlarms-fm (3 handlers)
[GIN-debug] GET    /api/v1/stats/summary     --> git.hyhy.fun/rsplab/iolink/internal/appapi.(*Server).statsSummary-fm (3 handlers)
[GIN-debug] POST   /api/v1/alarms/:id/confirm --> git.hyhy.fun/rsplab/iolink/internal/appapi.(*Server).confirmAlarm-fm (3 handlers)
[GIN-debug] POST   /api/v2/devices/:device_no/telemetry --> git.hyhy.fun/rsplab/iolink/internal/appapi.(*Server).submitTelemetryV2-fm (3 handlers)
[GIN-debug] GET    /api/v2/devices/:device_no/model/latest --> git.hyhy.fun/rsplab/iolink/internal/appapi.(*Server).modelLatestV2-fm (3 handlers)
[GIN-debug] GET    /api/v2/devices/:device_no/history --> git.hyhy.fun/rsplab/iolink/internal/appapi.(*Server).telemetryHistoryV2-fm (3 handlers)
    app_resource_scope_http_test.go:187: http method=GET path=/api/v2/devices/v2-hidden/model/latest status=401 response={"error":"token revoked"}
    app_resource_scope_http_test.go:190: scenario=platform_authority_revocation status=401 before={"alarms": [], "outbox": [], "shadows": [], "telemetry": [], "sensor_data": []} after={"alarms": [], "outbox": [], "shadows": [], "telemetry": [], "sensor_data": []}
    app_resource_scope_http_test.go:187: http method=POST path=/api/v2/devices/v2-hidden/telemetry status=401 response={"error":"token revoked"}
    app_resource_scope_http_test.go:190: scenario=platform_authority_revocation status=401 before={"alarms": [], "outbox": [], "shadows": [], "telemetry": [], "sensor_data": []} after={"alarms": [], "outbox": [], "shadows": [], "telemetry": [], "sensor_data": []}
--- PASS: TestAppResourceHTTPWhenManagerTokenLosesAuthority (2.31s)
    --- PASS: TestAppResourceHTTPWhenManagerTokenLosesAuthority/role (0.76s)
    --- PASS: TestAppResourceHTTPWhenManagerTokenLosesAuthority/membership (0.78s)
    --- PASS: TestAppResourceHTTPWhenManagerTokenLosesAuthority/platform_authority (0.78s)
=== RUN   TestCreateFarmAssignsDefaultTenantMembership
--- PASS: TestCreateFarmAssignsDefaultTenantMembership (0.78s)
=== RUN   TestAuthenticationStatusAndRestart
--- PASS: TestAuthenticationStatusAndRestart (0.79s)
=== RUN   TestHistoryHTTPWithRealDatabase
[GIN-debug] [WARNING] Running in "debug" mode. Switch to "release" mode in production.
 - using env:	export GIN_MODE=release
 - using code:	gin.SetMode(gin.ReleaseMode)

[GIN-debug] POST   /api/v1/auth/login        --> git.hyhy.fun/rsplab/iolink/internal/appapi.(*Server).login-fm (2 handlers)
[GIN-debug] GET    /api/v1/auth/tenants      --> git.hyhy.fun/rsplab/iolink/internal/appapi.(*Server).listTenants-fm (3 handlers)
[GIN-debug] POST   /api/v1/auth/tenant       --> git.hyhy.fun/rsplab/iolink/internal/appapi.(*Server).switchTenant-fm (3 handlers)
[GIN-debug] GET    /api/v1/ponds             --> git.hyhy.fun/rsplab/iolink/internal/appapi.(*Server).listPonds-fm (3 handlers)
[GIN-debug] GET    /api/v1/ponds/:id         --> git.hyhy.fun/rsplab/iolink/internal/appapi.(*Server).getPond-fm (3 handlers)
[GIN-debug] GET    /api/v1/devices           --> git.hyhy.fun/rsplab/iolink/internal/appapi.(*Server).listDevices-fm (3 handlers)
[GIN-debug] GET    /api/v1/devices/:device_no --> git.hyhy.fun/rsplab/iolink/internal/appapi.(*Server).getDevice-fm (3 handlers)
[GIN-debug] GET    /api/v1/water/latest      --> git.hyhy.fun/rsplab/iolink/internal/appapi.(*Server).waterLatest-fm (3 handlers)
[GIN-debug] GET    /api/v1/water/history     --> git.hyhy.fun/rsplab/iolink/internal/appapi.(*Server).waterHistory-fm (3 handlers)
[GIN-debug] GET    /api/v1/alarms            --> git.hyhy.fun/rsplab/iolink/internal/appapi.(*Server).listAlarms-fm (3 handlers)
[GIN-debug] GET    /api/v1/stats/summary     --> git.hyhy.fun/rsplab/iolink/internal/appapi.(*Server).statsSummary-fm (3 handlers)
[GIN-debug] POST   /api/v1/alarms/:id/confirm --> git.hyhy.fun/rsplab/iolink/internal/appapi.(*Server).confirmAlarm-fm (3 handlers)
[GIN-debug] POST   /api/v2/devices/:device_no/telemetry --> git.hyhy.fun/rsplab/iolink/internal/appapi.(*Server).submitTelemetryV2-fm (3 handlers)
[GIN-debug] GET    /api/v2/devices/:device_no/model/latest --> git.hyhy.fun/rsplab/iolink/internal/appapi.(*Server).modelLatestV2-fm (3 handlers)
[GIN-debug] GET    /api/v2/devices/:device_no/history --> git.hyhy.fun/rsplab/iolink/internal/appapi.(*Server).telemetryHistoryV2-fm (3 handlers)
--- PASS: TestHistoryHTTPWithRealDatabase (0.78s)
=== RUN   TestM6bTenantMembershipVersionAndRevocation
    m6b_tenant_test.go:188: inactive tenant telemetry error=no rows in result set
--- PASS: TestM6bTenantMembershipVersionAndRevocation (0.55s)
=== RUN   TestHistoryBoundedAndInvalidRules
--- PASS: TestHistoryBoundedAndInvalidRules (0.60s)
=== RUN   TestAppTelemetryWriteRoleBoundary
=== RUN   TestAppTelemetryWriteRoleBoundary/owner
    telemetry_permission_http_test.go:26: environment real_timescaledb=2.30.2
[GIN-debug] [WARNING] Running in "debug" mode. Switch to "release" mode in production.
 - using env:	export GIN_MODE=release
 - using code:	gin.SetMode(gin.ReleaseMode)

[GIN-debug] POST   /api/v1/auth/login        --> git.hyhy.fun/rsplab/iolink/internal/appapi.(*Server).login-fm (2 handlers)
[GIN-debug] GET    /api/v1/auth/tenants      --> git.hyhy.fun/rsplab/iolink/internal/appapi.(*Server).listTenants-fm (3 handlers)
[GIN-debug] POST   /api/v1/auth/tenant       --> git.hyhy.fun/rsplab/iolink/internal/appapi.(*Server).switchTenant-fm (3 handlers)
[GIN-debug] GET    /api/v1/ponds             --> git.hyhy.fun/rsplab/iolink/internal/appapi.(*Server).listPonds-fm (3 handlers)
[GIN-debug] GET    /api/v1/ponds/:id         --> git.hyhy.fun/rsplab/iolink/internal/appapi.(*Server).getPond-fm (3 handlers)
[GIN-debug] GET    /api/v1/devices           --> git.hyhy.fun/rsplab/iolink/internal/appapi.(*Server).listDevices-fm (3 handlers)
[GIN-debug] GET    /api/v1/devices/:device_no --> git.hyhy.fun/rsplab/iolink/internal/appapi.(*Server).getDevice-fm (3 handlers)
[GIN-debug] GET    /api/v1/water/latest      --> git.hyhy.fun/rsplab/iolink/internal/appapi.(*Server).waterLatest-fm (3 handlers)
[GIN-debug] GET    /api/v1/water/history     --> git.hyhy.fun/rsplab/iolink/internal/appapi.(*Server).waterHistory-fm (3 handlers)
[GIN-debug] GET    /api/v1/alarms            --> git.hyhy.fun/rsplab/iolink/internal/appapi.(*Server).listAlarms-fm (3 handlers)
[GIN-debug] GET    /api/v1/stats/summary     --> git.hyhy.fun/rsplab/iolink/internal/appapi.(*Server).statsSummary-fm (3 handlers)
[GIN-debug] POST   /api/v1/alarms/:id/confirm --> git.hyhy.fun/rsplab/iolink/internal/appapi.(*Server).confirmAlarm-fm (3 handlers)
[GIN-debug] POST   /api/v2/devices/:device_no/telemetry --> git.hyhy.fun/rsplab/iolink/internal/appapi.(*Server).submitTelemetryV2-fm (3 handlers)
[GIN-debug] GET    /api/v2/devices/:device_no/model/latest --> git.hyhy.fun/rsplab/iolink/internal/appapi.(*Server).modelLatestV2-fm (3 handlers)
[GIN-debug] GET    /api/v2/devices/:device_no/history --> git.hyhy.fun/rsplab/iolink/internal/appapi.(*Server).telemetryHistoryV2-fm (3 handlers)
    telemetry_permission_http_test.go:45: scenario=app_owner_v2-foreign post_status=404 response={"error":"not_found"}
    telemetry_permission_http_test.go:53: scenario=app_owner login_status=200 post_status=202 response={"device_no":"v2-permission","model_version":1,"accepted":["temperature"],"rejected":[]} before={"alarms": [], "outbox": [], "shadows": [], "telemetry": [], "sensor_data": []} after={"alarms": [{"id": 1, "level": "warning", "metric": "temperature", "message": "temperature 高于阈值 20", "pond_id": 9401, "device_no": "v2-permission", "threshold": 20, "created_at": "2026-10-01T00:00:00+00:00", "product_id": 1, "confirmed_at": null, "current_value": 25}], "outbox": [{"id": 1, "status": "pending", "next_at": "2026-10-04T20:47:45.388284+00:00", "alarm_id": 1, "attempts": 0, "created_at": "2026-10-04T20:47:45.388284+00:00", "last_error": null, "updated_at": "2026-10-04T20:47:45.388284+00:00", "lease_owner": null, "leased_until": null, "recipient_open_id": null}], "shadows": [{"ts": "2026-10-01T00:00:00+00:00", "last": {"temperature": 25}, "signal": null, "pond_id": 9401, "device_no": "v2-permission", "tenant_id": 9401, "product_id": 1, "timestamps": {"temperature": "2026-10-01T00:00:00Z"}, "model_version": 1}], "telemetry": [{"ts": "2026-10-01T00:00:00+00:00", "pond_id": 9401, "device_no": "v2-permission", "tenant_id": 9401, "product_id": 1, "properties": {"temperature": 25}, "model_version": 1}], "sensor_data": [{"ph": null, "ts": "2026-10-01T00:00:00+00:00", "signal": null, "battery": null, "pond_id": 9401, "salinity": null, "device_no": "v2-permission", "tenant_id": 9401, "turbidity": null, "temperature": 25, "dissolved_oxygen": null}]}
    telemetry_permission_http_test.go:66: scenario=app_owner_live_downgrade post_status=401 response={"error":"tenant membership revoked"} before={"alarms": [{"id": 1, "level": "warning", "metric": "temperature", "message": "temperature 高于阈值 20", "pond_id": 9401, "device_no": "v2-permission", "threshold": 20, "created_at": "2026-10-01T00:00:00+00:00", "product_id": 1, "confirmed_at": null, "current_value": 25}], "outbox": [{"id": 1, "status": "pending", "next_at": "2026-10-04T20:47:45.388284+00:00", "alarm_id": 1, "attempts": 0, "created_at": "2026-10-04T20:47:45.388284+00:00", "last_error": null, "updated_at": "2026-10-04T20:47:45.388284+00:00", "lease_owner": null, "leased_until": null, "recipient_open_id": null}], "shadows": [{"ts": "2026-10-01T00:00:00+00:00", "last": {"temperature": 25}, "signal": null, "pond_id": 9401, "device_no": "v2-permission", "tenant_id": 9401, "product_id": 1, "timestamps": {"temperature": "2026-10-01T00:00:00Z"}, "model_version": 1}], "telemetry": [{"ts": "2026-10-01T00:00:00+00:00", "pond_id": 9401, "device_no": "v2-permission", "tenant_id": 9401, "product_id": 1, "properties": {"temperature": 25}, "model_version": 1}], "sensor_data": [{"ph": null, "ts": "2026-10-01T00:00:00+00:00", "signal": null, "battery": null, "pond_id": 9401, "salinity": null, "device_no": "v2-permission", "tenant_id": 9401, "turbidity": null, "temperature": 25, "dissolved_oxygen": null}]} after={"alarms": [{"id": 1, "level": "warning", "metric": "temperature", "message": "temperature 高于阈值 20", "pond_id": 9401, "device_no": "v2-permission", "threshold": 20, "created_at": "2026-10-01T00:00:00+00:00", "product_id": 1, "confirmed_at": null, "current_value": 25}], "outbox": [{"id": 1, "status": "pending", "next_at": "2026-10-04T20:47:45.388284+00:00", "alarm_id": 1, "attempts": 0, "created_at": "2026-10-04T20:47:45.388284+00:00", "last_error": null, "updated_at": "2026-10-04T20:47:45.388284+00:00", "lease_owner": null, "leased_until": null, "recipient_open_id": null}], "shadows": [{"ts": "2026-10-01T00:00:00+00:00", "last": {"temperature": 25}, "signal": null, "pond_id": 9401, "device_no": "v2-permission", "tenant_id": 9401, "product_id": 1, "timestamps": {"temperature": "2026-10-01T00:00:00Z"}, "model_version": 1}], "telemetry": [{"ts": "2026-10-01T00:00:00+00:00", "pond_id": 9401, "device_no": "v2-permission", "tenant_id": 9401, "product_id": 1, "properties": {"temperature": 25}, "model_version": 1}], "sensor_data": [{"ph": null, "ts": "2026-10-01T00:00:00+00:00", "signal": null, "battery": null, "pond_id": 9401, "salinity": null, "device_no": "v2-permission", "tenant_id": 9401, "turbidity": null, "temperature": 25, "dissolved_oxygen": null}]}
=== RUN   TestAppTelemetryWriteRoleBoundary/admin
    telemetry_permission_http_test.go:26: environment real_timescaledb=2.30.2
[GIN-debug] [WARNING] Running in "debug" mode. Switch to "release" mode in production.
 - using env:	export GIN_MODE=release
 - using code:	gin.SetMode(gin.ReleaseMode)

[GIN-debug] POST   /api/v1/auth/login        --> git.hyhy.fun/rsplab/iolink/internal/appapi.(*Server).login-fm (2 handlers)
[GIN-debug] GET    /api/v1/auth/tenants      --> git.hyhy.fun/rsplab/iolink/internal/appapi.(*Server).listTenants-fm (3 handlers)
[GIN-debug] POST   /api/v1/auth/tenant       --> git.hyhy.fun/rsplab/iolink/internal/appapi.(*Server).switchTenant-fm (3 handlers)
[GIN-debug] GET    /api/v1/ponds             --> git.hyhy.fun/rsplab/iolink/internal/appapi.(*Server).listPonds-fm (3 handlers)
[GIN-debug] GET    /api/v1/ponds/:id         --> git.hyhy.fun/rsplab/iolink/internal/appapi.(*Server).getPond-fm (3 handlers)
[GIN-debug] GET    /api/v1/devices           --> git.hyhy.fun/rsplab/iolink/internal/appapi.(*Server).listDevices-fm (3 handlers)
[GIN-debug] GET    /api/v1/devices/:device_no --> git.hyhy.fun/rsplab/iolink/internal/appapi.(*Server).getDevice-fm (3 handlers)
[GIN-debug] GET    /api/v1/water/latest      --> git.hyhy.fun/rsplab/iolink/internal/appapi.(*Server).waterLatest-fm (3 handlers)
[GIN-debug] GET    /api/v1/water/history     --> git.hyhy.fun/rsplab/iolink/internal/appapi.(*Server).waterHistory-fm (3 handlers)
[GIN-debug] GET    /api/v1/alarms            --> git.hyhy.fun/rsplab/iolink/internal/appapi.(*Server).listAlarms-fm (3 handlers)
[GIN-debug] GET    /api/v1/stats/summary     --> git.hyhy.fun/rsplab/iolink/internal/appapi.(*Server).statsSummary-fm (3 handlers)
[GIN-debug] POST   /api/v1/alarms/:id/confirm --> git.hyhy.fun/rsplab/iolink/internal/appapi.(*Server).confirmAlarm-fm (3 handlers)
[GIN-debug] POST   /api/v2/devices/:device_no/telemetry --> git.hyhy.fun/rsplab/iolink/internal/appapi.(*Server).submitTelemetryV2-fm (3 handlers)
[GIN-debug] GET    /api/v2/devices/:device_no/model/latest --> git.hyhy.fun/rsplab/iolink/internal/appapi.(*Server).modelLatestV2-fm (3 handlers)
[GIN-debug] GET    /api/v2/devices/:device_no/history --> git.hyhy.fun/rsplab/iolink/internal/appapi.(*Server).telemetryHistoryV2-fm (3 handlers)
    telemetry_permission_http_test.go:45: scenario=app_admin_v2-foreign post_status=404 response={"error":"not_found"}
    telemetry_permission_http_test.go:53: scenario=app_admin login_status=200 post_status=202 response={"device_no":"v2-permission","model_version":1,"accepted":["temperature"],"rejected":[]} before={"alarms": [], "outbox": [], "shadows": [], "telemetry": [], "sensor_data": []} after={"alarms": [{"id": 1, "level": "warning", "metric": "temperature", "message": "temperature 高于阈值 20", "pond_id": 9401, "device_no": "v2-permission", "threshold": 20, "created_at": "2026-10-01T00:00:00+00:00", "product_id": 1, "confirmed_at": null, "current_value": 25}], "outbox": [{"id": 1, "status": "pending", "next_at": "2026-10-04T20:47:45.946837+00:00", "alarm_id": 1, "attempts": 0, "created_at": "2026-10-04T20:47:45.946837+00:00", "last_error": null, "updated_at": "2026-10-04T20:47:45.946837+00:00", "lease_owner": null, "leased_until": null, "recipient_open_id": null}], "shadows": [{"ts": "2026-10-01T00:00:00+00:00", "last": {"temperature": 25}, "signal": null, "pond_id": 9401, "device_no": "v2-permission", "tenant_id": 9401, "product_id": 1, "timestamps": {"temperature": "2026-10-01T00:00:00Z"}, "model_version": 1}], "telemetry": [{"ts": "2026-10-01T00:00:00+00:00", "pond_id": 9401, "device_no": "v2-permission", "tenant_id": 9401, "product_id": 1, "properties": {"temperature": 25}, "model_version": 1}], "sensor_data": [{"ph": null, "ts": "2026-10-01T00:00:00+00:00", "signal": null, "battery": null, "pond_id": 9401, "salinity": null, "device_no": "v2-permission", "tenant_id": 9401, "turbidity": null, "temperature": 25, "dissolved_oxygen": null}]}
    telemetry_permission_http_test.go:66: scenario=app_admin_live_downgrade post_status=401 response={"error":"tenant membership revoked"} before={"alarms": [{"id": 1, "level": "warning", "metric": "temperature", "message": "temperature 高于阈值 20", "pond_id": 9401, "device_no": "v2-permission", "threshold": 20, "created_at": "2026-10-01T00:00:00+00:00", "product_id": 1, "confirmed_at": null, "current_value": 25}], "outbox": [{"id": 1, "status": "pending", "next_at": "2026-10-04T20:47:45.946837+00:00", "alarm_id": 1, "attempts": 0, "created_at": "2026-10-04T20:47:45.946837+00:00", "last_error": null, "updated_at": "2026-10-04T20:47:45.946837+00:00", "lease_owner": null, "leased_until": null, "recipient_open_id": null}], "shadows": [{"ts": "2026-10-01T00:00:00+00:00", "last": {"temperature": 25}, "signal": null, "pond_id": 9401, "device_no": "v2-permission", "tenant_id": 9401, "product_id": 1, "timestamps": {"temperature": "2026-10-01T00:00:00Z"}, "model_version": 1}], "telemetry": [{"ts": "2026-10-01T00:00:00+00:00", "pond_id": 9401, "device_no": "v2-permission", "tenant_id": 9401, "product_id": 1, "properties": {"temperature": 25}, "model_version": 1}], "sensor_data": [{"ph": null, "ts": "2026-10-01T00:00:00+00:00", "signal": null, "battery": null, "pond_id": 9401, "salinity": null, "device_no": "v2-permission", "tenant_id": 9401, "turbidity": null, "temperature": 25, "dissolved_oxygen": null}]} after={"alarms": [{"id": 1, "level": "warning", "metric": "temperature", "message": "temperature 高于阈值 20", "pond_id": 9401, "device_no": "v2-permission", "threshold": 20, "created_at": "2026-10-01T00:00:00+00:00", "product_id": 1, "confirmed_at": null, "current_value": 25}], "outbox": [{"id": 1, "status": "pending", "next_at": "2026-10-04T20:47:45.946837+00:00", "alarm_id": 1, "attempts": 0, "created_at": "2026-10-04T20:47:45.946837+00:00", "last_error": null, "updated_at": "2026-10-04T20:47:45.946837+00:00", "lease_owner": null, "leased_until": null, "recipient_open_id": null}], "shadows": [{"ts": "2026-10-01T00:00:00+00:00", "last": {"temperature": 25}, "signal": null, "pond_id": 9401, "device_no": "v2-permission", "tenant_id": 9401, "product_id": 1, "timestamps": {"temperature": "2026-10-01T00:00:00Z"}, "model_version": 1}], "telemetry": [{"ts": "2026-10-01T00:00:00+00:00", "pond_id": 9401, "device_no": "v2-permission", "tenant_id": 9401, "product_id": 1, "properties": {"temperature": 25}, "model_version": 1}], "sensor_data": [{"ph": null, "ts": "2026-10-01T00:00:00+00:00", "signal": null, "battery": null, "pond_id": 9401, "salinity": null, "device_no": "v2-permission", "tenant_id": 9401, "turbidity": null, "temperature": 25, "dissolved_oxygen": null}]}
=== RUN   TestAppTelemetryWriteRoleBoundary/viewer
    telemetry_permission_http_test.go:26: environment real_timescaledb=2.30.2
[GIN-debug] [WARNING] Running in "debug" mode. Switch to "release" mode in production.
 - using env:	export GIN_MODE=release
 - using code:	gin.SetMode(gin.ReleaseMode)

[GIN-debug] POST   /api/v1/auth/login        --> git.hyhy.fun/rsplab/iolink/internal/appapi.(*Server).login-fm (2 handlers)
[GIN-debug] GET    /api/v1/auth/tenants      --> git.hyhy.fun/rsplab/iolink/internal/appapi.(*Server).listTenants-fm (3 handlers)
[GIN-debug] POST   /api/v1/auth/tenant       --> git.hyhy.fun/rsplab/iolink/internal/appapi.(*Server).switchTenant-fm (3 handlers)
[GIN-debug] GET    /api/v1/ponds             --> git.hyhy.fun/rsplab/iolink/internal/appapi.(*Server).listPonds-fm (3 handlers)
[GIN-debug] GET    /api/v1/ponds/:id         --> git.hyhy.fun/rsplab/iolink/internal/appapi.(*Server).getPond-fm (3 handlers)
[GIN-debug] GET    /api/v1/devices           --> git.hyhy.fun/rsplab/iolink/internal/appapi.(*Server).listDevices-fm (3 handlers)
[GIN-debug] GET    /api/v1/devices/:device_no --> git.hyhy.fun/rsplab/iolink/internal/appapi.(*Server).getDevice-fm (3 handlers)
[GIN-debug] GET    /api/v1/water/latest      --> git.hyhy.fun/rsplab/iolink/internal/appapi.(*Server).waterLatest-fm (3 handlers)
[GIN-debug] GET    /api/v1/water/history     --> git.hyhy.fun/rsplab/iolink/internal/appapi.(*Server).waterHistory-fm (3 handlers)
[GIN-debug] GET    /api/v1/alarms            --> git.hyhy.fun/rsplab/iolink/internal/appapi.(*Server).listAlarms-fm (3 handlers)
[GIN-debug] GET    /api/v1/stats/summary     --> git.hyhy.fun/rsplab/iolink/internal/appapi.(*Server).statsSummary-fm (3 handlers)
[GIN-debug] POST   /api/v1/alarms/:id/confirm --> git.hyhy.fun/rsplab/iolink/internal/appapi.(*Server).confirmAlarm-fm (3 handlers)
[GIN-debug] POST   /api/v2/devices/:device_no/telemetry --> git.hyhy.fun/rsplab/iolink/internal/appapi.(*Server).submitTelemetryV2-fm (3 handlers)
[GIN-debug] GET    /api/v2/devices/:device_no/model/latest --> git.hyhy.fun/rsplab/iolink/internal/appapi.(*Server).modelLatestV2-fm (3 handlers)
[GIN-debug] GET    /api/v2/devices/:device_no/history --> git.hyhy.fun/rsplab/iolink/internal/appapi.(*Server).telemetryHistoryV2-fm (3 handlers)
    telemetry_permission_http_test.go:45: scenario=app_viewer_v2-foreign post_status=404 response={"error":"not_found"}
    telemetry_permission_http_test.go:45: scenario=app_viewer_v2-hidden post_status=404 response={"error":"not_found"}
    telemetry_permission_http_test.go:53: scenario=app_viewer login_status=200 post_status=403 response={"error":"forbidden"} before={"alarms": [], "outbox": [], "shadows": [], "telemetry": [], "sensor_data": []} after={"alarms": [], "outbox": [], "shadows": [], "telemetry": [], "sensor_data": []}
=== RUN   TestAppTelemetryWriteRoleBoundary/member
    telemetry_permission_http_test.go:26: environment real_timescaledb=2.30.2
[GIN-debug] [WARNING] Running in "debug" mode. Switch to "release" mode in production.
 - using env:	export GIN_MODE=release
 - using code:	gin.SetMode(gin.ReleaseMode)

[GIN-debug] POST   /api/v1/auth/login        --> git.hyhy.fun/rsplab/iolink/internal/appapi.(*Server).login-fm (2 handlers)
[GIN-debug] GET    /api/v1/auth/tenants      --> git.hyhy.fun/rsplab/iolink/internal/appapi.(*Server).listTenants-fm (3 handlers)
[GIN-debug] POST   /api/v1/auth/tenant       --> git.hyhy.fun/rsplab/iolink/internal/appapi.(*Server).switchTenant-fm (3 handlers)
[GIN-debug] GET    /api/v1/ponds             --> git.hyhy.fun/rsplab/iolink/internal/appapi.(*Server).listPonds-fm (3 handlers)
[GIN-debug] GET    /api/v1/ponds/:id         --> git.hyhy.fun/rsplab/iolink/internal/appapi.(*Server).getPond-fm (3 handlers)
[GIN-debug] GET    /api/v1/devices           --> git.hyhy.fun/rsplab/iolink/internal/appapi.(*Server).listDevices-fm (3 handlers)
[GIN-debug] GET    /api/v1/devices/:device_no --> git.hyhy.fun/rsplab/iolink/internal/appapi.(*Server).getDevice-fm (3 handlers)
[GIN-debug] GET    /api/v1/water/latest      --> git.hyhy.fun/rsplab/iolink/internal/appapi.(*Server).waterLatest-fm (3 handlers)
[GIN-debug] GET    /api/v1/water/history     --> git.hyhy.fun/rsplab/iolink/internal/appapi.(*Server).waterHistory-fm (3 handlers)
[GIN-debug] GET    /api/v1/alarms            --> git.hyhy.fun/rsplab/iolink/internal/appapi.(*Server).listAlarms-fm (3 handlers)
[GIN-debug] GET    /api/v1/stats/summary     --> git.hyhy.fun/rsplab/iolink/internal/appapi.(*Server).statsSummary-fm (3 handlers)
[GIN-debug] POST   /api/v1/alarms/:id/confirm --> git.hyhy.fun/rsplab/iolink/internal/appapi.(*Server).confirmAlarm-fm (3 handlers)
[GIN-debug] POST   /api/v2/devices/:device_no/telemetry --> git.hyhy.fun/rsplab/iolink/internal/appapi.(*Server).submitTelemetryV2-fm (3 handlers)
[GIN-debug] GET    /api/v2/devices/:device_no/model/latest --> git.hyhy.fun/rsplab/iolink/internal/appapi.(*Server).modelLatestV2-fm (3 handlers)
[GIN-debug] GET    /api/v2/devices/:device_no/history --> git.hyhy.fun/rsplab/iolink/internal/appapi.(*Server).telemetryHistoryV2-fm (3 handlers)
    telemetry_permission_http_test.go:45: scenario=app_member_v2-foreign post_status=404 response={"error":"not_found"}
    telemetry_permission_http_test.go:45: scenario=app_member_v2-hidden post_status=404 response={"error":"not_found"}
    telemetry_permission_http_test.go:53: scenario=app_member login_status=200 post_status=403 response={"error":"forbidden"} before={"alarms": [], "outbox": [], "shadows": [], "telemetry": [], "sensor_data": []} after={"alarms": [], "outbox": [], "shadows": [], "telemetry": [], "sensor_data": []}
=== RUN   TestAppTelemetryWriteRoleBoundary/support
    telemetry_permission_http_test.go:26: environment real_timescaledb=2.30.2
[GIN-debug] [WARNING] Running in "debug" mode. Switch to "release" mode in production.
 - using env:	export GIN_MODE=release
 - using code:	gin.SetMode(gin.ReleaseMode)

[GIN-debug] POST   /api/v1/auth/login        --> git.hyhy.fun/rsplab/iolink/internal/appapi.(*Server).login-fm (2 handlers)
[GIN-debug] GET    /api/v1/auth/tenants      --> git.hyhy.fun/rsplab/iolink/internal/appapi.(*Server).listTenants-fm (3 handlers)
[GIN-debug] POST   /api/v1/auth/tenant       --> git.hyhy.fun/rsplab/iolink/internal/appapi.(*Server).switchTenant-fm (3 handlers)
[GIN-debug] GET    /api/v1/ponds             --> git.hyhy.fun/rsplab/iolink/internal/appapi.(*Server).listPonds-fm (3 handlers)
[GIN-debug] GET    /api/v1/ponds/:id         --> git.hyhy.fun/rsplab/iolink/internal/appapi.(*Server).getPond-fm (3 handlers)
[GIN-debug] GET    /api/v1/devices           --> git.hyhy.fun/rsplab/iolink/internal/appapi.(*Server).listDevices-fm (3 handlers)
[GIN-debug] GET    /api/v1/devices/:device_no --> git.hyhy.fun/rsplab/iolink/internal/appapi.(*Server).getDevice-fm (3 handlers)
[GIN-debug] GET    /api/v1/water/latest      --> git.hyhy.fun/rsplab/iolink/internal/appapi.(*Server).waterLatest-fm (3 handlers)
[GIN-debug] GET    /api/v1/water/history     --> git.hyhy.fun/rsplab/iolink/internal/appapi.(*Server).waterHistory-fm (3 handlers)
[GIN-debug] GET    /api/v1/alarms            --> git.hyhy.fun/rsplab/iolink/internal/appapi.(*Server).listAlarms-fm (3 handlers)
[GIN-debug] GET    /api/v1/stats/summary     --> git.hyhy.fun/rsplab/iolink/internal/appapi.(*Server).statsSummary-fm (3 handlers)
[GIN-debug] POST   /api/v1/alarms/:id/confirm --> git.hyhy.fun/rsplab/iolink/internal/appapi.(*Server).confirmAlarm-fm (3 handlers)
[GIN-debug] POST   /api/v2/devices/:device_no/telemetry --> git.hyhy.fun/rsplab/iolink/internal/appapi.(*Server).submitTelemetryV2-fm (3 handlers)
[GIN-debug] GET    /api/v2/devices/:device_no/model/latest --> git.hyhy.fun/rsplab/iolink/internal/appapi.(*Server).modelLatestV2-fm (3 handlers)
[GIN-debug] GET    /api/v2/devices/:device_no/history --> git.hyhy.fun/rsplab/iolink/internal/appapi.(*Server).telemetryHistoryV2-fm (3 handlers)
    telemetry_permission_http_test.go:45: scenario=app_support_v2-foreign post_status=404 response={"error":"not_found"}
    telemetry_permission_http_test.go:45: scenario=app_support_v2-hidden post_status=404 response={"error":"not_found"}
    telemetry_permission_http_test.go:53: scenario=app_support login_status=200 post_status=403 response={"error":"forbidden"} before={"alarms": [], "outbox": [], "shadows": [], "telemetry": [], "sensor_data": []} after={"alarms": [], "outbox": [], "shadows": [], "telemetry": [], "sensor_data": []}
--- PASS: TestAppTelemetryWriteRoleBoundary (2.69s)
    --- PASS: TestAppTelemetryWriteRoleBoundary/owner (0.54s)
    --- PASS: TestAppTelemetryWriteRoleBoundary/admin (0.53s)
    --- PASS: TestAppTelemetryWriteRoleBoundary/viewer (0.52s)
    --- PASS: TestAppTelemetryWriteRoleBoundary/member (0.59s)
    --- PASS: TestAppTelemetryWriteRoleBoundary/support (0.50s)
=== RUN   TestRealMQTTSecondProductPreservesNumericAndEnumFields
--- PASS: TestRealMQTTSecondProductPreservesNumericAndEnumFields (0.92s)
=== RUN   TestAppResourceScopeWhenManagerContextIsForged
=== RUN   TestAppResourceScopeWhenManagerContextIsForged/actor
    app_resource_scope_test.go:84: environment real_timescaledb=2.30.2
    app_resource_scope_test.go:107: scenario=manager_actor error=not found
=== RUN   TestAppResourceScopeWhenManagerContextIsForged/role
    app_resource_scope_test.go:84: environment real_timescaledb=2.30.2
    app_resource_scope_test.go:107: scenario=manager_role error=not found
=== RUN   TestAppResourceScopeWhenManagerContextIsForged/membership
    app_resource_scope_test.go:84: environment real_timescaledb=2.30.2
    app_resource_scope_test.go:107: scenario=manager_membership error=not found
=== RUN   TestAppResourceScopeWhenManagerContextIsForged/platform_authority
    app_resource_scope_test.go:84: environment real_timescaledb=2.30.2
    app_resource_scope_test.go:107: scenario=manager_platform_authority error=not found
=== RUN   TestAppResourceScopeWhenManagerContextIsForged/missing_actor
    app_resource_scope_test.go:84: environment real_timescaledb=2.30.2
    app_resource_scope_test.go:107: scenario=manager_missing_actor error=not found
--- PASS: TestAppResourceScopeWhenManagerContextIsForged (2.64s)
    --- PASS: TestAppResourceScopeWhenManagerContextIsForged/actor (0.54s)
    --- PASS: TestAppResourceScopeWhenManagerContextIsForged/role (0.53s)
    --- PASS: TestAppResourceScopeWhenManagerContextIsForged/membership (0.55s)
    --- PASS: TestAppResourceScopeWhenManagerContextIsForged/platform_authority (0.51s)
    --- PASS: TestAppResourceScopeWhenManagerContextIsForged/missing_actor (0.50s)
=== RUN   TestRegisterDevice_enforcesLicenseQuotaInOneTransaction
--- PASS: TestRegisterDevice_enforcesLicenseQuotaInOneTransaction (0.79s)
=== RUN   TestRealMQTTAuthenticationACLAndPersistence
=== RUN   TestRealMQTTAuthenticationACLAndPersistence/will-v4
=== RUN   TestRealMQTTAuthenticationACLAndPersistence/will-v5
--- PASS: TestRealMQTTAuthenticationACLAndPersistence (1.73s)
    --- PASS: TestRealMQTTAuthenticationACLAndPersistence/will-v4 (0.00s)
    --- PASS: TestRealMQTTAuthenticationACLAndPersistence/will-v5 (0.00s)
=== RUN   TestLicenseChecks_completeWhenPoolHasOneConnection
--- PASS: TestLicenseChecks_completeWhenPoolHasOneConnection (1.19s)
=== RUN   TestTelemetryWriteDeniedWhenMembershipChangesAfterContextCreation
=== RUN   TestTelemetryWriteDeniedWhenMembershipChangesAfterContextCreation/role
    telemetry_permission_test.go:79: environment real_timescaledb=2.30.2
    telemetry_permission_test.go:95: scenario=role error=forbidden before={"alarms": [], "outbox": [], "shadows": [], "telemetry": [], "sensor_data": []} after={"alarms": [], "outbox": [], "shadows": [], "telemetry": [], "sensor_data": []}
=== RUN   TestTelemetryWriteDeniedWhenMembershipChangesAfterContextCreation/expired
    telemetry_permission_test.go:79: environment real_timescaledb=2.30.2
    telemetry_permission_test.go:95: scenario=expired error=not found before={"alarms": [], "outbox": [], "shadows": [], "telemetry": [], "sensor_data": []} after={"alarms": [], "outbox": [], "shadows": [], "telemetry": [], "sensor_data": []}
=== RUN   TestTelemetryWriteDeniedWhenMembershipChangesAfterContextCreation/tenant_inactive
    telemetry_permission_test.go:79: environment real_timescaledb=2.30.2
    telemetry_permission_test.go:95: scenario=tenant_inactive error=not found before={"alarms": [], "outbox": [], "shadows": [], "telemetry": [], "sensor_data": []} after={"alarms": [], "outbox": [], "shadows": [], "telemetry": [], "sensor_data": []}
--- PASS: TestTelemetryWriteDeniedWhenMembershipChangesAfterContextCreation (1.78s)
    --- PASS: TestTelemetryWriteDeniedWhenMembershipChangesAfterContextCreation/role (0.78s)
    --- PASS: TestTelemetryWriteDeniedWhenMembershipChangesAfterContextCreation/expired (0.50s)
    --- PASS: TestTelemetryWriteDeniedWhenMembershipChangesAfterContextCreation/tenant_inactive (0.50s)
=== RUN   TestM6bAdminHTTPAssignedFarmReadsAndBatchConfirmation
[GIN-debug] [WARNING] Running in "debug" mode. Switch to "release" mode in production.
 - using env:	export GIN_MODE=release
 - using code:	gin.SetMode(gin.ReleaseMode)

[GIN-debug] POST   /admin/v1/login           --> git.hyhy.fun/rsplab/iolink/internal/adminapi.(*Server).login-fm (2 handlers)
[GIN-debug] GET    /admin/v1/license         --> git.hyhy.fun/rsplab/iolink/internal/adminapi.(*Server).getLicense-fm (3 handlers)
[GIN-debug] POST   /admin/v1/license         --> git.hyhy.fun/rsplab/iolink/internal/adminapi.(*Server).importLicense-fm (3 handlers)
[GIN-debug] GET    /admin/v1/tenants         --> git.hyhy.fun/rsplab/iolink/internal/adminapi.(*Server).listTenants-fm (3 handlers)
[GIN-debug] PUT    /admin/v1/tenants/:id/status --> git.hyhy.fun/rsplab/iolink/internal/adminapi.(*Server).setTenantStatus-fm (3 handlers)
[GIN-debug] GET    /admin/v1/tenants/:id/members --> git.hyhy.fun/rsplab/iolink/internal/adminapi.(*Server).listTenantMembers-fm (3 handlers)
[GIN-debug] PUT    /admin/v1/tenants/:id/members/:user_id --> git.hyhy.fun/rsplab/iolink/internal/adminapi.(*Server).setTenantMember-fm (3 handlers)
[GIN-debug] POST   /admin/v1/password        --> git.hyhy.fun/rsplab/iolink/internal/adminapi.(*Server).changePassword-fm (3 handlers)
[GIN-debug] GET    /admin/v1/farms           --> git.hyhy.fun/rsplab/iolink/internal/adminapi.(*Server).listFarms-fm (4 handlers)
[GIN-debug] POST   /admin/v1/farms           --> git.hyhy.fun/rsplab/iolink/internal/adminapi.(*Server).createFarm-fm (4 handlers)
[GIN-debug] GET    /admin/v1/users           --> git.hyhy.fun/rsplab/iolink/internal/adminapi.(*Server).listUsers-fm (4 handlers)
[GIN-debug] PUT    /admin/v1/farms/:id       --> git.hyhy.fun/rsplab/iolink/internal/adminapi.(*Server).updateFarm-fm (4 handlers)
[GIN-debug] DELETE /admin/v1/farms/:id       --> git.hyhy.fun/rsplab/iolink/internal/adminapi.(*Server).deleteFarm-fm (4 handlers)
[GIN-debug] PUT    /admin/v1/farms/:id/owner --> git.hyhy.fun/rsplab/iolink/internal/adminapi.(*Server).setFarmOwner-fm (4 handlers)
[GIN-debug] GET    /admin/v1/farms/:id/members --> git.hyhy.fun/rsplab/iolink/internal/adminapi.(*Server).listFarmMembers-fm (4 handlers)
[GIN-debug] PUT    /admin/v1/farms/:id/members/:user_id --> git.hyhy.fun/rsplab/iolink/internal/adminapi.(*Server).setFarmMember-fm (4 handlers)
[GIN-debug] GET    /admin/v1/ponds           --> git.hyhy.fun/rsplab/iolink/internal/adminapi.(*Server).listPonds-fm (4 handlers)
[GIN-debug] POST   /admin/v1/ponds           --> git.hyhy.fun/rsplab/iolink/internal/adminapi.(*Server).createPond-fm (4 handlers)
[GIN-debug] PUT    /admin/v1/ponds/:id       --> git.hyhy.fun/rsplab/iolink/internal/adminapi.(*Server).updatePond-fm (4 handlers)
[GIN-debug] DELETE /admin/v1/ponds/:id       --> git.hyhy.fun/rsplab/iolink/internal/adminapi.(*Server).deletePond-fm (4 handlers)
[GIN-debug] GET    /admin/v1/devices         --> git.hyhy.fun/rsplab/iolink/internal/adminapi.(*Server).listDevices-fm (4 handlers)
[GIN-debug] POST   /admin/v1/devices         --> git.hyhy.fun/rsplab/iolink/internal/adminapi.(*Server).registerDevice-fm (4 handlers)
[GIN-debug] GET    /admin/v1/devices/:device_no --> git.hyhy.fun/rsplab/iolink/internal/adminapi.(*Server).getDevice-fm (4 handlers)
[GIN-debug] DELETE /admin/v1/devices/:device_no --> git.hyhy.fun/rsplab/iolink/internal/adminapi.(*Server).deleteDevice-fm (4 handlers)
[GIN-debug] POST   /admin/v1/devices/:device_no/restore --> git.hyhy.fun/rsplab/iolink/internal/adminapi.(*Server).restoreDevice-fm (4 handlers)
[GIN-debug] PUT    /admin/v1/devices/:device_no/pond --> git.hyhy.fun/rsplab/iolink/internal/adminapi.(*Server).moveDevice-fm (4 handlers)
[GIN-debug] GET    /admin/v1/alarm-rules     --> git.hyhy.fun/rsplab/iolink/internal/adminapi.(*Server).listRules-fm (4 handlers)
[GIN-debug] POST   /admin/v1/alarm-rules     --> git.hyhy.fun/rsplab/iolink/internal/adminapi.(*Server).createRule-fm (4 handlers)
[GIN-debug] PUT    /admin/v1/alarm-rules/:id --> git.hyhy.fun/rsplab/iolink/internal/adminapi.(*Server).updateRule-fm (4 handlers)
[GIN-debug] DELETE /admin/v1/alarm-rules/:id --> git.hyhy.fun/rsplab/iolink/internal/adminapi.(*Server).deleteRule-fm (4 handlers)
[GIN-debug] GET    /admin/v1/alarms          --> git.hyhy.fun/rsplab/iolink/internal/adminapi.(*Server).listAlarms-fm (4 handlers)
[GIN-debug] POST   /admin/v1/alarms/:id/confirm --> git.hyhy.fun/rsplab/iolink/internal/adminapi.(*Server).confirmAlarm-fm (4 handlers)
[GIN-debug] POST   /admin/v1/alarms/batch-confirm --> git.hyhy.fun/rsplab/iolink/internal/adminapi.(*Server).batchConfirm-fm (4 handlers)
[GIN-debug] GET    /admin/v1/stats           --> git.hyhy.fun/rsplab/iolink/internal/adminapi.(*Server).stats-fm (4 handlers)
[GIN-debug] GET    /admin/v1/products        --> git.hyhy.fun/rsplab/iolink/internal/adminapi.(*Server).listProducts-fm (4 handlers)
[GIN-debug] POST   /admin/v1/products        --> git.hyhy.fun/rsplab/iolink/internal/adminapi.(*Server).createProduct-fm (4 handlers)
[GIN-debug] GET    /admin/v1/products/:product_id/models --> git.hyhy.fun/rsplab/iolink/internal/adminapi.(*Server).listProductModels-fm (4 handlers)
[GIN-debug] POST   /admin/v1/products/:product_id/models --> git.hyhy.fun/rsplab/iolink/internal/adminapi.(*Server).createProductModel-fm (4 handlers)
[GIN-debug] POST   /admin/v1/products/:product_id/models/:version/publish --> git.hyhy.fun/rsplab/iolink/internal/adminapi.(*Server).publishProductModel-fm (4 handlers)
[GIN-debug] GET    /admin/v1/devices/:device_no/product --> git.hyhy.fun/rsplab/iolink/internal/adminapi.(*Server).getDeviceProduct-fm (4 handlers)
[GIN-debug] PUT    /admin/v1/devices/:device_no/product --> git.hyhy.fun/rsplab/iolink/internal/adminapi.(*Server).assignDeviceProduct-fm (4 handlers)
=== RUN   TestM6bAdminHTTPAssignedFarmReadsAndBatchConfirmation/member
2026/10/05 04:47:57 INFO http request request_id=JR7A62G6SRXUUIJ7Z76LJ6KDFW route=/admin/v1/login method=POST status=200 duration_ms=132 tenant_id=0 actor_id=0
2026/10/05 04:47:57 INFO http request request_id=MDJZPWULHURFYDTJL32D674PZQ route=/admin/v1/farms method=GET status=200 duration_ms=2 tenant_id=801 actor_id=802
2026/10/05 04:47:57 INFO http request request_id=QABNOTSP6QCLZYB3RXSEJ36EJM route=/admin/v1/ponds method=GET status=200 duration_ms=6 tenant_id=801 actor_id=802
2026/10/05 04:47:57 INFO http request request_id=LA6OVN5H3ERBUS6HET7DS3JD3G route=/admin/v1/devices method=GET status=200 duration_ms=1 tenant_id=801 actor_id=802
2026/10/05 04:47:57 INFO http request request_id=LXOMVIF3UK7GNMNJQZJFCA4WNI route=/admin/v1/alarms method=GET status=200 duration_ms=1 tenant_id=801 actor_id=802
2026/10/05 04:47:57 INFO http request request_id=VJXILPU6LBEUHKNTB2E3C3XUU5 route=/admin/v1/stats method=GET status=200 duration_ms=2 tenant_id=801 actor_id=802
2026/10/05 04:47:57 WARN http request request_id=5FNY6U7NMGRRZOZXED3VSO22SB route=/admin/v1/devices/:device_no method=GET status=404 duration_ms=1 tenant_id=801 actor_id=802
2026/10/05 04:47:57 WARN http request request_id=O3UKTFY66FBGHNWWZSBR72ASPN route=/admin/v1/devices/:device_no/product method=GET status=404 duration_ms=1 tenant_id=801 actor_id=802
2026/10/05 04:47:57 WARN http request request_id=SBQHUFGANO24XBZHOLSU634XYN route=/admin/v1/farms/:id/members method=GET status=403 duration_ms=0 tenant_id=801 actor_id=802
2026/10/05 04:47:57 WARN http request request_id=6ZJOKG3W7U65HGAPDWIW4QBWJH route=/admin/v1/alarms/batch-confirm method=POST status=404 duration_ms=2 tenant_id=801 actor_id=802
2026/10/05 04:47:57 INFO http request request_id=J7LFB7MHRO7KCEBP5WCZRJHGT2 route=/admin/v1/alarms/batch-confirm method=POST status=200 duration_ms=4 tenant_id=801 actor_id=802
2026/10/05 04:47:57 INFO http request request_id=EIZNH7KZAUPASNWC5TMDDSOQ42 route=/admin/v1/alarms/batch-confirm method=POST status=200 duration_ms=5 tenant_id=801 actor_id=802
=== RUN   TestM6bAdminHTTPAssignedFarmReadsAndBatchConfirmation/viewer
2026/10/05 04:47:57 INFO http request request_id=XN7QEBYUFZTMY4ACIHA2VKB5TZ route=/admin/v1/login method=POST status=200 duration_ms=145 tenant_id=0 actor_id=0
2026/10/05 04:47:57 INFO http request request_id=LDCW2RYWGERT5NSNUKZ4BWRX3P route=/admin/v1/farms method=GET status=200 duration_ms=2 tenant_id=801 actor_id=802
2026/10/05 04:47:57 INFO http request request_id=G6AKR4FFRHCBM2LSVQMCPXJHH4 route=/admin/v1/ponds method=GET status=200 duration_ms=7 tenant_id=801 actor_id=802
2026/10/05 04:47:57 INFO http request request_id=AG74Z4XVMP2DLYNWALA3K2W6XU route=/admin/v1/devices method=GET status=200 duration_ms=1 tenant_id=801 actor_id=802
2026/10/05 04:47:57 INFO http request request_id=7QENGUBIORKYYJHJJR3WCYWZUN route=/admin/v1/alarms method=GET status=200 duration_ms=1 tenant_id=801 actor_id=802
2026/10/05 04:47:57 INFO http request request_id=453JMCT2JWDAO5SYXSNXRNQ2YO route=/admin/v1/stats method=GET status=200 duration_ms=2 tenant_id=801 actor_id=802
2026/10/05 04:47:57 WARN http request request_id=XGFXMDXBOFKS3B25TTUCD2IXVA route=/admin/v1/devices/:device_no method=GET status=404 duration_ms=1 tenant_id=801 actor_id=802
2026/10/05 04:47:57 WARN http request request_id=F5JZDYS56XEEBNPHNEPXIWLAFQ route=/admin/v1/devices/:device_no/product method=GET status=404 duration_ms=2 tenant_id=801 actor_id=802
2026/10/05 04:47:57 WARN http request request_id=OWEUQ3MK2BS52RFKYE375JSPMX route=/admin/v1/farms/:id/members method=GET status=403 duration_ms=0 tenant_id=801 actor_id=802
2026/10/05 04:47:57 WARN http request request_id=WOMNG7SKYB7N3ZIPUWRHD7AWEM route=/admin/v1/alarms/batch-confirm method=POST status=403 duration_ms=0 tenant_id=801 actor_id=802
=== RUN   TestM6bAdminHTTPAssignedFarmReadsAndBatchConfirmation/support
2026/10/05 04:47:57 INFO http request request_id=YORW57LCLH4OUVVJPVDUA34NZO route=/admin/v1/login method=POST status=200 duration_ms=135 tenant_id=0 actor_id=0
2026/10/05 04:47:57 INFO http request request_id=MS2YRKNLURORIIXCFZ3P2XAZZN route=/admin/v1/farms method=GET status=200 duration_ms=1 tenant_id=801 actor_id=802
2026/10/05 04:47:57 INFO http request request_id=YW74PZIUQ6KHQ6LZLQ3PLTZNG4 route=/admin/v1/ponds method=GET status=200 duration_ms=4 tenant_id=801 actor_id=802
2026/10/05 04:47:57 INFO http request request_id=HBNN2K3RUB2427BYIVXO7BL7YR route=/admin/v1/devices method=GET status=200 duration_ms=1 tenant_id=801 actor_id=802
2026/10/05 04:47:57 INFO http request request_id=XUCUBIXSFTMDXGE7AZZL6KWE6M route=/admin/v1/alarms method=GET status=200 duration_ms=1 tenant_id=801 actor_id=802
2026/10/05 04:47:57 INFO http request request_id=QWUTOVYUUB676NJ2J2EQ57UYCX route=/admin/v1/stats method=GET status=200 duration_ms=1 tenant_id=801 actor_id=802
2026/10/05 04:47:57 WARN http request request_id=YS7PM2HLMCRCDWYWAHAONLVOVU route=/admin/v1/devices/:device_no method=GET status=404 duration_ms=1 tenant_id=801 actor_id=802
2026/10/05 04:47:57 WARN http request request_id=NE5WBREYTJ2G2OBQT57XGRTNKF route=/admin/v1/devices/:device_no/product method=GET status=404 duration_ms=1 tenant_id=801 actor_id=802
2026/10/05 04:47:57 WARN http request request_id=IZK55VZYU6HT3WLQMKXXRDL6PH route=/admin/v1/farms/:id/members method=GET status=403 duration_ms=0 tenant_id=801 actor_id=802
2026/10/05 04:47:57 WARN http request request_id=H23VHUAKG7MHQIRB454KHKRCVJ route=/admin/v1/alarms/batch-confirm method=POST status=404 duration_ms=2 tenant_id=801 actor_id=802
2026/10/05 04:47:57 INFO http request request_id=55GRYDH6FZLFEEWB6NDYGW66G2 route=/admin/v1/alarms/batch-confirm method=POST status=200 duration_ms=4 tenant_id=801 actor_id=802
2026/10/05 04:47:57 INFO http request request_id=34XKD7474WM26V37RFQWDFFAN2 route=/admin/v1/alarms/batch-confirm method=POST status=200 duration_ms=3 tenant_id=801 actor_id=802
=== RUN   TestM6bAdminHTTPAssignedFarmReadsAndBatchConfirmation/tenant_manager_without_farm_assignment_owner
2026/10/05 04:47:57 INFO http request request_id=SQQETZITYK7NGNV4GPN5HEU452 route=/admin/v1/login method=POST status=200 duration_ms=140 tenant_id=0 actor_id=0
2026/10/05 04:47:57 INFO http request request_id=SPLI3ZRULH42INTJCBFSSTG5UT route=/admin/v1/alarms/batch-confirm method=POST status=200 duration_ms=6 tenant_id=801 actor_id=802
=== RUN   TestM6bAdminHTTPAssignedFarmReadsAndBatchConfirmation/tenant_manager_without_farm_assignment_admin
2026/10/05 04:47:58 INFO http request request_id=73DKN6GWF3DJKJ7SJN65E2NT4D route=/admin/v1/login method=POST status=200 duration_ms=143 tenant_id=0 actor_id=0
2026/10/05 04:47:58 INFO http request request_id=F6HYJEYNF6XAFABJL4MNHJSM4T route=/admin/v1/alarms/batch-confirm method=POST status=200 duration_ms=5 tenant_id=801 actor_id=802
--- PASS: TestM6bAdminHTTPAssignedFarmReadsAndBatchConfirmation (2.06s)
    --- PASS: TestM6bAdminHTTPAssignedFarmReadsAndBatchConfirmation/member (0.21s)
    --- PASS: TestM6bAdminHTTPAssignedFarmReadsAndBatchConfirmation/viewer (0.18s)
    --- PASS: TestM6bAdminHTTPAssignedFarmReadsAndBatchConfirmation/support (0.18s)
    --- PASS: TestM6bAdminHTTPAssignedFarmReadsAndBatchConfirmation/tenant_manager_without_farm_assignment_owner (0.15s)
    --- PASS: TestM6bAdminHTTPAssignedFarmReadsAndBatchConfirmation/tenant_manager_without_farm_assignment_admin (0.15s)
=== RUN   TestGenericTelemetryV2PersistsValidatedPropertiesAndScopedHistory
--- PASS: TestGenericTelemetryV2PersistsValidatedPropertiesAndScopedHistory (1.14s)
=== RUN   TestTelemetryShadowDedupAndPondSnapshot
--- PASS: TestTelemetryShadowDedupAndPondSnapshot (0.79s)
=== RUN   TestWaterBackfillReconcilesEveryFixtureDevice
--- PASS: TestWaterBackfillReconcilesEveryFixtureDevice (0.76s)
=== RUN   TestAppResourceScopeWhenTenantManagerHasNoFarmAssignment
=== RUN   TestAppResourceScopeWhenTenantManagerHasNoFarmAssignment/owner
    app_resource_scope_test.go:16: environment real_timescaledb=2.30.2
    app_resource_scope_test.go:25: scenario=manager_owner_no_farm_assignment latest={DeviceNo:v2-hidden ProductID:1 ModelVersion:1 Fields:[{Identifier:temperature Type:number Unit:℃ Min:<nil> Max:<nil> Enum:[] Readable:true Writable:false Nullable:true} {Identifier:dissolved_oxygen Type:number Unit:mg/L Min:<nil> Max:<nil> Enum:[] Readable:true Writable:false Nullable:true} {Identifier:ph Type:number Unit: Min:<nil> Max:<nil> Enum:[] Readable:true Writable:false Nullable:true} {Identifier:turbidity Type:number Unit:NTU Min:<nil> Max:<nil> Enum:[] Readable:true Writable:false Nullable:true} {Identifier:salinity Type:number Unit:ppt Min:<nil> Max:<nil> Enum:[] Readable:true Writable:false Nullable:true}] Timestamp:<nil> Properties:map[]} error=<nil>
=== RUN   TestAppResourceScopeWhenTenantManagerHasNoFarmAssignment/admin
    app_resource_scope_test.go:16: environment real_timescaledb=2.30.2
    app_resource_scope_test.go:25: scenario=manager_admin_no_farm_assignment latest={DeviceNo:v2-hidden ProductID:1 ModelVersion:1 Fields:[{Identifier:temperature Type:number Unit:℃ Min:<nil> Max:<nil> Enum:[] Readable:true Writable:false Nullable:true} {Identifier:dissolved_oxygen Type:number Unit:mg/L Min:<nil> Max:<nil> Enum:[] Readable:true Writable:false Nullable:true} {Identifier:ph Type:number Unit: Min:<nil> Max:<nil> Enum:[] Readable:true Writable:false Nullable:true} {Identifier:turbidity Type:number Unit:NTU Min:<nil> Max:<nil> Enum:[] Readable:true Writable:false Nullable:true} {Identifier:salinity Type:number Unit:ppt Min:<nil> Max:<nil> Enum:[] Readable:true Writable:false Nullable:true}] Timestamp:<nil> Properties:map[]} error=<nil>
--- PASS: TestAppResourceScopeWhenTenantManagerHasNoFarmAssignment (1.79s)
    --- PASS: TestAppResourceScopeWhenTenantManagerHasNoFarmAssignment/owner (0.92s)
    --- PASS: TestAppResourceScopeWhenTenantManagerHasNoFarmAssignment/admin (0.87s)
=== RUN   TestReconcileLicenseClock_clearsLatchAndAudits
--- PASS: TestReconcileLicenseClock_clearsLatchAndAudits (1.20s)
=== RUN   TestAppResourceHTTPWhenRoleDeterminesFarmScope
=== RUN   TestAppResourceHTTPWhenRoleDeterminesFarmScope/owner
    app_resource_scope_http_test.go:72: environment real_timescaledb=2.30.2
[GIN-debug] [WARNING] Running in "debug" mode. Switch to "release" mode in production.
 - using env:	export GIN_MODE=release
 - using code:	gin.SetMode(gin.ReleaseMode)

[GIN-debug] POST   /api/v1/auth/login        --> git.hyhy.fun/rsplab/iolink/internal/appapi.(*Server).login-fm (2 handlers)
[GIN-debug] GET    /api/v1/auth/tenants      --> git.hyhy.fun/rsplab/iolink/internal/appapi.(*Server).listTenants-fm (3 handlers)
[GIN-debug] POST   /api/v1/auth/tenant       --> git.hyhy.fun/rsplab/iolink/internal/appapi.(*Server).switchTenant-fm (3 handlers)
[GIN-debug] GET    /api/v1/ponds             --> git.hyhy.fun/rsplab/iolink/internal/appapi.(*Server).listPonds-fm (3 handlers)
[GIN-debug] GET    /api/v1/ponds/:id         --> git.hyhy.fun/rsplab/iolink/internal/appapi.(*Server).getPond-fm (3 handlers)
[GIN-debug] GET    /api/v1/devices           --> git.hyhy.fun/rsplab/iolink/internal/appapi.(*Server).listDevices-fm (3 handlers)
[GIN-debug] GET    /api/v1/devices/:device_no --> git.hyhy.fun/rsplab/iolink/internal/appapi.(*Server).getDevice-fm (3 handlers)
[GIN-debug] GET    /api/v1/water/latest      --> git.hyhy.fun/rsplab/iolink/internal/appapi.(*Server).waterLatest-fm (3 handlers)
[GIN-debug] GET    /api/v1/water/history     --> git.hyhy.fun/rsplab/iolink/internal/appapi.(*Server).waterHistory-fm (3 handlers)
[GIN-debug] GET    /api/v1/alarms            --> git.hyhy.fun/rsplab/iolink/internal/appapi.(*Server).listAlarms-fm (3 handlers)
[GIN-debug] GET    /api/v1/stats/summary     --> git.hyhy.fun/rsplab/iolink/internal/appapi.(*Server).statsSummary-fm (3 handlers)
[GIN-debug] POST   /api/v1/alarms/:id/confirm --> git.hyhy.fun/rsplab/iolink/internal/appapi.(*Server).confirmAlarm-fm (3 handlers)
[GIN-debug] POST   /api/v2/devices/:device_no/telemetry --> git.hyhy.fun/rsplab/iolink/internal/appapi.(*Server).submitTelemetryV2-fm (3 handlers)
[GIN-debug] GET    /api/v2/devices/:device_no/model/latest --> git.hyhy.fun/rsplab/iolink/internal/appapi.(*Server).modelLatestV2-fm (3 handlers)
[GIN-debug] GET    /api/v2/devices/:device_no/history --> git.hyhy.fun/rsplab/iolink/internal/appapi.(*Server).telemetryHistoryV2-fm (3 handlers)
=== RUN   TestAppResourceHTTPWhenRoleDeterminesFarmScope/owner//api/v1/ponds
    app_resource_scope_http_test.go:89: http method=GET path=/api/v1/ponds status=200 response=[{"device_count":1,"latest":{"device_no":"v2-permission","dissolved_oxygen":null,"ph":null,"pond_id":9401,"report_interval":60,"salinity":null,"signal":null,"temperature":25,"timestamps":{"dissolved_oxygen":null,"ph":null,"salinity":null,"signal":null,"temperature":"2026-10-04T20:47:04.947679593Z","turbidity":null},"ts":"2026-10-05T04:47:04.947679+08:00","turbidity":null},"pond_id":9401,"pond_name":"v2-pond","status":"warning"},{"device_count":1,"latest":{"device_no":"v2-hidden","dissolved_oxygen":null,"ph":null,"pond_id":9403,"report_interval":60,"salinity":null,"signal":null,"temperature":25,"timestamps":{"dissolved_oxygen":null,"ph":null,"salinity":null,"signal":null,"temperature":"2026-10-04T20:47:04.958608578Z","turbidity":null},"ts":"2026-10-05T04:47:04.958608+08:00","turbidity":null},"pond_id":9403,"pond_name":"hidden","status":"warning"}]
=== RUN   TestAppResourceHTTPWhenRoleDeterminesFarmScope/owner//api/v1/devices
    app_resource_scope_http_test.go:89: http method=GET path=/api/v1/devices status=200 response=[{"created_at":"2026-10-05T04:48:04.937617+08:00","device_no":"v2-permission","disabled_at":null,"id":1,"last_seen_at":null,"model":"","name":"","pond_id":9401,"report_interval":60,"status":"offline"},{"created_at":"2026-10-05T04:48:04.937617+08:00","device_no":"v2-hidden","disabled_at":null,"id":3,"last_seen_at":null,"model":"","name":"","pond_id":9403,"report_interval":60,"status":"offline"}]
=== RUN   TestAppResourceHTTPWhenRoleDeterminesFarmScope/owner//api/v1/alarms
    app_resource_scope_http_test.go:89: http method=GET path=/api/v1/alarms status=200 response=[{"confirmed_at":null,"created_at":"2026-10-05T04:47:04.958608+08:00","current_value":25,"device_no":"v2-hidden","id":2,"level":"warning","message":"temperature 高于阈值 20","metric":"temperature","pond_id":9403,"threshold":20},{"confirmed_at":null,"created_at":"2026-10-05T04:47:04.947679+08:00","current_value":25,"device_no":"v2-permission","id":1,"level":"warning","message":"temperature 高于阈值 20","metric":"temperature","pond_id":9401,"threshold":20}]
=== RUN   TestAppResourceHTTPWhenRoleDeterminesFarmScope/owner/stats
    app_resource_scope_http_test.go:98: http method=GET path=/api/v1/stats/summary status=200 response={"alarm_devices":2,"offline_devices":2,"online_devices":0,"ponds":[{"pond_id":9401,"pond_name":"v2-pond","status":"warning"},{"pond_id":9403,"pond_name":"hidden","status":"warning"}]}
=== RUN   TestAppResourceHTTPWhenRoleDeterminesFarmScope/owner//api/v1/ponds/9401
    app_resource_scope_http_test.go:127: http method=GET path=/api/v1/ponds/9401 status=200 response={"device_count":1,"latest":{"device_no":"v2-permission","dissolved_oxygen":null,"ph":null,"pond_id":9401,"report_interval":60,"salinity":null,"signal":null,"temperature":25,"timestamps":{"dissolved_oxygen":null,"ph":null,"salinity":null,"signal":null,"temperature":"2026-10-04T20:47:04.947679593Z","turbidity":null},"ts":"2026-10-05T04:47:04.947679+08:00","turbidity":null},"pond_id":9401,"pond_name":"v2-pond","status":"warning"}
=== RUN   TestAppResourceHTTPWhenRoleDeterminesFarmScope/owner//api/v1/devices?pond_id=9401
    app_resource_scope_http_test.go:127: http method=GET path=/api/v1/devices?pond_id=9401 status=200 response=[{"created_at":"2026-10-05T04:48:04.937617+08:00","device_no":"v2-permission","disabled_at":null,"id":1,"last_seen_at":null,"model":"","name":"","pond_id":9401,"report_interval":60,"status":"offline"}]
=== RUN   TestAppResourceHTTPWhenRoleDeterminesFarmScope/owner//api/v1/devices/v2-permission
    app_resource_scope_http_test.go:127: http method=GET path=/api/v1/devices/v2-permission status=200 response={"created_at":"2026-10-05T04:48:04.937617+08:00","device_no":"v2-permission","disabled_at":null,"id":1,"last_seen_at":null,"latest":{"device_no":"v2-permission","dissolved_oxygen":null,"ph":null,"pond_id":9401,"report_interval":60,"salinity":null,"signal":null,"temperature":25,"timestamps":{"dissolved_oxygen":null,"ph":null,"salinity":null,"signal":null,"temperature":"2026-10-04T20:47:04.947679593Z","turbidity":null},"ts":"2026-10-05T04:47:04.947679+08:00","turbidity":null},"model":"","name":"","pond_id":9401,"report_interval":60,"status":"offline"}
=== RUN   TestAppResourceHTTPWhenRoleDeterminesFarmScope/owner//api/v1/water/latest?device_no=v2-permission
    app_resource_scope_http_test.go:127: http method=GET path=/api/v1/water/latest?device_no=v2-permission status=200 response={"device_no":"v2-permission","dissolved_oxygen":null,"ph":null,"pond_id":9401,"report_interval":60,"salinity":null,"signal":null,"temperature":25,"timestamps":{"dissolved_oxygen":null,"ph":null,"salinity":null,"signal":null,"temperature":"2026-10-04T20:47:04.947679593Z","turbidity":null},"ts":"2026-10-05T04:47:04.947679+08:00","turbidity":null}
=== RUN   TestAppResourceHTTPWhenRoleDeterminesFarmScope/owner//api/v1/water/history?device_no=v2-permission&metric=temperature&range=30d
    app_resource_scope_http_test.go:127: http method=GET path=/api/v1/water/history?device_no=v2-permission&metric=temperature&range=30d status=200 response={"metric":"temperature","points":[{"ts":"2026-10-05T01:12:05.008532+08:00","value":25}],"unit":"℃"}
=== RUN   TestAppResourceHTTPWhenRoleDeterminesFarmScope/owner//api/v2/devices/v2-permission/model/latest
    app_resource_scope_http_test.go:127: http method=GET path=/api/v2/devices/v2-permission/model/latest status=200 response={"device_no":"v2-permission","product_id":1,"model_version":1,"fields":[{"identifier":"temperature","type":"number","unit":"℃","minimum":null,"maximum":null,"enum_values":null,"readable":true,"writable":false,"nullable":true},{"identifier":"dissolved_oxygen","type":"number","unit":"mg/L","minimum":null,"maximum":null,"enum_values":null,"readable":true,"writable":false,"nullable":true},{"identifier":"ph","type":"number","unit":"","minimum":null,"maximum":null,"enum_values":null,"readable":true,"writable":false,"nullable":true},{"identifier":"turbidity","type":"number","unit":"NTU","minimum":null,"maximum":null,"enum_values":null,"readable":true,"writable":false,"nullable":true},{"identifier":"salinity","type":"number","unit":"ppt","minimum":null,"maximum":null,"enum_values":null,"readable":true,"writable":false,"nullable":true}],"ts":"2026-10-05T04:47:04.947679+08:00","properties":{"temperature":25}}
=== RUN   TestAppResourceHTTPWhenRoleDeterminesFarmScope/owner//api/v2/devices/v2-permission/history?metric=temperature
    app_resource_scope_http_test.go:127: http method=GET path=/api/v2/devices/v2-permission/history?metric=temperature status=200 response={"device_no":"v2-permission","metric":"temperature","points":[{"ts":"2026-10-05T04:47:04.947679+08:00","value":25,"model_version":1,"unit":"℃"}],"unit":"℃"}
=== RUN   TestAppResourceHTTPWhenRoleDeterminesFarmScope/owner//api/v1/ponds/9403
    app_resource_scope_http_test.go:127: http method=GET path=/api/v1/ponds/9403 status=200 response={"device_count":1,"latest":{"device_no":"v2-hidden","dissolved_oxygen":null,"ph":null,"pond_id":9403,"report_interval":60,"salinity":null,"signal":null,"temperature":25,"timestamps":{"dissolved_oxygen":null,"ph":null,"salinity":null,"signal":null,"temperature":"2026-10-04T20:47:04.958608578Z","turbidity":null},"ts":"2026-10-05T04:47:04.958608+08:00","turbidity":null},"pond_id":9403,"pond_name":"hidden","status":"warning"}
=== RUN   TestAppResourceHTTPWhenRoleDeterminesFarmScope/owner//api/v1/devices?pond_id=9403
    app_resource_scope_http_test.go:127: http method=GET path=/api/v1/devices?pond_id=9403 status=200 response=[{"created_at":"2026-10-05T04:48:04.937617+08:00","device_no":"v2-hidden","disabled_at":null,"id":3,"last_seen_at":null,"model":"","name":"","pond_id":9403,"report_interval":60,"status":"offline"}]
=== RUN   TestAppResourceHTTPWhenRoleDeterminesFarmScope/owner//api/v1/devices/v2-hidden
    app_resource_scope_http_test.go:127: http method=GET path=/api/v1/devices/v2-hidden status=200 response={"created_at":"2026-10-05T04:48:04.937617+08:00","device_no":"v2-hidden","disabled_at":null,"id":3,"last_seen_at":null,"latest":{"device_no":"v2-hidden","dissolved_oxygen":null,"ph":null,"pond_id":9403,"report_interval":60,"salinity":null,"signal":null,"temperature":25,"timestamps":{"dissolved_oxygen":null,"ph":null,"salinity":null,"signal":null,"temperature":"2026-10-04T20:47:04.958608578Z","turbidity":null},"ts":"2026-10-05T04:47:04.958608+08:00","turbidity":null},"model":"","name":"","pond_id":9403,"report_interval":60,"status":"offline"}
=== RUN   TestAppResourceHTTPWhenRoleDeterminesFarmScope/owner//api/v1/water/latest?device_no=v2-hidden
    app_resource_scope_http_test.go:127: http method=GET path=/api/v1/water/latest?device_no=v2-hidden status=200 response={"device_no":"v2-hidden","dissolved_oxygen":null,"ph":null,"pond_id":9403,"report_interval":60,"salinity":null,"signal":null,"temperature":25,"timestamps":{"dissolved_oxygen":null,"ph":null,"salinity":null,"signal":null,"temperature":"2026-10-04T20:47:04.958608578Z","turbidity":null},"ts":"2026-10-05T04:47:04.958608+08:00","turbidity":null}
=== RUN   TestAppResourceHTTPWhenRoleDeterminesFarmScope/owner//api/v1/water/history?device_no=v2-hidden&metric=temperature&range=30d
    app_resource_scope_http_test.go:127: http method=GET path=/api/v1/water/history?device_no=v2-hidden&metric=temperature&range=30d status=200 response={"metric":"temperature","points":[{"ts":"2026-10-05T01:12:05.029963+08:00","value":25}],"unit":"℃"}
=== RUN   TestAppResourceHTTPWhenRoleDeterminesFarmScope/owner//api/v2/devices/v2-hidden/model/latest
    app_resource_scope_http_test.go:127: http method=GET path=/api/v2/devices/v2-hidden/model/latest status=200 response={"device_no":"v2-hidden","product_id":1,"model_version":1,"fields":[{"identifier":"temperature","type":"number","unit":"℃","minimum":null,"maximum":null,"enum_values":null,"readable":true,"writable":false,"nullable":true},{"identifier":"dissolved_oxygen","type":"number","unit":"mg/L","minimum":null,"maximum":null,"enum_values":null,"readable":true,"writable":false,"nullable":true},{"identifier":"ph","type":"number","unit":"","minimum":null,"maximum":null,"enum_values":null,"readable":true,"writable":false,"nullable":true},{"identifier":"turbidity","type":"number","unit":"NTU","minimum":null,"maximum":null,"enum_values":null,"readable":true,"writable":false,"nullable":true},{"identifier":"salinity","type":"number","unit":"ppt","minimum":null,"maximum":null,"enum_values":null,"readable":true,"writable":false,"nullable":true}],"ts":"2026-10-05T04:47:04.958608+08:00","properties":{"temperature":25}}
=== RUN   TestAppResourceHTTPWhenRoleDeterminesFarmScope/owner//api/v2/devices/v2-hidden/history?metric=temperature
    app_resource_scope_http_test.go:127: http method=GET path=/api/v2/devices/v2-hidden/history?metric=temperature status=200 response={"device_no":"v2-hidden","metric":"temperature","points":[{"ts":"2026-10-05T04:47:04.958608+08:00","value":25,"model_version":1,"unit":"℃"}],"unit":"℃"}
=== RUN   TestAppResourceHTTPWhenRoleDeterminesFarmScope/owner//api/v1/ponds/9402
    app_resource_scope_http_test.go:127: http method=GET path=/api/v1/ponds/9402 status=404 response={"error":"pond not found"}
=== RUN   TestAppResourceHTTPWhenRoleDeterminesFarmScope/owner//api/v1/devices?pond_id=9402
    app_resource_scope_http_test.go:127: http method=GET path=/api/v1/devices?pond_id=9402 status=404 response={"error":"pond not found"}
=== RUN   TestAppResourceHTTPWhenRoleDeterminesFarmScope/owner//api/v1/devices/v2-foreign
    app_resource_scope_http_test.go:127: http method=GET path=/api/v1/devices/v2-foreign status=404 response={"error":"device not found"}
=== RUN   TestAppResourceHTTPWhenRoleDeterminesFarmScope/owner//api/v1/water/latest?device_no=v2-foreign
    app_resource_scope_http_test.go:127: http method=GET path=/api/v1/water/latest?device_no=v2-foreign status=404 response={"error":"no data"}
=== RUN   TestAppResourceHTTPWhenRoleDeterminesFarmScope/owner//api/v1/water/history?device_no=v2-foreign&metric=temperature&range=30d
    app_resource_scope_http_test.go:127: http method=GET path=/api/v1/water/history?device_no=v2-foreign&metric=temperature&range=30d status=404 response={"error":"device not found"}
=== RUN   TestAppResourceHTTPWhenRoleDeterminesFarmScope/owner//api/v2/devices/v2-foreign/model/latest
    app_resource_scope_http_test.go:127: http method=GET path=/api/v2/devices/v2-foreign/model/latest status=404 response={"error":"not_found"}
=== RUN   TestAppResourceHTTPWhenRoleDeterminesFarmScope/owner//api/v2/devices/v2-foreign/history?metric=temperature
    app_resource_scope_http_test.go:127: http method=GET path=/api/v2/devices/v2-foreign/history?metric=temperature status=404 response={"error":"not_found"}
=== NAME  TestAppResourceHTTPWhenRoleDeterminesFarmScope/owner
    app_resource_scope_http_test.go:149: http method=POST path=/api/v1/alarms/2/confirm status=204 response=
    app_resource_scope_http_test.go:158: scenario=owner_hidden_alarm_confirm before={"alarms": [{"id": 1, "level": "warning", "metric": "temperature", "message": "temperature 高于阈值 20", "pond_id": 9401, "device_no": "v2-permission", "threshold": 20, "created_at": "2026-10-04T20:47:04.947679+00:00", "product_id": 1, "confirmed_at": null, "current_value": 25}, {"id": 2, "level": "warning", "metric": "temperature", "message": "temperature 高于阈值 20", "pond_id": 9403, "device_no": "v2-hidden", "threshold": 20, "created_at": "2026-10-04T20:47:04.958608+00:00", "product_id": 1, "confirmed_at": null, "current_value": 25}], "outbox": [{"id": 1, "status": "pending", "next_at": "2026-10-04T20:48:04.947716+00:00", "alarm_id": 1, "attempts": 0, "created_at": "2026-10-04T20:48:04.947716+00:00", "last_error": null, "updated_at": "2026-10-04T20:48:04.947716+00:00", "lease_owner": null, "leased_until": null, "recipient_open_id": null}, {"id": 2, "status": "pending", "next_at": "2026-10-04T20:48:04.95865+00:00", "alarm_id": 2, "attempts": 0, "created_at": "2026-10-04T20:48:04.95865+00:00", "last_error": null, "updated_at": "2026-10-04T20:48:04.95865+00:00", "lease_owner": null, "leased_until": null, "recipient_open_id": null}], "shadows": [{"ts": "2026-10-04T20:47:04.958608+00:00", "last": {"temperature": 25}, "signal": null, "pond_id": 9403, "device_no": "v2-hidden", "tenant_id": 9401, "product_id": 1, "timestamps": {"temperature": "2026-10-04T20:47:04.958608578Z"}, "model_version": 1}, {"ts": "2026-10-04T20:47:04.947679+00:00", "last": {"temperature": 25}, "signal": null, "pond_id": 9401, "device_no": "v2-permission", "tenant_id": 9401, "product_id": 1, "timestamps": {"temperature": "2026-10-04T20:47:04.947679593Z"}, "model_version": 1}], "telemetry": [{"ts": "2026-10-04T20:47:04.947679+00:00", "pond_id": 9401, "device_no": "v2-permission", "tenant_id": 9401, "product_id": 1, "properties": {"temperature": 25}, "model_version": 1}, {"ts": "2026-10-04T20:47:04.958608+00:00", "pond_id": 9403, "device_no": "v2-hidden", "tenant_id": 9401, "product_id": 1, "properties": {"temperature": 25}, "model_version": 1}], "sensor_data": [{"ph": null, "ts": "2026-10-04T20:47:04.947679+00:00", "signal": null, "battery": null, "pond_id": 9401, "salinity": null, "device_no": "v2-permission", "tenant_id": 9401, "turbidity": null, "temperature": 25, "dissolved_oxygen": null}, {"ph": null, "ts": "2026-10-04T20:47:04.958608+00:00", "signal": null, "battery": null, "pond_id": 9403, "salinity": null, "device_no": "v2-hidden", "tenant_id": 9401, "turbidity": null, "temperature": 25, "dissolved_oxygen": null}]} after={"alarms": [{"id": 1, "level": "warning", "metric": "temperature", "message": "temperature 高于阈值 20", "pond_id": 9401, "device_no": "v2-permission", "threshold": 20, "created_at": "2026-10-04T20:47:04.947679+00:00", "product_id": 1, "confirmed_at": null, "current_value": 25}, {"id": 2, "level": "warning", "metric": "temperature", "message": "temperature 高于阈值 20", "pond_id": 9403, "device_no": "v2-hidden", "threshold": 20, "created_at": "2026-10-04T20:47:04.958608+00:00", "product_id": 1, "confirmed_at": "2026-10-04T20:48:05.050558+00:00", "current_value": 25}], "outbox": [{"id": 1, "status": "pending", "next_at": "2026-10-04T20:48:04.947716+00:00", "alarm_id": 1, "attempts": 0, "created_at": "2026-10-04T20:48:04.947716+00:00", "last_error": null, "updated_at": "2026-10-04T20:48:04.947716+00:00", "lease_owner": null, "leased_until": null, "recipient_open_id": null}, {"id": 2, "status": "pending", "next_at": "2026-10-04T20:48:04.95865+00:00", "alarm_id": 2, "attempts": 0, "created_at": "2026-10-04T20:48:04.95865+00:00", "last_error": null, "updated_at": "2026-10-04T20:48:04.95865+00:00", "lease_owner": null, "leased_until": null, "recipient_open_id": null}], "shadows": [{"ts": "2026-10-04T20:47:04.958608+00:00", "last": {"temperature": 25}, "signal": null, "pond_id": 9403, "device_no": "v2-hidden", "tenant_id": 9401, "product_id": 1, "timestamps": {"temperature": "2026-10-04T20:47:04.958608578Z"}, "model_version": 1}, {"ts": "2026-10-04T20:47:04.947679+00:00", "last": {"temperature": 25}, "signal": null, "pond_id": 9401, "device_no": "v2-permission", "tenant_id": 9401, "product_id": 1, "timestamps": {"temperature": "2026-10-04T20:47:04.947679593Z"}, "model_version": 1}], "telemetry": [{"ts": "2026-10-04T20:47:04.947679+00:00", "pond_id": 9401, "device_no": "v2-permission", "tenant_id": 9401, "product_id": 1, "properties": {"temperature": 25}, "model_version": 1}, {"ts": "2026-10-04T20:47:04.958608+00:00", "pond_id": 9403, "device_no": "v2-hidden", "tenant_id": 9401, "product_id": 1, "properties": {"temperature": 25}, "model_version": 1}], "sensor_data": [{"ph": null, "ts": "2026-10-04T20:47:04.947679+00:00", "signal": null, "battery": null, "pond_id": 9401, "salinity": null, "device_no": "v2-permission", "tenant_id": 9401, "turbidity": null, "temperature": 25, "dissolved_oxygen": null}, {"ph": null, "ts": "2026-10-04T20:47:04.958608+00:00", "signal": null, "battery": null, "pond_id": 9403, "salinity": null, "device_no": "v2-hidden", "tenant_id": 9401, "turbidity": null, "temperature": 25, "dissolved_oxygen": null}]}
=== RUN   TestAppResourceHTTPWhenRoleDeterminesFarmScope/admin
    app_resource_scope_http_test.go:72: environment real_timescaledb=2.30.2
[GIN-debug] [WARNING] Running in "debug" mode. Switch to "release" mode in production.
 - using env:	export GIN_MODE=release
 - using code:	gin.SetMode(gin.ReleaseMode)

[GIN-debug] POST   /api/v1/auth/login        --> git.hyhy.fun/rsplab/iolink/internal/appapi.(*Server).login-fm (2 handlers)
[GIN-debug] GET    /api/v1/auth/tenants      --> git.hyhy.fun/rsplab/iolink/internal/appapi.(*Server).listTenants-fm (3 handlers)
[GIN-debug] POST   /api/v1/auth/tenant       --> git.hyhy.fun/rsplab/iolink/internal/appapi.(*Server).switchTenant-fm (3 handlers)
[GIN-debug] GET    /api/v1/ponds             --> git.hyhy.fun/rsplab/iolink/internal/appapi.(*Server).listPonds-fm (3 handlers)
[GIN-debug] GET    /api/v1/ponds/:id         --> git.hyhy.fun/rsplab/iolink/internal/appapi.(*Server).getPond-fm (3 handlers)
[GIN-debug] GET    /api/v1/devices           --> git.hyhy.fun/rsplab/iolink/internal/appapi.(*Server).listDevices-fm (3 handlers)
[GIN-debug] GET    /api/v1/devices/:device_no --> git.hyhy.fun/rsplab/iolink/internal/appapi.(*Server).getDevice-fm (3 handlers)
[GIN-debug] GET    /api/v1/water/latest      --> git.hyhy.fun/rsplab/iolink/internal/appapi.(*Server).waterLatest-fm (3 handlers)
[GIN-debug] GET    /api/v1/water/history     --> git.hyhy.fun/rsplab/iolink/internal/appapi.(*Server).waterHistory-fm (3 handlers)
[GIN-debug] GET    /api/v1/alarms            --> git.hyhy.fun/rsplab/iolink/internal/appapi.(*Server).listAlarms-fm (3 handlers)
[GIN-debug] GET    /api/v1/stats/summary     --> git.hyhy.fun/rsplab/iolink/internal/appapi.(*Server).statsSummary-fm (3 handlers)
[GIN-debug] POST   /api/v1/alarms/:id/confirm --> git.hyhy.fun/rsplab/iolink/internal/appapi.(*Server).confirmAlarm-fm (3 handlers)
[GIN-debug] POST   /api/v2/devices/:device_no/telemetry --> git.hyhy.fun/rsplab/iolink/internal/appapi.(*Server).submitTelemetryV2-fm (3 handlers)
[GIN-debug] GET    /api/v2/devices/:device_no/model/latest --> git.hyhy.fun/rsplab/iolink/internal/appapi.(*Server).modelLatestV2-fm (3 handlers)
[GIN-debug] GET    /api/v2/devices/:device_no/history --> git.hyhy.fun/rsplab/iolink/internal/appapi.(*Server).telemetryHistoryV2-fm (3 handlers)
=== RUN   TestAppResourceHTTPWhenRoleDeterminesFarmScope/admin//api/v1/ponds
    app_resource_scope_http_test.go:89: http method=GET path=/api/v1/ponds status=200 response=[{"device_count":1,"latest":{"device_no":"v2-permission","dissolved_oxygen":null,"ph":null,"pond_id":9401,"report_interval":60,"salinity":null,"signal":null,"temperature":25,"timestamps":{"dissolved_oxygen":null,"ph":null,"salinity":null,"signal":null,"temperature":"2026-10-04T20:47:05.52996304Z","turbidity":null},"ts":"2026-10-05T04:47:05.529963+08:00","turbidity":null},"pond_id":9401,"pond_name":"v2-pond","status":"warning"},{"device_count":1,"latest":{"device_no":"v2-hidden","dissolved_oxygen":null,"ph":null,"pond_id":9403,"report_interval":60,"salinity":null,"signal":null,"temperature":25,"timestamps":{"dissolved_oxygen":null,"ph":null,"salinity":null,"signal":null,"temperature":"2026-10-04T20:47:05.540843503Z","turbidity":null},"ts":"2026-10-05T04:47:05.540843+08:00","turbidity":null},"pond_id":9403,"pond_name":"hidden","status":"warning"}]
=== RUN   TestAppResourceHTTPWhenRoleDeterminesFarmScope/admin//api/v1/devices
    app_resource_scope_http_test.go:89: http method=GET path=/api/v1/devices status=200 response=[{"created_at":"2026-10-05T04:48:05.519625+08:00","device_no":"v2-permission","disabled_at":null,"id":1,"last_seen_at":null,"model":"","name":"","pond_id":9401,"report_interval":60,"status":"offline"},{"created_at":"2026-10-05T04:48:05.519625+08:00","device_no":"v2-hidden","disabled_at":null,"id":3,"last_seen_at":null,"model":"","name":"","pond_id":9403,"report_interval":60,"status":"offline"}]
=== RUN   TestAppResourceHTTPWhenRoleDeterminesFarmScope/admin//api/v1/alarms
    app_resource_scope_http_test.go:89: http method=GET path=/api/v1/alarms status=200 response=[{"confirmed_at":null,"created_at":"2026-10-05T04:47:05.540843+08:00","current_value":25,"device_no":"v2-hidden","id":2,"level":"warning","message":"temperature 高于阈值 20","metric":"temperature","pond_id":9403,"threshold":20},{"confirmed_at":null,"created_at":"2026-10-05T04:47:05.529963+08:00","current_value":25,"device_no":"v2-permission","id":1,"level":"warning","message":"temperature 高于阈值 20","metric":"temperature","pond_id":9401,"threshold":20}]
=== RUN   TestAppResourceHTTPWhenRoleDeterminesFarmScope/admin/stats
    app_resource_scope_http_test.go:98: http method=GET path=/api/v1/stats/summary status=200 response={"alarm_devices":2,"offline_devices":2,"online_devices":0,"ponds":[{"pond_id":9401,"pond_name":"v2-pond","status":"warning"},{"pond_id":9403,"pond_name":"hidden","status":"warning"}]}
=== RUN   TestAppResourceHTTPWhenRoleDeterminesFarmScope/admin//api/v1/ponds/9401
    app_resource_scope_http_test.go:127: http method=GET path=/api/v1/ponds/9401 status=200 response={"device_count":1,"latest":{"device_no":"v2-permission","dissolved_oxygen":null,"ph":null,"pond_id":9401,"report_interval":60,"salinity":null,"signal":null,"temperature":25,"timestamps":{"dissolved_oxygen":null,"ph":null,"salinity":null,"signal":null,"temperature":"2026-10-04T20:47:05.52996304Z","turbidity":null},"ts":"2026-10-05T04:47:05.529963+08:00","turbidity":null},"pond_id":9401,"pond_name":"v2-pond","status":"warning"}
=== RUN   TestAppResourceHTTPWhenRoleDeterminesFarmScope/admin//api/v1/devices?pond_id=9401
    app_resource_scope_http_test.go:127: http method=GET path=/api/v1/devices?pond_id=9401 status=200 response=[{"created_at":"2026-10-05T04:48:05.519625+08:00","device_no":"v2-permission","disabled_at":null,"id":1,"last_seen_at":null,"model":"","name":"","pond_id":9401,"report_interval":60,"status":"offline"}]
=== RUN   TestAppResourceHTTPWhenRoleDeterminesFarmScope/admin//api/v1/devices/v2-permission
    app_resource_scope_http_test.go:127: http method=GET path=/api/v1/devices/v2-permission status=200 response={"created_at":"2026-10-05T04:48:05.519625+08:00","device_no":"v2-permission","disabled_at":null,"id":1,"last_seen_at":null,"latest":{"device_no":"v2-permission","dissolved_oxygen":null,"ph":null,"pond_id":9401,"report_interval":60,"salinity":null,"signal":null,"temperature":25,"timestamps":{"dissolved_oxygen":null,"ph":null,"salinity":null,"signal":null,"temperature":"2026-10-04T20:47:05.52996304Z","turbidity":null},"ts":"2026-10-05T04:47:05.529963+08:00","turbidity":null},"model":"","name":"","pond_id":9401,"report_interval":60,"status":"offline"}
=== RUN   TestAppResourceHTTPWhenRoleDeterminesFarmScope/admin//api/v1/water/latest?device_no=v2-permission
    app_resource_scope_http_test.go:127: http method=GET path=/api/v1/water/latest?device_no=v2-permission status=200 response={"device_no":"v2-permission","dissolved_oxygen":null,"ph":null,"pond_id":9401,"report_interval":60,"salinity":null,"signal":null,"temperature":25,"timestamps":{"dissolved_oxygen":null,"ph":null,"salinity":null,"signal":null,"temperature":"2026-10-04T20:47:05.52996304Z","turbidity":null},"ts":"2026-10-05T04:47:05.529963+08:00","turbidity":null}
=== RUN   TestAppResourceHTTPWhenRoleDeterminesFarmScope/admin//api/v1/water/history?device_no=v2-permission&metric=temperature&range=30d
    app_resource_scope_http_test.go:127: http method=GET path=/api/v1/water/history?device_no=v2-permission&metric=temperature&range=30d status=200 response={"metric":"temperature","points":[{"ts":"2026-10-05T01:12:05.588419+08:00","value":25}],"unit":"℃"}
=== RUN   TestAppResourceHTTPWhenRoleDeterminesFarmScope/admin//api/v2/devices/v2-permission/model/latest
    app_resource_scope_http_test.go:127: http method=GET path=/api/v2/devices/v2-permission/model/latest status=200 response={"device_no":"v2-permission","product_id":1,"model_version":1,"fields":[{"identifier":"temperature","type":"number","unit":"℃","minimum":null,"maximum":null,"enum_values":null,"readable":true,"writable":false,"nullable":true},{"identifier":"dissolved_oxygen","type":"number","unit":"mg/L","minimum":null,"maximum":null,"enum_values":null,"readable":true,"writable":false,"nullable":true},{"identifier":"ph","type":"number","unit":"","minimum":null,"maximum":null,"enum_values":null,"readable":true,"writable":false,"nullable":true},{"identifier":"turbidity","type":"number","unit":"NTU","minimum":null,"maximum":null,"enum_values":null,"readable":true,"writable":false,"nullable":true},{"identifier":"salinity","type":"number","unit":"ppt","minimum":null,"maximum":null,"enum_values":null,"readable":true,"writable":false,"nullable":true}],"ts":"2026-10-05T04:47:05.529963+08:00","properties":{"temperature":25}}
=== RUN   TestAppResourceHTTPWhenRoleDeterminesFarmScope/admin//api/v2/devices/v2-permission/history?metric=temperature
    app_resource_scope_http_test.go:127: http method=GET path=/api/v2/devices/v2-permission/history?metric=temperature status=200 response={"device_no":"v2-permission","metric":"temperature","points":[{"ts":"2026-10-05T04:47:05.529963+08:00","value":25,"model_version":1,"unit":"℃"}],"unit":"℃"}
=== RUN   TestAppResourceHTTPWhenRoleDeterminesFarmScope/admin//api/v1/ponds/9403
    app_resource_scope_http_test.go:127: http method=GET path=/api/v1/ponds/9403 status=200 response={"device_count":1,"latest":{"device_no":"v2-hidden","dissolved_oxygen":null,"ph":null,"pond_id":9403,"report_interval":60,"salinity":null,"signal":null,"temperature":25,"timestamps":{"dissolved_oxygen":null,"ph":null,"salinity":null,"signal":null,"temperature":"2026-10-04T20:47:05.540843503Z","turbidity":null},"ts":"2026-10-05T04:47:05.540843+08:00","turbidity":null},"pond_id":9403,"pond_name":"hidden","status":"warning"}
=== RUN   TestAppResourceHTTPWhenRoleDeterminesFarmScope/admin//api/v1/devices?pond_id=9403
    app_resource_scope_http_test.go:127: http method=GET path=/api/v1/devices?pond_id=9403 status=200 response=[{"created_at":"2026-10-05T04:48:05.519625+08:00","device_no":"v2-hidden","disabled_at":null,"id":3,"last_seen_at":null,"model":"","name":"","pond_id":9403,"report_interval":60,"status":"offline"}]
=== RUN   TestAppResourceHTTPWhenRoleDeterminesFarmScope/admin//api/v1/devices/v2-hidden
    app_resource_scope_http_test.go:127: http method=GET path=/api/v1/devices/v2-hidden status=200 response={"created_at":"2026-10-05T04:48:05.519625+08:00","device_no":"v2-hidden","disabled_at":null,"id":3,"last_seen_at":null,"latest":{"device_no":"v2-hidden","dissolved_oxygen":null,"ph":null,"pond_id":9403,"report_interval":60,"salinity":null,"signal":null,"temperature":25,"timestamps":{"dissolved_oxygen":null,"ph":null,"salinity":null,"signal":null,"temperature":"2026-10-04T20:47:05.540843503Z","turbidity":null},"ts":"2026-10-05T04:47:05.540843+08:00","turbidity":null},"model":"","name":"","pond_id":9403,"report_interval":60,"status":"offline"}
=== RUN   TestAppResourceHTTPWhenRoleDeterminesFarmScope/admin//api/v1/water/latest?device_no=v2-hidden
    app_resource_scope_http_test.go:127: http method=GET path=/api/v1/water/latest?device_no=v2-hidden status=200 response={"device_no":"v2-hidden","dissolved_oxygen":null,"ph":null,"pond_id":9403,"report_interval":60,"salinity":null,"signal":null,"temperature":25,"timestamps":{"dissolved_oxygen":null,"ph":null,"salinity":null,"signal":null,"temperature":"2026-10-04T20:47:05.540843503Z","turbidity":null},"ts":"2026-10-05T04:47:05.540843+08:00","turbidity":null}
=== RUN   TestAppResourceHTTPWhenRoleDeterminesFarmScope/admin//api/v1/water/history?device_no=v2-hidden&metric=temperature&range=30d
    app_resource_scope_http_test.go:127: http method=GET path=/api/v1/water/history?device_no=v2-hidden&metric=temperature&range=30d status=200 response={"metric":"temperature","points":[{"ts":"2026-10-05T01:12:05.610332+08:00","value":25}],"unit":"℃"}
=== RUN   TestAppResourceHTTPWhenRoleDeterminesFarmScope/admin//api/v2/devices/v2-hidden/model/latest
    app_resource_scope_http_test.go:127: http method=GET path=/api/v2/devices/v2-hidden/model/latest status=200 response={"device_no":"v2-hidden","product_id":1,"model_version":1,"fields":[{"identifier":"temperature","type":"number","unit":"℃","minimum":null,"maximum":null,"enum_values":null,"readable":true,"writable":false,"nullable":true},{"identifier":"dissolved_oxygen","type":"number","unit":"mg/L","minimum":null,"maximum":null,"enum_values":null,"readable":true,"writable":false,"nullable":true},{"identifier":"ph","type":"number","unit":"","minimum":null,"maximum":null,"enum_values":null,"readable":true,"writable":false,"nullable":true},{"identifier":"turbidity","type":"number","unit":"NTU","minimum":null,"maximum":null,"enum_values":null,"readable":true,"writable":false,"nullable":true},{"identifier":"salinity","type":"number","unit":"ppt","minimum":null,"maximum":null,"enum_values":null,"readable":true,"writable":false,"nullable":true}],"ts":"2026-10-05T04:47:05.540843+08:00","properties":{"temperature":25}}
=== RUN   TestAppResourceHTTPWhenRoleDeterminesFarmScope/admin//api/v2/devices/v2-hidden/history?metric=temperature
    app_resource_scope_http_test.go:127: http method=GET path=/api/v2/devices/v2-hidden/history?metric=temperature status=200 response={"device_no":"v2-hidden","metric":"temperature","points":[{"ts":"2026-10-05T04:47:05.540843+08:00","value":25,"model_version":1,"unit":"℃"}],"unit":"℃"}
=== RUN   TestAppResourceHTTPWhenRoleDeterminesFarmScope/admin//api/v1/ponds/9402
    app_resource_scope_http_test.go:127: http method=GET path=/api/v1/ponds/9402 status=404 response={"error":"pond not found"}
=== RUN   TestAppResourceHTTPWhenRoleDeterminesFarmScope/admin//api/v1/devices?pond_id=9402
    app_resource_scope_http_test.go:127: http method=GET path=/api/v1/devices?pond_id=9402 status=404 response={"error":"pond not found"}
=== RUN   TestAppResourceHTTPWhenRoleDeterminesFarmScope/admin//api/v1/devices/v2-foreign
    app_resource_scope_http_test.go:127: http method=GET path=/api/v1/devices/v2-foreign status=404 response={"error":"device not found"}
=== RUN   TestAppResourceHTTPWhenRoleDeterminesFarmScope/admin//api/v1/water/latest?device_no=v2-foreign
    app_resource_scope_http_test.go:127: http method=GET path=/api/v1/water/latest?device_no=v2-foreign status=404 response={"error":"no data"}
=== RUN   TestAppResourceHTTPWhenRoleDeterminesFarmScope/admin//api/v1/water/history?device_no=v2-foreign&metric=temperature&range=30d
    app_resource_scope_http_test.go:127: http method=GET path=/api/v1/water/history?device_no=v2-foreign&metric=temperature&range=30d status=404 response={"error":"device not found"}
=== RUN   TestAppResourceHTTPWhenRoleDeterminesFarmScope/admin//api/v2/devices/v2-foreign/model/latest
    app_resource_scope_http_test.go:127: http method=GET path=/api/v2/devices/v2-foreign/model/latest status=404 response={"error":"not_found"}
=== RUN   TestAppResourceHTTPWhenRoleDeterminesFarmScope/admin//api/v2/devices/v2-foreign/history?metric=temperature
    app_resource_scope_http_test.go:127: http method=GET path=/api/v2/devices/v2-foreign/history?metric=temperature status=404 response={"error":"not_found"}
=== NAME  TestAppResourceHTTPWhenRoleDeterminesFarmScope/admin
    app_resource_scope_http_test.go:149: http method=POST path=/api/v1/alarms/2/confirm status=204 response=
    app_resource_scope_http_test.go:158: scenario=admin_hidden_alarm_confirm before={"alarms": [{"id": 1, "level": "warning", "metric": "temperature", "message": "temperature 高于阈值 20", "pond_id": 9401, "device_no": "v2-permission", "threshold": 20, "created_at": "2026-10-04T20:47:05.529963+00:00", "product_id": 1, "confirmed_at": null, "current_value": 25}, {"id": 2, "level": "warning", "metric": "temperature", "message": "temperature 高于阈值 20", "pond_id": 9403, "device_no": "v2-hidden", "threshold": 20, "created_at": "2026-10-04T20:47:05.540843+00:00", "product_id": 1, "confirmed_at": null, "current_value": 25}], "outbox": [{"id": 1, "status": "pending", "next_at": "2026-10-04T20:48:05.530004+00:00", "alarm_id": 1, "attempts": 0, "created_at": "2026-10-04T20:48:05.530004+00:00", "last_error": null, "updated_at": "2026-10-04T20:48:05.530004+00:00", "lease_owner": null, "leased_until": null, "recipient_open_id": null}, {"id": 2, "status": "pending", "next_at": "2026-10-04T20:48:05.540878+00:00", "alarm_id": 2, "attempts": 0, "created_at": "2026-10-04T20:48:05.540878+00:00", "last_error": null, "updated_at": "2026-10-04T20:48:05.540878+00:00", "lease_owner": null, "leased_until": null, "recipient_open_id": null}], "shadows": [{"ts": "2026-10-04T20:47:05.540843+00:00", "last": {"temperature": 25}, "signal": null, "pond_id": 9403, "device_no": "v2-hidden", "tenant_id": 9401, "product_id": 1, "timestamps": {"temperature": "2026-10-04T20:47:05.540843503Z"}, "model_version": 1}, {"ts": "2026-10-04T20:47:05.529963+00:00", "last": {"temperature": 25}, "signal": null, "pond_id": 9401, "device_no": "v2-permission", "tenant_id": 9401, "product_id": 1, "timestamps": {"temperature": "2026-10-04T20:47:05.52996304Z"}, "model_version": 1}], "telemetry": [{"ts": "2026-10-04T20:47:05.529963+00:00", "pond_id": 9401, "device_no": "v2-permission", "tenant_id": 9401, "product_id": 1, "properties": {"temperature": 25}, "model_version": 1}, {"ts": "2026-10-04T20:47:05.540843+00:00", "pond_id": 9403, "device_no": "v2-hidden", "tenant_id": 9401, "product_id": 1, "properties": {"temperature": 25}, "model_version": 1}], "sensor_data": [{"ph": null, "ts": "2026-10-04T20:47:05.529963+00:00", "signal": null, "battery": null, "pond_id": 9401, "salinity": null, "device_no": "v2-permission", "tenant_id": 9401, "turbidity": null, "temperature": 25, "dissolved_oxygen": null}, {"ph": null, "ts": "2026-10-04T20:47:05.540843+00:00", "signal": null, "battery": null, "pond_id": 9403, "salinity": null, "device_no": "v2-hidden", "tenant_id": 9401, "turbidity": null, "temperature": 25, "dissolved_oxygen": null}]} after={"alarms": [{"id": 1, "level": "warning", "metric": "temperature", "message": "temperature 高于阈值 20", "pond_id": 9401, "device_no": "v2-permission", "threshold": 20, "created_at": "2026-10-04T20:47:05.529963+00:00", "product_id": 1, "confirmed_at": null, "current_value": 25}, {"id": 2, "level": "warning", "metric": "temperature", "message": "temperature 高于阈值 20", "pond_id": 9403, "device_no": "v2-hidden", "threshold": 20, "created_at": "2026-10-04T20:47:05.540843+00:00", "product_id": 1, "confirmed_at": "2026-10-04T20:48:05.632096+00:00", "current_value": 25}], "outbox": [{"id": 1, "status": "pending", "next_at": "2026-10-04T20:48:05.530004+00:00", "alarm_id": 1, "attempts": 0, "created_at": "2026-10-04T20:48:05.530004+00:00", "last_error": null, "updated_at": "2026-10-04T20:48:05.530004+00:00", "lease_owner": null, "leased_until": null, "recipient_open_id": null}, {"id": 2, "status": "pending", "next_at": "2026-10-04T20:48:05.540878+00:00", "alarm_id": 2, "attempts": 0, "created_at": "2026-10-04T20:48:05.540878+00:00", "last_error": null, "updated_at": "2026-10-04T20:48:05.540878+00:00", "lease_owner": null, "leased_until": null, "recipient_open_id": null}], "shadows": [{"ts": "2026-10-04T20:47:05.540843+00:00", "last": {"temperature": 25}, "signal": null, "pond_id": 9403, "device_no": "v2-hidden", "tenant_id": 9401, "product_id": 1, "timestamps": {"temperature": "2026-10-04T20:47:05.540843503Z"}, "model_version": 1}, {"ts": "2026-10-04T20:47:05.529963+00:00", "last": {"temperature": 25}, "signal": null, "pond_id": 9401, "device_no": "v2-permission", "tenant_id": 9401, "product_id": 1, "timestamps": {"temperature": "2026-10-04T20:47:05.52996304Z"}, "model_version": 1}], "telemetry": [{"ts": "2026-10-04T20:47:05.529963+00:00", "pond_id": 9401, "device_no": "v2-permission", "tenant_id": 9401, "product_id": 1, "properties": {"temperature": 25}, "model_version": 1}, {"ts": "2026-10-04T20:47:05.540843+00:00", "pond_id": 9403, "device_no": "v2-hidden", "tenant_id": 9401, "product_id": 1, "properties": {"temperature": 25}, "model_version": 1}], "sensor_data": [{"ph": null, "ts": "2026-10-04T20:47:05.529963+00:00", "signal": null, "battery": null, "pond_id": 9401, "salinity": null, "device_no": "v2-permission", "tenant_id": 9401, "turbidity": null, "temperature": 25, "dissolved_oxygen": null}, {"ph": null, "ts": "2026-10-04T20:47:05.540843+00:00", "signal": null, "battery": null, "pond_id": 9403, "salinity": null, "device_no": "v2-hidden", "tenant_id": 9401, "turbidity": null, "temperature": 25, "dissolved_oxygen": null}]}
=== RUN   TestAppResourceHTTPWhenRoleDeterminesFarmScope/member
    app_resource_scope_http_test.go:72: environment real_timescaledb=2.30.2
[GIN-debug] [WARNING] Running in "debug" mode. Switch to "release" mode in production.
 - using env:	export GIN_MODE=release
 - using code:	gin.SetMode(gin.ReleaseMode)

[GIN-debug] POST   /api/v1/auth/login        --> git.hyhy.fun/rsplab/iolink/internal/appapi.(*Server).login-fm (2 handlers)
[GIN-debug] GET    /api/v1/auth/tenants      --> git.hyhy.fun/rsplab/iolink/internal/appapi.(*Server).listTenants-fm (3 handlers)
[GIN-debug] POST   /api/v1/auth/tenant       --> git.hyhy.fun/rsplab/iolink/internal/appapi.(*Server).switchTenant-fm (3 handlers)
[GIN-debug] GET    /api/v1/ponds             --> git.hyhy.fun/rsplab/iolink/internal/appapi.(*Server).listPonds-fm (3 handlers)
[GIN-debug] GET    /api/v1/ponds/:id         --> git.hyhy.fun/rsplab/iolink/internal/appapi.(*Server).getPond-fm (3 handlers)
[GIN-debug] GET    /api/v1/devices           --> git.hyhy.fun/rsplab/iolink/internal/appapi.(*Server).listDevices-fm (3 handlers)
[GIN-debug] GET    /api/v1/devices/:device_no --> git.hyhy.fun/rsplab/iolink/internal/appapi.(*Server).getDevice-fm (3 handlers)
[GIN-debug] GET    /api/v1/water/latest      --> git.hyhy.fun/rsplab/iolink/internal/appapi.(*Server).waterLatest-fm (3 handlers)
[GIN-debug] GET    /api/v1/water/history     --> git.hyhy.fun/rsplab/iolink/internal/appapi.(*Server).waterHistory-fm (3 handlers)
[GIN-debug] GET    /api/v1/alarms            --> git.hyhy.fun/rsplab/iolink/internal/appapi.(*Server).listAlarms-fm (3 handlers)
[GIN-debug] GET    /api/v1/stats/summary     --> git.hyhy.fun/rsplab/iolink/internal/appapi.(*Server).statsSummary-fm (3 handlers)
[GIN-debug] POST   /api/v1/alarms/:id/confirm --> git.hyhy.fun/rsplab/iolink/internal/appapi.(*Server).confirmAlarm-fm (3 handlers)
[GIN-debug] POST   /api/v2/devices/:device_no/telemetry --> git.hyhy.fun/rsplab/iolink/internal/appapi.(*Server).submitTelemetryV2-fm (3 handlers)
[GIN-debug] GET    /api/v2/devices/:device_no/model/latest --> git.hyhy.fun/rsplab/iolink/internal/appapi.(*Server).modelLatestV2-fm (3 handlers)
[GIN-debug] GET    /api/v2/devices/:device_no/history --> git.hyhy.fun/rsplab/iolink/internal/appapi.(*Server).telemetryHistoryV2-fm (3 handlers)
=== RUN   TestAppResourceHTTPWhenRoleDeterminesFarmScope/member//api/v1/ponds
    app_resource_scope_http_test.go:89: http method=GET path=/api/v1/ponds status=200 response=[{"device_count":1,"latest":{"device_no":"v2-permission","dissolved_oxygen":null,"ph":null,"pond_id":9401,"report_interval":60,"salinity":null,"signal":null,"temperature":25,"timestamps":{"dissolved_oxygen":null,"ph":null,"salinity":null,"signal":null,"temperature":"2026-10-04T20:47:06.280862625Z","turbidity":null},"ts":"2026-10-05T04:47:06.280862+08:00","turbidity":null},"pond_id":9401,"pond_name":"v2-pond","status":"warning"}]
=== RUN   TestAppResourceHTTPWhenRoleDeterminesFarmScope/member//api/v1/devices
    app_resource_scope_http_test.go:89: http method=GET path=/api/v1/devices status=200 response=[{"created_at":"2026-10-05T04:48:06.265512+08:00","device_no":"v2-permission","disabled_at":null,"id":1,"last_seen_at":null,"model":"","name":"","pond_id":9401,"report_interval":60,"status":"offline"}]
=== RUN   TestAppResourceHTTPWhenRoleDeterminesFarmScope/member//api/v1/alarms
    app_resource_scope_http_test.go:89: http method=GET path=/api/v1/alarms status=200 response=[{"confirmed_at":null,"created_at":"2026-10-05T04:47:06.280862+08:00","current_value":25,"device_no":"v2-permission","id":1,"level":"warning","message":"temperature 高于阈值 20","metric":"temperature","pond_id":9401,"threshold":20}]
=== RUN   TestAppResourceHTTPWhenRoleDeterminesFarmScope/member/stats
    app_resource_scope_http_test.go:98: http method=GET path=/api/v1/stats/summary status=200 response={"alarm_devices":1,"offline_devices":1,"online_devices":0,"ponds":[{"pond_id":9401,"pond_name":"v2-pond","status":"warning"}]}
=== RUN   TestAppResourceHTTPWhenRoleDeterminesFarmScope/member//api/v1/ponds/9401
    app_resource_scope_http_test.go:127: http method=GET path=/api/v1/ponds/9401 status=200 response={"device_count":1,"latest":{"device_no":"v2-permission","dissolved_oxygen":null,"ph":null,"pond_id":9401,"report_interval":60,"salinity":null,"signal":null,"temperature":25,"timestamps":{"dissolved_oxygen":null,"ph":null,"salinity":null,"signal":null,"temperature":"2026-10-04T20:47:06.280862625Z","turbidity":null},"ts":"2026-10-05T04:47:06.280862+08:00","turbidity":null},"pond_id":9401,"pond_name":"v2-pond","status":"warning"}
=== RUN   TestAppResourceHTTPWhenRoleDeterminesFarmScope/member//api/v1/devices?pond_id=9401
    app_resource_scope_http_test.go:127: http method=GET path=/api/v1/devices?pond_id=9401 status=200 response=[{"created_at":"2026-10-05T04:48:06.265512+08:00","device_no":"v2-permission","disabled_at":null,"id":1,"last_seen_at":null,"model":"","name":"","pond_id":9401,"report_interval":60,"status":"offline"}]
=== RUN   TestAppResourceHTTPWhenRoleDeterminesFarmScope/member//api/v1/devices/v2-permission
    app_resource_scope_http_test.go:127: http method=GET path=/api/v1/devices/v2-permission status=200 response={"created_at":"2026-10-05T04:48:06.265512+08:00","device_no":"v2-permission","disabled_at":null,"id":1,"last_seen_at":null,"latest":{"device_no":"v2-permission","dissolved_oxygen":null,"ph":null,"pond_id":9401,"report_interval":60,"salinity":null,"signal":null,"temperature":25,"timestamps":{"dissolved_oxygen":null,"ph":null,"salinity":null,"signal":null,"temperature":"2026-10-04T20:47:06.280862625Z","turbidity":null},"ts":"2026-10-05T04:47:06.280862+08:00","turbidity":null},"model":"","name":"","pond_id":9401,"report_interval":60,"status":"offline"}
=== RUN   TestAppResourceHTTPWhenRoleDeterminesFarmScope/member//api/v1/water/latest?device_no=v2-permission
    app_resource_scope_http_test.go:127: http method=GET path=/api/v1/water/latest?device_no=v2-permission status=200 response={"device_no":"v2-permission","dissolved_oxygen":null,"ph":null,"pond_id":9401,"report_interval":60,"salinity":null,"signal":null,"temperature":25,"timestamps":{"dissolved_oxygen":null,"ph":null,"salinity":null,"signal":null,"temperature":"2026-10-04T20:47:06.280862625Z","turbidity":null},"ts":"2026-10-05T04:47:06.280862+08:00","turbidity":null}
=== RUN   TestAppResourceHTTPWhenRoleDeterminesFarmScope/member//api/v1/water/history?device_no=v2-permission&metric=temperature&range=30d
    app_resource_scope_http_test.go:127: http method=GET path=/api/v1/water/history?device_no=v2-permission&metric=temperature&range=30d status=200 response={"metric":"temperature","points":[{"ts":"2026-10-05T01:12:06.335669+08:00","value":25}],"unit":"℃"}
=== RUN   TestAppResourceHTTPWhenRoleDeterminesFarmScope/member//api/v2/devices/v2-permission/model/latest
    app_resource_scope_http_test.go:127: http method=GET path=/api/v2/devices/v2-permission/model/latest status=200 response={"device_no":"v2-permission","product_id":1,"model_version":1,"fields":[{"identifier":"temperature","type":"number","unit":"℃","minimum":null,"maximum":null,"enum_values":null,"readable":true,"writable":false,"nullable":true},{"identifier":"dissolved_oxygen","type":"number","unit":"mg/L","minimum":null,"maximum":null,"enum_values":null,"readable":true,"writable":false,"nullable":true},{"identifier":"ph","type":"number","unit":"","minimum":null,"maximum":null,"enum_values":null,"readable":true,"writable":false,"nullable":true},{"identifier":"turbidity","type":"number","unit":"NTU","minimum":null,"maximum":null,"enum_values":null,"readable":true,"writable":false,"nullable":true},{"identifier":"salinity","type":"number","unit":"ppt","minimum":null,"maximum":null,"enum_values":null,"readable":true,"writable":false,"nullable":true}],"ts":"2026-10-05T04:47:06.280862+08:00","properties":{"temperature":25}}
=== RUN   TestAppResourceHTTPWhenRoleDeterminesFarmScope/member//api/v2/devices/v2-permission/history?metric=temperature
    app_resource_scope_http_test.go:127: http method=GET path=/api/v2/devices/v2-permission/history?metric=temperature status=200 response={"device_no":"v2-permission","metric":"temperature","points":[{"ts":"2026-10-05T04:47:06.280862+08:00","value":25,"model_version":1,"unit":"℃"}],"unit":"℃"}
=== RUN   TestAppResourceHTTPWhenRoleDeterminesFarmScope/member//api/v1/ponds/9403
    app_resource_scope_http_test.go:127: http method=GET path=/api/v1/ponds/9403 status=404 response={"error":"pond not found"}
=== RUN   TestAppResourceHTTPWhenRoleDeterminesFarmScope/member//api/v1/devices?pond_id=9403
    app_resource_scope_http_test.go:127: http method=GET path=/api/v1/devices?pond_id=9403 status=404 response={"error":"pond not found"}
=== RUN   TestAppResourceHTTPWhenRoleDeterminesFarmScope/member//api/v1/devices/v2-hidden
    app_resource_scope_http_test.go:127: http method=GET path=/api/v1/devices/v2-hidden status=404 response={"error":"device not found"}
=== RUN   TestAppResourceHTTPWhenRoleDeterminesFarmScope/member//api/v1/water/latest?device_no=v2-hidden
    app_resource_scope_http_test.go:127: http method=GET path=/api/v1/water/latest?device_no=v2-hidden status=404 response={"error":"no data"}
=== RUN   TestAppResourceHTTPWhenRoleDeterminesFarmScope/member//api/v1/water/history?device_no=v2-hidden&metric=temperature&range=30d
    app_resource_scope_http_test.go:127: http method=GET path=/api/v1/water/history?device_no=v2-hidden&metric=temperature&range=30d status=404 response={"error":"device not found"}
=== RUN   TestAppResourceHTTPWhenRoleDeterminesFarmScope/member//api/v2/devices/v2-hidden/model/latest
    app_resource_scope_http_test.go:127: http method=GET path=/api/v2/devices/v2-hidden/model/latest status=404 response={"error":"not_found"}
=== RUN   TestAppResourceHTTPWhenRoleDeterminesFarmScope/member//api/v2/devices/v2-hidden/history?metric=temperature
    app_resource_scope_http_test.go:127: http method=GET path=/api/v2/devices/v2-hidden/history?metric=temperature status=404 response={"error":"not_found"}
=== RUN   TestAppResourceHTTPWhenRoleDeterminesFarmScope/member//api/v1/ponds/9402
    app_resource_scope_http_test.go:127: http method=GET path=/api/v1/ponds/9402 status=404 response={"error":"pond not found"}
=== RUN   TestAppResourceHTTPWhenRoleDeterminesFarmScope/member//api/v1/devices?pond_id=9402
    app_resource_scope_http_test.go:127: http method=GET path=/api/v1/devices?pond_id=9402 status=404 response={"error":"pond not found"}
=== RUN   TestAppResourceHTTPWhenRoleDeterminesFarmScope/member//api/v1/devices/v2-foreign
    app_resource_scope_http_test.go:127: http method=GET path=/api/v1/devices/v2-foreign status=404 response={"error":"device not found"}
=== RUN   TestAppResourceHTTPWhenRoleDeterminesFarmScope/member//api/v1/water/latest?device_no=v2-foreign
    app_resource_scope_http_test.go:127: http method=GET path=/api/v1/water/latest?device_no=v2-foreign status=404 response={"error":"no data"}
=== RUN   TestAppResourceHTTPWhenRoleDeterminesFarmScope/member//api/v1/water/history?device_no=v2-foreign&metric=temperature&range=30d
    app_resource_scope_http_test.go:127: http method=GET path=/api/v1/water/history?device_no=v2-foreign&metric=temperature&range=30d status=404 response={"error":"device not found"}
=== RUN   TestAppResourceHTTPWhenRoleDeterminesFarmScope/member//api/v2/devices/v2-foreign/model/latest
    app_resource_scope_http_test.go:127: http method=GET path=/api/v2/devices/v2-foreign/model/latest status=404 response={"error":"not_found"}
=== RUN   TestAppResourceHTTPWhenRoleDeterminesFarmScope/member//api/v2/devices/v2-foreign/history?metric=temperature
    app_resource_scope_http_test.go:127: http method=GET path=/api/v2/devices/v2-foreign/history?metric=temperature status=404 response={"error":"not_found"}
=== NAME  TestAppResourceHTTPWhenRoleDeterminesFarmScope/member
    app_resource_scope_http_test.go:149: http method=POST path=/api/v1/alarms/2/confirm status=404 response={"error":"alarm not found"}
    app_resource_scope_http_test.go:158: scenario=member_hidden_alarm_confirm before={"alarms": [{"id": 1, "level": "warning", "metric": "temperature", "message": "temperature 高于阈值 20", "pond_id": 9401, "device_no": "v2-permission", "threshold": 20, "created_at": "2026-10-04T20:47:06.280862+00:00", "product_id": 1, "confirmed_at": null, "current_value": 25}, {"id": 2, "level": "warning", "metric": "temperature", "message": "temperature 高于阈值 20", "pond_id": 9403, "device_no": "v2-hidden", "threshold": 20, "created_at": "2026-10-04T20:47:06.291211+00:00", "product_id": 1, "confirmed_at": null, "current_value": 25}], "outbox": [{"id": 1, "status": "pending", "next_at": "2026-10-04T20:48:06.280897+00:00", "alarm_id": 1, "attempts": 0, "created_at": "2026-10-04T20:48:06.280897+00:00", "last_error": null, "updated_at": "2026-10-04T20:48:06.280897+00:00", "lease_owner": null, "leased_until": null, "recipient_open_id": null}, {"id": 2, "status": "pending", "next_at": "2026-10-04T20:48:06.29125+00:00", "alarm_id": 2, "attempts": 0, "created_at": "2026-10-04T20:48:06.29125+00:00", "last_error": null, "updated_at": "2026-10-04T20:48:06.29125+00:00", "lease_owner": null, "leased_until": null, "recipient_open_id": null}], "shadows": [{"ts": "2026-10-04T20:47:06.291211+00:00", "last": {"temperature": 25}, "signal": null, "pond_id": 9403, "device_no": "v2-hidden", "tenant_id": 9401, "product_id": 1, "timestamps": {"temperature": "2026-10-04T20:47:06.291211696Z"}, "model_version": 1}, {"ts": "2026-10-04T20:47:06.280862+00:00", "last": {"temperature": 25}, "signal": null, "pond_id": 9401, "device_no": "v2-permission", "tenant_id": 9401, "product_id": 1, "timestamps": {"temperature": "2026-10-04T20:47:06.280862625Z"}, "model_version": 1}], "telemetry": [{"ts": "2026-10-04T20:47:06.280862+00:00", "pond_id": 9401, "device_no": "v2-permission", "tenant_id": 9401, "product_id": 1, "properties": {"temperature": 25}, "model_version": 1}, {"ts": "2026-10-04T20:47:06.291211+00:00", "pond_id": 9403, "device_no": "v2-hidden", "tenant_id": 9401, "product_id": 1, "properties": {"temperature": 25}, "model_version": 1}], "sensor_data": [{"ph": null, "ts": "2026-10-04T20:47:06.280862+00:00", "signal": null, "battery": null, "pond_id": 9401, "salinity": null, "device_no": "v2-permission", "tenant_id": 9401, "turbidity": null, "temperature": 25, "dissolved_oxygen": null}, {"ph": null, "ts": "2026-10-04T20:47:06.291211+00:00", "signal": null, "battery": null, "pond_id": 9403, "salinity": null, "device_no": "v2-hidden", "tenant_id": 9401, "turbidity": null, "temperature": 25, "dissolved_oxygen": null}]} after={"alarms": [{"id": 1, "level": "warning", "metric": "temperature", "message": "temperature 高于阈值 20", "pond_id": 9401, "device_no": "v2-permission", "threshold": 20, "created_at": "2026-10-04T20:47:06.280862+00:00", "product_id": 1, "confirmed_at": null, "current_value": 25}, {"id": 2, "level": "warning", "metric": "temperature", "message": "temperature 高于阈值 20", "pond_id": 9403, "device_no": "v2-hidden", "threshold": 20, "created_at": "2026-10-04T20:47:06.291211+00:00", "product_id": 1, "confirmed_at": null, "current_value": 25}], "outbox": [{"id": 1, "status": "pending", "next_at": "2026-10-04T20:48:06.280897+00:00", "alarm_id": 1, "attempts": 0, "created_at": "2026-10-04T20:48:06.280897+00:00", "last_error": null, "updated_at": "2026-10-04T20:48:06.280897+00:00", "lease_owner": null, "leased_until": null, "recipient_open_id": null}, {"id": 2, "status": "pending", "next_at": "2026-10-04T20:48:06.29125+00:00", "alarm_id": 2, "attempts": 0, "created_at": "2026-10-04T20:48:06.29125+00:00", "last_error": null, "updated_at": "2026-10-04T20:48:06.29125+00:00", "lease_owner": null, "leased_until": null, "recipient_open_id": null}], "shadows": [{"ts": "2026-10-04T20:47:06.291211+00:00", "last": {"temperature": 25}, "signal": null, "pond_id": 9403, "device_no": "v2-hidden", "tenant_id": 9401, "product_id": 1, "timestamps": {"temperature": "2026-10-04T20:47:06.291211696Z"}, "model_version": 1}, {"ts": "2026-10-04T20:47:06.280862+00:00", "last": {"temperature": 25}, "signal": null, "pond_id": 9401, "device_no": "v2-permission", "tenant_id": 9401, "product_id": 1, "timestamps": {"temperature": "2026-10-04T20:47:06.280862625Z"}, "model_version": 1}], "telemetry": [{"ts": "2026-10-04T20:47:06.280862+00:00", "pond_id": 9401, "device_no": "v2-permission", "tenant_id": 9401, "product_id": 1, "properties": {"temperature": 25}, "model_version": 1}, {"ts": "2026-10-04T20:47:06.291211+00:00", "pond_id": 9403, "device_no": "v2-hidden", "tenant_id": 9401, "product_id": 1, "properties": {"temperature": 25}, "model_version": 1}], "sensor_data": [{"ph": null, "ts": "2026-10-04T20:47:06.280862+00:00", "signal": null, "battery": null, "pond_id": 9401, "salinity": null, "device_no": "v2-permission", "tenant_id": 9401, "turbidity": null, "temperature": 25, "dissolved_oxygen": null}, {"ph": null, "ts": "2026-10-04T20:47:06.291211+00:00", "signal": null, "battery": null, "pond_id": 9403, "salinity": null, "device_no": "v2-hidden", "tenant_id": 9401, "turbidity": null, "temperature": 25, "dissolved_oxygen": null}]}
=== RUN   TestAppResourceHTTPWhenRoleDeterminesFarmScope/viewer
    app_resource_scope_http_test.go:72: environment real_timescaledb=2.30.2
[GIN-debug] [WARNING] Running in "debug" mode. Switch to "release" mode in production.
 - using env:	export GIN_MODE=release
 - using code:	gin.SetMode(gin.ReleaseMode)

[GIN-debug] POST   /api/v1/auth/login        --> git.hyhy.fun/rsplab/iolink/internal/appapi.(*Server).login-fm (2 handlers)
[GIN-debug] GET    /api/v1/auth/tenants      --> git.hyhy.fun/rsplab/iolink/internal/appapi.(*Server).listTenants-fm (3 handlers)
[GIN-debug] POST   /api/v1/auth/tenant       --> git.hyhy.fun/rsplab/iolink/internal/appapi.(*Server).switchTenant-fm (3 handlers)
[GIN-debug] GET    /api/v1/ponds             --> git.hyhy.fun/rsplab/iolink/internal/appapi.(*Server).listPonds-fm (3 handlers)
[GIN-debug] GET    /api/v1/ponds/:id         --> git.hyhy.fun/rsplab/iolink/internal/appapi.(*Server).getPond-fm (3 handlers)
[GIN-debug] GET    /api/v1/devices           --> git.hyhy.fun/rsplab/iolink/internal/appapi.(*Server).listDevices-fm (3 handlers)
[GIN-debug] GET    /api/v1/devices/:device_no --> git.hyhy.fun/rsplab/iolink/internal/appapi.(*Server).getDevice-fm (3 handlers)
[GIN-debug] GET    /api/v1/water/latest      --> git.hyhy.fun/rsplab/iolink/internal/appapi.(*Server).waterLatest-fm (3 handlers)
[GIN-debug] GET    /api/v1/water/history     --> git.hyhy.fun/rsplab/iolink/internal/appapi.(*Server).waterHistory-fm (3 handlers)
[GIN-debug] GET    /api/v1/alarms            --> git.hyhy.fun/rsplab/iolink/internal/appapi.(*Server).listAlarms-fm (3 handlers)
[GIN-debug] GET    /api/v1/stats/summary     --> git.hyhy.fun/rsplab/iolink/internal/appapi.(*Server).statsSummary-fm (3 handlers)
[GIN-debug] POST   /api/v1/alarms/:id/confirm --> git.hyhy.fun/rsplab/iolink/internal/appapi.(*Server).confirmAlarm-fm (3 handlers)
[GIN-debug] POST   /api/v2/devices/:device_no/telemetry --> git.hyhy.fun/rsplab/iolink/internal/appapi.(*Server).submitTelemetryV2-fm (3 handlers)
[GIN-debug] GET    /api/v2/devices/:device_no/model/latest --> git.hyhy.fun/rsplab/iolink/internal/appapi.(*Server).modelLatestV2-fm (3 handlers)
[GIN-debug] GET    /api/v2/devices/:device_no/history --> git.hyhy.fun/rsplab/iolink/internal/appapi.(*Server).telemetryHistoryV2-fm (3 handlers)
=== RUN   TestAppResourceHTTPWhenRoleDeterminesFarmScope/viewer//api/v1/ponds
    app_resource_scope_http_test.go:89: http method=GET path=/api/v1/ponds status=200 response=[{"device_count":1,"latest":{"device_no":"v2-permission","dissolved_oxygen":null,"ph":null,"pond_id":9401,"report_interval":60,"salinity":null,"signal":null,"temperature":25,"timestamps":{"dissolved_oxygen":null,"ph":null,"salinity":null,"signal":null,"temperature":"2026-10-04T20:47:07.080294257Z","turbidity":null},"ts":"2026-10-05T04:47:07.080294+08:00","turbidity":null},"pond_id":9401,"pond_name":"v2-pond","status":"warning"}]
=== RUN   TestAppResourceHTTPWhenRoleDeterminesFarmScope/viewer//api/v1/devices
    app_resource_scope_http_test.go:89: http method=GET path=/api/v1/devices status=200 response=[{"created_at":"2026-10-05T04:48:07.062149+08:00","device_no":"v2-permission","disabled_at":null,"id":1,"last_seen_at":null,"model":"","name":"","pond_id":9401,"report_interval":60,"status":"offline"}]
=== RUN   TestAppResourceHTTPWhenRoleDeterminesFarmScope/viewer//api/v1/alarms
    app_resource_scope_http_test.go:89: http method=GET path=/api/v1/alarms status=200 response=[{"confirmed_at":null,"created_at":"2026-10-05T04:47:07.080294+08:00","current_value":25,"device_no":"v2-permission","id":1,"level":"warning","message":"temperature 高于阈值 20","metric":"temperature","pond_id":9401,"threshold":20}]
=== RUN   TestAppResourceHTTPWhenRoleDeterminesFarmScope/viewer/stats
    app_resource_scope_http_test.go:98: http method=GET path=/api/v1/stats/summary status=200 response={"alarm_devices":1,"offline_devices":1,"online_devices":0,"ponds":[{"pond_id":9401,"pond_name":"v2-pond","status":"warning"}]}
=== RUN   TestAppResourceHTTPWhenRoleDeterminesFarmScope/viewer//api/v1/ponds/9401
    app_resource_scope_http_test.go:127: http method=GET path=/api/v1/ponds/9401 status=200 response={"device_count":1,"latest":{"device_no":"v2-permission","dissolved_oxygen":null,"ph":null,"pond_id":9401,"report_interval":60,"salinity":null,"signal":null,"temperature":25,"timestamps":{"dissolved_oxygen":null,"ph":null,"salinity":null,"signal":null,"temperature":"2026-10-04T20:47:07.080294257Z","turbidity":null},"ts":"2026-10-05T04:47:07.080294+08:00","turbidity":null},"pond_id":9401,"pond_name":"v2-pond","status":"warning"}
=== RUN   TestAppResourceHTTPWhenRoleDeterminesFarmScope/viewer//api/v1/devices?pond_id=9401
    app_resource_scope_http_test.go:127: http method=GET path=/api/v1/devices?pond_id=9401 status=200 response=[{"created_at":"2026-10-05T04:48:07.062149+08:00","device_no":"v2-permission","disabled_at":null,"id":1,"last_seen_at":null,"model":"","name":"","pond_id":9401,"report_interval":60,"status":"offline"}]
=== RUN   TestAppResourceHTTPWhenRoleDeterminesFarmScope/viewer//api/v1/devices/v2-permission
    app_resource_scope_http_test.go:127: http method=GET path=/api/v1/devices/v2-permission status=200 response={"created_at":"2026-10-05T04:48:07.062149+08:00","device_no":"v2-permission","disabled_at":null,"id":1,"last_seen_at":null,"latest":{"device_no":"v2-permission","dissolved_oxygen":null,"ph":null,"pond_id":9401,"report_interval":60,"salinity":null,"signal":null,"temperature":25,"timestamps":{"dissolved_oxygen":null,"ph":null,"salinity":null,"signal":null,"temperature":"2026-10-04T20:47:07.080294257Z","turbidity":null},"ts":"2026-10-05T04:47:07.080294+08:00","turbidity":null},"model":"","name":"","pond_id":9401,"report_interval":60,"status":"offline"}
=== RUN   TestAppResourceHTTPWhenRoleDeterminesFarmScope/viewer//api/v1/water/latest?device_no=v2-permission
    app_resource_scope_http_test.go:127: http method=GET path=/api/v1/water/latest?device_no=v2-permission status=200 response={"device_no":"v2-permission","dissolved_oxygen":null,"ph":null,"pond_id":9401,"report_interval":60,"salinity":null,"signal":null,"temperature":25,"timestamps":{"dissolved_oxygen":null,"ph":null,"salinity":null,"signal":null,"temperature":"2026-10-04T20:47:07.080294257Z","turbidity":null},"ts":"2026-10-05T04:47:07.080294+08:00","turbidity":null}
=== RUN   TestAppResourceHTTPWhenRoleDeterminesFarmScope/viewer//api/v1/water/history?device_no=v2-permission&metric=temperature&range=30d
    app_resource_scope_http_test.go:127: http method=GET path=/api/v1/water/history?device_no=v2-permission&metric=temperature&range=30d status=200 response={"metric":"temperature","points":[{"ts":"2026-10-05T01:12:07.137516+08:00","value":25}],"unit":"℃"}
=== RUN   TestAppResourceHTTPWhenRoleDeterminesFarmScope/viewer//api/v2/devices/v2-permission/model/latest
    app_resource_scope_http_test.go:127: http method=GET path=/api/v2/devices/v2-permission/model/latest status=200 response={"device_no":"v2-permission","product_id":1,"model_version":1,"fields":[{"identifier":"temperature","type":"number","unit":"℃","minimum":null,"maximum":null,"enum_values":null,"readable":true,"writable":false,"nullable":true},{"identifier":"dissolved_oxygen","type":"number","unit":"mg/L","minimum":null,"maximum":null,"enum_values":null,"readable":true,"writable":false,"nullable":true},{"identifier":"ph","type":"number","unit":"","minimum":null,"maximum":null,"enum_values":null,"readable":true,"writable":false,"nullable":true},{"identifier":"turbidity","type":"number","unit":"NTU","minimum":null,"maximum":null,"enum_values":null,"readable":true,"writable":false,"nullable":true},{"identifier":"salinity","type":"number","unit":"ppt","minimum":null,"maximum":null,"enum_values":null,"readable":true,"writable":false,"nullable":true}],"ts":"2026-10-05T04:47:07.080294+08:00","properties":{"temperature":25}}
=== RUN   TestAppResourceHTTPWhenRoleDeterminesFarmScope/viewer//api/v2/devices/v2-permission/history?metric=temperature
    app_resource_scope_http_test.go:127: http method=GET path=/api/v2/devices/v2-permission/history?metric=temperature status=200 response={"device_no":"v2-permission","metric":"temperature","points":[{"ts":"2026-10-05T04:47:07.080294+08:00","value":25,"model_version":1,"unit":"℃"}],"unit":"℃"}
=== RUN   TestAppResourceHTTPWhenRoleDeterminesFarmScope/viewer//api/v1/ponds/9403
    app_resource_scope_http_test.go:127: http method=GET path=/api/v1/ponds/9403 status=404 response={"error":"pond not found"}
=== RUN   TestAppResourceHTTPWhenRoleDeterminesFarmScope/viewer//api/v1/devices?pond_id=9403
    app_resource_scope_http_test.go:127: http method=GET path=/api/v1/devices?pond_id=9403 status=404 response={"error":"pond not found"}
=== RUN   TestAppResourceHTTPWhenRoleDeterminesFarmScope/viewer//api/v1/devices/v2-hidden
    app_resource_scope_http_test.go:127: http method=GET path=/api/v1/devices/v2-hidden status=404 response={"error":"device not found"}
=== RUN   TestAppResourceHTTPWhenRoleDeterminesFarmScope/viewer//api/v1/water/latest?device_no=v2-hidden
    app_resource_scope_http_test.go:127: http method=GET path=/api/v1/water/latest?device_no=v2-hidden status=404 response={"error":"no data"}
=== RUN   TestAppResourceHTTPWhenRoleDeterminesFarmScope/viewer//api/v1/water/history?device_no=v2-hidden&metric=temperature&range=30d
    app_resource_scope_http_test.go:127: http method=GET path=/api/v1/water/history?device_no=v2-hidden&metric=temperature&range=30d status=404 response={"error":"device not found"}
=== RUN   TestAppResourceHTTPWhenRoleDeterminesFarmScope/viewer//api/v2/devices/v2-hidden/model/latest
    app_resource_scope_http_test.go:127: http method=GET path=/api/v2/devices/v2-hidden/model/latest status=404 response={"error":"not_found"}
=== RUN   TestAppResourceHTTPWhenRoleDeterminesFarmScope/viewer//api/v2/devices/v2-hidden/history?metric=temperature
    app_resource_scope_http_test.go:127: http method=GET path=/api/v2/devices/v2-hidden/history?metric=temperature status=404 response={"error":"not_found"}
=== RUN   TestAppResourceHTTPWhenRoleDeterminesFarmScope/viewer//api/v1/ponds/9402
    app_resource_scope_http_test.go:127: http method=GET path=/api/v1/ponds/9402 status=404 response={"error":"pond not found"}
=== RUN   TestAppResourceHTTPWhenRoleDeterminesFarmScope/viewer//api/v1/devices?pond_id=9402
    app_resource_scope_http_test.go:127: http method=GET path=/api/v1/devices?pond_id=9402 status=404 response={"error":"pond not found"}
=== RUN   TestAppResourceHTTPWhenRoleDeterminesFarmScope/viewer//api/v1/devices/v2-foreign
    app_resource_scope_http_test.go:127: http method=GET path=/api/v1/devices/v2-foreign status=404 response={"error":"device not found"}
=== RUN   TestAppResourceHTTPWhenRoleDeterminesFarmScope/viewer//api/v1/water/latest?device_no=v2-foreign
    app_resource_scope_http_test.go:127: http method=GET path=/api/v1/water/latest?device_no=v2-foreign status=404 response={"error":"no data"}
=== RUN   TestAppResourceHTTPWhenRoleDeterminesFarmScope/viewer//api/v1/water/history?device_no=v2-foreign&metric=temperature&range=30d
    app_resource_scope_http_test.go:127: http method=GET path=/api/v1/water/history?device_no=v2-foreign&metric=temperature&range=30d status=404 response={"error":"device not found"}
=== RUN   TestAppResourceHTTPWhenRoleDeterminesFarmScope/viewer//api/v2/devices/v2-foreign/model/latest
    app_resource_scope_http_test.go:127: http method=GET path=/api/v2/devices/v2-foreign/model/latest status=404 response={"error":"not_found"}
=== RUN   TestAppResourceHTTPWhenRoleDeterminesFarmScope/viewer//api/v2/devices/v2-foreign/history?metric=temperature
    app_resource_scope_http_test.go:127: http method=GET path=/api/v2/devices/v2-foreign/history?metric=temperature status=404 response={"error":"not_found"}
=== NAME  TestAppResourceHTTPWhenRoleDeterminesFarmScope/viewer
    app_resource_scope_http_test.go:149: http method=POST path=/api/v1/alarms/2/confirm status=403 response={"error":"forbidden"}
    app_resource_scope_http_test.go:158: scenario=viewer_hidden_alarm_confirm before={"alarms": [{"id": 1, "level": "warning", "metric": "temperature", "message": "temperature 高于阈值 20", "pond_id": 9401, "device_no": "v2-permission", "threshold": 20, "created_at": "2026-10-04T20:47:07.080294+00:00", "product_id": 1, "confirmed_at": null, "current_value": 25}, {"id": 2, "level": "warning", "metric": "temperature", "message": "temperature 高于阈值 20", "pond_id": 9403, "device_no": "v2-hidden", "threshold": 20, "created_at": "2026-10-04T20:47:07.091861+00:00", "product_id": 1, "confirmed_at": null, "current_value": 25}], "outbox": [{"id": 1, "status": "pending", "next_at": "2026-10-04T20:48:07.080333+00:00", "alarm_id": 1, "attempts": 0, "created_at": "2026-10-04T20:48:07.080333+00:00", "last_error": null, "updated_at": "2026-10-04T20:48:07.080333+00:00", "lease_owner": null, "leased_until": null, "recipient_open_id": null}, {"id": 2, "status": "pending", "next_at": "2026-10-04T20:48:07.091902+00:00", "alarm_id": 2, "attempts": 0, "created_at": "2026-10-04T20:48:07.091902+00:00", "last_error": null, "updated_at": "2026-10-04T20:48:07.091902+00:00", "lease_owner": null, "leased_until": null, "recipient_open_id": null}], "shadows": [{"ts": "2026-10-04T20:47:07.091861+00:00", "last": {"temperature": 25}, "signal": null, "pond_id": 9403, "device_no": "v2-hidden", "tenant_id": 9401, "product_id": 1, "timestamps": {"temperature": "2026-10-04T20:47:07.091861914Z"}, "model_version": 1}, {"ts": "2026-10-04T20:47:07.080294+00:00", "last": {"temperature": 25}, "signal": null, "pond_id": 9401, "device_no": "v2-permission", "tenant_id": 9401, "product_id": 1, "timestamps": {"temperature": "2026-10-04T20:47:07.080294257Z"}, "model_version": 1}], "telemetry": [{"ts": "2026-10-04T20:47:07.080294+00:00", "pond_id": 9401, "device_no": "v2-permission", "tenant_id": 9401, "product_id": 1, "properties": {"temperature": 25}, "model_version": 1}, {"ts": "2026-10-04T20:47:07.091861+00:00", "pond_id": 9403, "device_no": "v2-hidden", "tenant_id": 9401, "product_id": 1, "properties": {"temperature": 25}, "model_version": 1}], "sensor_data": [{"ph": null, "ts": "2026-10-04T20:47:07.080294+00:00", "signal": null, "battery": null, "pond_id": 9401, "salinity": null, "device_no": "v2-permission", "tenant_id": 9401, "turbidity": null, "temperature": 25, "dissolved_oxygen": null}, {"ph": null, "ts": "2026-10-04T20:47:07.091861+00:00", "signal": null, "battery": null, "pond_id": 9403, "salinity": null, "device_no": "v2-hidden", "tenant_id": 9401, "turbidity": null, "temperature": 25, "dissolved_oxygen": null}]} after={"alarms": [{"id": 1, "level": "warning", "metric": "temperature", "message": "temperature 高于阈值 20", "pond_id": 9401, "device_no": "v2-permission", "threshold": 20, "created_at": "2026-10-04T20:47:07.080294+00:00", "product_id": 1, "confirmed_at": null, "current_value": 25}, {"id": 2, "level": "warning", "metric": "temperature", "message": "temperature 高于阈值 20", "pond_id": 9403, "device_no": "v2-hidden", "threshold": 20, "created_at": "2026-10-04T20:47:07.091861+00:00", "product_id": 1, "confirmed_at": null, "current_value": 25}], "outbox": [{"id": 1, "status": "pending", "next_at": "2026-10-04T20:48:07.080333+00:00", "alarm_id": 1, "attempts": 0, "created_at": "2026-10-04T20:48:07.080333+00:00", "last_error": null, "updated_at": "2026-10-04T20:48:07.080333+00:00", "lease_owner": null, "leased_until": null, "recipient_open_id": null}, {"id": 2, "status": "pending", "next_at": "2026-10-04T20:48:07.091902+00:00", "alarm_id": 2, "attempts": 0, "created_at": "2026-10-04T20:48:07.091902+00:00", "last_error": null, "updated_at": "2026-10-04T20:48:07.091902+00:00", "lease_owner": null, "leased_until": null, "recipient_open_id": null}], "shadows": [{"ts": "2026-10-04T20:47:07.091861+00:00", "last": {"temperature": 25}, "signal": null, "pond_id": 9403, "device_no": "v2-hidden", "tenant_id": 9401, "product_id": 1, "timestamps": {"temperature": "2026-10-04T20:47:07.091861914Z"}, "model_version": 1}, {"ts": "2026-10-04T20:47:07.080294+00:00", "last": {"temperature": 25}, "signal": null, "pond_id": 9401, "device_no": "v2-permission", "tenant_id": 9401, "product_id": 1, "timestamps": {"temperature": "2026-10-04T20:47:07.080294257Z"}, "model_version": 1}], "telemetry": [{"ts": "2026-10-04T20:47:07.080294+00:00", "pond_id": 9401, "device_no": "v2-permission", "tenant_id": 9401, "product_id": 1, "properties": {"temperature": 25}, "model_version": 1}, {"ts": "2026-10-04T20:47:07.091861+00:00", "pond_id": 9403, "device_no": "v2-hidden", "tenant_id": 9401, "product_id": 1, "properties": {"temperature": 25}, "model_version": 1}], "sensor_data": [{"ph": null, "ts": "2026-10-04T20:47:07.080294+00:00", "signal": null, "battery": null, "pond_id": 9401, "salinity": null, "device_no": "v2-permission", "tenant_id": 9401, "turbidity": null, "temperature": 25, "dissolved_oxygen": null}, {"ph": null, "ts": "2026-10-04T20:47:07.091861+00:00", "signal": null, "battery": null, "pond_id": 9403, "salinity": null, "device_no": "v2-hidden", "tenant_id": 9401, "turbidity": null, "temperature": 25, "dissolved_oxygen": null}]}
=== RUN   TestAppResourceHTTPWhenRoleDeterminesFarmScope/support
    app_resource_scope_http_test.go:72: environment real_timescaledb=2.30.2
[GIN-debug] [WARNING] Running in "debug" mode. Switch to "release" mode in production.
 - using env:	export GIN_MODE=release
 - using code:	gin.SetMode(gin.ReleaseMode)

[GIN-debug] POST   /api/v1/auth/login        --> git.hyhy.fun/rsplab/iolink/internal/appapi.(*Server).login-fm (2 handlers)
[GIN-debug] GET    /api/v1/auth/tenants      --> git.hyhy.fun/rsplab/iolink/internal/appapi.(*Server).listTenants-fm (3 handlers)
[GIN-debug] POST   /api/v1/auth/tenant       --> git.hyhy.fun/rsplab/iolink/internal/appapi.(*Server).switchTenant-fm (3 handlers)
[GIN-debug] GET    /api/v1/ponds             --> git.hyhy.fun/rsplab/iolink/internal/appapi.(*Server).listPonds-fm (3 handlers)
[GIN-debug] GET    /api/v1/ponds/:id         --> git.hyhy.fun/rsplab/iolink/internal/appapi.(*Server).getPond-fm (3 handlers)
[GIN-debug] GET    /api/v1/devices           --> git.hyhy.fun/rsplab/iolink/internal/appapi.(*Server).listDevices-fm (3 handlers)
[GIN-debug] GET    /api/v1/devices/:device_no --> git.hyhy.fun/rsplab/iolink/internal/appapi.(*Server).getDevice-fm (3 handlers)
[GIN-debug] GET    /api/v1/water/latest      --> git.hyhy.fun/rsplab/iolink/internal/appapi.(*Server).waterLatest-fm (3 handlers)
[GIN-debug] GET    /api/v1/water/history     --> git.hyhy.fun/rsplab/iolink/internal/appapi.(*Server).waterHistory-fm (3 handlers)
[GIN-debug] GET    /api/v1/alarms            --> git.hyhy.fun/rsplab/iolink/internal/appapi.(*Server).listAlarms-fm (3 handlers)
[GIN-debug] GET    /api/v1/stats/summary     --> git.hyhy.fun/rsplab/iolink/internal/appapi.(*Server).statsSummary-fm (3 handlers)
[GIN-debug] POST   /api/v1/alarms/:id/confirm --> git.hyhy.fun/rsplab/iolink/internal/appapi.(*Server).confirmAlarm-fm (3 handlers)
[GIN-debug] POST   /api/v2/devices/:device_no/telemetry --> git.hyhy.fun/rsplab/iolink/internal/appapi.(*Server).submitTelemetryV2-fm (3 handlers)
[GIN-debug] GET    /api/v2/devices/:device_no/model/latest --> git.hyhy.fun/rsplab/iolink/internal/appapi.(*Server).modelLatestV2-fm (3 handlers)
[GIN-debug] GET    /api/v2/devices/:device_no/history --> git.hyhy.fun/rsplab/iolink/internal/appapi.(*Server).telemetryHistoryV2-fm (3 handlers)
=== RUN   TestAppResourceHTTPWhenRoleDeterminesFarmScope/support//api/v1/ponds
    app_resource_scope_http_test.go:89: http method=GET path=/api/v1/ponds status=200 response=[{"device_count":1,"latest":{"device_no":"v2-permission","dissolved_oxygen":null,"ph":null,"pond_id":9401,"report_interval":60,"salinity":null,"signal":null,"temperature":25,"timestamps":{"dissolved_oxygen":null,"ph":null,"salinity":null,"signal":null,"temperature":"2026-10-04T20:47:07.870604501Z","turbidity":null},"ts":"2026-10-05T04:47:07.870604+08:00","turbidity":null},"pond_id":9401,"pond_name":"v2-pond","status":"warning"}]
=== RUN   TestAppResourceHTTPWhenRoleDeterminesFarmScope/support//api/v1/devices
    app_resource_scope_http_test.go:89: http method=GET path=/api/v1/devices status=200 response=[{"created_at":"2026-10-05T04:48:07.858421+08:00","device_no":"v2-permission","disabled_at":null,"id":1,"last_seen_at":null,"model":"","name":"","pond_id":9401,"report_interval":60,"status":"offline"}]
=== RUN   TestAppResourceHTTPWhenRoleDeterminesFarmScope/support//api/v1/alarms
    app_resource_scope_http_test.go:89: http method=GET path=/api/v1/alarms status=200 response=[{"confirmed_at":null,"created_at":"2026-10-05T04:47:07.870604+08:00","current_value":25,"device_no":"v2-permission","id":1,"level":"warning","message":"temperature 高于阈值 20","metric":"temperature","pond_id":9401,"threshold":20}]
=== RUN   TestAppResourceHTTPWhenRoleDeterminesFarmScope/support/stats
    app_resource_scope_http_test.go:98: http method=GET path=/api/v1/stats/summary status=200 response={"alarm_devices":1,"offline_devices":1,"online_devices":0,"ponds":[{"pond_id":9401,"pond_name":"v2-pond","status":"warning"}]}
=== RUN   TestAppResourceHTTPWhenRoleDeterminesFarmScope/support//api/v1/ponds/9401
    app_resource_scope_http_test.go:127: http method=GET path=/api/v1/ponds/9401 status=200 response={"device_count":1,"latest":{"device_no":"v2-permission","dissolved_oxygen":null,"ph":null,"pond_id":9401,"report_interval":60,"salinity":null,"signal":null,"temperature":25,"timestamps":{"dissolved_oxygen":null,"ph":null,"salinity":null,"signal":null,"temperature":"2026-10-04T20:47:07.870604501Z","turbidity":null},"ts":"2026-10-05T04:47:07.870604+08:00","turbidity":null},"pond_id":9401,"pond_name":"v2-pond","status":"warning"}
=== RUN   TestAppResourceHTTPWhenRoleDeterminesFarmScope/support//api/v1/devices?pond_id=9401
    app_resource_scope_http_test.go:127: http method=GET path=/api/v1/devices?pond_id=9401 status=200 response=[{"created_at":"2026-10-05T04:48:07.858421+08:00","device_no":"v2-permission","disabled_at":null,"id":1,"last_seen_at":null,"model":"","name":"","pond_id":9401,"report_interval":60,"status":"offline"}]
=== RUN   TestAppResourceHTTPWhenRoleDeterminesFarmScope/support//api/v1/devices/v2-permission
    app_resource_scope_http_test.go:127: http method=GET path=/api/v1/devices/v2-permission status=200 response={"created_at":"2026-10-05T04:48:07.858421+08:00","device_no":"v2-permission","disabled_at":null,"id":1,"last_seen_at":null,"latest":{"device_no":"v2-permission","dissolved_oxygen":null,"ph":null,"pond_id":9401,"report_interval":60,"salinity":null,"signal":null,"temperature":25,"timestamps":{"dissolved_oxygen":null,"ph":null,"salinity":null,"signal":null,"temperature":"2026-10-04T20:47:07.870604501Z","turbidity":null},"ts":"2026-10-05T04:47:07.870604+08:00","turbidity":null},"model":"","name":"","pond_id":9401,"report_interval":60,"status":"offline"}
=== RUN   TestAppResourceHTTPWhenRoleDeterminesFarmScope/support//api/v1/water/latest?device_no=v2-permission
    app_resource_scope_http_test.go:127: http method=GET path=/api/v1/water/latest?device_no=v2-permission status=200 response={"device_no":"v2-permission","dissolved_oxygen":null,"ph":null,"pond_id":9401,"report_interval":60,"salinity":null,"signal":null,"temperature":25,"timestamps":{"dissolved_oxygen":null,"ph":null,"salinity":null,"signal":null,"temperature":"2026-10-04T20:47:07.870604501Z","turbidity":null},"ts":"2026-10-05T04:47:07.870604+08:00","turbidity":null}
=== RUN   TestAppResourceHTTPWhenRoleDeterminesFarmScope/support//api/v1/water/history?device_no=v2-permission&metric=temperature&range=30d
    app_resource_scope_http_test.go:127: http method=GET path=/api/v1/water/history?device_no=v2-permission&metric=temperature&range=30d status=200 response={"metric":"temperature","points":[{"ts":"2026-10-05T01:12:07.926852+08:00","value":25}],"unit":"℃"}
=== RUN   TestAppResourceHTTPWhenRoleDeterminesFarmScope/support//api/v2/devices/v2-permission/model/latest
    app_resource_scope_http_test.go:127: http method=GET path=/api/v2/devices/v2-permission/model/latest status=200 response={"device_no":"v2-permission","product_id":1,"model_version":1,"fields":[{"identifier":"temperature","type":"number","unit":"℃","minimum":null,"maximum":null,"enum_values":null,"readable":true,"writable":false,"nullable":true},{"identifier":"dissolved_oxygen","type":"number","unit":"mg/L","minimum":null,"maximum":null,"enum_values":null,"readable":true,"writable":false,"nullable":true},{"identifier":"ph","type":"number","unit":"","minimum":null,"maximum":null,"enum_values":null,"readable":true,"writable":false,"nullable":true},{"identifier":"turbidity","type":"number","unit":"NTU","minimum":null,"maximum":null,"enum_values":null,"readable":true,"writable":false,"nullable":true},{"identifier":"salinity","type":"number","unit":"ppt","minimum":null,"maximum":null,"enum_values":null,"readable":true,"writable":false,"nullable":true}],"ts":"2026-10-05T04:47:07.870604+08:00","properties":{"temperature":25}}
=== RUN   TestAppResourceHTTPWhenRoleDeterminesFarmScope/support//api/v2/devices/v2-permission/history?metric=temperature
    app_resource_scope_http_test.go:127: http method=GET path=/api/v2/devices/v2-permission/history?metric=temperature status=200 response={"device_no":"v2-permission","metric":"temperature","points":[{"ts":"2026-10-05T04:47:07.870604+08:00","value":25,"model_version":1,"unit":"℃"}],"unit":"℃"}
=== RUN   TestAppResourceHTTPWhenRoleDeterminesFarmScope/support//api/v1/ponds/9403
    app_resource_scope_http_test.go:127: http method=GET path=/api/v1/ponds/9403 status=404 response={"error":"pond not found"}
=== RUN   TestAppResourceHTTPWhenRoleDeterminesFarmScope/support//api/v1/devices?pond_id=9403
    app_resource_scope_http_test.go:127: http method=GET path=/api/v1/devices?pond_id=9403 status=404 response={"error":"pond not found"}
=== RUN   TestAppResourceHTTPWhenRoleDeterminesFarmScope/support//api/v1/devices/v2-hidden
    app_resource_scope_http_test.go:127: http method=GET path=/api/v1/devices/v2-hidden status=404 response={"error":"device not found"}
=== RUN   TestAppResourceHTTPWhenRoleDeterminesFarmScope/support//api/v1/water/latest?device_no=v2-hidden
    app_resource_scope_http_test.go:127: http method=GET path=/api/v1/water/latest?device_no=v2-hidden status=404 response={"error":"no data"}
=== RUN   TestAppResourceHTTPWhenRoleDeterminesFarmScope/support//api/v1/water/history?device_no=v2-hidden&metric=temperature&range=30d
    app_resource_scope_http_test.go:127: http method=GET path=/api/v1/water/history?device_no=v2-hidden&metric=temperature&range=30d status=404 response={"error":"device not found"}
=== RUN   TestAppResourceHTTPWhenRoleDeterminesFarmScope/support//api/v2/devices/v2-hidden/model/latest
    app_resource_scope_http_test.go:127: http method=GET path=/api/v2/devices/v2-hidden/model/latest status=404 response={"error":"not_found"}
=== RUN   TestAppResourceHTTPWhenRoleDeterminesFarmScope/support//api/v2/devices/v2-hidden/history?metric=temperature
    app_resource_scope_http_test.go:127: http method=GET path=/api/v2/devices/v2-hidden/history?metric=temperature status=404 response={"error":"not_found"}
=== RUN   TestAppResourceHTTPWhenRoleDeterminesFarmScope/support//api/v1/ponds/9402
    app_resource_scope_http_test.go:127: http method=GET path=/api/v1/ponds/9402 status=404 response={"error":"pond not found"}
=== RUN   TestAppResourceHTTPWhenRoleDeterminesFarmScope/support//api/v1/devices?pond_id=9402
    app_resource_scope_http_test.go:127: http method=GET path=/api/v1/devices?pond_id=9402 status=404 response={"error":"pond not found"}
=== RUN   TestAppResourceHTTPWhenRoleDeterminesFarmScope/support//api/v1/devices/v2-foreign
    app_resource_scope_http_test.go:127: http method=GET path=/api/v1/devices/v2-foreign status=404 response={"error":"device not found"}
=== RUN   TestAppResourceHTTPWhenRoleDeterminesFarmScope/support//api/v1/water/latest?device_no=v2-foreign
    app_resource_scope_http_test.go:127: http method=GET path=/api/v1/water/latest?device_no=v2-foreign status=404 response={"error":"no data"}
=== RUN   TestAppResourceHTTPWhenRoleDeterminesFarmScope/support//api/v1/water/history?device_no=v2-foreign&metric=temperature&range=30d
    app_resource_scope_http_test.go:127: http method=GET path=/api/v1/water/history?device_no=v2-foreign&metric=temperature&range=30d status=404 response={"error":"device not found"}
=== RUN   TestAppResourceHTTPWhenRoleDeterminesFarmScope/support//api/v2/devices/v2-foreign/model/latest
    app_resource_scope_http_test.go:127: http method=GET path=/api/v2/devices/v2-foreign/model/latest status=404 response={"error":"not_found"}
=== RUN   TestAppResourceHTTPWhenRoleDeterminesFarmScope/support//api/v2/devices/v2-foreign/history?metric=temperature
    app_resource_scope_http_test.go:127: http method=GET path=/api/v2/devices/v2-foreign/history?metric=temperature status=404 response={"error":"not_found"}
=== NAME  TestAppResourceHTTPWhenRoleDeterminesFarmScope/support
    app_resource_scope_http_test.go:149: http method=POST path=/api/v1/alarms/2/confirm status=404 response={"error":"alarm not found"}
    app_resource_scope_http_test.go:158: scenario=support_hidden_alarm_confirm before={"alarms": [{"id": 1, "level": "warning", "metric": "temperature", "message": "temperature 高于阈值 20", "pond_id": 9401, "device_no": "v2-permission", "threshold": 20, "created_at": "2026-10-04T20:47:07.870604+00:00", "product_id": 1, "confirmed_at": null, "current_value": 25}, {"id": 2, "level": "warning", "metric": "temperature", "message": "temperature 高于阈值 20", "pond_id": 9403, "device_no": "v2-hidden", "threshold": 20, "created_at": "2026-10-04T20:47:07.879993+00:00", "product_id": 1, "confirmed_at": null, "current_value": 25}], "outbox": [{"id": 1, "status": "pending", "next_at": "2026-10-04T20:48:07.870674+00:00", "alarm_id": 1, "attempts": 0, "created_at": "2026-10-04T20:48:07.870674+00:00", "last_error": null, "updated_at": "2026-10-04T20:48:07.870674+00:00", "lease_owner": null, "leased_until": null, "recipient_open_id": null}, {"id": 2, "status": "pending", "next_at": "2026-10-04T20:48:07.880023+00:00", "alarm_id": 2, "attempts": 0, "created_at": "2026-10-04T20:48:07.880023+00:00", "last_error": null, "updated_at": "2026-10-04T20:48:07.880023+00:00", "lease_owner": null, "leased_until": null, "recipient_open_id": null}], "shadows": [{"ts": "2026-10-04T20:47:07.879993+00:00", "last": {"temperature": 25}, "signal": null, "pond_id": 9403, "device_no": "v2-hidden", "tenant_id": 9401, "product_id": 1, "timestamps": {"temperature": "2026-10-04T20:47:07.879993292Z"}, "model_version": 1}, {"ts": "2026-10-04T20:47:07.870604+00:00", "last": {"temperature": 25}, "signal": null, "pond_id": 9401, "device_no": "v2-permission", "tenant_id": 9401, "product_id": 1, "timestamps": {"temperature": "2026-10-04T20:47:07.870604501Z"}, "model_version": 1}], "telemetry": [{"ts": "2026-10-04T20:47:07.870604+00:00", "pond_id": 9401, "device_no": "v2-permission", "tenant_id": 9401, "product_id": 1, "properties": {"temperature": 25}, "model_version": 1}, {"ts": "2026-10-04T20:47:07.879993+00:00", "pond_id": 9403, "device_no": "v2-hidden", "tenant_id": 9401, "product_id": 1, "properties": {"temperature": 25}, "model_version": 1}], "sensor_data": [{"ph": null, "ts": "2026-10-04T20:47:07.870604+00:00", "signal": null, "battery": null, "pond_id": 9401, "salinity": null, "device_no": "v2-permission", "tenant_id": 9401, "turbidity": null, "temperature": 25, "dissolved_oxygen": null}, {"ph": null, "ts": "2026-10-04T20:47:07.879993+00:00", "signal": null, "battery": null, "pond_id": 9403, "salinity": null, "device_no": "v2-hidden", "tenant_id": 9401, "turbidity": null, "temperature": 25, "dissolved_oxygen": null}]} after={"alarms": [{"id": 1, "level": "warning", "metric": "temperature", "message": "temperature 高于阈值 20", "pond_id": 9401, "device_no": "v2-permission", "threshold": 20, "created_at": "2026-10-04T20:47:07.870604+00:00", "product_id": 1, "confirmed_at": null, "current_value": 25}, {"id": 2, "level": "warning", "metric": "temperature", "message": "temperature 高于阈值 20", "pond_id": 9403, "device_no": "v2-hidden", "threshold": 20, "created_at": "2026-10-04T20:47:07.879993+00:00", "product_id": 1, "confirmed_at": null, "current_value": 25}], "outbox": [{"id": 1, "status": "pending", "next_at": "2026-10-04T20:48:07.870674+00:00", "alarm_id": 1, "attempts": 0, "created_at": "2026-10-04T20:48:07.870674+00:00", "last_error": null, "updated_at": "2026-10-04T20:48:07.870674+00:00", "lease_owner": null, "leased_until": null, "recipient_open_id": null}, {"id": 2, "status": "pending", "next_at": "2026-10-04T20:48:07.880023+00:00", "alarm_id": 2, "attempts": 0, "created_at": "2026-10-04T20:48:07.880023+00:00", "last_error": null, "updated_at": "2026-10-04T20:48:07.880023+00:00", "lease_owner": null, "leased_until": null, "recipient_open_id": null}], "shadows": [{"ts": "2026-10-04T20:47:07.879993+00:00", "last": {"temperature": 25}, "signal": null, "pond_id": 9403, "device_no": "v2-hidden", "tenant_id": 9401, "product_id": 1, "timestamps": {"temperature": "2026-10-04T20:47:07.879993292Z"}, "model_version": 1}, {"ts": "2026-10-04T20:47:07.870604+00:00", "last": {"temperature": 25}, "signal": null, "pond_id": 9401, "device_no": "v2-permission", "tenant_id": 9401, "product_id": 1, "timestamps": {"temperature": "2026-10-04T20:47:07.870604501Z"}, "model_version": 1}], "telemetry": [{"ts": "2026-10-04T20:47:07.870604+00:00", "pond_id": 9401, "device_no": "v2-permission", "tenant_id": 9401, "product_id": 1, "properties": {"temperature": 25}, "model_version": 1}, {"ts": "2026-10-04T20:47:07.879993+00:00", "pond_id": 9403, "device_no": "v2-hidden", "tenant_id": 9401, "product_id": 1, "properties": {"temperature": 25}, "model_version": 1}], "sensor_data": [{"ph": null, "ts": "2026-10-04T20:47:07.870604+00:00", "signal": null, "battery": null, "pond_id": 9401, "salinity": null, "device_no": "v2-permission", "tenant_id": 9401, "turbidity": null, "temperature": 25, "dissolved_oxygen": null}, {"ph": null, "ts": "2026-10-04T20:47:07.879993+00:00", "signal": null, "battery": null, "pond_id": 9403, "salinity": null, "device_no": "v2-hidden", "tenant_id": 9401, "turbidity": null, "temperature": 25, "dissolved_oxygen": null}]}
--- PASS: TestAppResourceHTTPWhenRoleDeterminesFarmScope (3.80s)
    --- PASS: TestAppResourceHTTPWhenRoleDeterminesFarmScope/owner (0.68s)
        --- PASS: TestAppResourceHTTPWhenRoleDeterminesFarmScope/owner//api/v1/ponds (0.01s)
        --- PASS: TestAppResourceHTTPWhenRoleDeterminesFarmScope/owner//api/v1/devices (0.00s)
        --- PASS: TestAppResourceHTTPWhenRoleDeterminesFarmScope/owner//api/v1/alarms (0.00s)
        --- PASS: TestAppResourceHTTPWhenRoleDeterminesFarmScope/owner/stats (0.00s)
        --- PASS: TestAppResourceHTTPWhenRoleDeterminesFarmScope/owner//api/v1/ponds/9401 (0.01s)
        --- PASS: TestAppResourceHTTPWhenRoleDeterminesFarmScope/owner//api/v1/devices?pond_id=9401 (0.00s)
        --- PASS: TestAppResourceHTTPWhenRoleDeterminesFarmScope/owner//api/v1/devices/v2-permission (0.00s)
        --- PASS: TestAppResourceHTTPWhenRoleDeterminesFarmScope/owner//api/v1/water/latest?device_no=v2-permission (0.00s)
        --- PASS: TestAppResourceHTTPWhenRoleDeterminesFarmScope/owner//api/v1/water/history?device_no=v2-permission&metric=temperature&range=30d (0.00s)
        --- PASS: TestAppResourceHTTPWhenRoleDeterminesFarmScope/owner//api/v2/devices/v2-permission/model/latest (0.00s)
        --- PASS: TestAppResourceHTTPWhenRoleDeterminesFarmScope/owner//api/v2/devices/v2-permission/history?metric=temperature (0.01s)
        --- PASS: TestAppResourceHTTPWhenRoleDeterminesFarmScope/owner//api/v1/ponds/9403 (0.00s)
        --- PASS: TestAppResourceHTTPWhenRoleDeterminesFarmScope/owner//api/v1/devices?pond_id=9403 (0.00s)
        --- PASS: TestAppResourceHTTPWhenRoleDeterminesFarmScope/owner//api/v1/devices/v2-hidden (0.00s)
        --- PASS: TestAppResourceHTTPWhenRoleDeterminesFarmScope/owner//api/v1/water/latest?device_no=v2-hidden (0.00s)
        --- PASS: TestAppResourceHTTPWhenRoleDeterminesFarmScope/owner//api/v1/water/history?device_no=v2-hidden&metric=temperature&range=30d (0.00s)
        --- PASS: TestAppResourceHTTPWhenRoleDeterminesFarmScope/owner//api/v2/devices/v2-hidden/model/latest (0.00s)
        --- PASS: TestAppResourceHTTPWhenRoleDeterminesFarmScope/owner//api/v2/devices/v2-hidden/history?metric=temperature (0.00s)
        --- PASS: TestAppResourceHTTPWhenRoleDeterminesFarmScope/owner//api/v1/ponds/9402 (0.00s)
        --- PASS: TestAppResourceHTTPWhenRoleDeterminesFarmScope/owner//api/v1/devices?pond_id=9402 (0.00s)
        --- PASS: TestAppResourceHTTPWhenRoleDeterminesFarmScope/owner//api/v1/devices/v2-foreign (0.00s)
        --- PASS: TestAppResourceHTTPWhenRoleDeterminesFarmScope/owner//api/v1/water/latest?device_no=v2-foreign (0.00s)
        --- PASS: TestAppResourceHTTPWhenRoleDeterminesFarmScope/owner//api/v1/water/history?device_no=v2-foreign&metric=temperature&range=30d (0.00s)
        --- PASS: TestAppResourceHTTPWhenRoleDeterminesFarmScope/owner//api/v2/devices/v2-foreign/model/latest (0.00s)
        --- PASS: TestAppResourceHTTPWhenRoleDeterminesFarmScope/owner//api/v2/devices/v2-foreign/history?metric=temperature (0.00s)
    --- PASS: TestAppResourceHTTPWhenRoleDeterminesFarmScope/admin (0.74s)
        --- PASS: TestAppResourceHTTPWhenRoleDeterminesFarmScope/admin//api/v1/ponds (0.01s)
        --- PASS: TestAppResourceHTTPWhenRoleDeterminesFarmScope/admin//api/v1/devices (0.00s)
        --- PASS: TestAppResourceHTTPWhenRoleDeterminesFarmScope/admin//api/v1/alarms (0.00s)
        --- PASS: TestAppResourceHTTPWhenRoleDeterminesFarmScope/admin/stats (0.00s)
        --- PASS: TestAppResourceHTTPWhenRoleDeterminesFarmScope/admin//api/v1/ponds/9401 (0.00s)
        --- PASS: TestAppResourceHTTPWhenRoleDeterminesFarmScope/admin//api/v1/devices?pond_id=9401 (0.00s)
        --- PASS: TestAppResourceHTTPWhenRoleDeterminesFarmScope/admin//api/v1/devices/v2-permission (0.00s)
        --- PASS: TestAppResourceHTTPWhenRoleDeterminesFarmScope/admin//api/v1/water/latest?device_no=v2-permission (0.00s)
        --- PASS: TestAppResourceHTTPWhenRoleDeterminesFarmScope/admin//api/v1/water/history?device_no=v2-permission&metric=temperature&range=30d (0.00s)
        --- PASS: TestAppResourceHTTPWhenRoleDeterminesFarmScope/admin//api/v2/devices/v2-permission/model/latest (0.00s)
        --- PASS: TestAppResourceHTTPWhenRoleDeterminesFarmScope/admin//api/v2/devices/v2-permission/history?metric=temperature (0.01s)
        --- PASS: TestAppResourceHTTPWhenRoleDeterminesFarmScope/admin//api/v1/ponds/9403 (0.00s)
        --- PASS: TestAppResourceHTTPWhenRoleDeterminesFarmScope/admin//api/v1/devices?pond_id=9403 (0.00s)
        --- PASS: TestAppResourceHTTPWhenRoleDeterminesFarmScope/admin//api/v1/devices/v2-hidden (0.00s)
        --- PASS: TestAppResourceHTTPWhenRoleDeterminesFarmScope/admin//api/v1/water/latest?device_no=v2-hidden (0.00s)
        --- PASS: TestAppResourceHTTPWhenRoleDeterminesFarmScope/admin//api/v1/water/history?device_no=v2-hidden&metric=temperature&range=30d (0.00s)
        --- PASS: TestAppResourceHTTPWhenRoleDeterminesFarmScope/admin//api/v2/devices/v2-hidden/model/latest (0.00s)
        --- PASS: TestAppResourceHTTPWhenRoleDeterminesFarmScope/admin//api/v2/devices/v2-hidden/history?metric=temperature (0.00s)
        --- PASS: TestAppResourceHTTPWhenRoleDeterminesFarmScope/admin//api/v1/ponds/9402 (0.00s)
        --- PASS: TestAppResourceHTTPWhenRoleDeterminesFarmScope/admin//api/v1/devices?pond_id=9402 (0.00s)
        --- PASS: TestAppResourceHTTPWhenRoleDeterminesFarmScope/admin//api/v1/devices/v2-foreign (0.00s)
        --- PASS: TestAppResourceHTTPWhenRoleDeterminesFarmScope/admin//api/v1/water/latest?device_no=v2-foreign (0.00s)
        --- PASS: TestAppResourceHTTPWhenRoleDeterminesFarmScope/admin//api/v1/water/history?device_no=v2-foreign&metric=temperature&range=30d (0.00s)
        --- PASS: TestAppResourceHTTPWhenRoleDeterminesFarmScope/admin//api/v2/devices/v2-foreign/model/latest (0.00s)
        --- PASS: TestAppResourceHTTPWhenRoleDeterminesFarmScope/admin//api/v2/devices/v2-foreign/history?metric=temperature (0.00s)
    --- PASS: TestAppResourceHTTPWhenRoleDeterminesFarmScope/member (0.79s)
        --- PASS: TestAppResourceHTTPWhenRoleDeterminesFarmScope/member//api/v1/ponds (0.01s)
        --- PASS: TestAppResourceHTTPWhenRoleDeterminesFarmScope/member//api/v1/devices (0.00s)
        --- PASS: TestAppResourceHTTPWhenRoleDeterminesFarmScope/member//api/v1/alarms (0.00s)
        --- PASS: TestAppResourceHTTPWhenRoleDeterminesFarmScope/member/stats (0.00s)
        --- PASS: TestAppResourceHTTPWhenRoleDeterminesFarmScope/member//api/v1/ponds/9401 (0.00s)
        --- PASS: TestAppResourceHTTPWhenRoleDeterminesFarmScope/member//api/v1/devices?pond_id=9401 (0.00s)
        --- PASS: TestAppResourceHTTPWhenRoleDeterminesFarmScope/member//api/v1/devices/v2-permission (0.00s)
        --- PASS: TestAppResourceHTTPWhenRoleDeterminesFarmScope/member//api/v1/water/latest?device_no=v2-permission (0.00s)
        --- PASS: TestAppResourceHTTPWhenRoleDeterminesFarmScope/member//api/v1/water/history?device_no=v2-permission&metric=temperature&range=30d (0.00s)
        --- PASS: TestAppResourceHTTPWhenRoleDeterminesFarmScope/member//api/v2/devices/v2-permission/model/latest (0.00s)
        --- PASS: TestAppResourceHTTPWhenRoleDeterminesFarmScope/member//api/v2/devices/v2-permission/history?metric=temperature (0.01s)
        --- PASS: TestAppResourceHTTPWhenRoleDeterminesFarmScope/member//api/v1/ponds/9403 (0.00s)
        --- PASS: TestAppResourceHTTPWhenRoleDeterminesFarmScope/member//api/v1/devices?pond_id=9403 (0.00s)
        --- PASS: TestAppResourceHTTPWhenRoleDeterminesFarmScope/member//api/v1/devices/v2-hidden (0.00s)
        --- PASS: TestAppResourceHTTPWhenRoleDeterminesFarmScope/member//api/v1/water/latest?device_no=v2-hidden (0.00s)
        --- PASS: TestAppResourceHTTPWhenRoleDeterminesFarmScope/member//api/v1/water/history?device_no=v2-hidden&metric=temperature&range=30d (0.00s)
        --- PASS: TestAppResourceHTTPWhenRoleDeterminesFarmScope/member//api/v2/devices/v2-hidden/model/latest (0.00s)
        --- PASS: TestAppResourceHTTPWhenRoleDeterminesFarmScope/member//api/v2/devices/v2-hidden/history?metric=temperature (0.00s)
        --- PASS: TestAppResourceHTTPWhenRoleDeterminesFarmScope/member//api/v1/ponds/9402 (0.00s)
        --- PASS: TestAppResourceHTTPWhenRoleDeterminesFarmScope/member//api/v1/devices?pond_id=9402 (0.00s)
        --- PASS: TestAppResourceHTTPWhenRoleDeterminesFarmScope/member//api/v1/devices/v2-foreign (0.00s)
        --- PASS: TestAppResourceHTTPWhenRoleDeterminesFarmScope/member//api/v1/water/latest?device_no=v2-foreign (0.00s)
        --- PASS: TestAppResourceHTTPWhenRoleDeterminesFarmScope/member//api/v1/water/history?device_no=v2-foreign&metric=temperature&range=30d (0.00s)
        --- PASS: TestAppResourceHTTPWhenRoleDeterminesFarmScope/member//api/v2/devices/v2-foreign/model/latest (0.00s)
        --- PASS: TestAppResourceHTTPWhenRoleDeterminesFarmScope/member//api/v2/devices/v2-foreign/history?metric=temperature (0.00s)
    --- PASS: TestAppResourceHTTPWhenRoleDeterminesFarmScope/viewer (0.80s)
        --- PASS: TestAppResourceHTTPWhenRoleDeterminesFarmScope/viewer//api/v1/ponds (0.01s)
        --- PASS: TestAppResourceHTTPWhenRoleDeterminesFarmScope/viewer//api/v1/devices (0.00s)
        --- PASS: TestAppResourceHTTPWhenRoleDeterminesFarmScope/viewer//api/v1/alarms (0.00s)
        --- PASS: TestAppResourceHTTPWhenRoleDeterminesFarmScope/viewer/stats (0.00s)
        --- PASS: TestAppResourceHTTPWhenRoleDeterminesFarmScope/viewer//api/v1/ponds/9401 (0.00s)
        --- PASS: TestAppResourceHTTPWhenRoleDeterminesFarmScope/viewer//api/v1/devices?pond_id=9401 (0.00s)
        --- PASS: TestAppResourceHTTPWhenRoleDeterminesFarmScope/viewer//api/v1/devices/v2-permission (0.00s)
        --- PASS: TestAppResourceHTTPWhenRoleDeterminesFarmScope/viewer//api/v1/water/latest?device_no=v2-permission (0.00s)
        --- PASS: TestAppResourceHTTPWhenRoleDeterminesFarmScope/viewer//api/v1/water/history?device_no=v2-permission&metric=temperature&range=30d (0.00s)
        --- PASS: TestAppResourceHTTPWhenRoleDeterminesFarmScope/viewer//api/v2/devices/v2-permission/model/latest (0.00s)
        --- PASS: TestAppResourceHTTPWhenRoleDeterminesFarmScope/viewer//api/v2/devices/v2-permission/history?metric=temperature (0.01s)
        --- PASS: TestAppResourceHTTPWhenRoleDeterminesFarmScope/viewer//api/v1/ponds/9403 (0.00s)
        --- PASS: TestAppResourceHTTPWhenRoleDeterminesFarmScope/viewer//api/v1/devices?pond_id=9403 (0.00s)
        --- PASS: TestAppResourceHTTPWhenRoleDeterminesFarmScope/viewer//api/v1/devices/v2-hidden (0.00s)
        --- PASS: TestAppResourceHTTPWhenRoleDeterminesFarmScope/viewer//api/v1/water/latest?device_no=v2-hidden (0.00s)
        --- PASS: TestAppResourceHTTPWhenRoleDeterminesFarmScope/viewer//api/v1/water/history?device_no=v2-hidden&metric=temperature&range=30d (0.00s)
        --- PASS: TestAppResourceHTTPWhenRoleDeterminesFarmScope/viewer//api/v2/devices/v2-hidden/model/latest (0.00s)
        --- PASS: TestAppResourceHTTPWhenRoleDeterminesFarmScope/viewer//api/v2/devices/v2-hidden/history?metric=temperature (0.00s)
        --- PASS: TestAppResourceHTTPWhenRoleDeterminesFarmScope/viewer//api/v1/ponds/9402 (0.00s)
        --- PASS: TestAppResourceHTTPWhenRoleDeterminesFarmScope/viewer//api/v1/devices?pond_id=9402 (0.00s)
        --- PASS: TestAppResourceHTTPWhenRoleDeterminesFarmScope/viewer//api/v1/devices/v2-foreign (0.00s)
        --- PASS: TestAppResourceHTTPWhenRoleDeterminesFarmScope/viewer//api/v1/water/latest?device_no=v2-foreign (0.00s)
        --- PASS: TestAppResourceHTTPWhenRoleDeterminesFarmScope/viewer//api/v1/water/history?device_no=v2-foreign&metric=temperature&range=30d (0.00s)
        --- PASS: TestAppResourceHTTPWhenRoleDeterminesFarmScope/viewer//api/v2/devices/v2-foreign/model/latest (0.00s)
        --- PASS: TestAppResourceHTTPWhenRoleDeterminesFarmScope/viewer//api/v2/devices/v2-foreign/history?metric=temperature (0.00s)
    --- PASS: TestAppResourceHTTPWhenRoleDeterminesFarmScope/support (0.79s)
        --- PASS: TestAppResourceHTTPWhenRoleDeterminesFarmScope/support//api/v1/ponds (0.01s)
        --- PASS: TestAppResourceHTTPWhenRoleDeterminesFarmScope/support//api/v1/devices (0.00s)
        --- PASS: TestAppResourceHTTPWhenRoleDeterminesFarmScope/support//api/v1/alarms (0.00s)
        --- PASS: TestAppResourceHTTPWhenRoleDeterminesFarmScope/support/stats (0.00s)
        --- PASS: TestAppResourceHTTPWhenRoleDeterminesFarmScope/support//api/v1/ponds/9401 (0.00s)
        --- PASS: TestAppResourceHTTPWhenRoleDeterminesFarmScope/support//api/v1/devices?pond_id=9401 (0.00s)
        --- PASS: TestAppResourceHTTPWhenRoleDeterminesFarmScope/support//api/v1/devices/v2-permission (0.00s)
        --- PASS: TestAppResourceHTTPWhenRoleDeterminesFarmScope/support//api/v1/water/latest?device_no=v2-permission (0.00s)
        --- PASS: TestAppResourceHTTPWhenRoleDeterminesFarmScope/support//api/v1/water/history?device_no=v2-permission&metric=temperature&range=30d (0.00s)
        --- PASS: TestAppResourceHTTPWhenRoleDeterminesFarmScope/support//api/v2/devices/v2-permission/model/latest (0.00s)
        --- PASS: TestAppResourceHTTPWhenRoleDeterminesFarmScope/support//api/v2/devices/v2-permission/history?metric=temperature (0.01s)
        --- PASS: TestAppResourceHTTPWhenRoleDeterminesFarmScope/support//api/v1/ponds/9403 (0.00s)
        --- PASS: TestAppResourceHTTPWhenRoleDeterminesFarmScope/support//api/v1/devices?pond_id=9403 (0.00s)
        --- PASS: TestAppResourceHTTPWhenRoleDeterminesFarmScope/support//api/v1/devices/v2-hidden (0.00s)
        --- PASS: TestAppResourceHTTPWhenRoleDeterminesFarmScope/support//api/v1/water/latest?device_no=v2-hidden (0.00s)
        --- PASS: TestAppResourceHTTPWhenRoleDeterminesFarmScope/support//api/v1/water/history?device_no=v2-hidden&metric=temperature&range=30d (0.00s)
        --- PASS: TestAppResourceHTTPWhenRoleDeterminesFarmScope/support//api/v2/devices/v2-hidden/model/latest (0.00s)
        --- PASS: TestAppResourceHTTPWhenRoleDeterminesFarmScope/support//api/v2/devices/v2-hidden/history?metric=temperature (0.00s)
        --- PASS: TestAppResourceHTTPWhenRoleDeterminesFarmScope/support//api/v1/ponds/9402 (0.00s)
        --- PASS: TestAppResourceHTTPWhenRoleDeterminesFarmScope/support//api/v1/devices?pond_id=9402 (0.00s)
        --- PASS: TestAppResourceHTTPWhenRoleDeterminesFarmScope/support//api/v1/devices/v2-foreign (0.00s)
        --- PASS: TestAppResourceHTTPWhenRoleDeterminesFarmScope/support//api/v1/water/latest?device_no=v2-foreign (0.00s)
        --- PASS: TestAppResourceHTTPWhenRoleDeterminesFarmScope/support//api/v1/water/history?device_no=v2-foreign&metric=temperature&range=30d (0.00s)
        --- PASS: TestAppResourceHTTPWhenRoleDeterminesFarmScope/support//api/v2/devices/v2-foreign/model/latest (0.00s)
        --- PASS: TestAppResourceHTTPWhenRoleDeterminesFarmScope/support//api/v2/devices/v2-foreign/history?metric=temperature (0.00s)
=== RUN   TestAppTelemetryWriteDeniedWhenTokenRevoked
    telemetry_permission_http_test.go:77: environment real_timescaledb=2.30.2
[GIN-debug] [WARNING] Running in "debug" mode. Switch to "release" mode in production.
 - using env:	export GIN_MODE=release
 - using code:	gin.SetMode(gin.ReleaseMode)

[GIN-debug] POST   /api/v1/auth/login        --> git.hyhy.fun/rsplab/iolink/internal/appapi.(*Server).login-fm (2 handlers)
[GIN-debug] GET    /api/v1/auth/tenants      --> git.hyhy.fun/rsplab/iolink/internal/appapi.(*Server).listTenants-fm (3 handlers)
[GIN-debug] POST   /api/v1/auth/tenant       --> git.hyhy.fun/rsplab/iolink/internal/appapi.(*Server).switchTenant-fm (3 handlers)
[GIN-debug] GET    /api/v1/ponds             --> git.hyhy.fun/rsplab/iolink/internal/appapi.(*Server).listPonds-fm (3 handlers)
[GIN-debug] GET    /api/v1/ponds/:id         --> git.hyhy.fun/rsplab/iolink/internal/appapi.(*Server).getPond-fm (3 handlers)
[GIN-debug] GET    /api/v1/devices           --> git.hyhy.fun/rsplab/iolink/internal/appapi.(*Server).listDevices-fm (3 handlers)
[GIN-debug] GET    /api/v1/devices/:device_no --> git.hyhy.fun/rsplab/iolink/internal/appapi.(*Server).getDevice-fm (3 handlers)
[GIN-debug] GET    /api/v1/water/latest      --> git.hyhy.fun/rsplab/iolink/internal/appapi.(*Server).waterLatest-fm (3 handlers)
[GIN-debug] GET    /api/v1/water/history     --> git.hyhy.fun/rsplab/iolink/internal/appapi.(*Server).waterHistory-fm (3 handlers)
[GIN-debug] GET    /api/v1/alarms            --> git.hyhy.fun/rsplab/iolink/internal/appapi.(*Server).listAlarms-fm (3 handlers)
[GIN-debug] GET    /api/v1/stats/summary     --> git.hyhy.fun/rsplab/iolink/internal/appapi.(*Server).statsSummary-fm (3 handlers)
[GIN-debug] POST   /api/v1/alarms/:id/confirm --> git.hyhy.fun/rsplab/iolink/internal/appapi.(*Server).confirmAlarm-fm (3 handlers)
[GIN-debug] POST   /api/v2/devices/:device_no/telemetry --> git.hyhy.fun/rsplab/iolink/internal/appapi.(*Server).submitTelemetryV2-fm (3 handlers)
[GIN-debug] GET    /api/v2/devices/:device_no/model/latest --> git.hyhy.fun/rsplab/iolink/internal/appapi.(*Server).modelLatestV2-fm (3 handlers)
[GIN-debug] GET    /api/v2/devices/:device_no/history --> git.hyhy.fun/rsplab/iolink/internal/appapi.(*Server).telemetryHistoryV2-fm (3 handlers)
    telemetry_permission_http_test.go:93: scenario=app_revoked post_status=401 response={"error":"tenant membership revoked"} before={"alarms": [], "outbox": [], "shadows": [], "telemetry": [], "sensor_data": []} after={"alarms": [], "outbox": [], "shadows": [], "telemetry": [], "sensor_data": []}
--- PASS: TestAppTelemetryWriteDeniedWhenTokenRevoked (0.77s)
=== RUN   TestLicenseFeatureGuard_controlsFakeFutureEffects
=== RUN   TestLicenseFeatureGuard_controlsFakeFutureEffects/valid
=== RUN   TestLicenseFeatureGuard_controlsFakeFutureEffects/permanent
=== RUN   TestLicenseFeatureGuard_controlsFakeFutureEffects/overage
=== RUN   TestLicenseFeatureGuard_controlsFakeFutureEffects/expired
=== RUN   TestLicenseFeatureGuard_controlsFakeFutureEffects/not_before
=== RUN   TestLicenseFeatureGuard_controlsFakeFutureEffects/clock_error
=== RUN   TestLicenseFeatureGuard_controlsFakeFutureEffects/missing
=== RUN   TestLicenseFeatureGuard_controlsFakeFutureEffects/invalid
=== RUN   TestLicenseFeatureGuard_controlsFakeFutureEffects/instance_mismatch
=== RUN   TestLicenseFeatureGuard_controlsFakeFutureEffects/unavailable
=== RUN   TestLicenseFeatureGuard_controlsFakeFutureEffects/monitoring_only
--- PASS: TestLicenseFeatureGuard_controlsFakeFutureEffects (0.79s)
    --- PASS: TestLicenseFeatureGuard_controlsFakeFutureEffects/valid (0.02s)
    --- PASS: TestLicenseFeatureGuard_controlsFakeFutureEffects/permanent (0.02s)
    --- PASS: TestLicenseFeatureGuard_controlsFakeFutureEffects/overage (0.02s)
    --- PASS: TestLicenseFeatureGuard_controlsFakeFutureEffects/expired (0.02s)
    --- PASS: TestLicenseFeatureGuard_controlsFakeFutureEffects/not_before (0.02s)
    --- PASS: TestLicenseFeatureGuard_controlsFakeFutureEffects/clock_error (0.02s)
    --- PASS: TestLicenseFeatureGuard_controlsFakeFutureEffects/missing (0.02s)
    --- PASS: TestLicenseFeatureGuard_controlsFakeFutureEffects/invalid (0.02s)
    --- PASS: TestLicenseFeatureGuard_controlsFakeFutureEffects/instance_mismatch (0.02s)
    --- PASS: TestLicenseFeatureGuard_controlsFakeFutureEffects/unavailable (0.01s)
    --- PASS: TestLicenseFeatureGuard_controlsFakeFutureEffects/monitoring_only (0.02s)
=== RUN   TestRollbackAcrossReadingShadowAlarmOutbox
--- PASS: TestRollbackAcrossReadingShadowAlarmOutbox (0.78s)
=== RUN   TestLicenseImport_rechecksClockAfterWaitingForLicenseLock
--- PASS: TestLicenseImport_rechecksClockAfterWaitingForLicenseLock (0.76s)
=== RUN   TestAppResourceScopeWhenTenantManagerRoleRevoked
    app_resource_scope_test.go:62: environment real_timescaledb=2.30.2
    app_resource_scope_test.go:74: scenario=manager_role_revoked error=not found before={"alarms": [], "outbox": [], "shadows": [], "telemetry": [], "sensor_data": []} after={"alarms": [], "outbox": [], "shadows": [], "telemetry": [], "sensor_data": []}
--- PASS: TestAppResourceScopeWhenTenantManagerRoleRevoked (0.77s)
=== RUN   TestRestoreDevice_rechecksLicenseAndClearsShadow
--- PASS: TestRestoreDevice_rechecksLicenseAndClearsShadow (0.76s)
=== RUN   TestDeviceAdmission_persistsClockLatchAfterBusinessRollback
--- PASS: TestDeviceAdmission_persistsClockLatchAfterBusinessRollback (0.80s)
=== RUN   TestTelemetryWriteAcceptedWhenLiveOwnerOrAdmin
=== RUN   TestTelemetryWriteAcceptedWhenLiveOwnerOrAdmin/owner
    telemetry_permission_test.go:55: environment real_timescaledb=2.30.2
    telemetry_permission_test.go:62: scenario=owner result={DeviceNo:v2-permission ModelVersion:1 Accepted:[temperature] Rejected:[]} error=<nil> before={"alarms": [], "outbox": [], "shadows": [], "telemetry": [], "sensor_data": []} after={"alarms": [{"id": 1, "level": "warning", "metric": "temperature", "message": "temperature 高于阈值 20", "pond_id": 9401, "device_no": "v2-permission", "threshold": 20, "created_at": "2026-10-01T00:00:00+00:00", "product_id": 1, "confirmed_at": null, "current_value": 25}], "outbox": [{"id": 1, "status": "pending", "next_at": "2026-10-04T20:48:14.087752+00:00", "alarm_id": 1, "attempts": 0, "created_at": "2026-10-04T20:48:14.087752+00:00", "last_error": null, "updated_at": "2026-10-04T20:48:14.087752+00:00", "lease_owner": null, "leased_until": null, "recipient_open_id": null}], "shadows": [{"ts": "2026-10-01T00:00:00+00:00", "last": {"temperature": 25}, "signal": null, "pond_id": 9401, "device_no": "v2-permission", "tenant_id": 9401, "product_id": 1, "timestamps": {"temperature": "2026-10-01T00:00:00Z"}, "model_version": 1}], "telemetry": [{"ts": "2026-10-01T00:00:00+00:00", "pond_id": 9401, "device_no": "v2-permission", "tenant_id": 9401, "product_id": 1, "properties": {"temperature": 25}, "model_version": 1}], "sensor_data": [{"ph": null, "ts": "2026-10-01T00:00:00+00:00", "signal": null, "battery": null, "pond_id": 9401, "salinity": null, "device_no": "v2-permission", "tenant_id": 9401, "turbidity": null, "temperature": 25, "dissolved_oxygen": null}]}
=== RUN   TestTelemetryWriteAcceptedWhenLiveOwnerOrAdmin/admin
    telemetry_permission_test.go:55: environment real_timescaledb=2.30.2
    telemetry_permission_test.go:62: scenario=admin result={DeviceNo:v2-permission ModelVersion:1 Accepted:[temperature] Rejected:[]} error=<nil> before={"alarms": [], "outbox": [], "shadows": [], "telemetry": [], "sensor_data": []} after={"alarms": [{"id": 1, "level": "warning", "metric": "temperature", "message": "temperature 高于阈值 20", "pond_id": 9401, "device_no": "v2-permission", "threshold": 20, "created_at": "2026-10-01T00:00:00+00:00", "product_id": 1, "confirmed_at": null, "current_value": 25}], "outbox": [{"id": 1, "status": "pending", "next_at": "2026-10-04T20:48:14.839888+00:00", "alarm_id": 1, "attempts": 0, "created_at": "2026-10-04T20:48:14.839888+00:00", "last_error": null, "updated_at": "2026-10-04T20:48:14.839888+00:00", "lease_owner": null, "leased_until": null, "recipient_open_id": null}], "shadows": [{"ts": "2026-10-01T00:00:00+00:00", "last": {"temperature": 25}, "signal": null, "pond_id": 9401, "device_no": "v2-permission", "tenant_id": 9401, "product_id": 1, "timestamps": {"temperature": "2026-10-01T00:00:00Z"}, "model_version": 1}], "telemetry": [{"ts": "2026-10-01T00:00:00+00:00", "pond_id": 9401, "device_no": "v2-permission", "tenant_id": 9401, "product_id": 1, "properties": {"temperature": 25}, "model_version": 1}], "sensor_data": [{"ph": null, "ts": "2026-10-01T00:00:00+00:00", "signal": null, "battery": null, "pond_id": 9401, "salinity": null, "device_no": "v2-permission", "tenant_id": 9401, "turbidity": null, "temperature": 25, "dissolved_oxygen": null}]}
--- PASS: TestTelemetryWriteAcceptedWhenLiveOwnerOrAdmin (1.54s)
    --- PASS: TestTelemetryWriteAcceptedWhenLiveOwnerOrAdmin/owner (0.76s)
    --- PASS: TestTelemetryWriteAcceptedWhenLiveOwnerOrAdmin/admin (0.77s)
=== RUN   TestM6bScopedReadsAndExistsQueries
--- PASS: TestM6bScopedReadsAndExistsQueries (0.77s)
=== RUN   TestSingleAndDoubleThresholdRules
=== RUN   TestSingleAndDoubleThresholdRules/min-only
=== RUN   TestSingleAndDoubleThresholdRules/max-only
=== RUN   TestSingleAndDoubleThresholdRules/both-low
=== RUN   TestSingleAndDoubleThresholdRules/both-high
--- PASS: TestSingleAndDoubleThresholdRules (2.26s)
    --- PASS: TestSingleAndDoubleThresholdRules/min-only (0.56s)
    --- PASS: TestSingleAndDoubleThresholdRules/max-only (0.59s)
    --- PASS: TestSingleAndDoubleThresholdRules/both-low (0.52s)
    --- PASS: TestSingleAndDoubleThresholdRules/both-high (0.58s)
=== RUN   TestM6bTelemetryRejectsVersionRevocationAfterAuthentication
    telemetry_version_revocation_http_test.go:34: environment real_timescaledb=2.30.2
[GIN-debug] [WARNING] Running in "debug" mode. Switch to "release" mode in production.
 - using env:	export GIN_MODE=release
 - using code:	gin.SetMode(gin.ReleaseMode)

[GIN-debug] POST   /api/v1/auth/login        --> git.hyhy.fun/rsplab/iolink/internal/appapi.(*Server).login-fm (2 handlers)
[GIN-debug] GET    /api/v1/auth/tenants      --> git.hyhy.fun/rsplab/iolink/internal/appapi.(*Server).listTenants-fm (3 handlers)
[GIN-debug] POST   /api/v1/auth/tenant       --> git.hyhy.fun/rsplab/iolink/internal/appapi.(*Server).switchTenant-fm (3 handlers)
[GIN-debug] GET    /api/v1/ponds             --> git.hyhy.fun/rsplab/iolink/internal/appapi.(*Server).listPonds-fm (3 handlers)
[GIN-debug] GET    /api/v1/ponds/:id         --> git.hyhy.fun/rsplab/iolink/internal/appapi.(*Server).getPond-fm (3 handlers)
[GIN-debug] GET    /api/v1/devices           --> git.hyhy.fun/rsplab/iolink/internal/appapi.(*Server).listDevices-fm (3 handlers)
[GIN-debug] GET    /api/v1/devices/:device_no --> git.hyhy.fun/rsplab/iolink/internal/appapi.(*Server).getDevice-fm (3 handlers)
[GIN-debug] GET    /api/v1/water/latest      --> git.hyhy.fun/rsplab/iolink/internal/appapi.(*Server).waterLatest-fm (3 handlers)
[GIN-debug] GET    /api/v1/water/history     --> git.hyhy.fun/rsplab/iolink/internal/appapi.(*Server).waterHistory-fm (3 handlers)
[GIN-debug] GET    /api/v1/alarms            --> git.hyhy.fun/rsplab/iolink/internal/appapi.(*Server).listAlarms-fm (3 handlers)
[GIN-debug] GET    /api/v1/stats/summary     --> git.hyhy.fun/rsplab/iolink/internal/appapi.(*Server).statsSummary-fm (3 handlers)
[GIN-debug] POST   /api/v1/alarms/:id/confirm --> git.hyhy.fun/rsplab/iolink/internal/appapi.(*Server).confirmAlarm-fm (3 handlers)
[GIN-debug] POST   /api/v2/devices/:device_no/telemetry --> git.hyhy.fun/rsplab/iolink/internal/appapi.(*Server).submitTelemetryV2-fm (3 handlers)
[GIN-debug] GET    /api/v2/devices/:device_no/model/latest --> git.hyhy.fun/rsplab/iolink/internal/appapi.(*Server).modelLatestV2-fm (3 handlers)
[GIN-debug] GET    /api/v2/devices/:device_no/history --> git.hyhy.fun/rsplab/iolink/internal/appapi.(*Server).telemetryHistoryV2-fm (3 handlers)
    telemetry_version_revocation_http_test.go:50: revoked_after_authentication=true status=403 unchanged=true response={"error":"forbidden"}
--- PASS: TestM6bTelemetryRejectsVersionRevocationAfterAuthentication (0.50s)
=== RUN   TestTelemetryWriteDeniedWhenPolicyUnavailable
    telemetry_permission_test.go:108: environment real_timescaledb=2.30.2
    telemetry_permission_test.go:118: scenario=missing_policy error=forbidden before={"alarms": [], "outbox": [], "shadows": [], "telemetry": [], "sensor_data": []} after={"alarms": [], "outbox": [], "shadows": [], "telemetry": [], "sensor_data": []}
--- PASS: TestTelemetryWriteDeniedWhenPolicyUnavailable (0.50s)
=== RUN   TestWaterBackfillInterruptionRollsBackAndResumes
--- PASS: TestWaterBackfillInterruptionRollsBackAndResumes (0.51s)
=== RUN   TestM2OwnershipLifecycleAndTokenRevocation
[GIN-debug] [WARNING] Running in "debug" mode. Switch to "release" mode in production.
 - using env:	export GIN_MODE=release
 - using code:	gin.SetMode(gin.ReleaseMode)

[GIN-debug] POST   /api/v1/auth/login        --> git.hyhy.fun/rsplab/iolink/internal/appapi.(*Server).login-fm (2 handlers)
[GIN-debug] GET    /api/v1/auth/tenants      --> git.hyhy.fun/rsplab/iolink/internal/appapi.(*Server).listTenants-fm (3 handlers)
[GIN-debug] POST   /api/v1/auth/tenant       --> git.hyhy.fun/rsplab/iolink/internal/appapi.(*Server).switchTenant-fm (3 handlers)
[GIN-debug] GET    /api/v1/ponds             --> git.hyhy.fun/rsplab/iolink/internal/appapi.(*Server).listPonds-fm (3 handlers)
[GIN-debug] GET    /api/v1/ponds/:id         --> git.hyhy.fun/rsplab/iolink/internal/appapi.(*Server).getPond-fm (3 handlers)
[GIN-debug] GET    /api/v1/devices           --> git.hyhy.fun/rsplab/iolink/internal/appapi.(*Server).listDevices-fm (3 handlers)
[GIN-debug] GET    /api/v1/devices/:device_no --> git.hyhy.fun/rsplab/iolink/internal/appapi.(*Server).getDevice-fm (3 handlers)
[GIN-debug] GET    /api/v1/water/latest      --> git.hyhy.fun/rsplab/iolink/internal/appapi.(*Server).waterLatest-fm (3 handlers)
[GIN-debug] GET    /api/v1/water/history     --> git.hyhy.fun/rsplab/iolink/internal/appapi.(*Server).waterHistory-fm (3 handlers)
[GIN-debug] GET    /api/v1/alarms            --> git.hyhy.fun/rsplab/iolink/internal/appapi.(*Server).listAlarms-fm (3 handlers)
[GIN-debug] GET    /api/v1/stats/summary     --> git.hyhy.fun/rsplab/iolink/internal/appapi.(*Server).statsSummary-fm (3 handlers)
[GIN-debug] POST   /api/v1/alarms/:id/confirm --> git.hyhy.fun/rsplab/iolink/internal/appapi.(*Server).confirmAlarm-fm (3 handlers)
[GIN-debug] POST   /api/v2/devices/:device_no/telemetry --> git.hyhy.fun/rsplab/iolink/internal/appapi.(*Server).submitTelemetryV2-fm (3 handlers)
[GIN-debug] GET    /api/v2/devices/:device_no/model/latest --> git.hyhy.fun/rsplab/iolink/internal/appapi.(*Server).modelLatestV2-fm (3 handlers)
[GIN-debug] GET    /api/v2/devices/:device_no/history --> git.hyhy.fun/rsplab/iolink/internal/appapi.(*Server).telemetryHistoryV2-fm (3 handlers)
[GIN-debug] [WARNING] Running in "debug" mode. Switch to "release" mode in production.
 - using env:	export GIN_MODE=release
 - using code:	gin.SetMode(gin.ReleaseMode)

[GIN-debug] POST   /admin/v1/login           --> git.hyhy.fun/rsplab/iolink/internal/adminapi.(*Server).login-fm (2 handlers)
[GIN-debug] GET    /admin/v1/license         --> git.hyhy.fun/rsplab/iolink/internal/adminapi.(*Server).getLicense-fm (3 handlers)
[GIN-debug] POST   /admin/v1/license         --> git.hyhy.fun/rsplab/iolink/internal/adminapi.(*Server).importLicense-fm (3 handlers)
[GIN-debug] GET    /admin/v1/tenants         --> git.hyhy.fun/rsplab/iolink/internal/adminapi.(*Server).listTenants-fm (3 handlers)
[GIN-debug] PUT    /admin/v1/tenants/:id/status --> git.hyhy.fun/rsplab/iolink/internal/adminapi.(*Server).setTenantStatus-fm (3 handlers)
[GIN-debug] GET    /admin/v1/tenants/:id/members --> git.hyhy.fun/rsplab/iolink/internal/adminapi.(*Server).listTenantMembers-fm (3 handlers)
[GIN-debug] PUT    /admin/v1/tenants/:id/members/:user_id --> git.hyhy.fun/rsplab/iolink/internal/adminapi.(*Server).setTenantMember-fm (3 handlers)
[GIN-debug] POST   /admin/v1/password        --> git.hyhy.fun/rsplab/iolink/internal/adminapi.(*Server).changePassword-fm (3 handlers)
[GIN-debug] GET    /admin/v1/farms           --> git.hyhy.fun/rsplab/iolink/internal/adminapi.(*Server).listFarms-fm (4 handlers)
[GIN-debug] POST   /admin/v1/farms           --> git.hyhy.fun/rsplab/iolink/internal/adminapi.(*Server).createFarm-fm (4 handlers)
[GIN-debug] GET    /admin/v1/users           --> git.hyhy.fun/rsplab/iolink/internal/adminapi.(*Server).listUsers-fm (4 handlers)
[GIN-debug] PUT    /admin/v1/farms/:id       --> git.hyhy.fun/rsplab/iolink/internal/adminapi.(*Server).updateFarm-fm (4 handlers)
[GIN-debug] DELETE /admin/v1/farms/:id       --> git.hyhy.fun/rsplab/iolink/internal/adminapi.(*Server).deleteFarm-fm (4 handlers)
[GIN-debug] PUT    /admin/v1/farms/:id/owner --> git.hyhy.fun/rsplab/iolink/internal/adminapi.(*Server).setFarmOwner-fm (4 handlers)
[GIN-debug] GET    /admin/v1/farms/:id/members --> git.hyhy.fun/rsplab/iolink/internal/adminapi.(*Server).listFarmMembers-fm (4 handlers)
[GIN-debug] PUT    /admin/v1/farms/:id/members/:user_id --> git.hyhy.fun/rsplab/iolink/internal/adminapi.(*Server).setFarmMember-fm (4 handlers)
[GIN-debug] GET    /admin/v1/ponds           --> git.hyhy.fun/rsplab/iolink/internal/adminapi.(*Server).listPonds-fm (4 handlers)
[GIN-debug] POST   /admin/v1/ponds           --> git.hyhy.fun/rsplab/iolink/internal/adminapi.(*Server).createPond-fm (4 handlers)
[GIN-debug] PUT    /admin/v1/ponds/:id       --> git.hyhy.fun/rsplab/iolink/internal/adminapi.(*Server).updatePond-fm (4 handlers)
[GIN-debug] DELETE /admin/v1/ponds/:id       --> git.hyhy.fun/rsplab/iolink/internal/adminapi.(*Server).deletePond-fm (4 handlers)
[GIN-debug] GET    /admin/v1/devices         --> git.hyhy.fun/rsplab/iolink/internal/adminapi.(*Server).listDevices-fm (4 handlers)
[GIN-debug] POST   /admin/v1/devices         --> git.hyhy.fun/rsplab/iolink/internal/adminapi.(*Server).registerDevice-fm (4 handlers)
[GIN-debug] GET    /admin/v1/devices/:device_no --> git.hyhy.fun/rsplab/iolink/internal/adminapi.(*Server).getDevice-fm (4 handlers)
[GIN-debug] DELETE /admin/v1/devices/:device_no --> git.hyhy.fun/rsplab/iolink/internal/adminapi.(*Server).deleteDevice-fm (4 handlers)
[GIN-debug] POST   /admin/v1/devices/:device_no/restore --> git.hyhy.fun/rsplab/iolink/internal/adminapi.(*Server).restoreDevice-fm (4 handlers)
[GIN-debug] PUT    /admin/v1/devices/:device_no/pond --> git.hyhy.fun/rsplab/iolink/internal/adminapi.(*Server).moveDevice-fm (4 handlers)
[GIN-debug] GET    /admin/v1/alarm-rules     --> git.hyhy.fun/rsplab/iolink/internal/adminapi.(*Server).listRules-fm (4 handlers)
[GIN-debug] POST   /admin/v1/alarm-rules     --> git.hyhy.fun/rsplab/iolink/internal/adminapi.(*Server).createRule-fm (4 handlers)
[GIN-debug] PUT    /admin/v1/alarm-rules/:id --> git.hyhy.fun/rsplab/iolink/internal/adminapi.(*Server).updateRule-fm (4 handlers)
[GIN-debug] DELETE /admin/v1/alarm-rules/:id --> git.hyhy.fun/rsplab/iolink/internal/adminapi.(*Server).deleteRule-fm (4 handlers)
[GIN-debug] GET    /admin/v1/alarms          --> git.hyhy.fun/rsplab/iolink/internal/adminapi.(*Server).listAlarms-fm (4 handlers)
[GIN-debug] POST   /admin/v1/alarms/:id/confirm --> git.hyhy.fun/rsplab/iolink/internal/adminapi.(*Server).confirmAlarm-fm (4 handlers)
[GIN-debug] POST   /admin/v1/alarms/batch-confirm --> git.hyhy.fun/rsplab/iolink/internal/adminapi.(*Server).batchConfirm-fm (4 handlers)
[GIN-debug] GET    /admin/v1/stats           --> git.hyhy.fun/rsplab/iolink/internal/adminapi.(*Server).stats-fm (4 handlers)
[GIN-debug] GET    /admin/v1/products        --> git.hyhy.fun/rsplab/iolink/internal/adminapi.(*Server).listProducts-fm (4 handlers)
[GIN-debug] POST   /admin/v1/products        --> git.hyhy.fun/rsplab/iolink/internal/adminapi.(*Server).createProduct-fm (4 handlers)
[GIN-debug] GET    /admin/v1/products/:product_id/models --> git.hyhy.fun/rsplab/iolink/internal/adminapi.(*Server).listProductModels-fm (4 handlers)
[GIN-debug] POST   /admin/v1/products/:product_id/models --> git.hyhy.fun/rsplab/iolink/internal/adminapi.(*Server).createProductModel-fm (4 handlers)
[GIN-debug] POST   /admin/v1/products/:product_id/models/:version/publish --> git.hyhy.fun/rsplab/iolink/internal/adminapi.(*Server).publishProductModel-fm (4 handlers)
[GIN-debug] GET    /admin/v1/devices/:device_no/product --> git.hyhy.fun/rsplab/iolink/internal/adminapi.(*Server).getDeviceProduct-fm (4 handlers)
[GIN-debug] PUT    /admin/v1/devices/:device_no/product --> git.hyhy.fun/rsplab/iolink/internal/adminapi.(*Server).assignDeviceProduct-fm (4 handlers)
2026/10/05 04:48:20 INFO http request request_id=QU2EZZ5E2WKVENOLG6XTCZHEIV route=/admin/v1/login method=POST status=200 duration_ms=134 tenant_id=0 actor_id=0
2026/10/05 04:48:20 INFO http request request_id=QYNPEKGLSFDKE2U5K2VY5MIUUR route=/admin/v1/password method=POST status=204 duration_ms=279 tenant_id=0 actor_id=0
2026/10/05 04:48:20 WARN http request request_id=4KDPYCWURZI67FMWW4CNMEIVZQ route=/admin/v1/stats method=GET status=401 duration_ms=0 tenant_id=0 actor_id=0
--- PASS: TestM2OwnershipLifecycleAndTokenRevocation (1.45s)
=== RUN   TestTelemetryWriteDeniedWhenActorContextMissing
=== RUN   TestTelemetryWriteDeniedWhenActorContextMissing/unscoped
    telemetry_permission_test.go:136: environment real_timescaledb=2.30.2
    telemetry_permission_test.go:142: scenario=unscoped error=forbidden before={"alarms": [], "outbox": [], "shadows": [], "telemetry": [], "sensor_data": []} after={"alarms": [], "outbox": [], "shadows": [], "telemetry": [], "sensor_data": []}
=== RUN   TestTelemetryWriteDeniedWhenActorContextMissing/missing_actor
    telemetry_permission_test.go:136: environment real_timescaledb=2.30.2
    telemetry_permission_test.go:142: scenario=missing_actor error=forbidden before={"alarms": [], "outbox": [], "shadows": [], "telemetry": [], "sensor_data": []} after={"alarms": [], "outbox": [], "shadows": [], "telemetry": [], "sensor_data": []}
=== RUN   TestTelemetryWriteDeniedWhenActorContextMissing/missing_role
    telemetry_permission_test.go:136: environment real_timescaledb=2.30.2
    telemetry_permission_test.go:142: scenario=missing_role error=forbidden before={"alarms": [], "outbox": [], "shadows": [], "telemetry": [], "sensor_data": []} after={"alarms": [], "outbox": [], "shadows": [], "telemetry": [], "sensor_data": []}
=== RUN   TestTelemetryWriteDeniedWhenActorContextMissing/missing_tenant
    telemetry_permission_test.go:136: environment real_timescaledb=2.30.2
    telemetry_permission_test.go:142: scenario=missing_tenant error=forbidden before={"alarms": [], "outbox": [], "shadows": [], "telemetry": [], "sensor_data": []} after={"alarms": [], "outbox": [], "shadows": [], "telemetry": [], "sensor_data": []}
--- PASS: TestTelemetryWriteDeniedWhenActorContextMissing (2.90s)
    --- PASS: TestTelemetryWriteDeniedWhenActorContextMissing/unscoped (0.74s)
    --- PASS: TestTelemetryWriteDeniedWhenActorContextMissing/missing_actor (0.67s)
    --- PASS: TestTelemetryWriteDeniedWhenActorContextMissing/missing_role (0.74s)
    --- PASS: TestTelemetryWriteDeniedWhenActorContextMissing/missing_tenant (0.75s)
PASS
ok  	git.hyhy.fun/rsplab/iolink/internal/core	102.296s
-test.shuffle 1791146802837311534
=== RUN   TestSetupInputValidateRequiresDistinctPasswords
--- PASS: TestSetupInputValidateRequiresDistinctPasswords (0.00s)
=== RUN   TestSetupInputValidatePasswordPolicy
=== RUN   TestSetupInputValidatePasswordPolicy/letter_and_symbol
=== RUN   TestSetupInputValidatePasswordPolicy/letter_only
=== RUN   TestSetupInputValidatePasswordPolicy/non-letter_only
=== RUN   TestSetupInputValidatePasswordPolicy/too_short
=== RUN   TestSetupInputValidatePasswordPolicy/surrounding_whitespace
--- PASS: TestSetupInputValidatePasswordPolicy (0.00s)
    --- PASS: TestSetupInputValidatePasswordPolicy/letter_and_symbol (0.00s)
    --- PASS: TestSetupInputValidatePasswordPolicy/letter_only (0.00s)
    --- PASS: TestSetupInputValidatePasswordPolicy/non-letter_only (0.00s)
    --- PASS: TestSetupInputValidatePasswordPolicy/too_short (0.00s)
    --- PASS: TestSetupInputValidatePasswordPolicy/surrounding_whitespace (0.00s)
=== RUN   TestPasswordHash
--- PASS: TestPasswordHash (0.59s)
=== RUN   TestConfigRejectsInvalidWithoutLeakingValues
=== RUN   TestConfigRejectsInvalidWithoutLeakingValues/IOLINK_SECRET_KEY
=== RUN   TestConfigRejectsInvalidWithoutLeakingValues/IOLINK_SECRET_KEYxxxxxxxxxxxxxxxxxxxxxxxxxxxxxxxxxxxxxxxx
=== RUN   TestConfigRejectsInvalidWithoutLeakingValues/IOLINK_PG_DSNpostgres://user:very-secret@[bad/test
=== RUN   TestConfigRejectsInvalidWithoutLeakingValues/IOLINK_HTTP_ADDR:0
=== RUN   TestConfigRejectsInvalidWithoutLeakingValues/IOLINK_REPORT_INTERVAL5
=== RUN   TestConfigRejectsInvalidWithoutLeakingValues/IOLINK_OFFLINE_GRACE0
=== RUN   TestConfigRejectsInvalidWithoutLeakingValues/IOLINK_WX_APPIDappid
=== RUN   TestConfigRejectsInvalidWithoutLeakingValues/IOLINK_WX_TEMPLATE_IDtemplate
--- PASS: TestConfigRejectsInvalidWithoutLeakingValues (0.00s)
    --- PASS: TestConfigRejectsInvalidWithoutLeakingValues/IOLINK_SECRET_KEY (0.00s)
    --- PASS: TestConfigRejectsInvalidWithoutLeakingValues/IOLINK_SECRET_KEYxxxxxxxxxxxxxxxxxxxxxxxxxxxxxxxxxxxxxxxx (0.00s)
    --- PASS: TestConfigRejectsInvalidWithoutLeakingValues/IOLINK_PG_DSNpostgres://user:very-secret@[bad/test (0.00s)
    --- PASS: TestConfigRejectsInvalidWithoutLeakingValues/IOLINK_HTTP_ADDR:0 (0.00s)
    --- PASS: TestConfigRejectsInvalidWithoutLeakingValues/IOLINK_REPORT_INTERVAL5 (0.00s)
    --- PASS: TestConfigRejectsInvalidWithoutLeakingValues/IOLINK_OFFLINE_GRACE0 (0.00s)
    --- PASS: TestConfigRejectsInvalidWithoutLeakingValues/IOLINK_WX_APPIDappid (0.00s)
    --- PASS: TestConfigRejectsInvalidWithoutLeakingValues/IOLINK_WX_TEMPLATE_IDtemplate (0.00s)
=== RUN   TestConfigRejectsEnabledWechatWithoutTemplate
--- PASS: TestConfigRejectsEnabledWechatWithoutTemplate (0.00s)
=== RUN   TestBootstrapAuditUsesSystemTenantScope
--- PASS: TestBootstrapAuditUsesSystemTenantScope (0.00s)
=== RUN   TestConfig
--- PASS: TestConfig (0.00s)
=== RUN   TestAdminCommandsDoNotRequireServingKey
--- PASS: TestAdminCommandsDoNotRequireServingKey (0.00s)
PASS
ok  	git.hyhy.fun/rsplab/iolink/internal/platform	1.633s
-test.shuffle 1791146802855441194
=== RUN   TestLegacyTenantReconciliationAndRollback
--- PASS: TestLegacyTenantReconciliationAndRollback (0.60s)
=== RUN   TestAtomicFailureAndChecksum
--- PASS: TestAtomicFailureAndChecksum (0.44s)
=== RUN   TestConcurrentUp
--- PASS: TestConcurrentUp (0.44s)
=== RUN   TestM6bMembershipMigrationRollbackAndLegacyBackfill
--- PASS: TestM6bMembershipMigrationRollbackAndLegacyBackfill (0.45s)
=== RUN   TestM6bLegacyPlatformOwnerBusinessBoundary
[GIN-debug] [WARNING] Running in "debug" mode. Switch to "release" mode in production.
 - using env:	export GIN_MODE=release
 - using code:	gin.SetMode(gin.ReleaseMode)

[GIN-debug] POST   /admin/v1/login           --> git.hyhy.fun/rsplab/iolink/internal/adminapi.(*Server).login-fm (2 handlers)
[GIN-debug] GET    /admin/v1/license         --> git.hyhy.fun/rsplab/iolink/internal/adminapi.(*Server).getLicense-fm (3 handlers)
[GIN-debug] POST   /admin/v1/license         --> git.hyhy.fun/rsplab/iolink/internal/adminapi.(*Server).importLicense-fm (3 handlers)
[GIN-debug] GET    /admin/v1/tenants         --> git.hyhy.fun/rsplab/iolink/internal/adminapi.(*Server).listTenants-fm (3 handlers)
[GIN-debug] PUT    /admin/v1/tenants/:id/status --> git.hyhy.fun/rsplab/iolink/internal/adminapi.(*Server).setTenantStatus-fm (3 handlers)
[GIN-debug] GET    /admin/v1/tenants/:id/members --> git.hyhy.fun/rsplab/iolink/internal/adminapi.(*Server).listTenantMembers-fm (3 handlers)
[GIN-debug] PUT    /admin/v1/tenants/:id/members/:user_id --> git.hyhy.fun/rsplab/iolink/internal/adminapi.(*Server).setTenantMember-fm (3 handlers)
[GIN-debug] POST   /admin/v1/password        --> git.hyhy.fun/rsplab/iolink/internal/adminapi.(*Server).changePassword-fm (3 handlers)
[GIN-debug] GET    /admin/v1/farms           --> git.hyhy.fun/rsplab/iolink/internal/adminapi.(*Server).listFarms-fm (4 handlers)
[GIN-debug] POST   /admin/v1/farms           --> git.hyhy.fun/rsplab/iolink/internal/adminapi.(*Server).createFarm-fm (4 handlers)
[GIN-debug] GET    /admin/v1/users           --> git.hyhy.fun/rsplab/iolink/internal/adminapi.(*Server).listUsers-fm (4 handlers)
[GIN-debug] PUT    /admin/v1/farms/:id       --> git.hyhy.fun/rsplab/iolink/internal/adminapi.(*Server).updateFarm-fm (4 handlers)
[GIN-debug] DELETE /admin/v1/farms/:id       --> git.hyhy.fun/rsplab/iolink/internal/adminapi.(*Server).deleteFarm-fm (4 handlers)
[GIN-debug] PUT    /admin/v1/farms/:id/owner --> git.hyhy.fun/rsplab/iolink/internal/adminapi.(*Server).setFarmOwner-fm (4 handlers)
[GIN-debug] GET    /admin/v1/farms/:id/members --> git.hyhy.fun/rsplab/iolink/internal/adminapi.(*Server).listFarmMembers-fm (4 handlers)
[GIN-debug] PUT    /admin/v1/farms/:id/members/:user_id --> git.hyhy.fun/rsplab/iolink/internal/adminapi.(*Server).setFarmMember-fm (4 handlers)
[GIN-debug] GET    /admin/v1/ponds           --> git.hyhy.fun/rsplab/iolink/internal/adminapi.(*Server).listPonds-fm (4 handlers)
[GIN-debug] POST   /admin/v1/ponds           --> git.hyhy.fun/rsplab/iolink/internal/adminapi.(*Server).createPond-fm (4 handlers)
[GIN-debug] PUT    /admin/v1/ponds/:id       --> git.hyhy.fun/rsplab/iolink/internal/adminapi.(*Server).updatePond-fm (4 handlers)
[GIN-debug] DELETE /admin/v1/ponds/:id       --> git.hyhy.fun/rsplab/iolink/internal/adminapi.(*Server).deletePond-fm (4 handlers)
[GIN-debug] GET    /admin/v1/devices         --> git.hyhy.fun/rsplab/iolink/internal/adminapi.(*Server).listDevices-fm (4 handlers)
[GIN-debug] POST   /admin/v1/devices         --> git.hyhy.fun/rsplab/iolink/internal/adminapi.(*Server).registerDevice-fm (4 handlers)
[GIN-debug] GET    /admin/v1/devices/:device_no --> git.hyhy.fun/rsplab/iolink/internal/adminapi.(*Server).getDevice-fm (4 handlers)
[GIN-debug] DELETE /admin/v1/devices/:device_no --> git.hyhy.fun/rsplab/iolink/internal/adminapi.(*Server).deleteDevice-fm (4 handlers)
[GIN-debug] POST   /admin/v1/devices/:device_no/restore --> git.hyhy.fun/rsplab/iolink/internal/adminapi.(*Server).restoreDevice-fm (4 handlers)
[GIN-debug] PUT    /admin/v1/devices/:device_no/pond --> git.hyhy.fun/rsplab/iolink/internal/adminapi.(*Server).moveDevice-fm (4 handlers)
[GIN-debug] GET    /admin/v1/alarm-rules     --> git.hyhy.fun/rsplab/iolink/internal/adminapi.(*Server).listRules-fm (4 handlers)
[GIN-debug] POST   /admin/v1/alarm-rules     --> git.hyhy.fun/rsplab/iolink/internal/adminapi.(*Server).createRule-fm (4 handlers)
[GIN-debug] PUT    /admin/v1/alarm-rules/:id --> git.hyhy.fun/rsplab/iolink/internal/adminapi.(*Server).updateRule-fm (4 handlers)
[GIN-debug] DELETE /admin/v1/alarm-rules/:id --> git.hyhy.fun/rsplab/iolink/internal/adminapi.(*Server).deleteRule-fm (4 handlers)
[GIN-debug] GET    /admin/v1/alarms          --> git.hyhy.fun/rsplab/iolink/internal/adminapi.(*Server).listAlarms-fm (4 handlers)
[GIN-debug] POST   /admin/v1/alarms/:id/confirm --> git.hyhy.fun/rsplab/iolink/internal/adminapi.(*Server).confirmAlarm-fm (4 handlers)
[GIN-debug] POST   /admin/v1/alarms/batch-confirm --> git.hyhy.fun/rsplab/iolink/internal/adminapi.(*Server).batchConfirm-fm (4 handlers)
[GIN-debug] GET    /admin/v1/stats           --> git.hyhy.fun/rsplab/iolink/internal/adminapi.(*Server).stats-fm (4 handlers)
[GIN-debug] GET    /admin/v1/products        --> git.hyhy.fun/rsplab/iolink/internal/adminapi.(*Server).listProducts-fm (4 handlers)
[GIN-debug] POST   /admin/v1/products        --> git.hyhy.fun/rsplab/iolink/internal/adminapi.(*Server).createProduct-fm (4 handlers)
[GIN-debug] GET    /admin/v1/products/:product_id/models --> git.hyhy.fun/rsplab/iolink/internal/adminapi.(*Server).listProductModels-fm (4 handlers)
[GIN-debug] POST   /admin/v1/products/:product_id/models --> git.hyhy.fun/rsplab/iolink/internal/adminapi.(*Server).createProductModel-fm (4 handlers)
[GIN-debug] POST   /admin/v1/products/:product_id/models/:version/publish --> git.hyhy.fun/rsplab/iolink/internal/adminapi.(*Server).publishProductModel-fm (4 handlers)
[GIN-debug] GET    /admin/v1/devices/:device_no/product --> git.hyhy.fun/rsplab/iolink/internal/adminapi.(*Server).getDeviceProduct-fm (4 handlers)
[GIN-debug] PUT    /admin/v1/devices/:device_no/product --> git.hyhy.fun/rsplab/iolink/internal/adminapi.(*Server).assignDeviceProduct-fm (4 handlers)
2026/10/05 04:46:45 INFO http request request_id=4UX2JL36HY22LTVO7RGG55SIRU route=/admin/v1/login method=POST status=200 duration_ms=154 tenant_id=0 actor_id=0
    platform_owner_test.go:57: POST /admin/v1/login status=200 expected=200
2026/10/05 04:46:45 WARN http request request_id=FWJJ75GOK3CNXKUTZASAPGL6LS route=/admin/v1/farms method=GET status=403 duration_ms=1 tenant_id=0 actor_id=0
    platform_owner_test.go:58: GET /admin/v1/farms status=403 expected=403
    platform_owner_test.go:66: migration platform memberships=0 reconciliation=1 legacy farm/owner preserved=1
2026/10/05 04:46:45 INFO http request request_id=VTGOFWWVLJFSDRU5DO73A4XOTD route=/admin/v1/login method=POST status=200 duration_ms=138 tenant_id=0 actor_id=0
    platform_owner_test.go:67: POST /admin/v1/login status=200 expected=200
2026/10/05 04:46:45 INFO http request request_id=UXLMUQLP2MCJM6VECI5BFFFWYS route=/admin/v1/farms method=GET status=200 duration_ms=1 tenant_id=1 actor_id=9202
    platform_owner_test.go:69: GET /admin/v1/farms status=200 expected=200
2026/10/05 04:46:45 INFO http request request_id=53JUQJ6OT7VTFXNL2WEONFVNST route=/admin/v1/login method=POST status=200 duration_ms=134 tenant_id=0 actor_id=0
    platform_owner_test.go:92: POST /admin/v1/login status=200 expected=200
2026/10/05 04:46:45 INFO http request request_id=DFPCWCG6M4U3XXMKHOEMMH4MZT route=/admin/v1/farms method=GET status=200 duration_ms=1 tenant_id=1 actor_id=9201
    platform_owner_test.go:93: GET /admin/v1/farms status=200 expected=200
2026/10/05 04:46:45 WARN http request request_id=Y4BXICIKPTRQQV37SA5AOGBXG3 route=/admin/v1/farms method=GET status=401 duration_ms=0 tenant_id=0 actor_id=0
    platform_owner_test.go:100: GET /admin/v1/farms status=401 expected=401
2026/10/05 04:46:45 INFO http request request_id=CJJMBD3QAKXJGWCJ7TFOC33SZC route=/admin/v1/login method=POST status=200 duration_ms=142 tenant_id=0 actor_id=0
    platform_owner_test.go:101: POST /admin/v1/login status=200 expected=200
2026/10/05 04:46:45 WARN http request request_id=G2O7G5TNIZ3MMUVNYTN67VXTAN route=/admin/v1/farms method=GET status=403 duration_ms=1 tenant_id=0 actor_id=0
    platform_owner_test.go:102: GET /admin/v1/farms status=403 expected=403
2026/10/05 04:46:46 INFO http request request_id=2ITBPHH46CDEBIST2IXE4JMZMO route=/admin/v1/login method=POST status=200 duration_ms=133 tenant_id=0 actor_id=0
    platform_owner_test.go:106: POST /admin/v1/login status=200 expected=200
2026/10/05 04:46:46 WARN http request request_id=PVP5TAROHNNU4L36LM3GBDIEJ4 route=/admin/v1/farms method=GET status=401 duration_ms=0 tenant_id=0 actor_id=0
    platform_owner_test.go:110: GET /admin/v1/farms status=401 expected=401
--- PASS: TestM6bLegacyPlatformOwnerBusinessBoundary (1.74s)
=== RUN   TestLegacyAdoptionAndPreservation
--- PASS: TestLegacyAdoptionAndPreservation (0.58s)
=== RUN   TestFreshUpAndBootstrap
--- PASS: TestFreshUpAndBootstrap (1.12s)
=== RUN   TestRejectHistoryGapAndNewerVersion
=== RUN   TestRejectHistoryGapAndNewerVersion/DELETE_FROM_schema_migrations_WHERE_version=1
=== RUN   TestRejectHistoryGapAndNewerVersion/INSERT_INTO_schema_migrations(version,name,checksum)_VALUES(99,'future','future')
--- PASS: TestRejectHistoryGapAndNewerVersion (0.89s)
    --- PASS: TestRejectHistoryGapAndNewerVersion/DELETE_FROM_schema_migrations_WHERE_version=1 (0.44s)
    --- PASS: TestRejectHistoryGapAndNewerVersion/INSERT_INTO_schema_migrations(version,name,checksum)_VALUES(99,'future','future') (0.45s)
=== RUN   TestPersistenceFoundationDeclaresFailClosedIdempotency
--- PASS: TestPersistenceFoundationDeclaresFailClosedIdempotency (0.00s)
=== RUN   TestRejectLegacyDrift
--- PASS: TestRejectLegacyDrift (0.56s)
=== RUN   TestEmbeddedMigrations
--- PASS: TestEmbeddedMigrations (0.00s)
PASS
ok  	git.hyhy.fun/rsplab/iolink/internal/migrate	7.884s
