Independent reviewer verification for candidate 03354381b5954087d82d0d3f807cad9993b94b8d
IOLINK_TEST_PG_DSN=isolated localhost:55439 (credentials redacted)
GOFLAGS=-buildvcs=false
go test -race -shuffle=on -count=1 -v ./internal/core ./internal/migrate ./internal/appapi ./internal/adminapi -run Test(M6b|AppResource|AppTelemetry|AppAlarm|TelemetrySubmission|TelemetryHTTP|LegacyTenant|Platform|ProductionMux|Reviewer)
-test.shuffle 1791107740901349159
=== RUN   TestAppAlarmBatchConfirmAllowsTenantManagerWithoutFarmAssignment
=== RUN   TestAppAlarmBatchConfirmAllowsTenantManagerWithoutFarmAssignment/owner
    app_resource_scope_test.go:146: environment real_timescaledb=2.30.0
    app_resource_scope_test.go:174: scenario=batch_confirm_manager_owner confirmed=2 error=<nil> before={"alarms": [{"id": 1, "level": "warning", "metric": "temperature", "message": "temperature 高于阈值 20", "pond_id": 9401, "device_no": "v2-permission", "threshold": 20, "created_at": "2026-10-04T09:54:41.451663+00:00", "product_id": 1, "confirmed_at": null, "current_value": 25}, {"id": 2, "level": "warning", "metric": "temperature", "message": "temperature 高于阈值 20", "pond_id": 9403, "device_no": "v2-hidden", "threshold": 20, "created_at": "2026-10-04T09:54:41.4633+00:00", "product_id": 1, "confirmed_at": null, "current_value": 25}], "outbox": [{"id": 1, "status": "pending", "next_at": "2026-10-04T09:55:41.451721+00:00", "alarm_id": 1, "attempts": 0, "created_at": "2026-10-04T09:55:41.451721+00:00", "last_error": null, "updated_at": "2026-10-04T09:55:41.451721+00:00", "lease_owner": null, "leased_until": null, "recipient_open_id": null}, {"id": 2, "status": "pending", "next_at": "2026-10-04T09:55:41.463338+00:00", "alarm_id": 2, "attempts": 0, "created_at": "2026-10-04T09:55:41.463338+00:00", "last_error": null, "updated_at": "2026-10-04T09:55:41.463338+00:00", "lease_owner": null, "leased_until": null, "recipient_open_id": null}], "shadows": [{"ts": "2026-10-04T09:54:41.4633+00:00", "last": {"temperature": 25}, "signal": null, "pond_id": 9403, "device_no": "v2-hidden", "tenant_id": 9401, "product_id": 1, "timestamps": {"temperature": "2026-10-04T09:54:41.463300253Z"}, "model_version": 1}, {"ts": "2026-10-04T09:54:41.451663+00:00", "last": {"temperature": 25}, "signal": null, "pond_id": 9401, "device_no": "v2-permission", "tenant_id": 9401, "product_id": 1, "timestamps": {"temperature": "2026-10-04T09:54:41.451663144Z"}, "model_version": 1}], "telemetry": [{"ts": "2026-10-04T09:54:41.451663+00:00", "pond_id": 9401, "device_no": "v2-permission", "tenant_id": 9401, "product_id": 1, "properties": {"temperature": 25}, "model_version": 1}, {"ts": "2026-10-04T09:54:41.4633+00:00", "pond_id": 9403, "device_no": "v2-hidden", "tenant_id": 9401, "product_id": 1, "properties": {"temperature": 25}, "model_version": 1}], "sensor_data": [{"ph": null, "ts": "2026-10-04T09:54:41.451663+00:00", "signal": null, "battery": null, "pond_id": 9401, "salinity": null, "device_no": "v2-permission", "tenant_id": 9401, "turbidity": null, "temperature": 25, "dissolved_oxygen": null}, {"ph": null, "ts": "2026-10-04T09:54:41.4633+00:00", "signal": null, "battery": null, "pond_id": 9403, "salinity": null, "device_no": "v2-hidden", "tenant_id": 9401, "turbidity": null, "temperature": 25, "dissolved_oxygen": null}]} after={"alarms": [{"id": 1, "level": "warning", "metric": "temperature", "message": "temperature 高于阈值 20", "pond_id": 9401, "device_no": "v2-permission", "threshold": 20, "created_at": "2026-10-04T09:54:41.451663+00:00", "product_id": 1, "confirmed_at": "2026-10-04T09:55:41.473447+00:00", "current_value": 25}, {"id": 2, "level": "warning", "metric": "temperature", "message": "temperature 高于阈值 20", "pond_id": 9403, "device_no": "v2-hidden", "threshold": 20, "created_at": "2026-10-04T09:54:41.4633+00:00", "product_id": 1, "confirmed_at": "2026-10-04T09:55:41.473447+00:00", "current_value": 25}], "outbox": [{"id": 1, "status": "pending", "next_at": "2026-10-04T09:55:41.451721+00:00", "alarm_id": 1, "attempts": 0, "created_at": "2026-10-04T09:55:41.451721+00:00", "last_error": null, "updated_at": "2026-10-04T09:55:41.451721+00:00", "lease_owner": null, "leased_until": null, "recipient_open_id": null}, {"id": 2, "status": "pending", "next_at": "2026-10-04T09:55:41.463338+00:00", "alarm_id": 2, "attempts": 0, "created_at": "2026-10-04T09:55:41.463338+00:00", "last_error": null, "updated_at": "2026-10-04T09:55:41.463338+00:00", "lease_owner": null, "leased_until": null, "recipient_open_id": null}], "shadows": [{"ts": "2026-10-04T09:54:41.4633+00:00", "last": {"temperature": 25}, "signal": null, "pond_id": 9403, "device_no": "v2-hidden", "tenant_id": 9401, "product_id": 1, "timestamps": {"temperature": "2026-10-04T09:54:41.463300253Z"}, "model_version": 1}, {"ts": "2026-10-04T09:54:41.451663+00:00", "last": {"temperature": 25}, "signal": null, "pond_id": 9401, "device_no": "v2-permission", "tenant_id": 9401, "product_id": 1, "timestamps": {"temperature": "2026-10-04T09:54:41.451663144Z"}, "model_version": 1}], "telemetry": [{"ts": "2026-10-04T09:54:41.451663+00:00", "pond_id": 9401, "device_no": "v2-permission", "tenant_id": 9401, "product_id": 1, "properties": {"temperature": 25}, "model_version": 1}, {"ts": "2026-10-04T09:54:41.4633+00:00", "pond_id": 9403, "device_no": "v2-hidden", "tenant_id": 9401, "product_id": 1, "properties": {"temperature": 25}, "model_version": 1}], "sensor_data": [{"ph": null, "ts": "2026-10-04T09:54:41.451663+00:00", "signal": null, "battery": null, "pond_id": 9401, "salinity": null, "device_no": "v2-permission", "tenant_id": 9401, "turbidity": null, "temperature": 25, "dissolved_oxygen": null}, {"ph": null, "ts": "2026-10-04T09:54:41.4633+00:00", "signal": null, "battery": null, "pond_id": 9403, "salinity": null, "device_no": "v2-hidden", "tenant_id": 9401, "turbidity": null, "temperature": 25, "dissolved_oxygen": null}]}
=== RUN   TestAppAlarmBatchConfirmAllowsTenantManagerWithoutFarmAssignment/admin
    app_resource_scope_test.go:146: environment real_timescaledb=2.30.0
    app_resource_scope_test.go:174: scenario=batch_confirm_manager_admin confirmed=2 error=<nil> before={"alarms": [{"id": 1, "level": "warning", "metric": "temperature", "message": "temperature 高于阈值 20", "pond_id": 9401, "device_no": "v2-permission", "threshold": 20, "created_at": "2026-10-04T09:54:42.199438+00:00", "product_id": 1, "confirmed_at": null, "current_value": 25}, {"id": 2, "level": "warning", "metric": "temperature", "message": "temperature 高于阈值 20", "pond_id": 9403, "device_no": "v2-hidden", "threshold": 20, "created_at": "2026-10-04T09:54:42.20995+00:00", "product_id": 1, "confirmed_at": null, "current_value": 25}], "outbox": [{"id": 1, "status": "pending", "next_at": "2026-10-04T09:55:42.19948+00:00", "alarm_id": 1, "attempts": 0, "created_at": "2026-10-04T09:55:42.19948+00:00", "last_error": null, "updated_at": "2026-10-04T09:55:42.19948+00:00", "lease_owner": null, "leased_until": null, "recipient_open_id": null}, {"id": 2, "status": "pending", "next_at": "2026-10-04T09:55:42.209995+00:00", "alarm_id": 2, "attempts": 0, "created_at": "2026-10-04T09:55:42.209995+00:00", "last_error": null, "updated_at": "2026-10-04T09:55:42.209995+00:00", "lease_owner": null, "leased_until": null, "recipient_open_id": null}], "shadows": [{"ts": "2026-10-04T09:54:42.20995+00:00", "last": {"temperature": 25}, "signal": null, "pond_id": 9403, "device_no": "v2-hidden", "tenant_id": 9401, "product_id": 1, "timestamps": {"temperature": "2026-10-04T09:54:42.209950738Z"}, "model_version": 1}, {"ts": "2026-10-04T09:54:42.199438+00:00", "last": {"temperature": 25}, "signal": null, "pond_id": 9401, "device_no": "v2-permission", "tenant_id": 9401, "product_id": 1, "timestamps": {"temperature": "2026-10-04T09:54:42.19943893Z"}, "model_version": 1}], "telemetry": [{"ts": "2026-10-04T09:54:42.199438+00:00", "pond_id": 9401, "device_no": "v2-permission", "tenant_id": 9401, "product_id": 1, "properties": {"temperature": 25}, "model_version": 1}, {"ts": "2026-10-04T09:54:42.20995+00:00", "pond_id": 9403, "device_no": "v2-hidden", "tenant_id": 9401, "product_id": 1, "properties": {"temperature": 25}, "model_version": 1}], "sensor_data": [{"ph": null, "ts": "2026-10-04T09:54:42.199438+00:00", "signal": null, "battery": null, "pond_id": 9401, "salinity": null, "device_no": "v2-permission", "tenant_id": 9401, "turbidity": null, "temperature": 25, "dissolved_oxygen": null}, {"ph": null, "ts": "2026-10-04T09:54:42.20995+00:00", "signal": null, "battery": null, "pond_id": 9403, "salinity": null, "device_no": "v2-hidden", "tenant_id": 9401, "turbidity": null, "temperature": 25, "dissolved_oxygen": null}]} after={"alarms": [{"id": 1, "level": "warning", "metric": "temperature", "message": "temperature 高于阈值 20", "pond_id": 9401, "device_no": "v2-permission", "threshold": 20, "created_at": "2026-10-04T09:54:42.199438+00:00", "product_id": 1, "confirmed_at": "2026-10-04T09:55:42.21889+00:00", "current_value": 25}, {"id": 2, "level": "warning", "metric": "temperature", "message": "temperature 高于阈值 20", "pond_id": 9403, "device_no": "v2-hidden", "threshold": 20, "created_at": "2026-10-04T09:54:42.20995+00:00", "product_id": 1, "confirmed_at": "2026-10-04T09:55:42.21889+00:00", "current_value": 25}], "outbox": [{"id": 1, "status": "pending", "next_at": "2026-10-04T09:55:42.19948+00:00", "alarm_id": 1, "attempts": 0, "created_at": "2026-10-04T09:55:42.19948+00:00", "last_error": null, "updated_at": "2026-10-04T09:55:42.19948+00:00", "lease_owner": null, "leased_until": null, "recipient_open_id": null}, {"id": 2, "status": "pending", "next_at": "2026-10-04T09:55:42.209995+00:00", "alarm_id": 2, "attempts": 0, "created_at": "2026-10-04T09:55:42.209995+00:00", "last_error": null, "updated_at": "2026-10-04T09:55:42.209995+00:00", "lease_owner": null, "leased_until": null, "recipient_open_id": null}], "shadows": [{"ts": "2026-10-04T09:54:42.20995+00:00", "last": {"temperature": 25}, "signal": null, "pond_id": 9403, "device_no": "v2-hidden", "tenant_id": 9401, "product_id": 1, "timestamps": {"temperature": "2026-10-04T09:54:42.209950738Z"}, "model_version": 1}, {"ts": "2026-10-04T09:54:42.199438+00:00", "last": {"temperature": 25}, "signal": null, "pond_id": 9401, "device_no": "v2-permission", "tenant_id": 9401, "product_id": 1, "timestamps": {"temperature": "2026-10-04T09:54:42.19943893Z"}, "model_version": 1}], "telemetry": [{"ts": "2026-10-04T09:54:42.199438+00:00", "pond_id": 9401, "device_no": "v2-permission", "tenant_id": 9401, "product_id": 1, "properties": {"temperature": 25}, "model_version": 1}, {"ts": "2026-10-04T09:54:42.20995+00:00", "pond_id": 9403, "device_no": "v2-hidden", "tenant_id": 9401, "product_id": 1, "properties": {"temperature": 25}, "model_version": 1}], "sensor_data": [{"ph": null, "ts": "2026-10-04T09:54:42.199438+00:00", "signal": null, "battery": null, "pond_id": 9401, "salinity": null, "device_no": "v2-permission", "tenant_id": 9401, "turbidity": null, "temperature": 25, "dissolved_oxygen": null}, {"ph": null, "ts": "2026-10-04T09:54:42.20995+00:00", "signal": null, "battery": null, "pond_id": 9403, "salinity": null, "device_no": "v2-hidden", "tenant_id": 9401, "turbidity": null, "temperature": 25, "dissolved_oxygen": null}]}
--- PASS: TestAppAlarmBatchConfirmAllowsTenantManagerWithoutFarmAssignment (1.42s)
    --- PASS: TestAppAlarmBatchConfirmAllowsTenantManagerWithoutFarmAssignment/owner (0.87s)
    --- PASS: TestAppAlarmBatchConfirmAllowsTenantManagerWithoutFarmAssignment/admin (0.55s)
=== RUN   TestAppTelemetryWriteDeniedWhenTokenRevoked
    telemetry_permission_http_test.go:77: environment real_timescaledb=2.30.0
[GIN-debug] [WARNING] Running in "debug" mode. Switch to "release" mode in production.
 - using env:	export GIN_MODE=release
 - using code:	gin.SetMode(gin.ReleaseMode)

[GIN-debug] POST   /api/v1/auth/login        --> git.hyhy.fun/rsplab/iolink/internal/appapi.(*Server).login-fm (2 handlers)
[GIN-debug] GET    /api/v1/auth/tenants      --> git.hyhy.fun/rsplab/iolink/internal/appapi.(*Server).listTenants-fm (3 handlers)
[GIN-debug] POST   /api/v1/auth/tenant       --> git.hyhy.fun/rsplab/iolink/internal/appapi.(*Server).switchTenant-fm (3 handlers)
[GIN-debug] GET    /api/v1/ponds             --> git.hyhy.fun/rsplab/iolink/internal/appapi.(*Server).listPonds-fm (3 handlers)
[GIN-debug] GET    /api/v1/ponds/:id         --> git.hyhy.fun/rsplab/iolink/internal/appapi.(*Server).getPond-fm (3 handlers)
[GIN-debug] GET    /api/v1/devices           --> git.hyhy.fun/rsplab/iolink/internal/appapi.(*Server).listDevices-fm (3 handlers)
[GIN-debug] GET    /api/v1/devices/:device_no --> git.hyhy.fun/rsplab/iolink/internal/appapi.(*Server).getDevice-fm (3 handlers)
[GIN-debug] GET    /api/v1/water/latest      --> git.hyhy.fun/rsplab/iolink/internal/appapi.(*Server).waterLatest-fm (3 handlers)
[GIN-debug] GET    /api/v1/water/history     --> git.hyhy.fun/rsplab/iolink/internal/appapi.(*Server).waterHistory-fm (3 handlers)
[GIN-debug] GET    /api/v1/alarms            --> git.hyhy.fun/rsplab/iolink/internal/appapi.(*Server).listAlarms-fm (3 handlers)
[GIN-debug] GET    /api/v1/stats/summary     --> git.hyhy.fun/rsplab/iolink/internal/appapi.(*Server).statsSummary-fm (3 handlers)
[GIN-debug] POST   /api/v1/alarms/:id/confirm --> git.hyhy.fun/rsplab/iolink/internal/appapi.(*Server).confirmAlarm-fm (3 handlers)
[GIN-debug] POST   /api/v2/devices/:device_no/telemetry --> git.hyhy.fun/rsplab/iolink/internal/appapi.(*Server).submitTelemetryV2-fm (3 handlers)
[GIN-debug] GET    /api/v2/devices/:device_no/model/latest --> git.hyhy.fun/rsplab/iolink/internal/appapi.(*Server).modelLatestV2-fm (3 handlers)
[GIN-debug] GET    /api/v2/devices/:device_no/history --> git.hyhy.fun/rsplab/iolink/internal/appapi.(*Server).telemetryHistoryV2-fm (3 handlers)
    telemetry_permission_http_test.go:93: scenario=app_revoked post_status=401 response={"error":"tenant membership revoked"} before={"alarms": [], "outbox": [], "shadows": [], "telemetry": [], "sensor_data": []} after={"alarms": [], "outbox": [], "shadows": [], "telemetry": [], "sensor_data": []}
--- PASS: TestAppTelemetryWriteDeniedWhenTokenRevoked (1.42s)
=== RUN   TestAppResourceHTTPWhenRoleDeterminesFarmScope
=== RUN   TestAppResourceHTTPWhenRoleDeterminesFarmScope/owner
    app_resource_scope_http_test.go:72: environment real_timescaledb=2.30.0
[GIN-debug] [WARNING] Running in "debug" mode. Switch to "release" mode in production.
 - using env:	export GIN_MODE=release
 - using code:	gin.SetMode(gin.ReleaseMode)

[GIN-debug] POST   /api/v1/auth/login        --> git.hyhy.fun/rsplab/iolink/internal/appapi.(*Server).login-fm (2 handlers)
[GIN-debug] GET    /api/v1/auth/tenants      --> git.hyhy.fun/rsplab/iolink/internal/appapi.(*Server).listTenants-fm (3 handlers)
[GIN-debug] POST   /api/v1/auth/tenant       --> git.hyhy.fun/rsplab/iolink/internal/appapi.(*Server).switchTenant-fm (3 handlers)
[GIN-debug] GET    /api/v1/ponds             --> git.hyhy.fun/rsplab/iolink/internal/appapi.(*Server).listPonds-fm (3 handlers)
[GIN-debug] GET    /api/v1/ponds/:id         --> git.hyhy.fun/rsplab/iolink/internal/appapi.(*Server).getPond-fm (3 handlers)
[GIN-debug] GET    /api/v1/devices           --> git.hyhy.fun/rsplab/iolink/internal/appapi.(*Server).listDevices-fm (3 handlers)
[GIN-debug] GET    /api/v1/devices/:device_no --> git.hyhy.fun/rsplab/iolink/internal/appapi.(*Server).getDevice-fm (3 handlers)
[GIN-debug] GET    /api/v1/water/latest      --> git.hyhy.fun/rsplab/iolink/internal/appapi.(*Server).waterLatest-fm (3 handlers)
[GIN-debug] GET    /api/v1/water/history     --> git.hyhy.fun/rsplab/iolink/internal/appapi.(*Server).waterHistory-fm (3 handlers)
[GIN-debug] GET    /api/v1/alarms            --> git.hyhy.fun/rsplab/iolink/internal/appapi.(*Server).listAlarms-fm (3 handlers)
[GIN-debug] GET    /api/v1/stats/summary     --> git.hyhy.fun/rsplab/iolink/internal/appapi.(*Server).statsSummary-fm (3 handlers)
[GIN-debug] POST   /api/v1/alarms/:id/confirm --> git.hyhy.fun/rsplab/iolink/internal/appapi.(*Server).confirmAlarm-fm (3 handlers)
[GIN-debug] POST   /api/v2/devices/:device_no/telemetry --> git.hyhy.fun/rsplab/iolink/internal/appapi.(*Server).submitTelemetryV2-fm (3 handlers)
[GIN-debug] GET    /api/v2/devices/:device_no/model/latest --> git.hyhy.fun/rsplab/iolink/internal/appapi.(*Server).modelLatestV2-fm (3 handlers)
[GIN-debug] GET    /api/v2/devices/:device_no/history --> git.hyhy.fun/rsplab/iolink/internal/appapi.(*Server).telemetryHistoryV2-fm (3 handlers)
=== RUN   TestAppResourceHTTPWhenRoleDeterminesFarmScope/owner//api/v1/ponds
    app_resource_scope_http_test.go:89: http method=GET path=/api/v1/ponds status=200 response=[{"device_count":1,"latest":{"device_no":"v2-permission","dissolved_oxygen":null,"ph":null,"pond_id":9401,"report_interval":60,"salinity":null,"signal":null,"temperature":25,"timestamps":{"dissolved_oxygen":null,"ph":null,"salinity":null,"signal":null,"temperature":"2026-10-04T09:54:44.241528438Z","turbidity":null},"ts":"2026-10-04T17:54:44.241528+08:00","turbidity":null},"pond_id":9401,"pond_name":"v2-pond","status":"warning"},{"device_count":1,"latest":{"device_no":"v2-hidden","dissolved_oxygen":null,"ph":null,"pond_id":9403,"report_interval":60,"salinity":null,"signal":null,"temperature":25,"timestamps":{"dissolved_oxygen":null,"ph":null,"salinity":null,"signal":null,"temperature":"2026-10-04T09:54:44.251121754Z","turbidity":null},"ts":"2026-10-04T17:54:44.251121+08:00","turbidity":null},"pond_id":9403,"pond_name":"hidden","status":"warning"}]
=== RUN   TestAppResourceHTTPWhenRoleDeterminesFarmScope/owner//api/v1/devices
    app_resource_scope_http_test.go:89: http method=GET path=/api/v1/devices status=200 response=[{"created_at":"2026-10-04T17:55:44.23282+08:00","device_no":"v2-permission","disabled_at":null,"id":1,"last_seen_at":null,"model":"","name":"","pond_id":9401,"report_interval":60,"status":"offline"},{"created_at":"2026-10-04T17:55:44.23282+08:00","device_no":"v2-hidden","disabled_at":null,"id":3,"last_seen_at":null,"model":"","name":"","pond_id":9403,"report_interval":60,"status":"offline"}]
=== RUN   TestAppResourceHTTPWhenRoleDeterminesFarmScope/owner//api/v1/alarms
    app_resource_scope_http_test.go:89: http method=GET path=/api/v1/alarms status=200 response=[{"confirmed_at":null,"created_at":"2026-10-04T17:54:44.251121+08:00","current_value":25,"device_no":"v2-hidden","id":2,"level":"warning","message":"temperature 高于阈值 20","metric":"temperature","pond_id":9403,"threshold":20},{"confirmed_at":null,"created_at":"2026-10-04T17:54:44.241528+08:00","current_value":25,"device_no":"v2-permission","id":1,"level":"warning","message":"temperature 高于阈值 20","metric":"temperature","pond_id":9401,"threshold":20}]
=== RUN   TestAppResourceHTTPWhenRoleDeterminesFarmScope/owner/stats
    app_resource_scope_http_test.go:98: http method=GET path=/api/v1/stats/summary status=200 response={"alarm_devices":2,"offline_devices":2,"online_devices":0,"ponds":[{"pond_id":9401,"pond_name":"v2-pond","status":"warning"},{"pond_id":9403,"pond_name":"hidden","status":"warning"}]}
=== RUN   TestAppResourceHTTPWhenRoleDeterminesFarmScope/owner//api/v1/ponds/9401
    app_resource_scope_http_test.go:127: http method=GET path=/api/v1/ponds/9401 status=200 response={"device_count":1,"latest":{"device_no":"v2-permission","dissolved_oxygen":null,"ph":null,"pond_id":9401,"report_interval":60,"salinity":null,"signal":null,"temperature":25,"timestamps":{"dissolved_oxygen":null,"ph":null,"salinity":null,"signal":null,"temperature":"2026-10-04T09:54:44.241528438Z","turbidity":null},"ts":"2026-10-04T17:54:44.241528+08:00","turbidity":null},"pond_id":9401,"pond_name":"v2-pond","status":"warning"}
=== RUN   TestAppResourceHTTPWhenRoleDeterminesFarmScope/owner//api/v1/devices?pond_id=9401
    app_resource_scope_http_test.go:127: http method=GET path=/api/v1/devices?pond_id=9401 status=200 response=[{"created_at":"2026-10-04T17:55:44.23282+08:00","device_no":"v2-permission","disabled_at":null,"id":1,"last_seen_at":null,"model":"","name":"","pond_id":9401,"report_interval":60,"status":"offline"}]
=== RUN   TestAppResourceHTTPWhenRoleDeterminesFarmScope/owner//api/v1/devices/v2-permission
    app_resource_scope_http_test.go:127: http method=GET path=/api/v1/devices/v2-permission status=200 response={"created_at":"2026-10-04T17:55:44.23282+08:00","device_no":"v2-permission","disabled_at":null,"id":1,"last_seen_at":null,"latest":{"device_no":"v2-permission","dissolved_oxygen":null,"ph":null,"pond_id":9401,"report_interval":60,"salinity":null,"signal":null,"temperature":25,"timestamps":{"dissolved_oxygen":null,"ph":null,"salinity":null,"signal":null,"temperature":"2026-10-04T09:54:44.241528438Z","turbidity":null},"ts":"2026-10-04T17:54:44.241528+08:00","turbidity":null},"model":"","name":"","pond_id":9401,"report_interval":60,"status":"offline"}
=== RUN   TestAppResourceHTTPWhenRoleDeterminesFarmScope/owner//api/v1/water/latest?device_no=v2-permission
    app_resource_scope_http_test.go:127: http method=GET path=/api/v1/water/latest?device_no=v2-permission status=200 response={"device_no":"v2-permission","dissolved_oxygen":null,"ph":null,"pond_id":9401,"report_interval":60,"salinity":null,"signal":null,"temperature":25,"timestamps":{"dissolved_oxygen":null,"ph":null,"salinity":null,"signal":null,"temperature":"2026-10-04T09:54:44.241528438Z","turbidity":null},"ts":"2026-10-04T17:54:44.241528+08:00","turbidity":null}
=== RUN   TestAppResourceHTTPWhenRoleDeterminesFarmScope/owner//api/v1/water/history?device_no=v2-permission&metric=temperature&range=30d
    app_resource_scope_http_test.go:127: http method=GET path=/api/v1/water/history?device_no=v2-permission&metric=temperature&range=30d status=200 response={"metric":"temperature","points":[{"ts":"2026-10-04T14:19:44.300179+08:00","value":25}],"unit":"℃"}
=== RUN   TestAppResourceHTTPWhenRoleDeterminesFarmScope/owner//api/v2/devices/v2-permission/model/latest
    app_resource_scope_http_test.go:127: http method=GET path=/api/v2/devices/v2-permission/model/latest status=200 response={"device_no":"v2-permission","product_id":1,"model_version":1,"fields":[{"identifier":"temperature","type":"number","unit":"℃","minimum":null,"maximum":null,"enum_values":null,"readable":true,"writable":false,"nullable":true},{"identifier":"dissolved_oxygen","type":"number","unit":"mg/L","minimum":null,"maximum":null,"enum_values":null,"readable":true,"writable":false,"nullable":true},{"identifier":"ph","type":"number","unit":"","minimum":null,"maximum":null,"enum_values":null,"readable":true,"writable":false,"nullable":true},{"identifier":"turbidity","type":"number","unit":"NTU","minimum":null,"maximum":null,"enum_values":null,"readable":true,"writable":false,"nullable":true},{"identifier":"salinity","type":"number","unit":"ppt","minimum":null,"maximum":null,"enum_values":null,"readable":true,"writable":false,"nullable":true}],"ts":"2026-10-04T17:54:44.241528+08:00","properties":{"temperature":25}}
=== RUN   TestAppResourceHTTPWhenRoleDeterminesFarmScope/owner//api/v2/devices/v2-permission/history?metric=temperature
    app_resource_scope_http_test.go:127: http method=GET path=/api/v2/devices/v2-permission/history?metric=temperature status=200 response={"device_no":"v2-permission","metric":"temperature","points":[{"ts":"2026-10-04T17:54:44.241528+08:00","value":25,"model_version":1,"unit":"℃"}],"unit":"℃"}
=== RUN   TestAppResourceHTTPWhenRoleDeterminesFarmScope/owner//api/v1/ponds/9403
    app_resource_scope_http_test.go:127: http method=GET path=/api/v1/ponds/9403 status=200 response={"device_count":1,"latest":{"device_no":"v2-hidden","dissolved_oxygen":null,"ph":null,"pond_id":9403,"report_interval":60,"salinity":null,"signal":null,"temperature":25,"timestamps":{"dissolved_oxygen":null,"ph":null,"salinity":null,"signal":null,"temperature":"2026-10-04T09:54:44.251121754Z","turbidity":null},"ts":"2026-10-04T17:54:44.251121+08:00","turbidity":null},"pond_id":9403,"pond_name":"hidden","status":"warning"}
=== RUN   TestAppResourceHTTPWhenRoleDeterminesFarmScope/owner//api/v1/devices?pond_id=9403
    app_resource_scope_http_test.go:127: http method=GET path=/api/v1/devices?pond_id=9403 status=200 response=[{"created_at":"2026-10-04T17:55:44.23282+08:00","device_no":"v2-hidden","disabled_at":null,"id":3,"last_seen_at":null,"model":"","name":"","pond_id":9403,"report_interval":60,"status":"offline"}]
=== RUN   TestAppResourceHTTPWhenRoleDeterminesFarmScope/owner//api/v1/devices/v2-hidden
    app_resource_scope_http_test.go:127: http method=GET path=/api/v1/devices/v2-hidden status=200 response={"created_at":"2026-10-04T17:55:44.23282+08:00","device_no":"v2-hidden","disabled_at":null,"id":3,"last_seen_at":null,"latest":{"device_no":"v2-hidden","dissolved_oxygen":null,"ph":null,"pond_id":9403,"report_interval":60,"salinity":null,"signal":null,"temperature":25,"timestamps":{"dissolved_oxygen":null,"ph":null,"salinity":null,"signal":null,"temperature":"2026-10-04T09:54:44.251121754Z","turbidity":null},"ts":"2026-10-04T17:54:44.251121+08:00","turbidity":null},"model":"","name":"","pond_id":9403,"report_interval":60,"status":"offline"}
=== RUN   TestAppResourceHTTPWhenRoleDeterminesFarmScope/owner//api/v1/water/latest?device_no=v2-hidden
    app_resource_scope_http_test.go:127: http method=GET path=/api/v1/water/latest?device_no=v2-hidden status=200 response={"device_no":"v2-hidden","dissolved_oxygen":null,"ph":null,"pond_id":9403,"report_interval":60,"salinity":null,"signal":null,"temperature":25,"timestamps":{"dissolved_oxygen":null,"ph":null,"salinity":null,"signal":null,"temperature":"2026-10-04T09:54:44.251121754Z","turbidity":null},"ts":"2026-10-04T17:54:44.251121+08:00","turbidity":null}
=== RUN   TestAppResourceHTTPWhenRoleDeterminesFarmScope/owner//api/v1/water/history?device_no=v2-hidden&metric=temperature&range=30d
    app_resource_scope_http_test.go:127: http method=GET path=/api/v1/water/history?device_no=v2-hidden&metric=temperature&range=30d status=200 response={"metric":"temperature","points":[{"ts":"2026-10-04T14:19:44.325896+08:00","value":25}],"unit":"℃"}
=== RUN   TestAppResourceHTTPWhenRoleDeterminesFarmScope/owner//api/v2/devices/v2-hidden/model/latest
    app_resource_scope_http_test.go:127: http method=GET path=/api/v2/devices/v2-hidden/model/latest status=200 response={"device_no":"v2-hidden","product_id":1,"model_version":1,"fields":[{"identifier":"temperature","type":"number","unit":"℃","minimum":null,"maximum":null,"enum_values":null,"readable":true,"writable":false,"nullable":true},{"identifier":"dissolved_oxygen","type":"number","unit":"mg/L","minimum":null,"maximum":null,"enum_values":null,"readable":true,"writable":false,"nullable":true},{"identifier":"ph","type":"number","unit":"","minimum":null,"maximum":null,"enum_values":null,"readable":true,"writable":false,"nullable":true},{"identifier":"turbidity","type":"number","unit":"NTU","minimum":null,"maximum":null,"enum_values":null,"readable":true,"writable":false,"nullable":true},{"identifier":"salinity","type":"number","unit":"ppt","minimum":null,"maximum":null,"enum_values":null,"readable":true,"writable":false,"nullable":true}],"ts":"2026-10-04T17:54:44.251121+08:00","properties":{"temperature":25}}
=== RUN   TestAppResourceHTTPWhenRoleDeterminesFarmScope/owner//api/v2/devices/v2-hidden/history?metric=temperature
    app_resource_scope_http_test.go:127: http method=GET path=/api/v2/devices/v2-hidden/history?metric=temperature status=200 response={"device_no":"v2-hidden","metric":"temperature","points":[{"ts":"2026-10-04T17:54:44.251121+08:00","value":25,"model_version":1,"unit":"℃"}],"unit":"℃"}
=== RUN   TestAppResourceHTTPWhenRoleDeterminesFarmScope/owner//api/v1/ponds/9402
    app_resource_scope_http_test.go:127: http method=GET path=/api/v1/ponds/9402 status=404 response={"error":"pond not found"}
=== RUN   TestAppResourceHTTPWhenRoleDeterminesFarmScope/owner//api/v1/devices?pond_id=9402
    app_resource_scope_http_test.go:127: http method=GET path=/api/v1/devices?pond_id=9402 status=404 response={"error":"pond not found"}
=== RUN   TestAppResourceHTTPWhenRoleDeterminesFarmScope/owner//api/v1/devices/v2-foreign
    app_resource_scope_http_test.go:127: http method=GET path=/api/v1/devices/v2-foreign status=404 response={"error":"device not found"}
=== RUN   TestAppResourceHTTPWhenRoleDeterminesFarmScope/owner//api/v1/water/latest?device_no=v2-foreign
    app_resource_scope_http_test.go:127: http method=GET path=/api/v1/water/latest?device_no=v2-foreign status=404 response={"error":"no data"}
=== RUN   TestAppResourceHTTPWhenRoleDeterminesFarmScope/owner//api/v1/water/history?device_no=v2-foreign&metric=temperature&range=30d
    app_resource_scope_http_test.go:127: http method=GET path=/api/v1/water/history?device_no=v2-foreign&metric=temperature&range=30d status=404 response={"error":"device not found"}
=== RUN   TestAppResourceHTTPWhenRoleDeterminesFarmScope/owner//api/v2/devices/v2-foreign/model/latest
    app_resource_scope_http_test.go:127: http method=GET path=/api/v2/devices/v2-foreign/model/latest status=404 response={"error":"not_found"}
=== RUN   TestAppResourceHTTPWhenRoleDeterminesFarmScope/owner//api/v2/devices/v2-foreign/history?metric=temperature
    app_resource_scope_http_test.go:127: http method=GET path=/api/v2/devices/v2-foreign/history?metric=temperature status=404 response={"error":"not_found"}
=== NAME  TestAppResourceHTTPWhenRoleDeterminesFarmScope/owner
    app_resource_scope_http_test.go:149: http method=POST path=/api/v1/alarms/2/confirm status=204 response=
    app_resource_scope_http_test.go:158: scenario=owner_hidden_alarm_confirm before={"alarms": [{"id": 1, "level": "warning", "metric": "temperature", "message": "temperature 高于阈值 20", "pond_id": 9401, "device_no": "v2-permission", "threshold": 20, "created_at": "2026-10-04T09:54:44.241528+00:00", "product_id": 1, "confirmed_at": null, "current_value": 25}, {"id": 2, "level": "warning", "metric": "temperature", "message": "temperature 高于阈值 20", "pond_id": 9403, "device_no": "v2-hidden", "threshold": 20, "created_at": "2026-10-04T09:54:44.251121+00:00", "product_id": 1, "confirmed_at": null, "current_value": 25}], "outbox": [{"id": 1, "status": "pending", "next_at": "2026-10-04T09:55:44.241571+00:00", "alarm_id": 1, "attempts": 0, "created_at": "2026-10-04T09:55:44.241571+00:00", "last_error": null, "updated_at": "2026-10-04T09:55:44.241571+00:00", "lease_owner": null, "leased_until": null, "recipient_open_id": null}, {"id": 2, "status": "pending", "next_at": "2026-10-04T09:55:44.251158+00:00", "alarm_id": 2, "attempts": 0, "created_at": "2026-10-04T09:55:44.251158+00:00", "last_error": null, "updated_at": "2026-10-04T09:55:44.251158+00:00", "lease_owner": null, "leased_until": null, "recipient_open_id": null}], "shadows": [{"ts": "2026-10-04T09:54:44.251121+00:00", "last": {"temperature": 25}, "signal": null, "pond_id": 9403, "device_no": "v2-hidden", "tenant_id": 9401, "product_id": 1, "timestamps": {"temperature": "2026-10-04T09:54:44.251121754Z"}, "model_version": 1}, {"ts": "2026-10-04T09:54:44.241528+00:00", "last": {"temperature": 25}, "signal": null, "pond_id": 9401, "device_no": "v2-permission", "tenant_id": 9401, "product_id": 1, "timestamps": {"temperature": "2026-10-04T09:54:44.241528438Z"}, "model_version": 1}], "telemetry": [{"ts": "2026-10-04T09:54:44.241528+00:00", "pond_id": 9401, "device_no": "v2-permission", "tenant_id": 9401, "product_id": 1, "properties": {"temperature": 25}, "model_version": 1}, {"ts": "2026-10-04T09:54:44.251121+00:00", "pond_id": 9403, "device_no": "v2-hidden", "tenant_id": 9401, "product_id": 1, "properties": {"temperature": 25}, "model_version": 1}], "sensor_data": [{"ph": null, "ts": "2026-10-04T09:54:44.241528+00:00", "signal": null, "battery": null, "pond_id": 9401, "salinity": null, "device_no": "v2-permission", "tenant_id": 9401, "turbidity": null, "temperature": 25, "dissolved_oxygen": null}, {"ph": null, "ts": "2026-10-04T09:54:44.251121+00:00", "signal": null, "battery": null, "pond_id": 9403, "salinity": null, "device_no": "v2-hidden", "tenant_id": 9401, "turbidity": null, "temperature": 25, "dissolved_oxygen": null}]} after={"alarms": [{"id": 1, "level": "warning", "metric": "temperature", "message": "temperature 高于阈值 20", "pond_id": 9401, "device_no": "v2-permission", "threshold": 20, "created_at": "2026-10-04T09:54:44.241528+00:00", "product_id": 1, "confirmed_at": null, "current_value": 25}, {"id": 2, "level": "warning", "metric": "temperature", "message": "temperature 高于阈值 20", "pond_id": 9403, "device_no": "v2-hidden", "threshold": 20, "created_at": "2026-10-04T09:54:44.251121+00:00", "product_id": 1, "confirmed_at": "2026-10-04T09:55:44.351525+00:00", "current_value": 25}], "outbox": [{"id": 1, "status": "pending", "next_at": "2026-10-04T09:55:44.241571+00:00", "alarm_id": 1, "attempts": 0, "created_at": "2026-10-04T09:55:44.241571+00:00", "last_error": null, "updated_at": "2026-10-04T09:55:44.241571+00:00", "lease_owner": null, "leased_until": null, "recipient_open_id": null}, {"id": 2, "status": "pending", "next_at": "2026-10-04T09:55:44.251158+00:00", "alarm_id": 2, "attempts": 0, "created_at": "2026-10-04T09:55:44.251158+00:00", "last_error": null, "updated_at": "2026-10-04T09:55:44.251158+00:00", "lease_owner": null, "leased_until": null, "recipient_open_id": null}], "shadows": [{"ts": "2026-10-04T09:54:44.251121+00:00", "last": {"temperature": 25}, "signal": null, "pond_id": 9403, "device_no": "v2-hidden", "tenant_id": 9401, "product_id": 1, "timestamps": {"temperature": "2026-10-04T09:54:44.251121754Z"}, "model_version": 1}, {"ts": "2026-10-04T09:54:44.241528+00:00", "last": {"temperature": 25}, "signal": null, "pond_id": 9401, "device_no": "v2-permission", "tenant_id": 9401, "product_id": 1, "timestamps": {"temperature": "2026-10-04T09:54:44.241528438Z"}, "model_version": 1}], "telemetry": [{"ts": "2026-10-04T09:54:44.241528+00:00", "pond_id": 9401, "device_no": "v2-permission", "tenant_id": 9401, "product_id": 1, "properties": {"temperature": 25}, "model_version": 1}, {"ts": "2026-10-04T09:54:44.251121+00:00", "pond_id": 9403, "device_no": "v2-hidden", "tenant_id": 9401, "product_id": 1, "properties": {"temperature": 25}, "model_version": 1}], "sensor_data": [{"ph": null, "ts": "2026-10-04T09:54:44.241528+00:00", "signal": null, "battery": null, "pond_id": 9401, "salinity": null, "device_no": "v2-permission", "tenant_id": 9401, "turbidity": null, "temperature": 25, "dissolved_oxygen": null}, {"ph": null, "ts": "2026-10-04T09:54:44.251121+00:00", "signal": null, "battery": null, "pond_id": 9403, "salinity": null, "device_no": "v2-hidden", "tenant_id": 9401, "turbidity": null, "temperature": 25, "dissolved_oxygen": null}]}
=== RUN   TestAppResourceHTTPWhenRoleDeterminesFarmScope/admin
    app_resource_scope_http_test.go:72: environment real_timescaledb=2.30.0
[GIN-debug] [WARNING] Running in "debug" mode. Switch to "release" mode in production.
 - using env:	export GIN_MODE=release
 - using code:	gin.SetMode(gin.ReleaseMode)

[GIN-debug] POST   /api/v1/auth/login        --> git.hyhy.fun/rsplab/iolink/internal/appapi.(*Server).login-fm (2 handlers)
[GIN-debug] GET    /api/v1/auth/tenants      --> git.hyhy.fun/rsplab/iolink/internal/appapi.(*Server).listTenants-fm (3 handlers)
[GIN-debug] POST   /api/v1/auth/tenant       --> git.hyhy.fun/rsplab/iolink/internal/appapi.(*Server).switchTenant-fm (3 handlers)
[GIN-debug] GET    /api/v1/ponds             --> git.hyhy.fun/rsplab/iolink/internal/appapi.(*Server).listPonds-fm (3 handlers)
[GIN-debug] GET    /api/v1/ponds/:id         --> git.hyhy.fun/rsplab/iolink/internal/appapi.(*Server).getPond-fm (3 handlers)
[GIN-debug] GET    /api/v1/devices           --> git.hyhy.fun/rsplab/iolink/internal/appapi.(*Server).listDevices-fm (3 handlers)
[GIN-debug] GET    /api/v1/devices/:device_no --> git.hyhy.fun/rsplab/iolink/internal/appapi.(*Server).getDevice-fm (3 handlers)
[GIN-debug] GET    /api/v1/water/latest      --> git.hyhy.fun/rsplab/iolink/internal/appapi.(*Server).waterLatest-fm (3 handlers)
[GIN-debug] GET    /api/v1/water/history     --> git.hyhy.fun/rsplab/iolink/internal/appapi.(*Server).waterHistory-fm (3 handlers)
[GIN-debug] GET    /api/v1/alarms            --> git.hyhy.fun/rsplab/iolink/internal/appapi.(*Server).listAlarms-fm (3 handlers)
[GIN-debug] GET    /api/v1/stats/summary     --> git.hyhy.fun/rsplab/iolink/internal/appapi.(*Server).statsSummary-fm (3 handlers)
[GIN-debug] POST   /api/v1/alarms/:id/confirm --> git.hyhy.fun/rsplab/iolink/internal/appapi.(*Server).confirmAlarm-fm (3 handlers)
[GIN-debug] POST   /api/v2/devices/:device_no/telemetry --> git.hyhy.fun/rsplab/iolink/internal/appapi.(*Server).submitTelemetryV2-fm (3 handlers)
[GIN-debug] GET    /api/v2/devices/:device_no/model/latest --> git.hyhy.fun/rsplab/iolink/internal/appapi.(*Server).modelLatestV2-fm (3 handlers)
[GIN-debug] GET    /api/v2/devices/:device_no/history --> git.hyhy.fun/rsplab/iolink/internal/appapi.(*Server).telemetryHistoryV2-fm (3 handlers)
=== RUN   TestAppResourceHTTPWhenRoleDeterminesFarmScope/admin//api/v1/ponds
    app_resource_scope_http_test.go:89: http method=GET path=/api/v1/ponds status=200 response=[{"device_count":1,"latest":{"device_no":"v2-permission","dissolved_oxygen":null,"ph":null,"pond_id":9401,"report_interval":60,"salinity":null,"signal":null,"temperature":25,"timestamps":{"dissolved_oxygen":null,"ph":null,"salinity":null,"signal":null,"temperature":"2026-10-04T09:54:44.795738037Z","turbidity":null},"ts":"2026-10-04T17:54:44.795738+08:00","turbidity":null},"pond_id":9401,"pond_name":"v2-pond","status":"warning"},{"device_count":1,"latest":{"device_no":"v2-hidden","dissolved_oxygen":null,"ph":null,"pond_id":9403,"report_interval":60,"salinity":null,"signal":null,"temperature":25,"timestamps":{"dissolved_oxygen":null,"ph":null,"salinity":null,"signal":null,"temperature":"2026-10-04T09:54:44.80443878Z","turbidity":null},"ts":"2026-10-04T17:54:44.804438+08:00","turbidity":null},"pond_id":9403,"pond_name":"hidden","status":"warning"}]
=== RUN   TestAppResourceHTTPWhenRoleDeterminesFarmScope/admin//api/v1/devices
    app_resource_scope_http_test.go:89: http method=GET path=/api/v1/devices status=200 response=[{"created_at":"2026-10-04T17:55:44.787441+08:00","device_no":"v2-permission","disabled_at":null,"id":1,"last_seen_at":null,"model":"","name":"","pond_id":9401,"report_interval":60,"status":"offline"},{"created_at":"2026-10-04T17:55:44.787441+08:00","device_no":"v2-hidden","disabled_at":null,"id":3,"last_seen_at":null,"model":"","name":"","pond_id":9403,"report_interval":60,"status":"offline"}]
=== RUN   TestAppResourceHTTPWhenRoleDeterminesFarmScope/admin//api/v1/alarms
    app_resource_scope_http_test.go:89: http method=GET path=/api/v1/alarms status=200 response=[{"confirmed_at":null,"created_at":"2026-10-04T17:54:44.804438+08:00","current_value":25,"device_no":"v2-hidden","id":2,"level":"warning","message":"temperature 高于阈值 20","metric":"temperature","pond_id":9403,"threshold":20},{"confirmed_at":null,"created_at":"2026-10-04T17:54:44.795738+08:00","current_value":25,"device_no":"v2-permission","id":1,"level":"warning","message":"temperature 高于阈值 20","metric":"temperature","pond_id":9401,"threshold":20}]
=== RUN   TestAppResourceHTTPWhenRoleDeterminesFarmScope/admin/stats
    app_resource_scope_http_test.go:98: http method=GET path=/api/v1/stats/summary status=200 response={"alarm_devices":2,"offline_devices":2,"online_devices":0,"ponds":[{"pond_id":9401,"pond_name":"v2-pond","status":"warning"},{"pond_id":9403,"pond_name":"hidden","status":"warning"}]}
=== RUN   TestAppResourceHTTPWhenRoleDeterminesFarmScope/admin//api/v1/ponds/9401
    app_resource_scope_http_test.go:127: http method=GET path=/api/v1/ponds/9401 status=200 response={"device_count":1,"latest":{"device_no":"v2-permission","dissolved_oxygen":null,"ph":null,"pond_id":9401,"report_interval":60,"salinity":null,"signal":null,"temperature":25,"timestamps":{"dissolved_oxygen":null,"ph":null,"salinity":null,"signal":null,"temperature":"2026-10-04T09:54:44.795738037Z","turbidity":null},"ts":"2026-10-04T17:54:44.795738+08:00","turbidity":null},"pond_id":9401,"pond_name":"v2-pond","status":"warning"}
=== RUN   TestAppResourceHTTPWhenRoleDeterminesFarmScope/admin//api/v1/devices?pond_id=9401
    app_resource_scope_http_test.go:127: http method=GET path=/api/v1/devices?pond_id=9401 status=200 response=[{"created_at":"2026-10-04T17:55:44.787441+08:00","device_no":"v2-permission","disabled_at":null,"id":1,"last_seen_at":null,"model":"","name":"","pond_id":9401,"report_interval":60,"status":"offline"}]
=== RUN   TestAppResourceHTTPWhenRoleDeterminesFarmScope/admin//api/v1/devices/v2-permission
    app_resource_scope_http_test.go:127: http method=GET path=/api/v1/devices/v2-permission status=200 response={"created_at":"2026-10-04T17:55:44.787441+08:00","device_no":"v2-permission","disabled_at":null,"id":1,"last_seen_at":null,"latest":{"device_no":"v2-permission","dissolved_oxygen":null,"ph":null,"pond_id":9401,"report_interval":60,"salinity":null,"signal":null,"temperature":25,"timestamps":{"dissolved_oxygen":null,"ph":null,"salinity":null,"signal":null,"temperature":"2026-10-04T09:54:44.795738037Z","turbidity":null},"ts":"2026-10-04T17:54:44.795738+08:00","turbidity":null},"model":"","name":"","pond_id":9401,"report_interval":60,"status":"offline"}
=== RUN   TestAppResourceHTTPWhenRoleDeterminesFarmScope/admin//api/v1/water/latest?device_no=v2-permission
    app_resource_scope_http_test.go:127: http method=GET path=/api/v1/water/latest?device_no=v2-permission status=200 response={"device_no":"v2-permission","dissolved_oxygen":null,"ph":null,"pond_id":9401,"report_interval":60,"salinity":null,"signal":null,"temperature":25,"timestamps":{"dissolved_oxygen":null,"ph":null,"salinity":null,"signal":null,"temperature":"2026-10-04T09:54:44.795738037Z","turbidity":null},"ts":"2026-10-04T17:54:44.795738+08:00","turbidity":null}
=== RUN   TestAppResourceHTTPWhenRoleDeterminesFarmScope/admin//api/v1/water/history?device_no=v2-permission&metric=temperature&range=30d
    app_resource_scope_http_test.go:127: http method=GET path=/api/v1/water/history?device_no=v2-permission&metric=temperature&range=30d status=200 response={"metric":"temperature","points":[{"ts":"2026-10-04T14:19:44.849334+08:00","value":25}],"unit":"℃"}
=== RUN   TestAppResourceHTTPWhenRoleDeterminesFarmScope/admin//api/v2/devices/v2-permission/model/latest
    app_resource_scope_http_test.go:127: http method=GET path=/api/v2/devices/v2-permission/model/latest status=200 response={"device_no":"v2-permission","product_id":1,"model_version":1,"fields":[{"identifier":"temperature","type":"number","unit":"℃","minimum":null,"maximum":null,"enum_values":null,"readable":true,"writable":false,"nullable":true},{"identifier":"dissolved_oxygen","type":"number","unit":"mg/L","minimum":null,"maximum":null,"enum_values":null,"readable":true,"writable":false,"nullable":true},{"identifier":"ph","type":"number","unit":"","minimum":null,"maximum":null,"enum_values":null,"readable":true,"writable":false,"nullable":true},{"identifier":"turbidity","type":"number","unit":"NTU","minimum":null,"maximum":null,"enum_values":null,"readable":true,"writable":false,"nullable":true},{"identifier":"salinity","type":"number","unit":"ppt","minimum":null,"maximum":null,"enum_values":null,"readable":true,"writable":false,"nullable":true}],"ts":"2026-10-04T17:54:44.795738+08:00","properties":{"temperature":25}}
=== RUN   TestAppResourceHTTPWhenRoleDeterminesFarmScope/admin//api/v2/devices/v2-permission/history?metric=temperature
    app_resource_scope_http_test.go:127: http method=GET path=/api/v2/devices/v2-permission/history?metric=temperature status=200 response={"device_no":"v2-permission","metric":"temperature","points":[{"ts":"2026-10-04T17:54:44.795738+08:00","value":25,"model_version":1,"unit":"℃"}],"unit":"℃"}
=== RUN   TestAppResourceHTTPWhenRoleDeterminesFarmScope/admin//api/v1/ponds/9403
    app_resource_scope_http_test.go:127: http method=GET path=/api/v1/ponds/9403 status=200 response={"device_count":1,"latest":{"device_no":"v2-hidden","dissolved_oxygen":null,"ph":null,"pond_id":9403,"report_interval":60,"salinity":null,"signal":null,"temperature":25,"timestamps":{"dissolved_oxygen":null,"ph":null,"salinity":null,"signal":null,"temperature":"2026-10-04T09:54:44.80443878Z","turbidity":null},"ts":"2026-10-04T17:54:44.804438+08:00","turbidity":null},"pond_id":9403,"pond_name":"hidden","status":"warning"}
=== RUN   TestAppResourceHTTPWhenRoleDeterminesFarmScope/admin//api/v1/devices?pond_id=9403
    app_resource_scope_http_test.go:127: http method=GET path=/api/v1/devices?pond_id=9403 status=200 response=[{"created_at":"2026-10-04T17:55:44.787441+08:00","device_no":"v2-hidden","disabled_at":null,"id":3,"last_seen_at":null,"model":"","name":"","pond_id":9403,"report_interval":60,"status":"offline"}]
=== RUN   TestAppResourceHTTPWhenRoleDeterminesFarmScope/admin//api/v1/devices/v2-hidden
    app_resource_scope_http_test.go:127: http method=GET path=/api/v1/devices/v2-hidden status=200 response={"created_at":"2026-10-04T17:55:44.787441+08:00","device_no":"v2-hidden","disabled_at":null,"id":3,"last_seen_at":null,"latest":{"device_no":"v2-hidden","dissolved_oxygen":null,"ph":null,"pond_id":9403,"report_interval":60,"salinity":null,"signal":null,"temperature":25,"timestamps":{"dissolved_oxygen":null,"ph":null,"salinity":null,"signal":null,"temperature":"2026-10-04T09:54:44.80443878Z","turbidity":null},"ts":"2026-10-04T17:54:44.804438+08:00","turbidity":null},"model":"","name":"","pond_id":9403,"report_interval":60,"status":"offline"}
=== RUN   TestAppResourceHTTPWhenRoleDeterminesFarmScope/admin//api/v1/water/latest?device_no=v2-hidden
    app_resource_scope_http_test.go:127: http method=GET path=/api/v1/water/latest?device_no=v2-hidden status=200 response={"device_no":"v2-hidden","dissolved_oxygen":null,"ph":null,"pond_id":9403,"report_interval":60,"salinity":null,"signal":null,"temperature":25,"timestamps":{"dissolved_oxygen":null,"ph":null,"salinity":null,"signal":null,"temperature":"2026-10-04T09:54:44.80443878Z","turbidity":null},"ts":"2026-10-04T17:54:44.804438+08:00","turbidity":null}
=== RUN   TestAppResourceHTTPWhenRoleDeterminesFarmScope/admin//api/v1/water/history?device_no=v2-hidden&metric=temperature&range=30d
    app_resource_scope_http_test.go:127: http method=GET path=/api/v1/water/history?device_no=v2-hidden&metric=temperature&range=30d status=200 response={"metric":"temperature","points":[{"ts":"2026-10-04T14:19:44.872785+08:00","value":25}],"unit":"℃"}
=== RUN   TestAppResourceHTTPWhenRoleDeterminesFarmScope/admin//api/v2/devices/v2-hidden/model/latest
    app_resource_scope_http_test.go:127: http method=GET path=/api/v2/devices/v2-hidden/model/latest status=200 response={"device_no":"v2-hidden","product_id":1,"model_version":1,"fields":[{"identifier":"temperature","type":"number","unit":"℃","minimum":null,"maximum":null,"enum_values":null,"readable":true,"writable":false,"nullable":true},{"identifier":"dissolved_oxygen","type":"number","unit":"mg/L","minimum":null,"maximum":null,"enum_values":null,"readable":true,"writable":false,"nullable":true},{"identifier":"ph","type":"number","unit":"","minimum":null,"maximum":null,"enum_values":null,"readable":true,"writable":false,"nullable":true},{"identifier":"turbidity","type":"number","unit":"NTU","minimum":null,"maximum":null,"enum_values":null,"readable":true,"writable":false,"nullable":true},{"identifier":"salinity","type":"number","unit":"ppt","minimum":null,"maximum":null,"enum_values":null,"readable":true,"writable":false,"nullable":true}],"ts":"2026-10-04T17:54:44.804438+08:00","properties":{"temperature":25}}
=== RUN   TestAppResourceHTTPWhenRoleDeterminesFarmScope/admin//api/v2/devices/v2-hidden/history?metric=temperature
    app_resource_scope_http_test.go:127: http method=GET path=/api/v2/devices/v2-hidden/history?metric=temperature status=200 response={"device_no":"v2-hidden","metric":"temperature","points":[{"ts":"2026-10-04T17:54:44.804438+08:00","value":25,"model_version":1,"unit":"℃"}],"unit":"℃"}
=== RUN   TestAppResourceHTTPWhenRoleDeterminesFarmScope/admin//api/v1/ponds/9402
    app_resource_scope_http_test.go:127: http method=GET path=/api/v1/ponds/9402 status=404 response={"error":"pond not found"}
=== RUN   TestAppResourceHTTPWhenRoleDeterminesFarmScope/admin//api/v1/devices?pond_id=9402
    app_resource_scope_http_test.go:127: http method=GET path=/api/v1/devices?pond_id=9402 status=404 response={"error":"pond not found"}
=== RUN   TestAppResourceHTTPWhenRoleDeterminesFarmScope/admin//api/v1/devices/v2-foreign
    app_resource_scope_http_test.go:127: http method=GET path=/api/v1/devices/v2-foreign status=404 response={"error":"device not found"}
=== RUN   TestAppResourceHTTPWhenRoleDeterminesFarmScope/admin//api/v1/water/latest?device_no=v2-foreign
    app_resource_scope_http_test.go:127: http method=GET path=/api/v1/water/latest?device_no=v2-foreign status=404 response={"error":"no data"}
=== RUN   TestAppResourceHTTPWhenRoleDeterminesFarmScope/admin//api/v1/water/history?device_no=v2-foreign&metric=temperature&range=30d
    app_resource_scope_http_test.go:127: http method=GET path=/api/v1/water/history?device_no=v2-foreign&metric=temperature&range=30d status=404 response={"error":"device not found"}
=== RUN   TestAppResourceHTTPWhenRoleDeterminesFarmScope/admin//api/v2/devices/v2-foreign/model/latest
    app_resource_scope_http_test.go:127: http method=GET path=/api/v2/devices/v2-foreign/model/latest status=404 response={"error":"not_found"}
=== RUN   TestAppResourceHTTPWhenRoleDeterminesFarmScope/admin//api/v2/devices/v2-foreign/history?metric=temperature
    app_resource_scope_http_test.go:127: http method=GET path=/api/v2/devices/v2-foreign/history?metric=temperature status=404 response={"error":"not_found"}
=== NAME  TestAppResourceHTTPWhenRoleDeterminesFarmScope/admin
    app_resource_scope_http_test.go:149: http method=POST path=/api/v1/alarms/2/confirm status=204 response=
    app_resource_scope_http_test.go:158: scenario=admin_hidden_alarm_confirm before={"alarms": [{"id": 1, "level": "warning", "metric": "temperature", "message": "temperature 高于阈值 20", "pond_id": 9401, "device_no": "v2-permission", "threshold": 20, "created_at": "2026-10-04T09:54:44.795738+00:00", "product_id": 1, "confirmed_at": null, "current_value": 25}, {"id": 2, "level": "warning", "metric": "temperature", "message": "temperature 高于阈值 20", "pond_id": 9403, "device_no": "v2-hidden", "threshold": 20, "created_at": "2026-10-04T09:54:44.804438+00:00", "product_id": 1, "confirmed_at": null, "current_value": 25}], "outbox": [{"id": 1, "status": "pending", "next_at": "2026-10-04T09:55:44.795773+00:00", "alarm_id": 1, "attempts": 0, "created_at": "2026-10-04T09:55:44.795773+00:00", "last_error": null, "updated_at": "2026-10-04T09:55:44.795773+00:00", "lease_owner": null, "leased_until": null, "recipient_open_id": null}, {"id": 2, "status": "pending", "next_at": "2026-10-04T09:55:44.804471+00:00", "alarm_id": 2, "attempts": 0, "created_at": "2026-10-04T09:55:44.804471+00:00", "last_error": null, "updated_at": "2026-10-04T09:55:44.804471+00:00", "lease_owner": null, "leased_until": null, "recipient_open_id": null}], "shadows": [{"ts": "2026-10-04T09:54:44.804438+00:00", "last": {"temperature": 25}, "signal": null, "pond_id": 9403, "device_no": "v2-hidden", "tenant_id": 9401, "product_id": 1, "timestamps": {"temperature": "2026-10-04T09:54:44.80443878Z"}, "model_version": 1}, {"ts": "2026-10-04T09:54:44.795738+00:00", "last": {"temperature": 25}, "signal": null, "pond_id": 9401, "device_no": "v2-permission", "tenant_id": 9401, "product_id": 1, "timestamps": {"temperature": "2026-10-04T09:54:44.795738037Z"}, "model_version": 1}], "telemetry": [{"ts": "2026-10-04T09:54:44.795738+00:00", "pond_id": 9401, "device_no": "v2-permission", "tenant_id": 9401, "product_id": 1, "properties": {"temperature": 25}, "model_version": 1}, {"ts": "2026-10-04T09:54:44.804438+00:00", "pond_id": 9403, "device_no": "v2-hidden", "tenant_id": 9401, "product_id": 1, "properties": {"temperature": 25}, "model_version": 1}], "sensor_data": [{"ph": null, "ts": "2026-10-04T09:54:44.795738+00:00", "signal": null, "battery": null, "pond_id": 9401, "salinity": null, "device_no": "v2-permission", "tenant_id": 9401, "turbidity": null, "temperature": 25, "dissolved_oxygen": null}, {"ph": null, "ts": "2026-10-04T09:54:44.804438+00:00", "signal": null, "battery": null, "pond_id": 9403, "salinity": null, "device_no": "v2-hidden", "tenant_id": 9401, "turbidity": null, "temperature": 25, "dissolved_oxygen": null}]} after={"alarms": [{"id": 1, "level": "warning", "metric": "temperature", "message": "temperature 高于阈值 20", "pond_id": 9401, "device_no": "v2-permission", "threshold": 20, "created_at": "2026-10-04T09:54:44.795738+00:00", "product_id": 1, "confirmed_at": null, "current_value": 25}, {"id": 2, "level": "warning", "metric": "temperature", "message": "temperature 高于阈值 20", "pond_id": 9403, "device_no": "v2-hidden", "threshold": 20, "created_at": "2026-10-04T09:54:44.804438+00:00", "product_id": 1, "confirmed_at": "2026-10-04T09:55:44.894566+00:00", "current_value": 25}], "outbox": [{"id": 1, "status": "pending", "next_at": "2026-10-04T09:55:44.795773+00:00", "alarm_id": 1, "attempts": 0, "created_at": "2026-10-04T09:55:44.795773+00:00", "last_error": null, "updated_at": "2026-10-04T09:55:44.795773+00:00", "lease_owner": null, "leased_until": null, "recipient_open_id": null}, {"id": 2, "status": "pending", "next_at": "2026-10-04T09:55:44.804471+00:00", "alarm_id": 2, "attempts": 0, "created_at": "2026-10-04T09:55:44.804471+00:00", "last_error": null, "updated_at": "2026-10-04T09:55:44.804471+00:00", "lease_owner": null, "leased_until": null, "recipient_open_id": null}], "shadows": [{"ts": "2026-10-04T09:54:44.804438+00:00", "last": {"temperature": 25}, "signal": null, "pond_id": 9403, "device_no": "v2-hidden", "tenant_id": 9401, "product_id": 1, "timestamps": {"temperature": "2026-10-04T09:54:44.80443878Z"}, "model_version": 1}, {"ts": "2026-10-04T09:54:44.795738+00:00", "last": {"temperature": 25}, "signal": null, "pond_id": 9401, "device_no": "v2-permission", "tenant_id": 9401, "product_id": 1, "timestamps": {"temperature": "2026-10-04T09:54:44.795738037Z"}, "model_version": 1}], "telemetry": [{"ts": "2026-10-04T09:54:44.795738+00:00", "pond_id": 9401, "device_no": "v2-permission", "tenant_id": 9401, "product_id": 1, "properties": {"temperature": 25}, "model_version": 1}, {"ts": "2026-10-04T09:54:44.804438+00:00", "pond_id": 9403, "device_no": "v2-hidden", "tenant_id": 9401, "product_id": 1, "properties": {"temperature": 25}, "model_version": 1}], "sensor_data": [{"ph": null, "ts": "2026-10-04T09:54:44.795738+00:00", "signal": null, "battery": null, "pond_id": 9401, "salinity": null, "device_no": "v2-permission", "tenant_id": 9401, "turbidity": null, "temperature": 25, "dissolved_oxygen": null}, {"ph": null, "ts": "2026-10-04T09:54:44.804438+00:00", "signal": null, "battery": null, "pond_id": 9403, "salinity": null, "device_no": "v2-hidden", "tenant_id": 9401, "turbidity": null, "temperature": 25, "dissolved_oxygen": null}]}
=== RUN   TestAppResourceHTTPWhenRoleDeterminesFarmScope/member
    app_resource_scope_http_test.go:72: environment real_timescaledb=2.30.0
[GIN-debug] [WARNING] Running in "debug" mode. Switch to "release" mode in production.
 - using env:	export GIN_MODE=release
 - using code:	gin.SetMode(gin.ReleaseMode)

[GIN-debug] POST   /api/v1/auth/login        --> git.hyhy.fun/rsplab/iolink/internal/appapi.(*Server).login-fm (2 handlers)
[GIN-debug] GET    /api/v1/auth/tenants      --> git.hyhy.fun/rsplab/iolink/internal/appapi.(*Server).listTenants-fm (3 handlers)
[GIN-debug] POST   /api/v1/auth/tenant       --> git.hyhy.fun/rsplab/iolink/internal/appapi.(*Server).switchTenant-fm (3 handlers)
[GIN-debug] GET    /api/v1/ponds             --> git.hyhy.fun/rsplab/iolink/internal/appapi.(*Server).listPonds-fm (3 handlers)
[GIN-debug] GET    /api/v1/ponds/:id         --> git.hyhy.fun/rsplab/iolink/internal/appapi.(*Server).getPond-fm (3 handlers)
[GIN-debug] GET    /api/v1/devices           --> git.hyhy.fun/rsplab/iolink/internal/appapi.(*Server).listDevices-fm (3 handlers)
[GIN-debug] GET    /api/v1/devices/:device_no --> git.hyhy.fun/rsplab/iolink/internal/appapi.(*Server).getDevice-fm (3 handlers)
[GIN-debug] GET    /api/v1/water/latest      --> git.hyhy.fun/rsplab/iolink/internal/appapi.(*Server).waterLatest-fm (3 handlers)
[GIN-debug] GET    /api/v1/water/history     --> git.hyhy.fun/rsplab/iolink/internal/appapi.(*Server).waterHistory-fm (3 handlers)
[GIN-debug] GET    /api/v1/alarms            --> git.hyhy.fun/rsplab/iolink/internal/appapi.(*Server).listAlarms-fm (3 handlers)
[GIN-debug] GET    /api/v1/stats/summary     --> git.hyhy.fun/rsplab/iolink/internal/appapi.(*Server).statsSummary-fm (3 handlers)
[GIN-debug] POST   /api/v1/alarms/:id/confirm --> git.hyhy.fun/rsplab/iolink/internal/appapi.(*Server).confirmAlarm-fm (3 handlers)
[GIN-debug] POST   /api/v2/devices/:device_no/telemetry --> git.hyhy.fun/rsplab/iolink/internal/appapi.(*Server).submitTelemetryV2-fm (3 handlers)
[GIN-debug] GET    /api/v2/devices/:device_no/model/latest --> git.hyhy.fun/rsplab/iolink/internal/appapi.(*Server).modelLatestV2-fm (3 handlers)
[GIN-debug] GET    /api/v2/devices/:device_no/history --> git.hyhy.fun/rsplab/iolink/internal/appapi.(*Server).telemetryHistoryV2-fm (3 handlers)
=== RUN   TestAppResourceHTTPWhenRoleDeterminesFarmScope/member//api/v1/ponds
    app_resource_scope_http_test.go:89: http method=GET path=/api/v1/ponds status=200 response=[{"device_count":1,"latest":{"device_no":"v2-permission","dissolved_oxygen":null,"ph":null,"pond_id":9401,"report_interval":60,"salinity":null,"signal":null,"temperature":25,"timestamps":{"dissolved_oxygen":null,"ph":null,"salinity":null,"signal":null,"temperature":"2026-10-04T09:54:45.342087448Z","turbidity":null},"ts":"2026-10-04T17:54:45.342087+08:00","turbidity":null},"pond_id":9401,"pond_name":"v2-pond","status":"warning"}]
=== RUN   TestAppResourceHTTPWhenRoleDeterminesFarmScope/member//api/v1/devices
    app_resource_scope_http_test.go:89: http method=GET path=/api/v1/devices status=200 response=[{"created_at":"2026-10-04T17:55:45.333671+08:00","device_no":"v2-permission","disabled_at":null,"id":1,"last_seen_at":null,"model":"","name":"","pond_id":9401,"report_interval":60,"status":"offline"}]
=== RUN   TestAppResourceHTTPWhenRoleDeterminesFarmScope/member//api/v1/alarms
    app_resource_scope_http_test.go:89: http method=GET path=/api/v1/alarms status=200 response=[{"confirmed_at":null,"created_at":"2026-10-04T17:54:45.342087+08:00","current_value":25,"device_no":"v2-permission","id":1,"level":"warning","message":"temperature 高于阈值 20","metric":"temperature","pond_id":9401,"threshold":20}]
=== RUN   TestAppResourceHTTPWhenRoleDeterminesFarmScope/member/stats
    app_resource_scope_http_test.go:98: http method=GET path=/api/v1/stats/summary status=200 response={"alarm_devices":1,"offline_devices":1,"online_devices":0,"ponds":[{"pond_id":9401,"pond_name":"v2-pond","status":"warning"}]}
=== RUN   TestAppResourceHTTPWhenRoleDeterminesFarmScope/member//api/v1/ponds/9401
    app_resource_scope_http_test.go:127: http method=GET path=/api/v1/ponds/9401 status=200 response={"device_count":1,"latest":{"device_no":"v2-permission","dissolved_oxygen":null,"ph":null,"pond_id":9401,"report_interval":60,"salinity":null,"signal":null,"temperature":25,"timestamps":{"dissolved_oxygen":null,"ph":null,"salinity":null,"signal":null,"temperature":"2026-10-04T09:54:45.342087448Z","turbidity":null},"ts":"2026-10-04T17:54:45.342087+08:00","turbidity":null},"pond_id":9401,"pond_name":"v2-pond","status":"warning"}
=== RUN   TestAppResourceHTTPWhenRoleDeterminesFarmScope/member//api/v1/devices?pond_id=9401
    app_resource_scope_http_test.go:127: http method=GET path=/api/v1/devices?pond_id=9401 status=200 response=[{"created_at":"2026-10-04T17:55:45.333671+08:00","device_no":"v2-permission","disabled_at":null,"id":1,"last_seen_at":null,"model":"","name":"","pond_id":9401,"report_interval":60,"status":"offline"}]
=== RUN   TestAppResourceHTTPWhenRoleDeterminesFarmScope/member//api/v1/devices/v2-permission
    app_resource_scope_http_test.go:127: http method=GET path=/api/v1/devices/v2-permission status=200 response={"created_at":"2026-10-04T17:55:45.333671+08:00","device_no":"v2-permission","disabled_at":null,"id":1,"last_seen_at":null,"latest":{"device_no":"v2-permission","dissolved_oxygen":null,"ph":null,"pond_id":9401,"report_interval":60,"salinity":null,"signal":null,"temperature":25,"timestamps":{"dissolved_oxygen":null,"ph":null,"salinity":null,"signal":null,"temperature":"2026-10-04T09:54:45.342087448Z","turbidity":null},"ts":"2026-10-04T17:54:45.342087+08:00","turbidity":null},"model":"","name":"","pond_id":9401,"report_interval":60,"status":"offline"}
=== RUN   TestAppResourceHTTPWhenRoleDeterminesFarmScope/member//api/v1/water/latest?device_no=v2-permission
    app_resource_scope_http_test.go:127: http method=GET path=/api/v1/water/latest?device_no=v2-permission status=200 response={"device_no":"v2-permission","dissolved_oxygen":null,"ph":null,"pond_id":9401,"report_interval":60,"salinity":null,"signal":null,"temperature":25,"timestamps":{"dissolved_oxygen":null,"ph":null,"salinity":null,"signal":null,"temperature":"2026-10-04T09:54:45.342087448Z","turbidity":null},"ts":"2026-10-04T17:54:45.342087+08:00","turbidity":null}
=== RUN   TestAppResourceHTTPWhenRoleDeterminesFarmScope/member//api/v1/water/history?device_no=v2-permission&metric=temperature&range=30d
    app_resource_scope_http_test.go:127: http method=GET path=/api/v1/water/history?device_no=v2-permission&metric=temperature&range=30d status=200 response={"metric":"temperature","points":[{"ts":"2026-10-04T14:19:45.393987+08:00","value":25}],"unit":"℃"}
=== RUN   TestAppResourceHTTPWhenRoleDeterminesFarmScope/member//api/v2/devices/v2-permission/model/latest
    app_resource_scope_http_test.go:127: http method=GET path=/api/v2/devices/v2-permission/model/latest status=200 response={"device_no":"v2-permission","product_id":1,"model_version":1,"fields":[{"identifier":"temperature","type":"number","unit":"℃","minimum":null,"maximum":null,"enum_values":null,"readable":true,"writable":false,"nullable":true},{"identifier":"dissolved_oxygen","type":"number","unit":"mg/L","minimum":null,"maximum":null,"enum_values":null,"readable":true,"writable":false,"nullable":true},{"identifier":"ph","type":"number","unit":"","minimum":null,"maximum":null,"enum_values":null,"readable":true,"writable":false,"nullable":true},{"identifier":"turbidity","type":"number","unit":"NTU","minimum":null,"maximum":null,"enum_values":null,"readable":true,"writable":false,"nullable":true},{"identifier":"salinity","type":"number","unit":"ppt","minimum":null,"maximum":null,"enum_values":null,"readable":true,"writable":false,"nullable":true}],"ts":"2026-10-04T17:54:45.342087+08:00","properties":{"temperature":25}}
=== RUN   TestAppResourceHTTPWhenRoleDeterminesFarmScope/member//api/v2/devices/v2-permission/history?metric=temperature
    app_resource_scope_http_test.go:127: http method=GET path=/api/v2/devices/v2-permission/history?metric=temperature status=200 response={"device_no":"v2-permission","metric":"temperature","points":[{"ts":"2026-10-04T17:54:45.342087+08:00","value":25,"model_version":1,"unit":"℃"}],"unit":"℃"}
=== RUN   TestAppResourceHTTPWhenRoleDeterminesFarmScope/member//api/v1/ponds/9403
    app_resource_scope_http_test.go:127: http method=GET path=/api/v1/ponds/9403 status=404 response={"error":"pond not found"}
=== RUN   TestAppResourceHTTPWhenRoleDeterminesFarmScope/member//api/v1/devices?pond_id=9403
    app_resource_scope_http_test.go:127: http method=GET path=/api/v1/devices?pond_id=9403 status=404 response={"error":"pond not found"}
=== RUN   TestAppResourceHTTPWhenRoleDeterminesFarmScope/member//api/v1/devices/v2-hidden
    app_resource_scope_http_test.go:127: http method=GET path=/api/v1/devices/v2-hidden status=404 response={"error":"device not found"}
=== RUN   TestAppResourceHTTPWhenRoleDeterminesFarmScope/member//api/v1/water/latest?device_no=v2-hidden
    app_resource_scope_http_test.go:127: http method=GET path=/api/v1/water/latest?device_no=v2-hidden status=404 response={"error":"no data"}
=== RUN   TestAppResourceHTTPWhenRoleDeterminesFarmScope/member//api/v1/water/history?device_no=v2-hidden&metric=temperature&range=30d
    app_resource_scope_http_test.go:127: http method=GET path=/api/v1/water/history?device_no=v2-hidden&metric=temperature&range=30d status=404 response={"error":"device not found"}
=== RUN   TestAppResourceHTTPWhenRoleDeterminesFarmScope/member//api/v2/devices/v2-hidden/model/latest
    app_resource_scope_http_test.go:127: http method=GET path=/api/v2/devices/v2-hidden/model/latest status=404 response={"error":"not_found"}
=== RUN   TestAppResourceHTTPWhenRoleDeterminesFarmScope/member//api/v2/devices/v2-hidden/history?metric=temperature
    app_resource_scope_http_test.go:127: http method=GET path=/api/v2/devices/v2-hidden/history?metric=temperature status=404 response={"error":"not_found"}
=== RUN   TestAppResourceHTTPWhenRoleDeterminesFarmScope/member//api/v1/ponds/9402
    app_resource_scope_http_test.go:127: http method=GET path=/api/v1/ponds/9402 status=404 response={"error":"pond not found"}
=== RUN   TestAppResourceHTTPWhenRoleDeterminesFarmScope/member//api/v1/devices?pond_id=9402
    app_resource_scope_http_test.go:127: http method=GET path=/api/v1/devices?pond_id=9402 status=404 response={"error":"pond not found"}
=== RUN   TestAppResourceHTTPWhenRoleDeterminesFarmScope/member//api/v1/devices/v2-foreign
    app_resource_scope_http_test.go:127: http method=GET path=/api/v1/devices/v2-foreign status=404 response={"error":"device not found"}
=== RUN   TestAppResourceHTTPWhenRoleDeterminesFarmScope/member//api/v1/water/latest?device_no=v2-foreign
    app_resource_scope_http_test.go:127: http method=GET path=/api/v1/water/latest?device_no=v2-foreign status=404 response={"error":"no data"}
=== RUN   TestAppResourceHTTPWhenRoleDeterminesFarmScope/member//api/v1/water/history?device_no=v2-foreign&metric=temperature&range=30d
    app_resource_scope_http_test.go:127: http method=GET path=/api/v1/water/history?device_no=v2-foreign&metric=temperature&range=30d status=404 response={"error":"device not found"}
=== RUN   TestAppResourceHTTPWhenRoleDeterminesFarmScope/member//api/v2/devices/v2-foreign/model/latest
    app_resource_scope_http_test.go:127: http method=GET path=/api/v2/devices/v2-foreign/model/latest status=404 response={"error":"not_found"}
=== RUN   TestAppResourceHTTPWhenRoleDeterminesFarmScope/member//api/v2/devices/v2-foreign/history?metric=temperature
    app_resource_scope_http_test.go:127: http method=GET path=/api/v2/devices/v2-foreign/history?metric=temperature status=404 response={"error":"not_found"}
=== NAME  TestAppResourceHTTPWhenRoleDeterminesFarmScope/member
    app_resource_scope_http_test.go:149: http method=POST path=/api/v1/alarms/2/confirm status=404 response={"error":"alarm not found"}
    app_resource_scope_http_test.go:158: scenario=member_hidden_alarm_confirm before={"alarms": [{"id": 1, "level": "warning", "metric": "temperature", "message": "temperature 高于阈值 20", "pond_id": 9401, "device_no": "v2-permission", "threshold": 20, "created_at": "2026-10-04T09:54:45.342087+00:00", "product_id": 1, "confirmed_at": null, "current_value": 25}, {"id": 2, "level": "warning", "metric": "temperature", "message": "temperature 高于阈值 20", "pond_id": 9403, "device_no": "v2-hidden", "threshold": 20, "created_at": "2026-10-04T09:54:45.350779+00:00", "product_id": 1, "confirmed_at": null, "current_value": 25}], "outbox": [{"id": 1, "status": "pending", "next_at": "2026-10-04T09:55:45.342124+00:00", "alarm_id": 1, "attempts": 0, "created_at": "2026-10-04T09:55:45.342124+00:00", "last_error": null, "updated_at": "2026-10-04T09:55:45.342124+00:00", "lease_owner": null, "leased_until": null, "recipient_open_id": null}, {"id": 2, "status": "pending", "next_at": "2026-10-04T09:55:45.350832+00:00", "alarm_id": 2, "attempts": 0, "created_at": "2026-10-04T09:55:45.350832+00:00", "last_error": null, "updated_at": "2026-10-04T09:55:45.350832+00:00", "lease_owner": null, "leased_until": null, "recipient_open_id": null}], "shadows": [{"ts": "2026-10-04T09:54:45.350779+00:00", "last": {"temperature": 25}, "signal": null, "pond_id": 9403, "device_no": "v2-hidden", "tenant_id": 9401, "product_id": 1, "timestamps": {"temperature": "2026-10-04T09:54:45.350779926Z"}, "model_version": 1}, {"ts": "2026-10-04T09:54:45.342087+00:00", "last": {"temperature": 25}, "signal": null, "pond_id": 9401, "device_no": "v2-permission", "tenant_id": 9401, "product_id": 1, "timestamps": {"temperature": "2026-10-04T09:54:45.342087448Z"}, "model_version": 1}], "telemetry": [{"ts": "2026-10-04T09:54:45.342087+00:00", "pond_id": 9401, "device_no": "v2-permission", "tenant_id": 9401, "product_id": 1, "properties": {"temperature": 25}, "model_version": 1}, {"ts": "2026-10-04T09:54:45.350779+00:00", "pond_id": 9403, "device_no": "v2-hidden", "tenant_id": 9401, "product_id": 1, "properties": {"temperature": 25}, "model_version": 1}], "sensor_data": [{"ph": null, "ts": "2026-10-04T09:54:45.342087+00:00", "signal": null, "battery": null, "pond_id": 9401, "salinity": null, "device_no": "v2-permission", "tenant_id": 9401, "turbidity": null, "temperature": 25, "dissolved_oxygen": null}, {"ph": null, "ts": "2026-10-04T09:54:45.350779+00:00", "signal": null, "battery": null, "pond_id": 9403, "salinity": null, "device_no": "v2-hidden", "tenant_id": 9401, "turbidity": null, "temperature": 25, "dissolved_oxygen": null}]} after={"alarms": [{"id": 1, "level": "warning", "metric": "temperature", "message": "temperature 高于阈值 20", "pond_id": 9401, "device_no": "v2-permission", "threshold": 20, "created_at": "2026-10-04T09:54:45.342087+00:00", "product_id": 1, "confirmed_at": null, "current_value": 25}, {"id": 2, "level": "warning", "metric": "temperature", "message": "temperature 高于阈值 20", "pond_id": 9403, "device_no": "v2-hidden", "threshold": 20, "created_at": "2026-10-04T09:54:45.350779+00:00", "product_id": 1, "confirmed_at": null, "current_value": 25}], "outbox": [{"id": 1, "status": "pending", "next_at": "2026-10-04T09:55:45.342124+00:00", "alarm_id": 1, "attempts": 0, "created_at": "2026-10-04T09:55:45.342124+00:00", "last_error": null, "updated_at": "2026-10-04T09:55:45.342124+00:00", "lease_owner": null, "leased_until": null, "recipient_open_id": null}, {"id": 2, "status": "pending", "next_at": "2026-10-04T09:55:45.350832+00:00", "alarm_id": 2, "attempts": 0, "created_at": "2026-10-04T09:55:45.350832+00:00", "last_error": null, "updated_at": "2026-10-04T09:55:45.350832+00:00", "lease_owner": null, "leased_until": null, "recipient_open_id": null}], "shadows": [{"ts": "2026-10-04T09:54:45.350779+00:00", "last": {"temperature": 25}, "signal": null, "pond_id": 9403, "device_no": "v2-hidden", "tenant_id": 9401, "product_id": 1, "timestamps": {"temperature": "2026-10-04T09:54:45.350779926Z"}, "model_version": 1}, {"ts": "2026-10-04T09:54:45.342087+00:00", "last": {"temperature": 25}, "signal": null, "pond_id": 9401, "device_no": "v2-permission", "tenant_id": 9401, "product_id": 1, "timestamps": {"temperature": "2026-10-04T09:54:45.342087448Z"}, "model_version": 1}], "telemetry": [{"ts": "2026-10-04T09:54:45.342087+00:00", "pond_id": 9401, "device_no": "v2-permission", "tenant_id": 9401, "product_id": 1, "properties": {"temperature": 25}, "model_version": 1}, {"ts": "2026-10-04T09:54:45.350779+00:00", "pond_id": 9403, "device_no": "v2-hidden", "tenant_id": 9401, "product_id": 1, "properties": {"temperature": 25}, "model_version": 1}], "sensor_data": [{"ph": null, "ts": "2026-10-04T09:54:45.342087+00:00", "signal": null, "battery": null, "pond_id": 9401, "salinity": null, "device_no": "v2-permission", "tenant_id": 9401, "turbidity": null, "temperature": 25, "dissolved_oxygen": null}, {"ph": null, "ts": "2026-10-04T09:54:45.350779+00:00", "signal": null, "battery": null, "pond_id": 9403, "salinity": null, "device_no": "v2-hidden", "tenant_id": 9401, "turbidity": null, "temperature": 25, "dissolved_oxygen": null}]}
=== RUN   TestAppResourceHTTPWhenRoleDeterminesFarmScope/viewer
    app_resource_scope_http_test.go:72: environment real_timescaledb=2.30.0
[GIN-debug] [WARNING] Running in "debug" mode. Switch to "release" mode in production.
 - using env:	export GIN_MODE=release
 - using code:	gin.SetMode(gin.ReleaseMode)

[GIN-debug] POST   /api/v1/auth/login        --> git.hyhy.fun/rsplab/iolink/internal/appapi.(*Server).login-fm (2 handlers)
[GIN-debug] GET    /api/v1/auth/tenants      --> git.hyhy.fun/rsplab/iolink/internal/appapi.(*Server).listTenants-fm (3 handlers)
[GIN-debug] POST   /api/v1/auth/tenant       --> git.hyhy.fun/rsplab/iolink/internal/appapi.(*Server).switchTenant-fm (3 handlers)
[GIN-debug] GET    /api/v1/ponds             --> git.hyhy.fun/rsplab/iolink/internal/appapi.(*Server).listPonds-fm (3 handlers)
[GIN-debug] GET    /api/v1/ponds/:id         --> git.hyhy.fun/rsplab/iolink/internal/appapi.(*Server).getPond-fm (3 handlers)
[GIN-debug] GET    /api/v1/devices           --> git.hyhy.fun/rsplab/iolink/internal/appapi.(*Server).listDevices-fm (3 handlers)
[GIN-debug] GET    /api/v1/devices/:device_no --> git.hyhy.fun/rsplab/iolink/internal/appapi.(*Server).getDevice-fm (3 handlers)
[GIN-debug] GET    /api/v1/water/latest      --> git.hyhy.fun/rsplab/iolink/internal/appapi.(*Server).waterLatest-fm (3 handlers)
[GIN-debug] GET    /api/v1/water/history     --> git.hyhy.fun/rsplab/iolink/internal/appapi.(*Server).waterHistory-fm (3 handlers)
[GIN-debug] GET    /api/v1/alarms            --> git.hyhy.fun/rsplab/iolink/internal/appapi.(*Server).listAlarms-fm (3 handlers)
[GIN-debug] GET    /api/v1/stats/summary     --> git.hyhy.fun/rsplab/iolink/internal/appapi.(*Server).statsSummary-fm (3 handlers)
[GIN-debug] POST   /api/v1/alarms/:id/confirm --> git.hyhy.fun/rsplab/iolink/internal/appapi.(*Server).confirmAlarm-fm (3 handlers)
[GIN-debug] POST   /api/v2/devices/:device_no/telemetry --> git.hyhy.fun/rsplab/iolink/internal/appapi.(*Server).submitTelemetryV2-fm (3 handlers)
[GIN-debug] GET    /api/v2/devices/:device_no/model/latest --> git.hyhy.fun/rsplab/iolink/internal/appapi.(*Server).modelLatestV2-fm (3 handlers)
[GIN-debug] GET    /api/v2/devices/:device_no/history --> git.hyhy.fun/rsplab/iolink/internal/appapi.(*Server).telemetryHistoryV2-fm (3 handlers)
=== RUN   TestAppResourceHTTPWhenRoleDeterminesFarmScope/viewer//api/v1/ponds
    app_resource_scope_http_test.go:89: http method=GET path=/api/v1/ponds status=200 response=[{"device_count":1,"latest":{"device_no":"v2-permission","dissolved_oxygen":null,"ph":null,"pond_id":9401,"report_interval":60,"salinity":null,"signal":null,"temperature":25,"timestamps":{"dissolved_oxygen":null,"ph":null,"salinity":null,"signal":null,"temperature":"2026-10-04T09:54:45.853343228Z","turbidity":null},"ts":"2026-10-04T17:54:45.853343+08:00","turbidity":null},"pond_id":9401,"pond_name":"v2-pond","status":"warning"}]
=== RUN   TestAppResourceHTTPWhenRoleDeterminesFarmScope/viewer//api/v1/devices
    app_resource_scope_http_test.go:89: http method=GET path=/api/v1/devices status=200 response=[{"created_at":"2026-10-04T17:55:45.843435+08:00","device_no":"v2-permission","disabled_at":null,"id":1,"last_seen_at":null,"model":"","name":"","pond_id":9401,"report_interval":60,"status":"offline"}]
=== RUN   TestAppResourceHTTPWhenRoleDeterminesFarmScope/viewer//api/v1/alarms
    app_resource_scope_http_test.go:89: http method=GET path=/api/v1/alarms status=200 response=[{"confirmed_at":null,"created_at":"2026-10-04T17:54:45.853343+08:00","current_value":25,"device_no":"v2-permission","id":1,"level":"warning","message":"temperature 高于阈值 20","metric":"temperature","pond_id":9401,"threshold":20}]
=== RUN   TestAppResourceHTTPWhenRoleDeterminesFarmScope/viewer/stats
    app_resource_scope_http_test.go:98: http method=GET path=/api/v1/stats/summary status=200 response={"alarm_devices":1,"offline_devices":1,"online_devices":0,"ponds":[{"pond_id":9401,"pond_name":"v2-pond","status":"warning"}]}
=== RUN   TestAppResourceHTTPWhenRoleDeterminesFarmScope/viewer//api/v1/ponds/9401
    app_resource_scope_http_test.go:127: http method=GET path=/api/v1/ponds/9401 status=200 response={"device_count":1,"latest":{"device_no":"v2-permission","dissolved_oxygen":null,"ph":null,"pond_id":9401,"report_interval":60,"salinity":null,"signal":null,"temperature":25,"timestamps":{"dissolved_oxygen":null,"ph":null,"salinity":null,"signal":null,"temperature":"2026-10-04T09:54:45.853343228Z","turbidity":null},"ts":"2026-10-04T17:54:45.853343+08:00","turbidity":null},"pond_id":9401,"pond_name":"v2-pond","status":"warning"}
=== RUN   TestAppResourceHTTPWhenRoleDeterminesFarmScope/viewer//api/v1/devices?pond_id=9401
    app_resource_scope_http_test.go:127: http method=GET path=/api/v1/devices?pond_id=9401 status=200 response=[{"created_at":"2026-10-04T17:55:45.843435+08:00","device_no":"v2-permission","disabled_at":null,"id":1,"last_seen_at":null,"model":"","name":"","pond_id":9401,"report_interval":60,"status":"offline"}]
=== RUN   TestAppResourceHTTPWhenRoleDeterminesFarmScope/viewer//api/v1/devices/v2-permission
    app_resource_scope_http_test.go:127: http method=GET path=/api/v1/devices/v2-permission status=200 response={"created_at":"2026-10-04T17:55:45.843435+08:00","device_no":"v2-permission","disabled_at":null,"id":1,"last_seen_at":null,"latest":{"device_no":"v2-permission","dissolved_oxygen":null,"ph":null,"pond_id":9401,"report_interval":60,"salinity":null,"signal":null,"temperature":25,"timestamps":{"dissolved_oxygen":null,"ph":null,"salinity":null,"signal":null,"temperature":"2026-10-04T09:54:45.853343228Z","turbidity":null},"ts":"2026-10-04T17:54:45.853343+08:00","turbidity":null},"model":"","name":"","pond_id":9401,"report_interval":60,"status":"offline"}
=== RUN   TestAppResourceHTTPWhenRoleDeterminesFarmScope/viewer//api/v1/water/latest?device_no=v2-permission
    app_resource_scope_http_test.go:127: http method=GET path=/api/v1/water/latest?device_no=v2-permission status=200 response={"device_no":"v2-permission","dissolved_oxygen":null,"ph":null,"pond_id":9401,"report_interval":60,"salinity":null,"signal":null,"temperature":25,"timestamps":{"dissolved_oxygen":null,"ph":null,"salinity":null,"signal":null,"temperature":"2026-10-04T09:54:45.853343228Z","turbidity":null},"ts":"2026-10-04T17:54:45.853343+08:00","turbidity":null}
=== RUN   TestAppResourceHTTPWhenRoleDeterminesFarmScope/viewer//api/v1/water/history?device_no=v2-permission&metric=temperature&range=30d
    app_resource_scope_http_test.go:127: http method=GET path=/api/v1/water/history?device_no=v2-permission&metric=temperature&range=30d status=200 response={"metric":"temperature","points":[{"ts":"2026-10-04T14:19:45.904874+08:00","value":25}],"unit":"℃"}
=== RUN   TestAppResourceHTTPWhenRoleDeterminesFarmScope/viewer//api/v2/devices/v2-permission/model/latest
    app_resource_scope_http_test.go:127: http method=GET path=/api/v2/devices/v2-permission/model/latest status=200 response={"device_no":"v2-permission","product_id":1,"model_version":1,"fields":[{"identifier":"temperature","type":"number","unit":"℃","minimum":null,"maximum":null,"enum_values":null,"readable":true,"writable":false,"nullable":true},{"identifier":"dissolved_oxygen","type":"number","unit":"mg/L","minimum":null,"maximum":null,"enum_values":null,"readable":true,"writable":false,"nullable":true},{"identifier":"ph","type":"number","unit":"","minimum":null,"maximum":null,"enum_values":null,"readable":true,"writable":false,"nullable":true},{"identifier":"turbidity","type":"number","unit":"NTU","minimum":null,"maximum":null,"enum_values":null,"readable":true,"writable":false,"nullable":true},{"identifier":"salinity","type":"number","unit":"ppt","minimum":null,"maximum":null,"enum_values":null,"readable":true,"writable":false,"nullable":true}],"ts":"2026-10-04T17:54:45.853343+08:00","properties":{"temperature":25}}
=== RUN   TestAppResourceHTTPWhenRoleDeterminesFarmScope/viewer//api/v2/devices/v2-permission/history?metric=temperature
    app_resource_scope_http_test.go:127: http method=GET path=/api/v2/devices/v2-permission/history?metric=temperature status=200 response={"device_no":"v2-permission","metric":"temperature","points":[{"ts":"2026-10-04T17:54:45.853343+08:00","value":25,"model_version":1,"unit":"℃"}],"unit":"℃"}
=== RUN   TestAppResourceHTTPWhenRoleDeterminesFarmScope/viewer//api/v1/ponds/9403
    app_resource_scope_http_test.go:127: http method=GET path=/api/v1/ponds/9403 status=404 response={"error":"pond not found"}
=== RUN   TestAppResourceHTTPWhenRoleDeterminesFarmScope/viewer//api/v1/devices?pond_id=9403
    app_resource_scope_http_test.go:127: http method=GET path=/api/v1/devices?pond_id=9403 status=404 response={"error":"pond not found"}
=== RUN   TestAppResourceHTTPWhenRoleDeterminesFarmScope/viewer//api/v1/devices/v2-hidden
    app_resource_scope_http_test.go:127: http method=GET path=/api/v1/devices/v2-hidden status=404 response={"error":"device not found"}
=== RUN   TestAppResourceHTTPWhenRoleDeterminesFarmScope/viewer//api/v1/water/latest?device_no=v2-hidden
    app_resource_scope_http_test.go:127: http method=GET path=/api/v1/water/latest?device_no=v2-hidden status=404 response={"error":"no data"}
=== RUN   TestAppResourceHTTPWhenRoleDeterminesFarmScope/viewer//api/v1/water/history?device_no=v2-hidden&metric=temperature&range=30d
    app_resource_scope_http_test.go:127: http method=GET path=/api/v1/water/history?device_no=v2-hidden&metric=temperature&range=30d status=404 response={"error":"device not found"}
=== RUN   TestAppResourceHTTPWhenRoleDeterminesFarmScope/viewer//api/v2/devices/v2-hidden/model/latest
    app_resource_scope_http_test.go:127: http method=GET path=/api/v2/devices/v2-hidden/model/latest status=404 response={"error":"not_found"}
=== RUN   TestAppResourceHTTPWhenRoleDeterminesFarmScope/viewer//api/v2/devices/v2-hidden/history?metric=temperature
    app_resource_scope_http_test.go:127: http method=GET path=/api/v2/devices/v2-hidden/history?metric=temperature status=404 response={"error":"not_found"}
=== RUN   TestAppResourceHTTPWhenRoleDeterminesFarmScope/viewer//api/v1/ponds/9402
    app_resource_scope_http_test.go:127: http method=GET path=/api/v1/ponds/9402 status=404 response={"error":"pond not found"}
=== RUN   TestAppResourceHTTPWhenRoleDeterminesFarmScope/viewer//api/v1/devices?pond_id=9402
    app_resource_scope_http_test.go:127: http method=GET path=/api/v1/devices?pond_id=9402 status=404 response={"error":"pond not found"}
=== RUN   TestAppResourceHTTPWhenRoleDeterminesFarmScope/viewer//api/v1/devices/v2-foreign
    app_resource_scope_http_test.go:127: http method=GET path=/api/v1/devices/v2-foreign status=404 response={"error":"device not found"}
=== RUN   TestAppResourceHTTPWhenRoleDeterminesFarmScope/viewer//api/v1/water/latest?device_no=v2-foreign
    app_resource_scope_http_test.go:127: http method=GET path=/api/v1/water/latest?device_no=v2-foreign status=404 response={"error":"no data"}
=== RUN   TestAppResourceHTTPWhenRoleDeterminesFarmScope/viewer//api/v1/water/history?device_no=v2-foreign&metric=temperature&range=30d
    app_resource_scope_http_test.go:127: http method=GET path=/api/v1/water/history?device_no=v2-foreign&metric=temperature&range=30d status=404 response={"error":"device not found"}
=== RUN   TestAppResourceHTTPWhenRoleDeterminesFarmScope/viewer//api/v2/devices/v2-foreign/model/latest
    app_resource_scope_http_test.go:127: http method=GET path=/api/v2/devices/v2-foreign/model/latest status=404 response={"error":"not_found"}
=== RUN   TestAppResourceHTTPWhenRoleDeterminesFarmScope/viewer//api/v2/devices/v2-foreign/history?metric=temperature
    app_resource_scope_http_test.go:127: http method=GET path=/api/v2/devices/v2-foreign/history?metric=temperature status=404 response={"error":"not_found"}
=== NAME  TestAppResourceHTTPWhenRoleDeterminesFarmScope/viewer
    app_resource_scope_http_test.go:149: http method=POST path=/api/v1/alarms/2/confirm status=403 response={"error":"forbidden"}
    app_resource_scope_http_test.go:158: scenario=viewer_hidden_alarm_confirm before={"alarms": [{"id": 1, "level": "warning", "metric": "temperature", "message": "temperature 高于阈值 20", "pond_id": 9401, "device_no": "v2-permission", "threshold": 20, "created_at": "2026-10-04T09:54:45.853343+00:00", "product_id": 1, "confirmed_at": null, "current_value": 25}, {"id": 2, "level": "warning", "metric": "temperature", "message": "temperature 高于阈值 20", "pond_id": 9403, "device_no": "v2-hidden", "threshold": 20, "created_at": "2026-10-04T09:54:45.862063+00:00", "product_id": 1, "confirmed_at": null, "current_value": 25}], "outbox": [{"id": 1, "status": "pending", "next_at": "2026-10-04T09:55:45.853387+00:00", "alarm_id": 1, "attempts": 0, "created_at": "2026-10-04T09:55:45.853387+00:00", "last_error": null, "updated_at": "2026-10-04T09:55:45.853387+00:00", "lease_owner": null, "leased_until": null, "recipient_open_id": null}, {"id": 2, "status": "pending", "next_at": "2026-10-04T09:55:45.8621+00:00", "alarm_id": 2, "attempts": 0, "created_at": "2026-10-04T09:55:45.8621+00:00", "last_error": null, "updated_at": "2026-10-04T09:55:45.8621+00:00", "lease_owner": null, "leased_until": null, "recipient_open_id": null}], "shadows": [{"ts": "2026-10-04T09:54:45.862063+00:00", "last": {"temperature": 25}, "signal": null, "pond_id": 9403, "device_no": "v2-hidden", "tenant_id": 9401, "product_id": 1, "timestamps": {"temperature": "2026-10-04T09:54:45.862063067Z"}, "model_version": 1}, {"ts": "2026-10-04T09:54:45.853343+00:00", "last": {"temperature": 25}, "signal": null, "pond_id": 9401, "device_no": "v2-permission", "tenant_id": 9401, "product_id": 1, "timestamps": {"temperature": "2026-10-04T09:54:45.853343228Z"}, "model_version": 1}], "telemetry": [{"ts": "2026-10-04T09:54:45.853343+00:00", "pond_id": 9401, "device_no": "v2-permission", "tenant_id": 9401, "product_id": 1, "properties": {"temperature": 25}, "model_version": 1}, {"ts": "2026-10-04T09:54:45.862063+00:00", "pond_id": 9403, "device_no": "v2-hidden", "tenant_id": 9401, "product_id": 1, "properties": {"temperature": 25}, "model_version": 1}], "sensor_data": [{"ph": null, "ts": "2026-10-04T09:54:45.853343+00:00", "signal": null, "battery": null, "pond_id": 9401, "salinity": null, "device_no": "v2-permission", "tenant_id": 9401, "turbidity": null, "temperature": 25, "dissolved_oxygen": null}, {"ph": null, "ts": "2026-10-04T09:54:45.862063+00:00", "signal": null, "battery": null, "pond_id": 9403, "salinity": null, "device_no": "v2-hidden", "tenant_id": 9401, "turbidity": null, "temperature": 25, "dissolved_oxygen": null}]} after={"alarms": [{"id": 1, "level": "warning", "metric": "temperature", "message": "temperature 高于阈值 20", "pond_id": 9401, "device_no": "v2-permission", "threshold": 20, "created_at": "2026-10-04T09:54:45.853343+00:00", "product_id": 1, "confirmed_at": null, "current_value": 25}, {"id": 2, "level": "warning", "metric": "temperature", "message": "temperature 高于阈值 20", "pond_id": 9403, "device_no": "v2-hidden", "threshold": 20, "created_at": "2026-10-04T09:54:45.862063+00:00", "product_id": 1, "confirmed_at": null, "current_value": 25}], "outbox": [{"id": 1, "status": "pending", "next_at": "2026-10-04T09:55:45.853387+00:00", "alarm_id": 1, "attempts": 0, "created_at": "2026-10-04T09:55:45.853387+00:00", "last_error": null, "updated_at": "2026-10-04T09:55:45.853387+00:00", "lease_owner": null, "leased_until": null, "recipient_open_id": null}, {"id": 2, "status": "pending", "next_at": "2026-10-04T09:55:45.8621+00:00", "alarm_id": 2, "attempts": 0, "created_at": "2026-10-04T09:55:45.8621+00:00", "last_error": null, "updated_at": "2026-10-04T09:55:45.8621+00:00", "lease_owner": null, "leased_until": null, "recipient_open_id": null}], "shadows": [{"ts": "2026-10-04T09:54:45.862063+00:00", "last": {"temperature": 25}, "signal": null, "pond_id": 9403, "device_no": "v2-hidden", "tenant_id": 9401, "product_id": 1, "timestamps": {"temperature": "2026-10-04T09:54:45.862063067Z"}, "model_version": 1}, {"ts": "2026-10-04T09:54:45.853343+00:00", "last": {"temperature": 25}, "signal": null, "pond_id": 9401, "device_no": "v2-permission", "tenant_id": 9401, "product_id": 1, "timestamps": {"temperature": "2026-10-04T09:54:45.853343228Z"}, "model_version": 1}], "telemetry": [{"ts": "2026-10-04T09:54:45.853343+00:00", "pond_id": 9401, "device_no": "v2-permission", "tenant_id": 9401, "product_id": 1, "properties": {"temperature": 25}, "model_version": 1}, {"ts": "2026-10-04T09:54:45.862063+00:00", "pond_id": 9403, "device_no": "v2-hidden", "tenant_id": 9401, "product_id": 1, "properties": {"temperature": 25}, "model_version": 1}], "sensor_data": [{"ph": null, "ts": "2026-10-04T09:54:45.853343+00:00", "signal": null, "battery": null, "pond_id": 9401, "salinity": null, "device_no": "v2-permission", "tenant_id": 9401, "turbidity": null, "temperature": 25, "dissolved_oxygen": null}, {"ph": null, "ts": "2026-10-04T09:54:45.862063+00:00", "signal": null, "battery": null, "pond_id": 9403, "salinity": null, "device_no": "v2-hidden", "tenant_id": 9401, "turbidity": null, "temperature": 25, "dissolved_oxygen": null}]}
=== RUN   TestAppResourceHTTPWhenRoleDeterminesFarmScope/support
    app_resource_scope_http_test.go:72: environment real_timescaledb=2.30.0
[GIN-debug] [WARNING] Running in "debug" mode. Switch to "release" mode in production.
 - using env:	export GIN_MODE=release
 - using code:	gin.SetMode(gin.ReleaseMode)

[GIN-debug] POST   /api/v1/auth/login        --> git.hyhy.fun/rsplab/iolink/internal/appapi.(*Server).login-fm (2 handlers)
[GIN-debug] GET    /api/v1/auth/tenants      --> git.hyhy.fun/rsplab/iolink/internal/appapi.(*Server).listTenants-fm (3 handlers)
[GIN-debug] POST   /api/v1/auth/tenant       --> git.hyhy.fun/rsplab/iolink/internal/appapi.(*Server).switchTenant-fm (3 handlers)
[GIN-debug] GET    /api/v1/ponds             --> git.hyhy.fun/rsplab/iolink/internal/appapi.(*Server).listPonds-fm (3 handlers)
[GIN-debug] GET    /api/v1/ponds/:id         --> git.hyhy.fun/rsplab/iolink/internal/appapi.(*Server).getPond-fm (3 handlers)
[GIN-debug] GET    /api/v1/devices           --> git.hyhy.fun/rsplab/iolink/internal/appapi.(*Server).listDevices-fm (3 handlers)
[GIN-debug] GET    /api/v1/devices/:device_no --> git.hyhy.fun/rsplab/iolink/internal/appapi.(*Server).getDevice-fm (3 handlers)
[GIN-debug] GET    /api/v1/water/latest      --> git.hyhy.fun/rsplab/iolink/internal/appapi.(*Server).waterLatest-fm (3 handlers)
[GIN-debug] GET    /api/v1/water/history     --> git.hyhy.fun/rsplab/iolink/internal/appapi.(*Server).waterHistory-fm (3 handlers)
[GIN-debug] GET    /api/v1/alarms            --> git.hyhy.fun/rsplab/iolink/internal/appapi.(*Server).listAlarms-fm (3 handlers)
[GIN-debug] GET    /api/v1/stats/summary     --> git.hyhy.fun/rsplab/iolink/internal/appapi.(*Server).statsSummary-fm (3 handlers)
[GIN-debug] POST   /api/v1/alarms/:id/confirm --> git.hyhy.fun/rsplab/iolink/internal/appapi.(*Server).confirmAlarm-fm (3 handlers)
[GIN-debug] POST   /api/v2/devices/:device_no/telemetry --> git.hyhy.fun/rsplab/iolink/internal/appapi.(*Server).submitTelemetryV2-fm (3 handlers)
[GIN-debug] GET    /api/v2/devices/:device_no/model/latest --> git.hyhy.fun/rsplab/iolink/internal/appapi.(*Server).modelLatestV2-fm (3 handlers)
[GIN-debug] GET    /api/v2/devices/:device_no/history --> git.hyhy.fun/rsplab/iolink/internal/appapi.(*Server).telemetryHistoryV2-fm (3 handlers)
=== RUN   TestAppResourceHTTPWhenRoleDeterminesFarmScope/support//api/v1/ponds
    app_resource_scope_http_test.go:89: http method=GET path=/api/v1/ponds status=200 response=[{"device_count":1,"latest":{"device_no":"v2-permission","dissolved_oxygen":null,"ph":null,"pond_id":9401,"report_interval":60,"salinity":null,"signal":null,"temperature":25,"timestamps":{"dissolved_oxygen":null,"ph":null,"salinity":null,"signal":null,"temperature":"2026-10-04T09:54:46.389547562Z","turbidity":null},"ts":"2026-10-04T17:54:46.389547+08:00","turbidity":null},"pond_id":9401,"pond_name":"v2-pond","status":"warning"}]
=== RUN   TestAppResourceHTTPWhenRoleDeterminesFarmScope/support//api/v1/devices
    app_resource_scope_http_test.go:89: http method=GET path=/api/v1/devices status=200 response=[{"created_at":"2026-10-04T17:55:46.381216+08:00","device_no":"v2-permission","disabled_at":null,"id":1,"last_seen_at":null,"model":"","name":"","pond_id":9401,"report_interval":60,"status":"offline"}]
=== RUN   TestAppResourceHTTPWhenRoleDeterminesFarmScope/support//api/v1/alarms
    app_resource_scope_http_test.go:89: http method=GET path=/api/v1/alarms status=200 response=[{"confirmed_at":null,"created_at":"2026-10-04T17:54:46.389547+08:00","current_value":25,"device_no":"v2-permission","id":1,"level":"warning","message":"temperature 高于阈值 20","metric":"temperature","pond_id":9401,"threshold":20}]
=== RUN   TestAppResourceHTTPWhenRoleDeterminesFarmScope/support/stats
    app_resource_scope_http_test.go:98: http method=GET path=/api/v1/stats/summary status=200 response={"alarm_devices":1,"offline_devices":1,"online_devices":0,"ponds":[{"pond_id":9401,"pond_name":"v2-pond","status":"warning"}]}
=== RUN   TestAppResourceHTTPWhenRoleDeterminesFarmScope/support//api/v1/ponds/9401
    app_resource_scope_http_test.go:127: http method=GET path=/api/v1/ponds/9401 status=200 response={"device_count":1,"latest":{"device_no":"v2-permission","dissolved_oxygen":null,"ph":null,"pond_id":9401,"report_interval":60,"salinity":null,"signal":null,"temperature":25,"timestamps":{"dissolved_oxygen":null,"ph":null,"salinity":null,"signal":null,"temperature":"2026-10-04T09:54:46.389547562Z","turbidity":null},"ts":"2026-10-04T17:54:46.389547+08:00","turbidity":null},"pond_id":9401,"pond_name":"v2-pond","status":"warning"}
=== RUN   TestAppResourceHTTPWhenRoleDeterminesFarmScope/support//api/v1/devices?pond_id=9401
    app_resource_scope_http_test.go:127: http method=GET path=/api/v1/devices?pond_id=9401 status=200 response=[{"created_at":"2026-10-04T17:55:46.381216+08:00","device_no":"v2-permission","disabled_at":null,"id":1,"last_seen_at":null,"model":"","name":"","pond_id":9401,"report_interval":60,"status":"offline"}]
=== RUN   TestAppResourceHTTPWhenRoleDeterminesFarmScope/support//api/v1/devices/v2-permission
    app_resource_scope_http_test.go:127: http method=GET path=/api/v1/devices/v2-permission status=200 response={"created_at":"2026-10-04T17:55:46.381216+08:00","device_no":"v2-permission","disabled_at":null,"id":1,"last_seen_at":null,"latest":{"device_no":"v2-permission","dissolved_oxygen":null,"ph":null,"pond_id":9401,"report_interval":60,"salinity":null,"signal":null,"temperature":25,"timestamps":{"dissolved_oxygen":null,"ph":null,"salinity":null,"signal":null,"temperature":"2026-10-04T09:54:46.389547562Z","turbidity":null},"ts":"2026-10-04T17:54:46.389547+08:00","turbidity":null},"model":"","name":"","pond_id":9401,"report_interval":60,"status":"offline"}
=== RUN   TestAppResourceHTTPWhenRoleDeterminesFarmScope/support//api/v1/water/latest?device_no=v2-permission
    app_resource_scope_http_test.go:127: http method=GET path=/api/v1/water/latest?device_no=v2-permission status=200 response={"device_no":"v2-permission","dissolved_oxygen":null,"ph":null,"pond_id":9401,"report_interval":60,"salinity":null,"signal":null,"temperature":25,"timestamps":{"dissolved_oxygen":null,"ph":null,"salinity":null,"signal":null,"temperature":"2026-10-04T09:54:46.389547562Z","turbidity":null},"ts":"2026-10-04T17:54:46.389547+08:00","turbidity":null}
=== RUN   TestAppResourceHTTPWhenRoleDeterminesFarmScope/support//api/v1/water/history?device_no=v2-permission&metric=temperature&range=30d
    app_resource_scope_http_test.go:127: http method=GET path=/api/v1/water/history?device_no=v2-permission&metric=temperature&range=30d status=200 response={"metric":"temperature","points":[{"ts":"2026-10-04T14:19:46.441694+08:00","value":25}],"unit":"℃"}
=== RUN   TestAppResourceHTTPWhenRoleDeterminesFarmScope/support//api/v2/devices/v2-permission/model/latest
    app_resource_scope_http_test.go:127: http method=GET path=/api/v2/devices/v2-permission/model/latest status=200 response={"device_no":"v2-permission","product_id":1,"model_version":1,"fields":[{"identifier":"temperature","type":"number","unit":"℃","minimum":null,"maximum":null,"enum_values":null,"readable":true,"writable":false,"nullable":true},{"identifier":"dissolved_oxygen","type":"number","unit":"mg/L","minimum":null,"maximum":null,"enum_values":null,"readable":true,"writable":false,"nullable":true},{"identifier":"ph","type":"number","unit":"","minimum":null,"maximum":null,"enum_values":null,"readable":true,"writable":false,"nullable":true},{"identifier":"turbidity","type":"number","unit":"NTU","minimum":null,"maximum":null,"enum_values":null,"readable":true,"writable":false,"nullable":true},{"identifier":"salinity","type":"number","unit":"ppt","minimum":null,"maximum":null,"enum_values":null,"readable":true,"writable":false,"nullable":true}],"ts":"2026-10-04T17:54:46.389547+08:00","properties":{"temperature":25}}
=== RUN   TestAppResourceHTTPWhenRoleDeterminesFarmScope/support//api/v2/devices/v2-permission/history?metric=temperature
    app_resource_scope_http_test.go:127: http method=GET path=/api/v2/devices/v2-permission/history?metric=temperature status=200 response={"device_no":"v2-permission","metric":"temperature","points":[{"ts":"2026-10-04T17:54:46.389547+08:00","value":25,"model_version":1,"unit":"℃"}],"unit":"℃"}
=== RUN   TestAppResourceHTTPWhenRoleDeterminesFarmScope/support//api/v1/ponds/9403
    app_resource_scope_http_test.go:127: http method=GET path=/api/v1/ponds/9403 status=404 response={"error":"pond not found"}
=== RUN   TestAppResourceHTTPWhenRoleDeterminesFarmScope/support//api/v1/devices?pond_id=9403
    app_resource_scope_http_test.go:127: http method=GET path=/api/v1/devices?pond_id=9403 status=404 response={"error":"pond not found"}
=== RUN   TestAppResourceHTTPWhenRoleDeterminesFarmScope/support//api/v1/devices/v2-hidden
    app_resource_scope_http_test.go:127: http method=GET path=/api/v1/devices/v2-hidden status=404 response={"error":"device not found"}
=== RUN   TestAppResourceHTTPWhenRoleDeterminesFarmScope/support//api/v1/water/latest?device_no=v2-hidden
    app_resource_scope_http_test.go:127: http method=GET path=/api/v1/water/latest?device_no=v2-hidden status=404 response={"error":"no data"}
=== RUN   TestAppResourceHTTPWhenRoleDeterminesFarmScope/support//api/v1/water/history?device_no=v2-hidden&metric=temperature&range=30d
    app_resource_scope_http_test.go:127: http method=GET path=/api/v1/water/history?device_no=v2-hidden&metric=temperature&range=30d status=404 response={"error":"device not found"}
=== RUN   TestAppResourceHTTPWhenRoleDeterminesFarmScope/support//api/v2/devices/v2-hidden/model/latest
    app_resource_scope_http_test.go:127: http method=GET path=/api/v2/devices/v2-hidden/model/latest status=404 response={"error":"not_found"}
=== RUN   TestAppResourceHTTPWhenRoleDeterminesFarmScope/support//api/v2/devices/v2-hidden/history?metric=temperature
    app_resource_scope_http_test.go:127: http method=GET path=/api/v2/devices/v2-hidden/history?metric=temperature status=404 response={"error":"not_found"}
=== RUN   TestAppResourceHTTPWhenRoleDeterminesFarmScope/support//api/v1/ponds/9402
    app_resource_scope_http_test.go:127: http method=GET path=/api/v1/ponds/9402 status=404 response={"error":"pond not found"}
=== RUN   TestAppResourceHTTPWhenRoleDeterminesFarmScope/support//api/v1/devices?pond_id=9402
    app_resource_scope_http_test.go:127: http method=GET path=/api/v1/devices?pond_id=9402 status=404 response={"error":"pond not found"}
=== RUN   TestAppResourceHTTPWhenRoleDeterminesFarmScope/support//api/v1/devices/v2-foreign
    app_resource_scope_http_test.go:127: http method=GET path=/api/v1/devices/v2-foreign status=404 response={"error":"device not found"}
=== RUN   TestAppResourceHTTPWhenRoleDeterminesFarmScope/support//api/v1/water/latest?device_no=v2-foreign
    app_resource_scope_http_test.go:127: http method=GET path=/api/v1/water/latest?device_no=v2-foreign status=404 response={"error":"no data"}
=== RUN   TestAppResourceHTTPWhenRoleDeterminesFarmScope/support//api/v1/water/history?device_no=v2-foreign&metric=temperature&range=30d
    app_resource_scope_http_test.go:127: http method=GET path=/api/v1/water/history?device_no=v2-foreign&metric=temperature&range=30d status=404 response={"error":"device not found"}
=== RUN   TestAppResourceHTTPWhenRoleDeterminesFarmScope/support//api/v2/devices/v2-foreign/model/latest
    app_resource_scope_http_test.go:127: http method=GET path=/api/v2/devices/v2-foreign/model/latest status=404 response={"error":"not_found"}
=== RUN   TestAppResourceHTTPWhenRoleDeterminesFarmScope/support//api/v2/devices/v2-foreign/history?metric=temperature
    app_resource_scope_http_test.go:127: http method=GET path=/api/v2/devices/v2-foreign/history?metric=temperature status=404 response={"error":"not_found"}
=== NAME  TestAppResourceHTTPWhenRoleDeterminesFarmScope/support
    app_resource_scope_http_test.go:149: http method=POST path=/api/v1/alarms/2/confirm status=404 response={"error":"alarm not found"}
    app_resource_scope_http_test.go:158: scenario=support_hidden_alarm_confirm before={"alarms": [{"id": 1, "level": "warning", "metric": "temperature", "message": "temperature 高于阈值 20", "pond_id": 9401, "device_no": "v2-permission", "threshold": 20, "created_at": "2026-10-04T09:54:46.389547+00:00", "product_id": 1, "confirmed_at": null, "current_value": 25}, {"id": 2, "level": "warning", "metric": "temperature", "message": "temperature 高于阈值 20", "pond_id": 9403, "device_no": "v2-hidden", "threshold": 20, "created_at": "2026-10-04T09:54:46.398648+00:00", "product_id": 1, "confirmed_at": null, "current_value": 25}], "outbox": [{"id": 1, "status": "pending", "next_at": "2026-10-04T09:55:46.389591+00:00", "alarm_id": 1, "attempts": 0, "created_at": "2026-10-04T09:55:46.389591+00:00", "last_error": null, "updated_at": "2026-10-04T09:55:46.389591+00:00", "lease_owner": null, "leased_until": null, "recipient_open_id": null}, {"id": 2, "status": "pending", "next_at": "2026-10-04T09:55:46.398692+00:00", "alarm_id": 2, "attempts": 0, "created_at": "2026-10-04T09:55:46.398692+00:00", "last_error": null, "updated_at": "2026-10-04T09:55:46.398692+00:00", "lease_owner": null, "leased_until": null, "recipient_open_id": null}], "shadows": [{"ts": "2026-10-04T09:54:46.398648+00:00", "last": {"temperature": 25}, "signal": null, "pond_id": 9403, "device_no": "v2-hidden", "tenant_id": 9401, "product_id": 1, "timestamps": {"temperature": "2026-10-04T09:54:46.39864839Z"}, "model_version": 1}, {"ts": "2026-10-04T09:54:46.389547+00:00", "last": {"temperature": 25}, "signal": null, "pond_id": 9401, "device_no": "v2-permission", "tenant_id": 9401, "product_id": 1, "timestamps": {"temperature": "2026-10-04T09:54:46.389547562Z"}, "model_version": 1}], "telemetry": [{"ts": "2026-10-04T09:54:46.389547+00:00", "pond_id": 9401, "device_no": "v2-permission", "tenant_id": 9401, "product_id": 1, "properties": {"temperature": 25}, "model_version": 1}, {"ts": "2026-10-04T09:54:46.398648+00:00", "pond_id": 9403, "device_no": "v2-hidden", "tenant_id": 9401, "product_id": 1, "properties": {"temperature": 25}, "model_version": 1}], "sensor_data": [{"ph": null, "ts": "2026-10-04T09:54:46.389547+00:00", "signal": null, "battery": null, "pond_id": 9401, "salinity": null, "device_no": "v2-permission", "tenant_id": 9401, "turbidity": null, "temperature": 25, "dissolved_oxygen": null}, {"ph": null, "ts": "2026-10-04T09:54:46.398648+00:00", "signal": null, "battery": null, "pond_id": 9403, "salinity": null, "device_no": "v2-hidden", "tenant_id": 9401, "turbidity": null, "temperature": 25, "dissolved_oxygen": null}]} after={"alarms": [{"id": 1, "level": "warning", "metric": "temperature", "message": "temperature 高于阈值 20", "pond_id": 9401, "device_no": "v2-permission", "threshold": 20, "created_at": "2026-10-04T09:54:46.389547+00:00", "product_id": 1, "confirmed_at": null, "current_value": 25}, {"id": 2, "level": "warning", "metric": "temperature", "message": "temperature 高于阈值 20", "pond_id": 9403, "device_no": "v2-hidden", "threshold": 20, "created_at": "2026-10-04T09:54:46.398648+00:00", "product_id": 1, "confirmed_at": null, "current_value": 25}], "outbox": [{"id": 1, "status": "pending", "next_at": "2026-10-04T09:55:46.389591+00:00", "alarm_id": 1, "attempts": 0, "created_at": "2026-10-04T09:55:46.389591+00:00", "last_error": null, "updated_at": "2026-10-04T09:55:46.389591+00:00", "lease_owner": null, "leased_until": null, "recipient_open_id": null}, {"id": 2, "status": "pending", "next_at": "2026-10-04T09:55:46.398692+00:00", "alarm_id": 2, "attempts": 0, "created_at": "2026-10-04T09:55:46.398692+00:00", "last_error": null, "updated_at": "2026-10-04T09:55:46.398692+00:00", "lease_owner": null, "leased_until": null, "recipient_open_id": null}], "shadows": [{"ts": "2026-10-04T09:54:46.398648+00:00", "last": {"temperature": 25}, "signal": null, "pond_id": 9403, "device_no": "v2-hidden", "tenant_id": 9401, "product_id": 1, "timestamps": {"temperature": "2026-10-04T09:54:46.39864839Z"}, "model_version": 1}, {"ts": "2026-10-04T09:54:46.389547+00:00", "last": {"temperature": 25}, "signal": null, "pond_id": 9401, "device_no": "v2-permission", "tenant_id": 9401, "product_id": 1, "timestamps": {"temperature": "2026-10-04T09:54:46.389547562Z"}, "model_version": 1}], "telemetry": [{"ts": "2026-10-04T09:54:46.389547+00:00", "pond_id": 9401, "device_no": "v2-permission", "tenant_id": 9401, "product_id": 1, "properties": {"temperature": 25}, "model_version": 1}, {"ts": "2026-10-04T09:54:46.398648+00:00", "pond_id": 9403, "device_no": "v2-hidden", "tenant_id": 9401, "product_id": 1, "properties": {"temperature": 25}, "model_version": 1}], "sensor_data": [{"ph": null, "ts": "2026-10-04T09:54:46.389547+00:00", "signal": null, "battery": null, "pond_id": 9401, "salinity": null, "device_no": "v2-permission", "tenant_id": 9401, "turbidity": null, "temperature": 25, "dissolved_oxygen": null}, {"ph": null, "ts": "2026-10-04T09:54:46.398648+00:00", "signal": null, "battery": null, "pond_id": 9403, "salinity": null, "device_no": "v2-hidden", "tenant_id": 9401, "turbidity": null, "temperature": 25, "dissolved_oxygen": null}]}
--- PASS: TestAppResourceHTTPWhenRoleDeterminesFarmScope (2.77s)
    --- PASS: TestAppResourceHTTPWhenRoleDeterminesFarmScope/owner (0.67s)
        --- PASS: TestAppResourceHTTPWhenRoleDeterminesFarmScope/owner//api/v1/ponds (0.01s)
        --- PASS: TestAppResourceHTTPWhenRoleDeterminesFarmScope/owner//api/v1/devices (0.00s)
        --- PASS: TestAppResourceHTTPWhenRoleDeterminesFarmScope/owner//api/v1/alarms (0.00s)
        --- PASS: TestAppResourceHTTPWhenRoleDeterminesFarmScope/owner/stats (0.00s)
        --- PASS: TestAppResourceHTTPWhenRoleDeterminesFarmScope/owner//api/v1/ponds/9401 (0.00s)
        --- PASS: TestAppResourceHTTPWhenRoleDeterminesFarmScope/owner//api/v1/devices?pond_id=9401 (0.00s)
        --- PASS: TestAppResourceHTTPWhenRoleDeterminesFarmScope/owner//api/v1/devices/v2-permission (0.00s)
        --- PASS: TestAppResourceHTTPWhenRoleDeterminesFarmScope/owner//api/v1/water/latest?device_no=v2-permission (0.00s)
        --- PASS: TestAppResourceHTTPWhenRoleDeterminesFarmScope/owner//api/v1/water/history?device_no=v2-permission&metric=temperature&range=30d (0.00s)
        --- PASS: TestAppResourceHTTPWhenRoleDeterminesFarmScope/owner//api/v2/devices/v2-permission/model/latest (0.00s)
        --- PASS: TestAppResourceHTTPWhenRoleDeterminesFarmScope/owner//api/v2/devices/v2-permission/history?metric=temperature (0.01s)
        --- PASS: TestAppResourceHTTPWhenRoleDeterminesFarmScope/owner//api/v1/ponds/9403 (0.00s)
        --- PASS: TestAppResourceHTTPWhenRoleDeterminesFarmScope/owner//api/v1/devices?pond_id=9403 (0.00s)
        --- PASS: TestAppResourceHTTPWhenRoleDeterminesFarmScope/owner//api/v1/devices/v2-hidden (0.00s)
        --- PASS: TestAppResourceHTTPWhenRoleDeterminesFarmScope/owner//api/v1/water/latest?device_no=v2-hidden (0.00s)
        --- PASS: TestAppResourceHTTPWhenRoleDeterminesFarmScope/owner//api/v1/water/history?device_no=v2-hidden&metric=temperature&range=30d (0.00s)
        --- PASS: TestAppResourceHTTPWhenRoleDeterminesFarmScope/owner//api/v2/devices/v2-hidden/model/latest (0.00s)
        --- PASS: TestAppResourceHTTPWhenRoleDeterminesFarmScope/owner//api/v2/devices/v2-hidden/history?metric=temperature (0.00s)
        --- PASS: TestAppResourceHTTPWhenRoleDeterminesFarmScope/owner//api/v1/ponds/9402 (0.00s)
        --- PASS: TestAppResourceHTTPWhenRoleDeterminesFarmScope/owner//api/v1/devices?pond_id=9402 (0.00s)
        --- PASS: TestAppResourceHTTPWhenRoleDeterminesFarmScope/owner//api/v1/devices/v2-foreign (0.00s)
        --- PASS: TestAppResourceHTTPWhenRoleDeterminesFarmScope/owner//api/v1/water/latest?device_no=v2-foreign (0.00s)
        --- PASS: TestAppResourceHTTPWhenRoleDeterminesFarmScope/owner//api/v1/water/history?device_no=v2-foreign&metric=temperature&range=30d (0.00s)
        --- PASS: TestAppResourceHTTPWhenRoleDeterminesFarmScope/owner//api/v2/devices/v2-foreign/model/latest (0.00s)
        --- PASS: TestAppResourceHTTPWhenRoleDeterminesFarmScope/owner//api/v2/devices/v2-foreign/history?metric=temperature (0.00s)
    --- PASS: TestAppResourceHTTPWhenRoleDeterminesFarmScope/admin (0.55s)
        --- PASS: TestAppResourceHTTPWhenRoleDeterminesFarmScope/admin//api/v1/ponds (0.01s)
        --- PASS: TestAppResourceHTTPWhenRoleDeterminesFarmScope/admin//api/v1/devices (0.00s)
        --- PASS: TestAppResourceHTTPWhenRoleDeterminesFarmScope/admin//api/v1/alarms (0.00s)
        --- PASS: TestAppResourceHTTPWhenRoleDeterminesFarmScope/admin/stats (0.00s)
        --- PASS: TestAppResourceHTTPWhenRoleDeterminesFarmScope/admin//api/v1/ponds/9401 (0.00s)
        --- PASS: TestAppResourceHTTPWhenRoleDeterminesFarmScope/admin//api/v1/devices?pond_id=9401 (0.00s)
        --- PASS: TestAppResourceHTTPWhenRoleDeterminesFarmScope/admin//api/v1/devices/v2-permission (0.00s)
        --- PASS: TestAppResourceHTTPWhenRoleDeterminesFarmScope/admin//api/v1/water/latest?device_no=v2-permission (0.00s)
        --- PASS: TestAppResourceHTTPWhenRoleDeterminesFarmScope/admin//api/v1/water/history?device_no=v2-permission&metric=temperature&range=30d (0.00s)
        --- PASS: TestAppResourceHTTPWhenRoleDeterminesFarmScope/admin//api/v2/devices/v2-permission/model/latest (0.00s)
        --- PASS: TestAppResourceHTTPWhenRoleDeterminesFarmScope/admin//api/v2/devices/v2-permission/history?metric=temperature (0.01s)
        --- PASS: TestAppResourceHTTPWhenRoleDeterminesFarmScope/admin//api/v1/ponds/9403 (0.00s)
        --- PASS: TestAppResourceHTTPWhenRoleDeterminesFarmScope/admin//api/v1/devices?pond_id=9403 (0.00s)
        --- PASS: TestAppResourceHTTPWhenRoleDeterminesFarmScope/admin//api/v1/devices/v2-hidden (0.00s)
        --- PASS: TestAppResourceHTTPWhenRoleDeterminesFarmScope/admin//api/v1/water/latest?device_no=v2-hidden (0.00s)
        --- PASS: TestAppResourceHTTPWhenRoleDeterminesFarmScope/admin//api/v1/water/history?device_no=v2-hidden&metric=temperature&range=30d (0.00s)
        --- PASS: TestAppResourceHTTPWhenRoleDeterminesFarmScope/admin//api/v2/devices/v2-hidden/model/latest (0.00s)
        --- PASS: TestAppResourceHTTPWhenRoleDeterminesFarmScope/admin//api/v2/devices/v2-hidden/history?metric=temperature (0.00s)
        --- PASS: TestAppResourceHTTPWhenRoleDeterminesFarmScope/admin//api/v1/ponds/9402 (0.00s)
        --- PASS: TestAppResourceHTTPWhenRoleDeterminesFarmScope/admin//api/v1/devices?pond_id=9402 (0.00s)
        --- PASS: TestAppResourceHTTPWhenRoleDeterminesFarmScope/admin//api/v1/devices/v2-foreign (0.00s)
        --- PASS: TestAppResourceHTTPWhenRoleDeterminesFarmScope/admin//api/v1/water/latest?device_no=v2-foreign (0.00s)
        --- PASS: TestAppResourceHTTPWhenRoleDeterminesFarmScope/admin//api/v1/water/history?device_no=v2-foreign&metric=temperature&range=30d (0.00s)
        --- PASS: TestAppResourceHTTPWhenRoleDeterminesFarmScope/admin//api/v2/devices/v2-foreign/model/latest (0.00s)
        --- PASS: TestAppResourceHTTPWhenRoleDeterminesFarmScope/admin//api/v2/devices/v2-foreign/history?metric=temperature (0.00s)
    --- PASS: TestAppResourceHTTPWhenRoleDeterminesFarmScope/member (0.50s)
        --- PASS: TestAppResourceHTTPWhenRoleDeterminesFarmScope/member//api/v1/ponds (0.01s)
        --- PASS: TestAppResourceHTTPWhenRoleDeterminesFarmScope/member//api/v1/devices (0.00s)
        --- PASS: TestAppResourceHTTPWhenRoleDeterminesFarmScope/member//api/v1/alarms (0.00s)
        --- PASS: TestAppResourceHTTPWhenRoleDeterminesFarmScope/member/stats (0.00s)
        --- PASS: TestAppResourceHTTPWhenRoleDeterminesFarmScope/member//api/v1/ponds/9401 (0.00s)
        --- PASS: TestAppResourceHTTPWhenRoleDeterminesFarmScope/member//api/v1/devices?pond_id=9401 (0.00s)
        --- PASS: TestAppResourceHTTPWhenRoleDeterminesFarmScope/member//api/v1/devices/v2-permission (0.00s)
        --- PASS: TestAppResourceHTTPWhenRoleDeterminesFarmScope/member//api/v1/water/latest?device_no=v2-permission (0.00s)
        --- PASS: TestAppResourceHTTPWhenRoleDeterminesFarmScope/member//api/v1/water/history?device_no=v2-permission&metric=temperature&range=30d (0.00s)
        --- PASS: TestAppResourceHTTPWhenRoleDeterminesFarmScope/member//api/v2/devices/v2-permission/model/latest (0.00s)
        --- PASS: TestAppResourceHTTPWhenRoleDeterminesFarmScope/member//api/v2/devices/v2-permission/history?metric=temperature (0.01s)
        --- PASS: TestAppResourceHTTPWhenRoleDeterminesFarmScope/member//api/v1/ponds/9403 (0.00s)
        --- PASS: TestAppResourceHTTPWhenRoleDeterminesFarmScope/member//api/v1/devices?pond_id=9403 (0.00s)
        --- PASS: TestAppResourceHTTPWhenRoleDeterminesFarmScope/member//api/v1/devices/v2-hidden (0.00s)
        --- PASS: TestAppResourceHTTPWhenRoleDeterminesFarmScope/member//api/v1/water/latest?device_no=v2-hidden (0.00s)
        --- PASS: TestAppResourceHTTPWhenRoleDeterminesFarmScope/member//api/v1/water/history?device_no=v2-hidden&metric=temperature&range=30d (0.00s)
        --- PASS: TestAppResourceHTTPWhenRoleDeterminesFarmScope/member//api/v2/devices/v2-hidden/model/latest (0.00s)
        --- PASS: TestAppResourceHTTPWhenRoleDeterminesFarmScope/member//api/v2/devices/v2-hidden/history?metric=temperature (0.00s)
        --- PASS: TestAppResourceHTTPWhenRoleDeterminesFarmScope/member//api/v1/ponds/9402 (0.00s)
        --- PASS: TestAppResourceHTTPWhenRoleDeterminesFarmScope/member//api/v1/devices?pond_id=9402 (0.00s)
        --- PASS: TestAppResourceHTTPWhenRoleDeterminesFarmScope/member//api/v1/devices/v2-foreign (0.00s)
        --- PASS: TestAppResourceHTTPWhenRoleDeterminesFarmScope/member//api/v1/water/latest?device_no=v2-foreign (0.00s)
        --- PASS: TestAppResourceHTTPWhenRoleDeterminesFarmScope/member//api/v1/water/history?device_no=v2-foreign&metric=temperature&range=30d (0.00s)
        --- PASS: TestAppResourceHTTPWhenRoleDeterminesFarmScope/member//api/v2/devices/v2-foreign/model/latest (0.00s)
        --- PASS: TestAppResourceHTTPWhenRoleDeterminesFarmScope/member//api/v2/devices/v2-foreign/history?metric=temperature (0.00s)
    --- PASS: TestAppResourceHTTPWhenRoleDeterminesFarmScope/viewer (0.51s)
        --- PASS: TestAppResourceHTTPWhenRoleDeterminesFarmScope/viewer//api/v1/ponds (0.01s)
        --- PASS: TestAppResourceHTTPWhenRoleDeterminesFarmScope/viewer//api/v1/devices (0.00s)
        --- PASS: TestAppResourceHTTPWhenRoleDeterminesFarmScope/viewer//api/v1/alarms (0.00s)
        --- PASS: TestAppResourceHTTPWhenRoleDeterminesFarmScope/viewer/stats (0.00s)
        --- PASS: TestAppResourceHTTPWhenRoleDeterminesFarmScope/viewer//api/v1/ponds/9401 (0.00s)
        --- PASS: TestAppResourceHTTPWhenRoleDeterminesFarmScope/viewer//api/v1/devices?pond_id=9401 (0.00s)
        --- PASS: TestAppResourceHTTPWhenRoleDeterminesFarmScope/viewer//api/v1/devices/v2-permission (0.00s)
        --- PASS: TestAppResourceHTTPWhenRoleDeterminesFarmScope/viewer//api/v1/water/latest?device_no=v2-permission (0.00s)
        --- PASS: TestAppResourceHTTPWhenRoleDeterminesFarmScope/viewer//api/v1/water/history?device_no=v2-permission&metric=temperature&range=30d (0.00s)
        --- PASS: TestAppResourceHTTPWhenRoleDeterminesFarmScope/viewer//api/v2/devices/v2-permission/model/latest (0.00s)
        --- PASS: TestAppResourceHTTPWhenRoleDeterminesFarmScope/viewer//api/v2/devices/v2-permission/history?metric=temperature (0.01s)
        --- PASS: TestAppResourceHTTPWhenRoleDeterminesFarmScope/viewer//api/v1/ponds/9403 (0.00s)
        --- PASS: TestAppResourceHTTPWhenRoleDeterminesFarmScope/viewer//api/v1/devices?pond_id=9403 (0.00s)
        --- PASS: TestAppResourceHTTPWhenRoleDeterminesFarmScope/viewer//api/v1/devices/v2-hidden (0.00s)
        --- PASS: TestAppResourceHTTPWhenRoleDeterminesFarmScope/viewer//api/v1/water/latest?device_no=v2-hidden (0.00s)
        --- PASS: TestAppResourceHTTPWhenRoleDeterminesFarmScope/viewer//api/v1/water/history?device_no=v2-hidden&metric=temperature&range=30d (0.00s)
        --- PASS: TestAppResourceHTTPWhenRoleDeterminesFarmScope/viewer//api/v2/devices/v2-hidden/model/latest (0.00s)
        --- PASS: TestAppResourceHTTPWhenRoleDeterminesFarmScope/viewer//api/v2/devices/v2-hidden/history?metric=temperature (0.00s)
        --- PASS: TestAppResourceHTTPWhenRoleDeterminesFarmScope/viewer//api/v1/ponds/9402 (0.00s)
        --- PASS: TestAppResourceHTTPWhenRoleDeterminesFarmScope/viewer//api/v1/devices?pond_id=9402 (0.00s)
        --- PASS: TestAppResourceHTTPWhenRoleDeterminesFarmScope/viewer//api/v1/devices/v2-foreign (0.00s)
        --- PASS: TestAppResourceHTTPWhenRoleDeterminesFarmScope/viewer//api/v1/water/latest?device_no=v2-foreign (0.00s)
        --- PASS: TestAppResourceHTTPWhenRoleDeterminesFarmScope/viewer//api/v1/water/history?device_no=v2-foreign&metric=temperature&range=30d (0.00s)
        --- PASS: TestAppResourceHTTPWhenRoleDeterminesFarmScope/viewer//api/v2/devices/v2-foreign/model/latest (0.00s)
        --- PASS: TestAppResourceHTTPWhenRoleDeterminesFarmScope/viewer//api/v2/devices/v2-foreign/history?metric=temperature (0.00s)
    --- PASS: TestAppResourceHTTPWhenRoleDeterminesFarmScope/support (0.54s)
        --- PASS: TestAppResourceHTTPWhenRoleDeterminesFarmScope/support//api/v1/ponds (0.01s)
        --- PASS: TestAppResourceHTTPWhenRoleDeterminesFarmScope/support//api/v1/devices (0.00s)
        --- PASS: TestAppResourceHTTPWhenRoleDeterminesFarmScope/support//api/v1/alarms (0.00s)
        --- PASS: TestAppResourceHTTPWhenRoleDeterminesFarmScope/support/stats (0.00s)
        --- PASS: TestAppResourceHTTPWhenRoleDeterminesFarmScope/support//api/v1/ponds/9401 (0.00s)
        --- PASS: TestAppResourceHTTPWhenRoleDeterminesFarmScope/support//api/v1/devices?pond_id=9401 (0.00s)
        --- PASS: TestAppResourceHTTPWhenRoleDeterminesFarmScope/support//api/v1/devices/v2-permission (0.00s)
        --- PASS: TestAppResourceHTTPWhenRoleDeterminesFarmScope/support//api/v1/water/latest?device_no=v2-permission (0.00s)
        --- PASS: TestAppResourceHTTPWhenRoleDeterminesFarmScope/support//api/v1/water/history?device_no=v2-permission&metric=temperature&range=30d (0.00s)
        --- PASS: TestAppResourceHTTPWhenRoleDeterminesFarmScope/support//api/v2/devices/v2-permission/model/latest (0.00s)
        --- PASS: TestAppResourceHTTPWhenRoleDeterminesFarmScope/support//api/v2/devices/v2-permission/history?metric=temperature (0.01s)
        --- PASS: TestAppResourceHTTPWhenRoleDeterminesFarmScope/support//api/v1/ponds/9403 (0.00s)
        --- PASS: TestAppResourceHTTPWhenRoleDeterminesFarmScope/support//api/v1/devices?pond_id=9403 (0.00s)
        --- PASS: TestAppResourceHTTPWhenRoleDeterminesFarmScope/support//api/v1/devices/v2-hidden (0.00s)
        --- PASS: TestAppResourceHTTPWhenRoleDeterminesFarmScope/support//api/v1/water/latest?device_no=v2-hidden (0.00s)
        --- PASS: TestAppResourceHTTPWhenRoleDeterminesFarmScope/support//api/v1/water/history?device_no=v2-hidden&metric=temperature&range=30d (0.00s)
        --- PASS: TestAppResourceHTTPWhenRoleDeterminesFarmScope/support//api/v2/devices/v2-hidden/model/latest (0.00s)
        --- PASS: TestAppResourceHTTPWhenRoleDeterminesFarmScope/support//api/v2/devices/v2-hidden/history?metric=temperature (0.00s)
        --- PASS: TestAppResourceHTTPWhenRoleDeterminesFarmScope/support//api/v1/ponds/9402 (0.00s)
        --- PASS: TestAppResourceHTTPWhenRoleDeterminesFarmScope/support//api/v1/devices?pond_id=9402 (0.00s)
        --- PASS: TestAppResourceHTTPWhenRoleDeterminesFarmScope/support//api/v1/devices/v2-foreign (0.00s)
        --- PASS: TestAppResourceHTTPWhenRoleDeterminesFarmScope/support//api/v1/water/latest?device_no=v2-foreign (0.00s)
        --- PASS: TestAppResourceHTTPWhenRoleDeterminesFarmScope/support//api/v1/water/history?device_no=v2-foreign&metric=temperature&range=30d (0.00s)
        --- PASS: TestAppResourceHTTPWhenRoleDeterminesFarmScope/support//api/v2/devices/v2-foreign/model/latest (0.00s)
        --- PASS: TestAppResourceHTTPWhenRoleDeterminesFarmScope/support//api/v2/devices/v2-foreign/history?metric=temperature (0.00s)
=== RUN   TestM6bEnsurePlatformUserDoesNotCreateOrdinaryMembership
--- PASS: TestM6bEnsurePlatformUserDoesNotCreateOrdinaryMembership (0.42s)
=== RUN   TestM6bScopedReadsAndExistsQueries
--- PASS: TestM6bScopedReadsAndExistsQueries (0.46s)
=== RUN   TestReviewerMemberGrantRejectsCommittedActorRevocation
=== RUN   TestReviewerMemberGrantRejectsCommittedActorRevocation/role
    tenant_write_revocation_http_test.go:41: environment real_timescaledb=2.30.0
[GIN-debug] [WARNING] Running in "debug" mode. Switch to "release" mode in production.
 - using env:	export GIN_MODE=release
 - using code:	gin.SetMode(gin.ReleaseMode)

[GIN-debug] POST   /admin/v1/login           --> git.hyhy.fun/rsplab/iolink/internal/adminapi.(*Server).login-fm (2 handlers)
[GIN-debug] GET    /admin/v1/tenants         --> git.hyhy.fun/rsplab/iolink/internal/adminapi.(*Server).listTenants-fm (3 handlers)
[GIN-debug] PUT    /admin/v1/tenants/:id/status --> git.hyhy.fun/rsplab/iolink/internal/adminapi.(*Server).setTenantStatus-fm (3 handlers)
[GIN-debug] GET    /admin/v1/tenants/:id/members --> git.hyhy.fun/rsplab/iolink/internal/adminapi.(*Server).listTenantMembers-fm (3 handlers)
[GIN-debug] PUT    /admin/v1/tenants/:id/members/:user_id --> git.hyhy.fun/rsplab/iolink/internal/adminapi.(*Server).setTenantMember-fm (3 handlers)
[GIN-debug] POST   /admin/v1/password        --> git.hyhy.fun/rsplab/iolink/internal/adminapi.(*Server).changePassword-fm (3 handlers)
[GIN-debug] GET    /admin/v1/farms           --> git.hyhy.fun/rsplab/iolink/internal/adminapi.(*Server).listFarms-fm (4 handlers)
[GIN-debug] POST   /admin/v1/farms           --> git.hyhy.fun/rsplab/iolink/internal/adminapi.(*Server).createFarm-fm (4 handlers)
[GIN-debug] GET    /admin/v1/users           --> git.hyhy.fun/rsplab/iolink/internal/adminapi.(*Server).listUsers-fm (4 handlers)
[GIN-debug] PUT    /admin/v1/farms/:id       --> git.hyhy.fun/rsplab/iolink/internal/adminapi.(*Server).updateFarm-fm (4 handlers)
[GIN-debug] DELETE /admin/v1/farms/:id       --> git.hyhy.fun/rsplab/iolink/internal/adminapi.(*Server).deleteFarm-fm (4 handlers)
[GIN-debug] PUT    /admin/v1/farms/:id/owner --> git.hyhy.fun/rsplab/iolink/internal/adminapi.(*Server).setFarmOwner-fm (4 handlers)
[GIN-debug] GET    /admin/v1/farms/:id/members --> git.hyhy.fun/rsplab/iolink/internal/adminapi.(*Server).listFarmMembers-fm (4 handlers)
[GIN-debug] PUT    /admin/v1/farms/:id/members/:user_id --> git.hyhy.fun/rsplab/iolink/internal/adminapi.(*Server).setFarmMember-fm (4 handlers)
[GIN-debug] GET    /admin/v1/ponds           --> git.hyhy.fun/rsplab/iolink/internal/adminapi.(*Server).listPonds-fm (4 handlers)
[GIN-debug] POST   /admin/v1/ponds           --> git.hyhy.fun/rsplab/iolink/internal/adminapi.(*Server).createPond-fm (4 handlers)
[GIN-debug] PUT    /admin/v1/ponds/:id       --> git.hyhy.fun/rsplab/iolink/internal/adminapi.(*Server).updatePond-fm (4 handlers)
[GIN-debug] DELETE /admin/v1/ponds/:id       --> git.hyhy.fun/rsplab/iolink/internal/adminapi.(*Server).deletePond-fm (4 handlers)
[GIN-debug] GET    /admin/v1/devices         --> git.hyhy.fun/rsplab/iolink/internal/adminapi.(*Server).listDevices-fm (4 handlers)
[GIN-debug] POST   /admin/v1/devices         --> git.hyhy.fun/rsplab/iolink/internal/adminapi.(*Server).registerDevice-fm (4 handlers)
[GIN-debug] GET    /admin/v1/devices/:device_no --> git.hyhy.fun/rsplab/iolink/internal/adminapi.(*Server).getDevice-fm (4 handlers)
[GIN-debug] DELETE /admin/v1/devices/:device_no --> git.hyhy.fun/rsplab/iolink/internal/adminapi.(*Server).deleteDevice-fm (4 handlers)
[GIN-debug] PUT    /admin/v1/devices/:device_no/pond --> git.hyhy.fun/rsplab/iolink/internal/adminapi.(*Server).moveDevice-fm (4 handlers)
[GIN-debug] GET    /admin/v1/alarm-rules     --> git.hyhy.fun/rsplab/iolink/internal/adminapi.(*Server).listRules-fm (4 handlers)
[GIN-debug] POST   /admin/v1/alarm-rules     --> git.hyhy.fun/rsplab/iolink/internal/adminapi.(*Server).createRule-fm (4 handlers)
[GIN-debug] PUT    /admin/v1/alarm-rules/:id --> git.hyhy.fun/rsplab/iolink/internal/adminapi.(*Server).updateRule-fm (4 handlers)
[GIN-debug] DELETE /admin/v1/alarm-rules/:id --> git.hyhy.fun/rsplab/iolink/internal/adminapi.(*Server).deleteRule-fm (4 handlers)
[GIN-debug] GET    /admin/v1/alarms          --> git.hyhy.fun/rsplab/iolink/internal/adminapi.(*Server).listAlarms-fm (4 handlers)
[GIN-debug] POST   /admin/v1/alarms/:id/confirm --> git.hyhy.fun/rsplab/iolink/internal/adminapi.(*Server).confirmAlarm-fm (4 handlers)
[GIN-debug] POST   /admin/v1/alarms/batch-confirm --> git.hyhy.fun/rsplab/iolink/internal/adminapi.(*Server).batchConfirm-fm (4 handlers)
[GIN-debug] GET    /admin/v1/stats           --> git.hyhy.fun/rsplab/iolink/internal/adminapi.(*Server).stats-fm (4 handlers)
[GIN-debug] GET    /admin/v1/products        --> git.hyhy.fun/rsplab/iolink/internal/adminapi.(*Server).listProducts-fm (4 handlers)
[GIN-debug] POST   /admin/v1/products        --> git.hyhy.fun/rsplab/iolink/internal/adminapi.(*Server).createProduct-fm (4 handlers)
[GIN-debug] GET    /admin/v1/products/:product_id/models --> git.hyhy.fun/rsplab/iolink/internal/adminapi.(*Server).listProductModels-fm (4 handlers)
[GIN-debug] POST   /admin/v1/products/:product_id/models --> git.hyhy.fun/rsplab/iolink/internal/adminapi.(*Server).createProductModel-fm (4 handlers)
[GIN-debug] POST   /admin/v1/products/:product_id/models/:version/publish --> git.hyhy.fun/rsplab/iolink/internal/adminapi.(*Server).publishProductModel-fm (4 handlers)
[GIN-debug] GET    /admin/v1/devices/:device_no/product --> git.hyhy.fun/rsplab/iolink/internal/adminapi.(*Server).getDeviceProduct-fm (4 handlers)
[GIN-debug] PUT    /admin/v1/devices/:device_no/product --> git.hyhy.fun/rsplab/iolink/internal/adminapi.(*Server).assignDeviceProduct-fm (4 handlers)
2026/10/04 17:55:48 INFO http request request_id=XW6UENDCNBKBSF4S3DBPSZWYE2 route=/admin/v1/login method=POST status=200 duration_ms=166 tenant_id=0 actor_id=0
2026/10/04 17:55:48 WARN http request request_id=L7274C2FOBVKESRE5SHLUBJEW4 route=/admin/v1/tenants/:id/members/:user_id method=PUT status=403 duration_ms=3 tenant_id=9401 actor_id=9402
    tenant_write_revocation_http_test.go:68: http method=PUT path=/admin/v1/tenants/9401/members/9401 status=403 response={"error":"forbidden"}
    tenant_write_revocation_http_test.go:73: source=9120469 member_change=role injected=true status=403 before="owner" after="owner" response={"error":"forbidden"}
=== RUN   TestReviewerMemberGrantRejectsCommittedActorRevocation/membership
    tenant_write_revocation_http_test.go:41: environment real_timescaledb=2.30.0
[GIN-debug] [WARNING] Running in "debug" mode. Switch to "release" mode in production.
 - using env:	export GIN_MODE=release
 - using code:	gin.SetMode(gin.ReleaseMode)

[GIN-debug] POST   /admin/v1/login           --> git.hyhy.fun/rsplab/iolink/internal/adminapi.(*Server).login-fm (2 handlers)
[GIN-debug] GET    /admin/v1/tenants         --> git.hyhy.fun/rsplab/iolink/internal/adminapi.(*Server).listTenants-fm (3 handlers)
[GIN-debug] PUT    /admin/v1/tenants/:id/status --> git.hyhy.fun/rsplab/iolink/internal/adminapi.(*Server).setTenantStatus-fm (3 handlers)
[GIN-debug] GET    /admin/v1/tenants/:id/members --> git.hyhy.fun/rsplab/iolink/internal/adminapi.(*Server).listTenantMembers-fm (3 handlers)
[GIN-debug] PUT    /admin/v1/tenants/:id/members/:user_id --> git.hyhy.fun/rsplab/iolink/internal/adminapi.(*Server).setTenantMember-fm (3 handlers)
[GIN-debug] POST   /admin/v1/password        --> git.hyhy.fun/rsplab/iolink/internal/adminapi.(*Server).changePassword-fm (3 handlers)
[GIN-debug] GET    /admin/v1/farms           --> git.hyhy.fun/rsplab/iolink/internal/adminapi.(*Server).listFarms-fm (4 handlers)
[GIN-debug] POST   /admin/v1/farms           --> git.hyhy.fun/rsplab/iolink/internal/adminapi.(*Server).createFarm-fm (4 handlers)
[GIN-debug] GET    /admin/v1/users           --> git.hyhy.fun/rsplab/iolink/internal/adminapi.(*Server).listUsers-fm (4 handlers)
[GIN-debug] PUT    /admin/v1/farms/:id       --> git.hyhy.fun/rsplab/iolink/internal/adminapi.(*Server).updateFarm-fm (4 handlers)
[GIN-debug] DELETE /admin/v1/farms/:id       --> git.hyhy.fun/rsplab/iolink/internal/adminapi.(*Server).deleteFarm-fm (4 handlers)
[GIN-debug] PUT    /admin/v1/farms/:id/owner --> git.hyhy.fun/rsplab/iolink/internal/adminapi.(*Server).setFarmOwner-fm (4 handlers)
[GIN-debug] GET    /admin/v1/farms/:id/members --> git.hyhy.fun/rsplab/iolink/internal/adminapi.(*Server).listFarmMembers-fm (4 handlers)
[GIN-debug] PUT    /admin/v1/farms/:id/members/:user_id --> git.hyhy.fun/rsplab/iolink/internal/adminapi.(*Server).setFarmMember-fm (4 handlers)
[GIN-debug] GET    /admin/v1/ponds           --> git.hyhy.fun/rsplab/iolink/internal/adminapi.(*Server).listPonds-fm (4 handlers)
[GIN-debug] POST   /admin/v1/ponds           --> git.hyhy.fun/rsplab/iolink/internal/adminapi.(*Server).createPond-fm (4 handlers)
[GIN-debug] PUT    /admin/v1/ponds/:id       --> git.hyhy.fun/rsplab/iolink/internal/adminapi.(*Server).updatePond-fm (4 handlers)
[GIN-debug] DELETE /admin/v1/ponds/:id       --> git.hyhy.fun/rsplab/iolink/internal/adminapi.(*Server).deletePond-fm (4 handlers)
[GIN-debug] GET    /admin/v1/devices         --> git.hyhy.fun/rsplab/iolink/internal/adminapi.(*Server).listDevices-fm (4 handlers)
[GIN-debug] POST   /admin/v1/devices         --> git.hyhy.fun/rsplab/iolink/internal/adminapi.(*Server).registerDevice-fm (4 handlers)
[GIN-debug] GET    /admin/v1/devices/:device_no --> git.hyhy.fun/rsplab/iolink/internal/adminapi.(*Server).getDevice-fm (4 handlers)
[GIN-debug] DELETE /admin/v1/devices/:device_no --> git.hyhy.fun/rsplab/iolink/internal/adminapi.(*Server).deleteDevice-fm (4 handlers)
[GIN-debug] PUT    /admin/v1/devices/:device_no/pond --> git.hyhy.fun/rsplab/iolink/internal/adminapi.(*Server).moveDevice-fm (4 handlers)
[GIN-debug] GET    /admin/v1/alarm-rules     --> git.hyhy.fun/rsplab/iolink/internal/adminapi.(*Server).listRules-fm (4 handlers)
[GIN-debug] POST   /admin/v1/alarm-rules     --> git.hyhy.fun/rsplab/iolink/internal/adminapi.(*Server).createRule-fm (4 handlers)
[GIN-debug] PUT    /admin/v1/alarm-rules/:id --> git.hyhy.fun/rsplab/iolink/internal/adminapi.(*Server).updateRule-fm (4 handlers)
[GIN-debug] DELETE /admin/v1/alarm-rules/:id --> git.hyhy.fun/rsplab/iolink/internal/adminapi.(*Server).deleteRule-fm (4 handlers)
[GIN-debug] GET    /admin/v1/alarms          --> git.hyhy.fun/rsplab/iolink/internal/adminapi.(*Server).listAlarms-fm (4 handlers)
[GIN-debug] POST   /admin/v1/alarms/:id/confirm --> git.hyhy.fun/rsplab/iolink/internal/adminapi.(*Server).confirmAlarm-fm (4 handlers)
[GIN-debug] POST   /admin/v1/alarms/batch-confirm --> git.hyhy.fun/rsplab/iolink/internal/adminapi.(*Server).batchConfirm-fm (4 handlers)
[GIN-debug] GET    /admin/v1/stats           --> git.hyhy.fun/rsplab/iolink/internal/adminapi.(*Server).stats-fm (4 handlers)
[GIN-debug] GET    /admin/v1/products        --> git.hyhy.fun/rsplab/iolink/internal/adminapi.(*Server).listProducts-fm (4 handlers)
[GIN-debug] POST   /admin/v1/products        --> git.hyhy.fun/rsplab/iolink/internal/adminapi.(*Server).createProduct-fm (4 handlers)
[GIN-debug] GET    /admin/v1/products/:product_id/models --> git.hyhy.fun/rsplab/iolink/internal/adminapi.(*Server).listProductModels-fm (4 handlers)
[GIN-debug] POST   /admin/v1/products/:product_id/models --> git.hyhy.fun/rsplab/iolink/internal/adminapi.(*Server).createProductModel-fm (4 handlers)
[GIN-debug] POST   /admin/v1/products/:product_id/models/:version/publish --> git.hyhy.fun/rsplab/iolink/internal/adminapi.(*Server).publishProductModel-fm (4 handlers)
[GIN-debug] GET    /admin/v1/devices/:device_no/product --> git.hyhy.fun/rsplab/iolink/internal/adminapi.(*Server).getDeviceProduct-fm (4 handlers)
[GIN-debug] PUT    /admin/v1/devices/:device_no/product --> git.hyhy.fun/rsplab/iolink/internal/adminapi.(*Server).assignDeviceProduct-fm (4 handlers)
2026/10/04 17:55:48 INFO http request request_id=AVXHYUXBIMNWRPTEBW34IMPRBU route=/admin/v1/login method=POST status=200 duration_ms=147 tenant_id=0 actor_id=0
2026/10/04 17:55:48 WARN http request request_id=ESQ3QWAXGUUL5P57UNQQAHLUWJ route=/admin/v1/tenants/:id/members/:user_id method=PUT status=403 duration_ms=3 tenant_id=9401 actor_id=9402
    tenant_write_revocation_http_test.go:68: http method=PUT path=/admin/v1/tenants/9401/members/9401 status=403 response={"error":"forbidden"}
    tenant_write_revocation_http_test.go:73: source=9120469 member_change=membership injected=true status=403 before="owner" after="owner" response={"error":"forbidden"}
=== RUN   TestReviewerMemberGrantRejectsCommittedActorRevocation/tenant
    tenant_write_revocation_http_test.go:41: environment real_timescaledb=2.30.0
[GIN-debug] [WARNING] Running in "debug" mode. Switch to "release" mode in production.
 - using env:	export GIN_MODE=release
 - using code:	gin.SetMode(gin.ReleaseMode)

[GIN-debug] POST   /admin/v1/login           --> git.hyhy.fun/rsplab/iolink/internal/adminapi.(*Server).login-fm (2 handlers)
[GIN-debug] GET    /admin/v1/tenants         --> git.hyhy.fun/rsplab/iolink/internal/adminapi.(*Server).listTenants-fm (3 handlers)
[GIN-debug] PUT    /admin/v1/tenants/:id/status --> git.hyhy.fun/rsplab/iolink/internal/adminapi.(*Server).setTenantStatus-fm (3 handlers)
[GIN-debug] GET    /admin/v1/tenants/:id/members --> git.hyhy.fun/rsplab/iolink/internal/adminapi.(*Server).listTenantMembers-fm (3 handlers)
[GIN-debug] PUT    /admin/v1/tenants/:id/members/:user_id --> git.hyhy.fun/rsplab/iolink/internal/adminapi.(*Server).setTenantMember-fm (3 handlers)
[GIN-debug] POST   /admin/v1/password        --> git.hyhy.fun/rsplab/iolink/internal/adminapi.(*Server).changePassword-fm (3 handlers)
[GIN-debug] GET    /admin/v1/farms           --> git.hyhy.fun/rsplab/iolink/internal/adminapi.(*Server).listFarms-fm (4 handlers)
[GIN-debug] POST   /admin/v1/farms           --> git.hyhy.fun/rsplab/iolink/internal/adminapi.(*Server).createFarm-fm (4 handlers)
[GIN-debug] GET    /admin/v1/users           --> git.hyhy.fun/rsplab/iolink/internal/adminapi.(*Server).listUsers-fm (4 handlers)
[GIN-debug] PUT    /admin/v1/farms/:id       --> git.hyhy.fun/rsplab/iolink/internal/adminapi.(*Server).updateFarm-fm (4 handlers)
[GIN-debug] DELETE /admin/v1/farms/:id       --> git.hyhy.fun/rsplab/iolink/internal/adminapi.(*Server).deleteFarm-fm (4 handlers)
[GIN-debug] PUT    /admin/v1/farms/:id/owner --> git.hyhy.fun/rsplab/iolink/internal/adminapi.(*Server).setFarmOwner-fm (4 handlers)
[GIN-debug] GET    /admin/v1/farms/:id/members --> git.hyhy.fun/rsplab/iolink/internal/adminapi.(*Server).listFarmMembers-fm (4 handlers)
[GIN-debug] PUT    /admin/v1/farms/:id/members/:user_id --> git.hyhy.fun/rsplab/iolink/internal/adminapi.(*Server).setFarmMember-fm (4 handlers)
[GIN-debug] GET    /admin/v1/ponds           --> git.hyhy.fun/rsplab/iolink/internal/adminapi.(*Server).listPonds-fm (4 handlers)
[GIN-debug] POST   /admin/v1/ponds           --> git.hyhy.fun/rsplab/iolink/internal/adminapi.(*Server).createPond-fm (4 handlers)
[GIN-debug] PUT    /admin/v1/ponds/:id       --> git.hyhy.fun/rsplab/iolink/internal/adminapi.(*Server).updatePond-fm (4 handlers)
[GIN-debug] DELETE /admin/v1/ponds/:id       --> git.hyhy.fun/rsplab/iolink/internal/adminapi.(*Server).deletePond-fm (4 handlers)
[GIN-debug] GET    /admin/v1/devices         --> git.hyhy.fun/rsplab/iolink/internal/adminapi.(*Server).listDevices-fm (4 handlers)
[GIN-debug] POST   /admin/v1/devices         --> git.hyhy.fun/rsplab/iolink/internal/adminapi.(*Server).registerDevice-fm (4 handlers)
[GIN-debug] GET    /admin/v1/devices/:device_no --> git.hyhy.fun/rsplab/iolink/internal/adminapi.(*Server).getDevice-fm (4 handlers)
[GIN-debug] DELETE /admin/v1/devices/:device_no --> git.hyhy.fun/rsplab/iolink/internal/adminapi.(*Server).deleteDevice-fm (4 handlers)
[GIN-debug] PUT    /admin/v1/devices/:device_no/pond --> git.hyhy.fun/rsplab/iolink/internal/adminapi.(*Server).moveDevice-fm (4 handlers)
[GIN-debug] GET    /admin/v1/alarm-rules     --> git.hyhy.fun/rsplab/iolink/internal/adminapi.(*Server).listRules-fm (4 handlers)
[GIN-debug] POST   /admin/v1/alarm-rules     --> git.hyhy.fun/rsplab/iolink/internal/adminapi.(*Server).createRule-fm (4 handlers)
[GIN-debug] PUT    /admin/v1/alarm-rules/:id --> git.hyhy.fun/rsplab/iolink/internal/adminapi.(*Server).updateRule-fm (4 handlers)
[GIN-debug] DELETE /admin/v1/alarm-rules/:id --> git.hyhy.fun/rsplab/iolink/internal/adminapi.(*Server).deleteRule-fm (4 handlers)
[GIN-debug] GET    /admin/v1/alarms          --> git.hyhy.fun/rsplab/iolink/internal/adminapi.(*Server).listAlarms-fm (4 handlers)
[GIN-debug] POST   /admin/v1/alarms/:id/confirm --> git.hyhy.fun/rsplab/iolink/internal/adminapi.(*Server).confirmAlarm-fm (4 handlers)
[GIN-debug] POST   /admin/v1/alarms/batch-confirm --> git.hyhy.fun/rsplab/iolink/internal/adminapi.(*Server).batchConfirm-fm (4 handlers)
[GIN-debug] GET    /admin/v1/stats           --> git.hyhy.fun/rsplab/iolink/internal/adminapi.(*Server).stats-fm (4 handlers)
[GIN-debug] GET    /admin/v1/products        --> git.hyhy.fun/rsplab/iolink/internal/adminapi.(*Server).listProducts-fm (4 handlers)
[GIN-debug] POST   /admin/v1/products        --> git.hyhy.fun/rsplab/iolink/internal/adminapi.(*Server).createProduct-fm (4 handlers)
[GIN-debug] GET    /admin/v1/products/:product_id/models --> git.hyhy.fun/rsplab/iolink/internal/adminapi.(*Server).listProductModels-fm (4 handlers)
[GIN-debug] POST   /admin/v1/products/:product_id/models --> git.hyhy.fun/rsplab/iolink/internal/adminapi.(*Server).createProductModel-fm (4 handlers)
[GIN-debug] POST   /admin/v1/products/:product_id/models/:version/publish --> git.hyhy.fun/rsplab/iolink/internal/adminapi.(*Server).publishProductModel-fm (4 handlers)
[GIN-debug] GET    /admin/v1/devices/:device_no/product --> git.hyhy.fun/rsplab/iolink/internal/adminapi.(*Server).getDeviceProduct-fm (4 handlers)
[GIN-debug] PUT    /admin/v1/devices/:device_no/product --> git.hyhy.fun/rsplab/iolink/internal/adminapi.(*Server).assignDeviceProduct-fm (4 handlers)
2026/10/04 17:55:49 INFO http request request_id=QXRTTMNLT3JCTQMSSYTHVPMUJZ route=/admin/v1/login method=POST status=200 duration_ms=144 tenant_id=0 actor_id=0
2026/10/04 17:55:49 WARN http request request_id=Y7V2XXLSESUBP7LPDOYAKACYM7 route=/admin/v1/tenants/:id/members/:user_id method=PUT status=403 duration_ms=3 tenant_id=9401 actor_id=9402
    tenant_write_revocation_http_test.go:68: http method=PUT path=/admin/v1/tenants/9401/members/9401 status=403 response={"error":"forbidden"}
    tenant_write_revocation_http_test.go:73: source=9120469 member_change=tenant injected=true status=403 before="owner" after="owner" response={"error":"forbidden"}
=== RUN   TestReviewerMemberGrantRejectsCommittedActorRevocation/platform_authority
    tenant_write_revocation_http_test.go:41: environment real_timescaledb=2.30.0
[GIN-debug] [WARNING] Running in "debug" mode. Switch to "release" mode in production.
 - using env:	export GIN_MODE=release
 - using code:	gin.SetMode(gin.ReleaseMode)

[GIN-debug] POST   /admin/v1/login           --> git.hyhy.fun/rsplab/iolink/internal/adminapi.(*Server).login-fm (2 handlers)
[GIN-debug] GET    /admin/v1/tenants         --> git.hyhy.fun/rsplab/iolink/internal/adminapi.(*Server).listTenants-fm (3 handlers)
[GIN-debug] PUT    /admin/v1/tenants/:id/status --> git.hyhy.fun/rsplab/iolink/internal/adminapi.(*Server).setTenantStatus-fm (3 handlers)
[GIN-debug] GET    /admin/v1/tenants/:id/members --> git.hyhy.fun/rsplab/iolink/internal/adminapi.(*Server).listTenantMembers-fm (3 handlers)
[GIN-debug] PUT    /admin/v1/tenants/:id/members/:user_id --> git.hyhy.fun/rsplab/iolink/internal/adminapi.(*Server).setTenantMember-fm (3 handlers)
[GIN-debug] POST   /admin/v1/password        --> git.hyhy.fun/rsplab/iolink/internal/adminapi.(*Server).changePassword-fm (3 handlers)
[GIN-debug] GET    /admin/v1/farms           --> git.hyhy.fun/rsplab/iolink/internal/adminapi.(*Server).listFarms-fm (4 handlers)
[GIN-debug] POST   /admin/v1/farms           --> git.hyhy.fun/rsplab/iolink/internal/adminapi.(*Server).createFarm-fm (4 handlers)
[GIN-debug] GET    /admin/v1/users           --> git.hyhy.fun/rsplab/iolink/internal/adminapi.(*Server).listUsers-fm (4 handlers)
[GIN-debug] PUT    /admin/v1/farms/:id       --> git.hyhy.fun/rsplab/iolink/internal/adminapi.(*Server).updateFarm-fm (4 handlers)
[GIN-debug] DELETE /admin/v1/farms/:id       --> git.hyhy.fun/rsplab/iolink/internal/adminapi.(*Server).deleteFarm-fm (4 handlers)
[GIN-debug] PUT    /admin/v1/farms/:id/owner --> git.hyhy.fun/rsplab/iolink/internal/adminapi.(*Server).setFarmOwner-fm (4 handlers)
[GIN-debug] GET    /admin/v1/farms/:id/members --> git.hyhy.fun/rsplab/iolink/internal/adminapi.(*Server).listFarmMembers-fm (4 handlers)
[GIN-debug] PUT    /admin/v1/farms/:id/members/:user_id --> git.hyhy.fun/rsplab/iolink/internal/adminapi.(*Server).setFarmMember-fm (4 handlers)
[GIN-debug] GET    /admin/v1/ponds           --> git.hyhy.fun/rsplab/iolink/internal/adminapi.(*Server).listPonds-fm (4 handlers)
[GIN-debug] POST   /admin/v1/ponds           --> git.hyhy.fun/rsplab/iolink/internal/adminapi.(*Server).createPond-fm (4 handlers)
[GIN-debug] PUT    /admin/v1/ponds/:id       --> git.hyhy.fun/rsplab/iolink/internal/adminapi.(*Server).updatePond-fm (4 handlers)
[GIN-debug] DELETE /admin/v1/ponds/:id       --> git.hyhy.fun/rsplab/iolink/internal/adminapi.(*Server).deletePond-fm (4 handlers)
[GIN-debug] GET    /admin/v1/devices         --> git.hyhy.fun/rsplab/iolink/internal/adminapi.(*Server).listDevices-fm (4 handlers)
[GIN-debug] POST   /admin/v1/devices         --> git.hyhy.fun/rsplab/iolink/internal/adminapi.(*Server).registerDevice-fm (4 handlers)
[GIN-debug] GET    /admin/v1/devices/:device_no --> git.hyhy.fun/rsplab/iolink/internal/adminapi.(*Server).getDevice-fm (4 handlers)
[GIN-debug] DELETE /admin/v1/devices/:device_no --> git.hyhy.fun/rsplab/iolink/internal/adminapi.(*Server).deleteDevice-fm (4 handlers)
[GIN-debug] PUT    /admin/v1/devices/:device_no/pond --> git.hyhy.fun/rsplab/iolink/internal/adminapi.(*Server).moveDevice-fm (4 handlers)
[GIN-debug] GET    /admin/v1/alarm-rules     --> git.hyhy.fun/rsplab/iolink/internal/adminapi.(*Server).listRules-fm (4 handlers)
[GIN-debug] POST   /admin/v1/alarm-rules     --> git.hyhy.fun/rsplab/iolink/internal/adminapi.(*Server).createRule-fm (4 handlers)
[GIN-debug] PUT    /admin/v1/alarm-rules/:id --> git.hyhy.fun/rsplab/iolink/internal/adminapi.(*Server).updateRule-fm (4 handlers)
[GIN-debug] DELETE /admin/v1/alarm-rules/:id --> git.hyhy.fun/rsplab/iolink/internal/adminapi.(*Server).deleteRule-fm (4 handlers)
[GIN-debug] GET    /admin/v1/alarms          --> git.hyhy.fun/rsplab/iolink/internal/adminapi.(*Server).listAlarms-fm (4 handlers)
[GIN-debug] POST   /admin/v1/alarms/:id/confirm --> git.hyhy.fun/rsplab/iolink/internal/adminapi.(*Server).confirmAlarm-fm (4 handlers)
[GIN-debug] POST   /admin/v1/alarms/batch-confirm --> git.hyhy.fun/rsplab/iolink/internal/adminapi.(*Server).batchConfirm-fm (4 handlers)
[GIN-debug] GET    /admin/v1/stats           --> git.hyhy.fun/rsplab/iolink/internal/adminapi.(*Server).stats-fm (4 handlers)
[GIN-debug] GET    /admin/v1/products        --> git.hyhy.fun/rsplab/iolink/internal/adminapi.(*Server).listProducts-fm (4 handlers)
[GIN-debug] POST   /admin/v1/products        --> git.hyhy.fun/rsplab/iolink/internal/adminapi.(*Server).createProduct-fm (4 handlers)
[GIN-debug] GET    /admin/v1/products/:product_id/models --> git.hyhy.fun/rsplab/iolink/internal/adminapi.(*Server).listProductModels-fm (4 handlers)
[GIN-debug] POST   /admin/v1/products/:product_id/models --> git.hyhy.fun/rsplab/iolink/internal/adminapi.(*Server).createProductModel-fm (4 handlers)
[GIN-debug] POST   /admin/v1/products/:product_id/models/:version/publish --> git.hyhy.fun/rsplab/iolink/internal/adminapi.(*Server).publishProductModel-fm (4 handlers)
[GIN-debug] GET    /admin/v1/devices/:device_no/product --> git.hyhy.fun/rsplab/iolink/internal/adminapi.(*Server).getDeviceProduct-fm (4 handlers)
[GIN-debug] PUT    /admin/v1/devices/:device_no/product --> git.hyhy.fun/rsplab/iolink/internal/adminapi.(*Server).assignDeviceProduct-fm (4 handlers)
2026/10/04 17:55:50 INFO http request request_id=GGYUXXCIRTUUBUWM6O2WGHEH7A route=/admin/v1/login method=POST status=200 duration_ms=152 tenant_id=0 actor_id=0
2026/10/04 17:55:50 WARN http request request_id=OYBTQ4DUJ4WINUX3XJPOXLO3BC route=/admin/v1/tenants/:id/members/:user_id method=PUT status=403 duration_ms=3 tenant_id=9401 actor_id=9402
    tenant_write_revocation_http_test.go:68: http method=PUT path=/admin/v1/tenants/9401/members/9401 status=403 response={"error":"forbidden"}
    tenant_write_revocation_http_test.go:73: source=9120469 member_change=platform_authority injected=true status=403 before="owner" after="owner" response={"error":"forbidden"}
--- PASS: TestReviewerMemberGrantRejectsCommittedActorRevocation (3.00s)
    --- PASS: TestReviewerMemberGrantRejectsCommittedActorRevocation/role (0.80s)
    --- PASS: TestReviewerMemberGrantRejectsCommittedActorRevocation/membership (0.74s)
    --- PASS: TestReviewerMemberGrantRejectsCommittedActorRevocation/tenant (0.72s)
    --- PASS: TestReviewerMemberGrantRejectsCommittedActorRevocation/platform_authority (0.74s)
=== RUN   TestM6bManagerBatchRejectsLiveRevocation
=== RUN   TestM6bManagerBatchRejectsLiveRevocation/role_batch
    alarm_batch_revocation_test.go:19: environment real_timescaledb=2.30.0
    alarm_batch_revocation_test.go:45: revocation=role actor_entry=false confirmed=0 error=not found unchanged=true
=== RUN   TestM6bManagerBatchRejectsLiveRevocation/role_batch_by_actor
    alarm_batch_revocation_test.go:19: environment real_timescaledb=2.30.0
    alarm_batch_revocation_test.go:45: revocation=role actor_entry=true confirmed=0 error=not found unchanged=true
=== RUN   TestM6bManagerBatchRejectsLiveRevocation/membership_batch
    alarm_batch_revocation_test.go:19: environment real_timescaledb=2.30.0
    alarm_batch_revocation_test.go:45: revocation=membership actor_entry=false confirmed=0 error=not found unchanged=true
=== RUN   TestM6bManagerBatchRejectsLiveRevocation/membership_batch_by_actor
    alarm_batch_revocation_test.go:19: environment real_timescaledb=2.30.0
    alarm_batch_revocation_test.go:45: revocation=membership actor_entry=true confirmed=0 error=not found unchanged=true
=== RUN   TestM6bManagerBatchRejectsLiveRevocation/tenant_batch
    alarm_batch_revocation_test.go:19: environment real_timescaledb=2.30.0
    alarm_batch_revocation_test.go:45: revocation=tenant actor_entry=false confirmed=0 error=not found unchanged=true
=== RUN   TestM6bManagerBatchRejectsLiveRevocation/tenant_batch_by_actor
    alarm_batch_revocation_test.go:19: environment real_timescaledb=2.30.0
    alarm_batch_revocation_test.go:45: revocation=tenant actor_entry=true confirmed=0 error=not found unchanged=true
=== RUN   TestM6bManagerBatchRejectsLiveRevocation/platform_authority_batch
    alarm_batch_revocation_test.go:19: environment real_timescaledb=2.30.0
    alarm_batch_revocation_test.go:45: revocation=platform_authority actor_entry=false confirmed=0 error=not found unchanged=true
=== RUN   TestM6bManagerBatchRejectsLiveRevocation/platform_authority_batch_by_actor
    alarm_batch_revocation_test.go:19: environment real_timescaledb=2.30.0
    alarm_batch_revocation_test.go:45: revocation=platform_authority actor_entry=true confirmed=0 error=not found unchanged=true
--- PASS: TestM6bManagerBatchRejectsLiveRevocation (3.65s)
    --- PASS: TestM6bManagerBatchRejectsLiveRevocation/role_batch (0.45s)
    --- PASS: TestM6bManagerBatchRejectsLiveRevocation/role_batch_by_actor (0.46s)
    --- PASS: TestM6bManagerBatchRejectsLiveRevocation/membership_batch (0.45s)
    --- PASS: TestM6bManagerBatchRejectsLiveRevocation/membership_batch_by_actor (0.46s)
    --- PASS: TestM6bManagerBatchRejectsLiveRevocation/tenant_batch (0.46s)
    --- PASS: TestM6bManagerBatchRejectsLiveRevocation/tenant_batch_by_actor (0.45s)
    --- PASS: TestM6bManagerBatchRejectsLiveRevocation/platform_authority_batch (0.46s)
    --- PASS: TestM6bManagerBatchRejectsLiveRevocation/platform_authority_batch_by_actor (0.47s)
=== RUN   TestAppResourceHTTPWhenManagerTokenLosesAuthority
=== RUN   TestAppResourceHTTPWhenManagerTokenLosesAuthority/role
    app_resource_scope_http_test.go:170: environment real_timescaledb=2.30.0
[GIN-debug] [WARNING] Running in "debug" mode. Switch to "release" mode in production.
 - using env:	export GIN_MODE=release
 - using code:	gin.SetMode(gin.ReleaseMode)

[GIN-debug] POST   /api/v1/auth/login        --> git.hyhy.fun/rsplab/iolink/internal/appapi.(*Server).login-fm (2 handlers)
[GIN-debug] GET    /api/v1/auth/tenants      --> git.hyhy.fun/rsplab/iolink/internal/appapi.(*Server).listTenants-fm (3 handlers)
[GIN-debug] POST   /api/v1/auth/tenant       --> git.hyhy.fun/rsplab/iolink/internal/appapi.(*Server).switchTenant-fm (3 handlers)
[GIN-debug] GET    /api/v1/ponds             --> git.hyhy.fun/rsplab/iolink/internal/appapi.(*Server).listPonds-fm (3 handlers)
[GIN-debug] GET    /api/v1/ponds/:id         --> git.hyhy.fun/rsplab/iolink/internal/appapi.(*Server).getPond-fm (3 handlers)
[GIN-debug] GET    /api/v1/devices           --> git.hyhy.fun/rsplab/iolink/internal/appapi.(*Server).listDevices-fm (3 handlers)
[GIN-debug] GET    /api/v1/devices/:device_no --> git.hyhy.fun/rsplab/iolink/internal/appapi.(*Server).getDevice-fm (3 handlers)
[GIN-debug] GET    /api/v1/water/latest      --> git.hyhy.fun/rsplab/iolink/internal/appapi.(*Server).waterLatest-fm (3 handlers)
[GIN-debug] GET    /api/v1/water/history     --> git.hyhy.fun/rsplab/iolink/internal/appapi.(*Server).waterHistory-fm (3 handlers)
[GIN-debug] GET    /api/v1/alarms            --> git.hyhy.fun/rsplab/iolink/internal/appapi.(*Server).listAlarms-fm (3 handlers)
[GIN-debug] GET    /api/v1/stats/summary     --> git.hyhy.fun/rsplab/iolink/internal/appapi.(*Server).statsSummary-fm (3 handlers)
[GIN-debug] POST   /api/v1/alarms/:id/confirm --> git.hyhy.fun/rsplab/iolink/internal/appapi.(*Server).confirmAlarm-fm (3 handlers)
[GIN-debug] POST   /api/v2/devices/:device_no/telemetry --> git.hyhy.fun/rsplab/iolink/internal/appapi.(*Server).submitTelemetryV2-fm (3 handlers)
[GIN-debug] GET    /api/v2/devices/:device_no/model/latest --> git.hyhy.fun/rsplab/iolink/internal/appapi.(*Server).modelLatestV2-fm (3 handlers)
[GIN-debug] GET    /api/v2/devices/:device_no/history --> git.hyhy.fun/rsplab/iolink/internal/appapi.(*Server).telemetryHistoryV2-fm (3 handlers)
    app_resource_scope_http_test.go:187: http method=GET path=/api/v2/devices/v2-hidden/model/latest status=401 response={"error":"tenant membership revoked"}
    app_resource_scope_http_test.go:190: scenario=role_revocation status=401 before={"alarms": [], "outbox": [], "shadows": [], "telemetry": [], "sensor_data": []} after={"alarms": [], "outbox": [], "shadows": [], "telemetry": [], "sensor_data": []}
    app_resource_scope_http_test.go:187: http method=POST path=/api/v2/devices/v2-hidden/telemetry status=401 response={"error":"tenant membership revoked"}
    app_resource_scope_http_test.go:190: scenario=role_revocation status=401 before={"alarms": [], "outbox": [], "shadows": [], "telemetry": [], "sensor_data": []} after={"alarms": [], "outbox": [], "shadows": [], "telemetry": [], "sensor_data": []}
=== RUN   TestAppResourceHTTPWhenManagerTokenLosesAuthority/membership
    app_resource_scope_http_test.go:170: environment real_timescaledb=2.30.0
[GIN-debug] [WARNING] Running in "debug" mode. Switch to "release" mode in production.
 - using env:	export GIN_MODE=release
 - using code:	gin.SetMode(gin.ReleaseMode)

[GIN-debug] POST   /api/v1/auth/login        --> git.hyhy.fun/rsplab/iolink/internal/appapi.(*Server).login-fm (2 handlers)
[GIN-debug] GET    /api/v1/auth/tenants      --> git.hyhy.fun/rsplab/iolink/internal/appapi.(*Server).listTenants-fm (3 handlers)
[GIN-debug] POST   /api/v1/auth/tenant       --> git.hyhy.fun/rsplab/iolink/internal/appapi.(*Server).switchTenant-fm (3 handlers)
[GIN-debug] GET    /api/v1/ponds             --> git.hyhy.fun/rsplab/iolink/internal/appapi.(*Server).listPonds-fm (3 handlers)
[GIN-debug] GET    /api/v1/ponds/:id         --> git.hyhy.fun/rsplab/iolink/internal/appapi.(*Server).getPond-fm (3 handlers)
[GIN-debug] GET    /api/v1/devices           --> git.hyhy.fun/rsplab/iolink/internal/appapi.(*Server).listDevices-fm (3 handlers)
[GIN-debug] GET    /api/v1/devices/:device_no --> git.hyhy.fun/rsplab/iolink/internal/appapi.(*Server).getDevice-fm (3 handlers)
[GIN-debug] GET    /api/v1/water/latest      --> git.hyhy.fun/rsplab/iolink/internal/appapi.(*Server).waterLatest-fm (3 handlers)
[GIN-debug] GET    /api/v1/water/history     --> git.hyhy.fun/rsplab/iolink/internal/appapi.(*Server).waterHistory-fm (3 handlers)
[GIN-debug] GET    /api/v1/alarms            --> git.hyhy.fun/rsplab/iolink/internal/appapi.(*Server).listAlarms-fm (3 handlers)
[GIN-debug] GET    /api/v1/stats/summary     --> git.hyhy.fun/rsplab/iolink/internal/appapi.(*Server).statsSummary-fm (3 handlers)
[GIN-debug] POST   /api/v1/alarms/:id/confirm --> git.hyhy.fun/rsplab/iolink/internal/appapi.(*Server).confirmAlarm-fm (3 handlers)
[GIN-debug] POST   /api/v2/devices/:device_no/telemetry --> git.hyhy.fun/rsplab/iolink/internal/appapi.(*Server).submitTelemetryV2-fm (3 handlers)
[GIN-debug] GET    /api/v2/devices/:device_no/model/latest --> git.hyhy.fun/rsplab/iolink/internal/appapi.(*Server).modelLatestV2-fm (3 handlers)
[GIN-debug] GET    /api/v2/devices/:device_no/history --> git.hyhy.fun/rsplab/iolink/internal/appapi.(*Server).telemetryHistoryV2-fm (3 handlers)
    app_resource_scope_http_test.go:187: http method=GET path=/api/v2/devices/v2-hidden/model/latest status=401 response={"error":"tenant membership revoked"}
    app_resource_scope_http_test.go:190: scenario=membership_revocation status=401 before={"alarms": [], "outbox": [], "shadows": [], "telemetry": [], "sensor_data": []} after={"alarms": [], "outbox": [], "shadows": [], "telemetry": [], "sensor_data": []}
    app_resource_scope_http_test.go:187: http method=POST path=/api/v2/devices/v2-hidden/telemetry status=401 response={"error":"tenant membership revoked"}
    app_resource_scope_http_test.go:190: scenario=membership_revocation status=401 before={"alarms": [], "outbox": [], "shadows": [], "telemetry": [], "sensor_data": []} after={"alarms": [], "outbox": [], "shadows": [], "telemetry": [], "sensor_data": []}
=== RUN   TestAppResourceHTTPWhenManagerTokenLosesAuthority/platform_authority
    app_resource_scope_http_test.go:170: environment real_timescaledb=2.30.0
[GIN-debug] [WARNING] Running in "debug" mode. Switch to "release" mode in production.
 - using env:	export GIN_MODE=release
 - using code:	gin.SetMode(gin.ReleaseMode)

[GIN-debug] POST   /api/v1/auth/login        --> git.hyhy.fun/rsplab/iolink/internal/appapi.(*Server).login-fm (2 handlers)
[GIN-debug] GET    /api/v1/auth/tenants      --> git.hyhy.fun/rsplab/iolink/internal/appapi.(*Server).listTenants-fm (3 handlers)
[GIN-debug] POST   /api/v1/auth/tenant       --> git.hyhy.fun/rsplab/iolink/internal/appapi.(*Server).switchTenant-fm (3 handlers)
[GIN-debug] GET    /api/v1/ponds             --> git.hyhy.fun/rsplab/iolink/internal/appapi.(*Server).listPonds-fm (3 handlers)
[GIN-debug] GET    /api/v1/ponds/:id         --> git.hyhy.fun/rsplab/iolink/internal/appapi.(*Server).getPond-fm (3 handlers)
[GIN-debug] GET    /api/v1/devices           --> git.hyhy.fun/rsplab/iolink/internal/appapi.(*Server).listDevices-fm (3 handlers)
[GIN-debug] GET    /api/v1/devices/:device_no --> git.hyhy.fun/rsplab/iolink/internal/appapi.(*Server).getDevice-fm (3 handlers)
[GIN-debug] GET    /api/v1/water/latest      --> git.hyhy.fun/rsplab/iolink/internal/appapi.(*Server).waterLatest-fm (3 handlers)
[GIN-debug] GET    /api/v1/water/history     --> git.hyhy.fun/rsplab/iolink/internal/appapi.(*Server).waterHistory-fm (3 handlers)
[GIN-debug] GET    /api/v1/alarms            --> git.hyhy.fun/rsplab/iolink/internal/appapi.(*Server).listAlarms-fm (3 handlers)
[GIN-debug] GET    /api/v1/stats/summary     --> git.hyhy.fun/rsplab/iolink/internal/appapi.(*Server).statsSummary-fm (3 handlers)
[GIN-debug] POST   /api/v1/alarms/:id/confirm --> git.hyhy.fun/rsplab/iolink/internal/appapi.(*Server).confirmAlarm-fm (3 handlers)
[GIN-debug] POST   /api/v2/devices/:device_no/telemetry --> git.hyhy.fun/rsplab/iolink/internal/appapi.(*Server).submitTelemetryV2-fm (3 handlers)
[GIN-debug] GET    /api/v2/devices/:device_no/model/latest --> git.hyhy.fun/rsplab/iolink/internal/appapi.(*Server).modelLatestV2-fm (3 handlers)
[GIN-debug] GET    /api/v2/devices/:device_no/history --> git.hyhy.fun/rsplab/iolink/internal/appapi.(*Server).telemetryHistoryV2-fm (3 handlers)
    app_resource_scope_http_test.go:187: http method=GET path=/api/v2/devices/v2-hidden/model/latest status=401 response={"error":"token revoked"}
    app_resource_scope_http_test.go:190: scenario=platform_authority_revocation status=401 before={"alarms": [], "outbox": [], "shadows": [], "telemetry": [], "sensor_data": []} after={"alarms": [], "outbox": [], "shadows": [], "telemetry": [], "sensor_data": []}
    app_resource_scope_http_test.go:187: http method=POST path=/api/v2/devices/v2-hidden/telemetry status=401 response={"error":"token revoked"}
    app_resource_scope_http_test.go:190: scenario=platform_authority_revocation status=401 before={"alarms": [], "outbox": [], "shadows": [], "telemetry": [], "sensor_data": []} after={"alarms": [], "outbox": [], "shadows": [], "telemetry": [], "sensor_data": []}
--- PASS: TestAppResourceHTTPWhenManagerTokenLosesAuthority (1.34s)
    --- PASS: TestAppResourceHTTPWhenManagerTokenLosesAuthority/role (0.45s)
    --- PASS: TestAppResourceHTTPWhenManagerTokenLosesAuthority/membership (0.43s)
    --- PASS: TestAppResourceHTTPWhenManagerTokenLosesAuthority/platform_authority (0.47s)
=== RUN   TestM6bTelemetryRejectsVersionRevocationAfterAuthentication
    telemetry_version_revocation_http_test.go:34: environment real_timescaledb=2.30.0
[GIN-debug] [WARNING] Running in "debug" mode. Switch to "release" mode in production.
 - using env:	export GIN_MODE=release
 - using code:	gin.SetMode(gin.ReleaseMode)

[GIN-debug] POST   /api/v1/auth/login        --> git.hyhy.fun/rsplab/iolink/internal/appapi.(*Server).login-fm (2 handlers)
[GIN-debug] GET    /api/v1/auth/tenants      --> git.hyhy.fun/rsplab/iolink/internal/appapi.(*Server).listTenants-fm (3 handlers)
[GIN-debug] POST   /api/v1/auth/tenant       --> git.hyhy.fun/rsplab/iolink/internal/appapi.(*Server).switchTenant-fm (3 handlers)
[GIN-debug] GET    /api/v1/ponds             --> git.hyhy.fun/rsplab/iolink/internal/appapi.(*Server).listPonds-fm (3 handlers)
[GIN-debug] GET    /api/v1/ponds/:id         --> git.hyhy.fun/rsplab/iolink/internal/appapi.(*Server).getPond-fm (3 handlers)
[GIN-debug] GET    /api/v1/devices           --> git.hyhy.fun/rsplab/iolink/internal/appapi.(*Server).listDevices-fm (3 handlers)
[GIN-debug] GET    /api/v1/devices/:device_no --> git.hyhy.fun/rsplab/iolink/internal/appapi.(*Server).getDevice-fm (3 handlers)
[GIN-debug] GET    /api/v1/water/latest      --> git.hyhy.fun/rsplab/iolink/internal/appapi.(*Server).waterLatest-fm (3 handlers)
[GIN-debug] GET    /api/v1/water/history     --> git.hyhy.fun/rsplab/iolink/internal/appapi.(*Server).waterHistory-fm (3 handlers)
[GIN-debug] GET    /api/v1/alarms            --> git.hyhy.fun/rsplab/iolink/internal/appapi.(*Server).listAlarms-fm (3 handlers)
[GIN-debug] GET    /api/v1/stats/summary     --> git.hyhy.fun/rsplab/iolink/internal/appapi.(*Server).statsSummary-fm (3 handlers)
[GIN-debug] POST   /api/v1/alarms/:id/confirm --> git.hyhy.fun/rsplab/iolink/internal/appapi.(*Server).confirmAlarm-fm (3 handlers)
[GIN-debug] POST   /api/v2/devices/:device_no/telemetry --> git.hyhy.fun/rsplab/iolink/internal/appapi.(*Server).submitTelemetryV2-fm (3 handlers)
[GIN-debug] GET    /api/v2/devices/:device_no/model/latest --> git.hyhy.fun/rsplab/iolink/internal/appapi.(*Server).modelLatestV2-fm (3 handlers)
[GIN-debug] GET    /api/v2/devices/:device_no/history --> git.hyhy.fun/rsplab/iolink/internal/appapi.(*Server).telemetryHistoryV2-fm (3 handlers)
    telemetry_version_revocation_http_test.go:50: revoked_after_authentication=true status=403 unchanged=true response={"error":"forbidden"}
--- PASS: TestM6bTelemetryRejectsVersionRevocationAfterAuthentication (0.45s)
=== RUN   TestAppResourceScopeWhenTenantManagerHasNoFarmAssignment
=== RUN   TestAppResourceScopeWhenTenantManagerHasNoFarmAssignment/owner
    app_resource_scope_test.go:16: environment real_timescaledb=2.30.0
    app_resource_scope_test.go:25: scenario=manager_owner_no_farm_assignment latest={DeviceNo:v2-hidden ProductID:1 ModelVersion:1 Fields:[{Identifier:temperature Type:number Unit:℃ Min:<nil> Max:<nil> Enum:[] Readable:true Writable:false Nullable:true} {Identifier:dissolved_oxygen Type:number Unit:mg/L Min:<nil> Max:<nil> Enum:[] Readable:true Writable:false Nullable:true} {Identifier:ph Type:number Unit: Min:<nil> Max:<nil> Enum:[] Readable:true Writable:false Nullable:true} {Identifier:turbidity Type:number Unit:NTU Min:<nil> Max:<nil> Enum:[] Readable:true Writable:false Nullable:true} {Identifier:salinity Type:number Unit:ppt Min:<nil> Max:<nil> Enum:[] Readable:true Writable:false Nullable:true}] Timestamp:<nil> Properties:map[]} error=<nil>
=== RUN   TestAppResourceScopeWhenTenantManagerHasNoFarmAssignment/admin
    app_resource_scope_test.go:16: environment real_timescaledb=2.30.0
    app_resource_scope_test.go:25: scenario=manager_admin_no_farm_assignment latest={DeviceNo:v2-hidden ProductID:1 ModelVersion:1 Fields:[{Identifier:temperature Type:number Unit:℃ Min:<nil> Max:<nil> Enum:[] Readable:true Writable:false Nullable:true} {Identifier:dissolved_oxygen Type:number Unit:mg/L Min:<nil> Max:<nil> Enum:[] Readable:true Writable:false Nullable:true} {Identifier:ph Type:number Unit: Min:<nil> Max:<nil> Enum:[] Readable:true Writable:false Nullable:true} {Identifier:turbidity Type:number Unit:NTU Min:<nil> Max:<nil> Enum:[] Readable:true Writable:false Nullable:true} {Identifier:salinity Type:number Unit:ppt Min:<nil> Max:<nil> Enum:[] Readable:true Writable:false Nullable:true}] Timestamp:<nil> Properties:map[]} error=<nil>
--- PASS: TestAppResourceScopeWhenTenantManagerHasNoFarmAssignment (0.86s)
    --- PASS: TestAppResourceScopeWhenTenantManagerHasNoFarmAssignment/owner (0.44s)
    --- PASS: TestAppResourceScopeWhenTenantManagerHasNoFarmAssignment/admin (0.41s)
=== RUN   TestAppTelemetryWriteRoleBoundary
=== RUN   TestAppTelemetryWriteRoleBoundary/owner
    telemetry_permission_http_test.go:26: environment real_timescaledb=2.30.0
[GIN-debug] [WARNING] Running in "debug" mode. Switch to "release" mode in production.
 - using env:	export GIN_MODE=release
 - using code:	gin.SetMode(gin.ReleaseMode)

[GIN-debug] POST   /api/v1/auth/login        --> git.hyhy.fun/rsplab/iolink/internal/appapi.(*Server).login-fm (2 handlers)
[GIN-debug] GET    /api/v1/auth/tenants      --> git.hyhy.fun/rsplab/iolink/internal/appapi.(*Server).listTenants-fm (3 handlers)
[GIN-debug] POST   /api/v1/auth/tenant       --> git.hyhy.fun/rsplab/iolink/internal/appapi.(*Server).switchTenant-fm (3 handlers)
[GIN-debug] GET    /api/v1/ponds             --> git.hyhy.fun/rsplab/iolink/internal/appapi.(*Server).listPonds-fm (3 handlers)
[GIN-debug] GET    /api/v1/ponds/:id         --> git.hyhy.fun/rsplab/iolink/internal/appapi.(*Server).getPond-fm (3 handlers)
[GIN-debug] GET    /api/v1/devices           --> git.hyhy.fun/rsplab/iolink/internal/appapi.(*Server).listDevices-fm (3 handlers)
[GIN-debug] GET    /api/v1/devices/:device_no --> git.hyhy.fun/rsplab/iolink/internal/appapi.(*Server).getDevice-fm (3 handlers)
[GIN-debug] GET    /api/v1/water/latest      --> git.hyhy.fun/rsplab/iolink/internal/appapi.(*Server).waterLatest-fm (3 handlers)
[GIN-debug] GET    /api/v1/water/history     --> git.hyhy.fun/rsplab/iolink/internal/appapi.(*Server).waterHistory-fm (3 handlers)
[GIN-debug] GET    /api/v1/alarms            --> git.hyhy.fun/rsplab/iolink/internal/appapi.(*Server).listAlarms-fm (3 handlers)
[GIN-debug] GET    /api/v1/stats/summary     --> git.hyhy.fun/rsplab/iolink/internal/appapi.(*Server).statsSummary-fm (3 handlers)
[GIN-debug] POST   /api/v1/alarms/:id/confirm --> git.hyhy.fun/rsplab/iolink/internal/appapi.(*Server).confirmAlarm-fm (3 handlers)
[GIN-debug] POST   /api/v2/devices/:device_no/telemetry --> git.hyhy.fun/rsplab/iolink/internal/appapi.(*Server).submitTelemetryV2-fm (3 handlers)
[GIN-debug] GET    /api/v2/devices/:device_no/model/latest --> git.hyhy.fun/rsplab/iolink/internal/appapi.(*Server).modelLatestV2-fm (3 handlers)
[GIN-debug] GET    /api/v2/devices/:device_no/history --> git.hyhy.fun/rsplab/iolink/internal/appapi.(*Server).telemetryHistoryV2-fm (3 handlers)
    telemetry_permission_http_test.go:45: scenario=app_owner_v2-foreign post_status=404 response={"error":"not_found"}
    telemetry_permission_http_test.go:53: scenario=app_owner login_status=200 post_status=202 response={"device_no":"v2-permission","model_version":1,"accepted":["temperature"],"rejected":[]} before={"alarms": [], "outbox": [], "shadows": [], "telemetry": [], "sensor_data": []} after={"alarms": [{"id": 1, "level": "warning", "metric": "temperature", "message": "temperature 高于阈值 20", "pond_id": 9401, "device_no": "v2-permission", "threshold": 20, "created_at": "2026-10-01T00:00:00+00:00", "product_id": 1, "confirmed_at": null, "current_value": 25}], "outbox": [{"id": 1, "status": "pending", "next_at": "2026-10-04T09:55:57.122184+00:00", "alarm_id": 1, "attempts": 0, "created_at": "2026-10-04T09:55:57.122184+00:00", "last_error": null, "updated_at": "2026-10-04T09:55:57.122184+00:00", "lease_owner": null, "leased_until": null, "recipient_open_id": null}], "shadows": [{"ts": "2026-10-01T00:00:00+00:00", "last": {"temperature": 25}, "signal": null, "pond_id": 9401, "device_no": "v2-permission", "tenant_id": 9401, "product_id": 1, "timestamps": {"temperature": "2026-10-01T00:00:00Z"}, "model_version": 1}], "telemetry": [{"ts": "2026-10-01T00:00:00+00:00", "pond_id": 9401, "device_no": "v2-permission", "tenant_id": 9401, "product_id": 1, "properties": {"temperature": 25}, "model_version": 1}], "sensor_data": [{"ph": null, "ts": "2026-10-01T00:00:00+00:00", "signal": null, "battery": null, "pond_id": 9401, "salinity": null, "device_no": "v2-permission", "tenant_id": 9401, "turbidity": null, "temperature": 25, "dissolved_oxygen": null}]}
    telemetry_permission_http_test.go:66: scenario=app_owner_live_downgrade post_status=401 response={"error":"tenant membership revoked"} before={"alarms": [{"id": 1, "level": "warning", "metric": "temperature", "message": "temperature 高于阈值 20", "pond_id": 9401, "device_no": "v2-permission", "threshold": 20, "created_at": "2026-10-01T00:00:00+00:00", "product_id": 1, "confirmed_at": null, "current_value": 25}], "outbox": [{"id": 1, "status": "pending", "next_at": "2026-10-04T09:55:57.122184+00:00", "alarm_id": 1, "attempts": 0, "created_at": "2026-10-04T09:55:57.122184+00:00", "last_error": null, "updated_at": "2026-10-04T09:55:57.122184+00:00", "lease_owner": null, "leased_until": null, "recipient_open_id": null}], "shadows": [{"ts": "2026-10-01T00:00:00+00:00", "last": {"temperature": 25}, "signal": null, "pond_id": 9401, "device_no": "v2-permission", "tenant_id": 9401, "product_id": 1, "timestamps": {"temperature": "2026-10-01T00:00:00Z"}, "model_version": 1}], "telemetry": [{"ts": "2026-10-01T00:00:00+00:00", "pond_id": 9401, "device_no": "v2-permission", "tenant_id": 9401, "product_id": 1, "properties": {"temperature": 25}, "model_version": 1}], "sensor_data": [{"ph": null, "ts": "2026-10-01T00:00:00+00:00", "signal": null, "battery": null, "pond_id": 9401, "salinity": null, "device_no": "v2-permission", "tenant_id": 9401, "turbidity": null, "temperature": 25, "dissolved_oxygen": null}]} after={"alarms": [{"id": 1, "level": "warning", "metric": "temperature", "message": "temperature 高于阈值 20", "pond_id": 9401, "device_no": "v2-permission", "threshold": 20, "created_at": "2026-10-01T00:00:00+00:00", "product_id": 1, "confirmed_at": null, "current_value": 25}], "outbox": [{"id": 1, "status": "pending", "next_at": "2026-10-04T09:55:57.122184+00:00", "alarm_id": 1, "attempts": 0, "created_at": "2026-10-04T09:55:57.122184+00:00", "last_error": null, "updated_at": "2026-10-04T09:55:57.122184+00:00", "lease_owner": null, "leased_until": null, "recipient_open_id": null}], "shadows": [{"ts": "2026-10-01T00:00:00+00:00", "last": {"temperature": 25}, "signal": null, "pond_id": 9401, "device_no": "v2-permission", "tenant_id": 9401, "product_id": 1, "timestamps": {"temperature": "2026-10-01T00:00:00Z"}, "model_version": 1}], "telemetry": [{"ts": "2026-10-01T00:00:00+00:00", "pond_id": 9401, "device_no": "v2-permission", "tenant_id": 9401, "product_id": 1, "properties": {"temperature": 25}, "model_version": 1}], "sensor_data": [{"ph": null, "ts": "2026-10-01T00:00:00+00:00", "signal": null, "battery": null, "pond_id": 9401, "salinity": null, "device_no": "v2-permission", "tenant_id": 9401, "turbidity": null, "temperature": 25, "dissolved_oxygen": null}]}
=== RUN   TestAppTelemetryWriteRoleBoundary/admin
    telemetry_permission_http_test.go:26: environment real_timescaledb=2.30.0
[GIN-debug] [WARNING] Running in "debug" mode. Switch to "release" mode in production.
 - using env:	export GIN_MODE=release
 - using code:	gin.SetMode(gin.ReleaseMode)

[GIN-debug] POST   /api/v1/auth/login        --> git.hyhy.fun/rsplab/iolink/internal/appapi.(*Server).login-fm (2 handlers)
[GIN-debug] GET    /api/v1/auth/tenants      --> git.hyhy.fun/rsplab/iolink/internal/appapi.(*Server).listTenants-fm (3 handlers)
[GIN-debug] POST   /api/v1/auth/tenant       --> git.hyhy.fun/rsplab/iolink/internal/appapi.(*Server).switchTenant-fm (3 handlers)
[GIN-debug] GET    /api/v1/ponds             --> git.hyhy.fun/rsplab/iolink/internal/appapi.(*Server).listPonds-fm (3 handlers)
[GIN-debug] GET    /api/v1/ponds/:id         --> git.hyhy.fun/rsplab/iolink/internal/appapi.(*Server).getPond-fm (3 handlers)
[GIN-debug] GET    /api/v1/devices           --> git.hyhy.fun/rsplab/iolink/internal/appapi.(*Server).listDevices-fm (3 handlers)
[GIN-debug] GET    /api/v1/devices/:device_no --> git.hyhy.fun/rsplab/iolink/internal/appapi.(*Server).getDevice-fm (3 handlers)
[GIN-debug] GET    /api/v1/water/latest      --> git.hyhy.fun/rsplab/iolink/internal/appapi.(*Server).waterLatest-fm (3 handlers)
[GIN-debug] GET    /api/v1/water/history     --> git.hyhy.fun/rsplab/iolink/internal/appapi.(*Server).waterHistory-fm (3 handlers)
[GIN-debug] GET    /api/v1/alarms            --> git.hyhy.fun/rsplab/iolink/internal/appapi.(*Server).listAlarms-fm (3 handlers)
[GIN-debug] GET    /api/v1/stats/summary     --> git.hyhy.fun/rsplab/iolink/internal/appapi.(*Server).statsSummary-fm (3 handlers)
[GIN-debug] POST   /api/v1/alarms/:id/confirm --> git.hyhy.fun/rsplab/iolink/internal/appapi.(*Server).confirmAlarm-fm (3 handlers)
[GIN-debug] POST   /api/v2/devices/:device_no/telemetry --> git.hyhy.fun/rsplab/iolink/internal/appapi.(*Server).submitTelemetryV2-fm (3 handlers)
[GIN-debug] GET    /api/v2/devices/:device_no/model/latest --> git.hyhy.fun/rsplab/iolink/internal/appapi.(*Server).modelLatestV2-fm (3 handlers)
[GIN-debug] GET    /api/v2/devices/:device_no/history --> git.hyhy.fun/rsplab/iolink/internal/appapi.(*Server).telemetryHistoryV2-fm (3 handlers)
    telemetry_permission_http_test.go:45: scenario=app_admin_v2-foreign post_status=404 response={"error":"not_found"}
    telemetry_permission_http_test.go:53: scenario=app_admin login_status=200 post_status=202 response={"device_no":"v2-permission","model_version":1,"accepted":["temperature"],"rejected":[]} before={"alarms": [], "outbox": [], "shadows": [], "telemetry": [], "sensor_data": []} after={"alarms": [{"id": 1, "level": "warning", "metric": "temperature", "message": "temperature 高于阈值 20", "pond_id": 9401, "device_no": "v2-permission", "threshold": 20, "created_at": "2026-10-01T00:00:00+00:00", "product_id": 1, "confirmed_at": null, "current_value": 25}], "outbox": [{"id": 1, "status": "pending", "next_at": "2026-10-04T09:55:57.526584+00:00", "alarm_id": 1, "attempts": 0, "created_at": "2026-10-04T09:55:57.526584+00:00", "last_error": null, "updated_at": "2026-10-04T09:55:57.526584+00:00", "lease_owner": null, "leased_until": null, "recipient_open_id": null}], "shadows": [{"ts": "2026-10-01T00:00:00+00:00", "last": {"temperature": 25}, "signal": null, "pond_id": 9401, "device_no": "v2-permission", "tenant_id": 9401, "product_id": 1, "timestamps": {"temperature": "2026-10-01T00:00:00Z"}, "model_version": 1}], "telemetry": [{"ts": "2026-10-01T00:00:00+00:00", "pond_id": 9401, "device_no": "v2-permission", "tenant_id": 9401, "product_id": 1, "properties": {"temperature": 25}, "model_version": 1}], "sensor_data": [{"ph": null, "ts": "2026-10-01T00:00:00+00:00", "signal": null, "battery": null, "pond_id": 9401, "salinity": null, "device_no": "v2-permission", "tenant_id": 9401, "turbidity": null, "temperature": 25, "dissolved_oxygen": null}]}
    telemetry_permission_http_test.go:66: scenario=app_admin_live_downgrade post_status=401 response={"error":"tenant membership revoked"} before={"alarms": [{"id": 1, "level": "warning", "metric": "temperature", "message": "temperature 高于阈值 20", "pond_id": 9401, "device_no": "v2-permission", "threshold": 20, "created_at": "2026-10-01T00:00:00+00:00", "product_id": 1, "confirmed_at": null, "current_value": 25}], "outbox": [{"id": 1, "status": "pending", "next_at": "2026-10-04T09:55:57.526584+00:00", "alarm_id": 1, "attempts": 0, "created_at": "2026-10-04T09:55:57.526584+00:00", "last_error": null, "updated_at": "2026-10-04T09:55:57.526584+00:00", "lease_owner": null, "leased_until": null, "recipient_open_id": null}], "shadows": [{"ts": "2026-10-01T00:00:00+00:00", "last": {"temperature": 25}, "signal": null, "pond_id": 9401, "device_no": "v2-permission", "tenant_id": 9401, "product_id": 1, "timestamps": {"temperature": "2026-10-01T00:00:00Z"}, "model_version": 1}], "telemetry": [{"ts": "2026-10-01T00:00:00+00:00", "pond_id": 9401, "device_no": "v2-permission", "tenant_id": 9401, "product_id": 1, "properties": {"temperature": 25}, "model_version": 1}], "sensor_data": [{"ph": null, "ts": "2026-10-01T00:00:00+00:00", "signal": null, "battery": null, "pond_id": 9401, "salinity": null, "device_no": "v2-permission", "tenant_id": 9401, "turbidity": null, "temperature": 25, "dissolved_oxygen": null}]} after={"alarms": [{"id": 1, "level": "warning", "metric": "temperature", "message": "temperature 高于阈值 20", "pond_id": 9401, "device_no": "v2-permission", "threshold": 20, "created_at": "2026-10-01T00:00:00+00:00", "product_id": 1, "confirmed_at": null, "current_value": 25}], "outbox": [{"id": 1, "status": "pending", "next_at": "2026-10-04T09:55:57.526584+00:00", "alarm_id": 1, "attempts": 0, "created_at": "2026-10-04T09:55:57.526584+00:00", "last_error": null, "updated_at": "2026-10-04T09:55:57.526584+00:00", "lease_owner": null, "leased_until": null, "recipient_open_id": null}], "shadows": [{"ts": "2026-10-01T00:00:00+00:00", "last": {"temperature": 25}, "signal": null, "pond_id": 9401, "device_no": "v2-permission", "tenant_id": 9401, "product_id": 1, "timestamps": {"temperature": "2026-10-01T00:00:00Z"}, "model_version": 1}], "telemetry": [{"ts": "2026-10-01T00:00:00+00:00", "pond_id": 9401, "device_no": "v2-permission", "tenant_id": 9401, "product_id": 1, "properties": {"temperature": 25}, "model_version": 1}], "sensor_data": [{"ph": null, "ts": "2026-10-01T00:00:00+00:00", "signal": null, "battery": null, "pond_id": 9401, "salinity": null, "device_no": "v2-permission", "tenant_id": 9401, "turbidity": null, "temperature": 25, "dissolved_oxygen": null}]}
=== RUN   TestAppTelemetryWriteRoleBoundary/viewer
    telemetry_permission_http_test.go:26: environment real_timescaledb=2.30.0
[GIN-debug] [WARNING] Running in "debug" mode. Switch to "release" mode in production.
 - using env:	export GIN_MODE=release
 - using code:	gin.SetMode(gin.ReleaseMode)

[GIN-debug] POST   /api/v1/auth/login        --> git.hyhy.fun/rsplab/iolink/internal/appapi.(*Server).login-fm (2 handlers)
[GIN-debug] GET    /api/v1/auth/tenants      --> git.hyhy.fun/rsplab/iolink/internal/appapi.(*Server).listTenants-fm (3 handlers)
[GIN-debug] POST   /api/v1/auth/tenant       --> git.hyhy.fun/rsplab/iolink/internal/appapi.(*Server).switchTenant-fm (3 handlers)
[GIN-debug] GET    /api/v1/ponds             --> git.hyhy.fun/rsplab/iolink/internal/appapi.(*Server).listPonds-fm (3 handlers)
[GIN-debug] GET    /api/v1/ponds/:id         --> git.hyhy.fun/rsplab/iolink/internal/appapi.(*Server).getPond-fm (3 handlers)
[GIN-debug] GET    /api/v1/devices           --> git.hyhy.fun/rsplab/iolink/internal/appapi.(*Server).listDevices-fm (3 handlers)
[GIN-debug] GET    /api/v1/devices/:device_no --> git.hyhy.fun/rsplab/iolink/internal/appapi.(*Server).getDevice-fm (3 handlers)
[GIN-debug] GET    /api/v1/water/latest      --> git.hyhy.fun/rsplab/iolink/internal/appapi.(*Server).waterLatest-fm (3 handlers)
[GIN-debug] GET    /api/v1/water/history     --> git.hyhy.fun/rsplab/iolink/internal/appapi.(*Server).waterHistory-fm (3 handlers)
[GIN-debug] GET    /api/v1/alarms            --> git.hyhy.fun/rsplab/iolink/internal/appapi.(*Server).listAlarms-fm (3 handlers)
[GIN-debug] GET    /api/v1/stats/summary     --> git.hyhy.fun/rsplab/iolink/internal/appapi.(*Server).statsSummary-fm (3 handlers)
[GIN-debug] POST   /api/v1/alarms/:id/confirm --> git.hyhy.fun/rsplab/iolink/internal/appapi.(*Server).confirmAlarm-fm (3 handlers)
[GIN-debug] POST   /api/v2/devices/:device_no/telemetry --> git.hyhy.fun/rsplab/iolink/internal/appapi.(*Server).submitTelemetryV2-fm (3 handlers)
[GIN-debug] GET    /api/v2/devices/:device_no/model/latest --> git.hyhy.fun/rsplab/iolink/internal/appapi.(*Server).modelLatestV2-fm (3 handlers)
[GIN-debug] GET    /api/v2/devices/:device_no/history --> git.hyhy.fun/rsplab/iolink/internal/appapi.(*Server).telemetryHistoryV2-fm (3 handlers)
    telemetry_permission_http_test.go:45: scenario=app_viewer_v2-foreign post_status=404 response={"error":"not_found"}
    telemetry_permission_http_test.go:45: scenario=app_viewer_v2-hidden post_status=404 response={"error":"not_found"}
    telemetry_permission_http_test.go:53: scenario=app_viewer login_status=200 post_status=403 response={"error":"forbidden"} before={"alarms": [], "outbox": [], "shadows": [], "telemetry": [], "sensor_data": []} after={"alarms": [], "outbox": [], "shadows": [], "telemetry": [], "sensor_data": []}
=== RUN   TestAppTelemetryWriteRoleBoundary/member
    telemetry_permission_http_test.go:26: environment real_timescaledb=2.30.0
[GIN-debug] [WARNING] Running in "debug" mode. Switch to "release" mode in production.
 - using env:	export GIN_MODE=release
 - using code:	gin.SetMode(gin.ReleaseMode)

[GIN-debug] POST   /api/v1/auth/login        --> git.hyhy.fun/rsplab/iolink/internal/appapi.(*Server).login-fm (2 handlers)
[GIN-debug] GET    /api/v1/auth/tenants      --> git.hyhy.fun/rsplab/iolink/internal/appapi.(*Server).listTenants-fm (3 handlers)
[GIN-debug] POST   /api/v1/auth/tenant       --> git.hyhy.fun/rsplab/iolink/internal/appapi.(*Server).switchTenant-fm (3 handlers)
[GIN-debug] GET    /api/v1/ponds             --> git.hyhy.fun/rsplab/iolink/internal/appapi.(*Server).listPonds-fm (3 handlers)
[GIN-debug] GET    /api/v1/ponds/:id         --> git.hyhy.fun/rsplab/iolink/internal/appapi.(*Server).getPond-fm (3 handlers)
[GIN-debug] GET    /api/v1/devices           --> git.hyhy.fun/rsplab/iolink/internal/appapi.(*Server).listDevices-fm (3 handlers)
[GIN-debug] GET    /api/v1/devices/:device_no --> git.hyhy.fun/rsplab/iolink/internal/appapi.(*Server).getDevice-fm (3 handlers)
[GIN-debug] GET    /api/v1/water/latest      --> git.hyhy.fun/rsplab/iolink/internal/appapi.(*Server).waterLatest-fm (3 handlers)
[GIN-debug] GET    /api/v1/water/history     --> git.hyhy.fun/rsplab/iolink/internal/appapi.(*Server).waterHistory-fm (3 handlers)
[GIN-debug] GET    /api/v1/alarms            --> git.hyhy.fun/rsplab/iolink/internal/appapi.(*Server).listAlarms-fm (3 handlers)
[GIN-debug] GET    /api/v1/stats/summary     --> git.hyhy.fun/rsplab/iolink/internal/appapi.(*Server).statsSummary-fm (3 handlers)
[GIN-debug] POST   /api/v1/alarms/:id/confirm --> git.hyhy.fun/rsplab/iolink/internal/appapi.(*Server).confirmAlarm-fm (3 handlers)
[GIN-debug] POST   /api/v2/devices/:device_no/telemetry --> git.hyhy.fun/rsplab/iolink/internal/appapi.(*Server).submitTelemetryV2-fm (3 handlers)
[GIN-debug] GET    /api/v2/devices/:device_no/model/latest --> git.hyhy.fun/rsplab/iolink/internal/appapi.(*Server).modelLatestV2-fm (3 handlers)
[GIN-debug] GET    /api/v2/devices/:device_no/history --> git.hyhy.fun/rsplab/iolink/internal/appapi.(*Server).telemetryHistoryV2-fm (3 handlers)
    telemetry_permission_http_test.go:45: scenario=app_member_v2-foreign post_status=404 response={"error":"not_found"}
    telemetry_permission_http_test.go:45: scenario=app_member_v2-hidden post_status=404 response={"error":"not_found"}
    telemetry_permission_http_test.go:53: scenario=app_member login_status=200 post_status=403 response={"error":"forbidden"} before={"alarms": [], "outbox": [], "shadows": [], "telemetry": [], "sensor_data": []} after={"alarms": [], "outbox": [], "shadows": [], "telemetry": [], "sensor_data": []}
=== RUN   TestAppTelemetryWriteRoleBoundary/support
    telemetry_permission_http_test.go:26: environment real_timescaledb=2.30.0
[GIN-debug] [WARNING] Running in "debug" mode. Switch to "release" mode in production.
 - using env:	export GIN_MODE=release
 - using code:	gin.SetMode(gin.ReleaseMode)

[GIN-debug] POST   /api/v1/auth/login        --> git.hyhy.fun/rsplab/iolink/internal/appapi.(*Server).login-fm (2 handlers)
[GIN-debug] GET    /api/v1/auth/tenants      --> git.hyhy.fun/rsplab/iolink/internal/appapi.(*Server).listTenants-fm (3 handlers)
[GIN-debug] POST   /api/v1/auth/tenant       --> git.hyhy.fun/rsplab/iolink/internal/appapi.(*Server).switchTenant-fm (3 handlers)
[GIN-debug] GET    /api/v1/ponds             --> git.hyhy.fun/rsplab/iolink/internal/appapi.(*Server).listPonds-fm (3 handlers)
[GIN-debug] GET    /api/v1/ponds/:id         --> git.hyhy.fun/rsplab/iolink/internal/appapi.(*Server).getPond-fm (3 handlers)
[GIN-debug] GET    /api/v1/devices           --> git.hyhy.fun/rsplab/iolink/internal/appapi.(*Server).listDevices-fm (3 handlers)
[GIN-debug] GET    /api/v1/devices/:device_no --> git.hyhy.fun/rsplab/iolink/internal/appapi.(*Server).getDevice-fm (3 handlers)
[GIN-debug] GET    /api/v1/water/latest      --> git.hyhy.fun/rsplab/iolink/internal/appapi.(*Server).waterLatest-fm (3 handlers)
[GIN-debug] GET    /api/v1/water/history     --> git.hyhy.fun/rsplab/iolink/internal/appapi.(*Server).waterHistory-fm (3 handlers)
[GIN-debug] GET    /api/v1/alarms            --> git.hyhy.fun/rsplab/iolink/internal/appapi.(*Server).listAlarms-fm (3 handlers)
[GIN-debug] GET    /api/v1/stats/summary     --> git.hyhy.fun/rsplab/iolink/internal/appapi.(*Server).statsSummary-fm (3 handlers)
[GIN-debug] POST   /api/v1/alarms/:id/confirm --> git.hyhy.fun/rsplab/iolink/internal/appapi.(*Server).confirmAlarm-fm (3 handlers)
[GIN-debug] POST   /api/v2/devices/:device_no/telemetry --> git.hyhy.fun/rsplab/iolink/internal/appapi.(*Server).submitTelemetryV2-fm (3 handlers)
[GIN-debug] GET    /api/v2/devices/:device_no/model/latest --> git.hyhy.fun/rsplab/iolink/internal/appapi.(*Server).modelLatestV2-fm (3 handlers)
[GIN-debug] GET    /api/v2/devices/:device_no/history --> git.hyhy.fun/rsplab/iolink/internal/appapi.(*Server).telemetryHistoryV2-fm (3 handlers)
    telemetry_permission_http_test.go:45: scenario=app_support_v2-foreign post_status=404 response={"error":"not_found"}
    telemetry_permission_http_test.go:45: scenario=app_support_v2-hidden post_status=404 response={"error":"not_found"}
    telemetry_permission_http_test.go:53: scenario=app_support login_status=200 post_status=403 response={"error":"forbidden"} before={"alarms": [], "outbox": [], "shadows": [], "telemetry": [], "sensor_data": []} after={"alarms": [], "outbox": [], "shadows": [], "telemetry": [], "sensor_data": []}
--- PASS: TestAppTelemetryWriteRoleBoundary (2.13s)
    --- PASS: TestAppTelemetryWriteRoleBoundary/owner (0.46s)
    --- PASS: TestAppTelemetryWriteRoleBoundary/admin (0.44s)
    --- PASS: TestAppTelemetryWriteRoleBoundary/viewer (0.44s)
    --- PASS: TestAppTelemetryWriteRoleBoundary/member (0.38s)
    --- PASS: TestAppTelemetryWriteRoleBoundary/support (0.42s)
=== RUN   TestReviewerFarmUpdateRejectsCommittedRevocation
=== RUN   TestReviewerFarmUpdateRejectsCommittedRevocation/role
    tenant_write_revocation_http_test.go:99: environment real_timescaledb=2.30.0
[GIN-debug] [WARNING] Running in "debug" mode. Switch to "release" mode in production.
 - using env:	export GIN_MODE=release
 - using code:	gin.SetMode(gin.ReleaseMode)

[GIN-debug] POST   /admin/v1/login           --> git.hyhy.fun/rsplab/iolink/internal/adminapi.(*Server).login-fm (2 handlers)
[GIN-debug] GET    /admin/v1/tenants         --> git.hyhy.fun/rsplab/iolink/internal/adminapi.(*Server).listTenants-fm (3 handlers)
[GIN-debug] PUT    /admin/v1/tenants/:id/status --> git.hyhy.fun/rsplab/iolink/internal/adminapi.(*Server).setTenantStatus-fm (3 handlers)
[GIN-debug] GET    /admin/v1/tenants/:id/members --> git.hyhy.fun/rsplab/iolink/internal/adminapi.(*Server).listTenantMembers-fm (3 handlers)
[GIN-debug] PUT    /admin/v1/tenants/:id/members/:user_id --> git.hyhy.fun/rsplab/iolink/internal/adminapi.(*Server).setTenantMember-fm (3 handlers)
[GIN-debug] POST   /admin/v1/password        --> git.hyhy.fun/rsplab/iolink/internal/adminapi.(*Server).changePassword-fm (3 handlers)
[GIN-debug] GET    /admin/v1/farms           --> git.hyhy.fun/rsplab/iolink/internal/adminapi.(*Server).listFarms-fm (4 handlers)
[GIN-debug] POST   /admin/v1/farms           --> git.hyhy.fun/rsplab/iolink/internal/adminapi.(*Server).createFarm-fm (4 handlers)
[GIN-debug] GET    /admin/v1/users           --> git.hyhy.fun/rsplab/iolink/internal/adminapi.(*Server).listUsers-fm (4 handlers)
[GIN-debug] PUT    /admin/v1/farms/:id       --> git.hyhy.fun/rsplab/iolink/internal/adminapi.(*Server).updateFarm-fm (4 handlers)
[GIN-debug] DELETE /admin/v1/farms/:id       --> git.hyhy.fun/rsplab/iolink/internal/adminapi.(*Server).deleteFarm-fm (4 handlers)
[GIN-debug] PUT    /admin/v1/farms/:id/owner --> git.hyhy.fun/rsplab/iolink/internal/adminapi.(*Server).setFarmOwner-fm (4 handlers)
[GIN-debug] GET    /admin/v1/farms/:id/members --> git.hyhy.fun/rsplab/iolink/internal/adminapi.(*Server).listFarmMembers-fm (4 handlers)
[GIN-debug] PUT    /admin/v1/farms/:id/members/:user_id --> git.hyhy.fun/rsplab/iolink/internal/adminapi.(*Server).setFarmMember-fm (4 handlers)
[GIN-debug] GET    /admin/v1/ponds           --> git.hyhy.fun/rsplab/iolink/internal/adminapi.(*Server).listPonds-fm (4 handlers)
[GIN-debug] POST   /admin/v1/ponds           --> git.hyhy.fun/rsplab/iolink/internal/adminapi.(*Server).createPond-fm (4 handlers)
[GIN-debug] PUT    /admin/v1/ponds/:id       --> git.hyhy.fun/rsplab/iolink/internal/adminapi.(*Server).updatePond-fm (4 handlers)
[GIN-debug] DELETE /admin/v1/ponds/:id       --> git.hyhy.fun/rsplab/iolink/internal/adminapi.(*Server).deletePond-fm (4 handlers)
[GIN-debug] GET    /admin/v1/devices         --> git.hyhy.fun/rsplab/iolink/internal/adminapi.(*Server).listDevices-fm (4 handlers)
[GIN-debug] POST   /admin/v1/devices         --> git.hyhy.fun/rsplab/iolink/internal/adminapi.(*Server).registerDevice-fm (4 handlers)
[GIN-debug] GET    /admin/v1/devices/:device_no --> git.hyhy.fun/rsplab/iolink/internal/adminapi.(*Server).getDevice-fm (4 handlers)
[GIN-debug] DELETE /admin/v1/devices/:device_no --> git.hyhy.fun/rsplab/iolink/internal/adminapi.(*Server).deleteDevice-fm (4 handlers)
[GIN-debug] PUT    /admin/v1/devices/:device_no/pond --> git.hyhy.fun/rsplab/iolink/internal/adminapi.(*Server).moveDevice-fm (4 handlers)
[GIN-debug] GET    /admin/v1/alarm-rules     --> git.hyhy.fun/rsplab/iolink/internal/adminapi.(*Server).listRules-fm (4 handlers)
[GIN-debug] POST   /admin/v1/alarm-rules     --> git.hyhy.fun/rsplab/iolink/internal/adminapi.(*Server).createRule-fm (4 handlers)
[GIN-debug] PUT    /admin/v1/alarm-rules/:id --> git.hyhy.fun/rsplab/iolink/internal/adminapi.(*Server).updateRule-fm (4 handlers)
[GIN-debug] DELETE /admin/v1/alarm-rules/:id --> git.hyhy.fun/rsplab/iolink/internal/adminapi.(*Server).deleteRule-fm (4 handlers)
[GIN-debug] GET    /admin/v1/alarms          --> git.hyhy.fun/rsplab/iolink/internal/adminapi.(*Server).listAlarms-fm (4 handlers)
[GIN-debug] POST   /admin/v1/alarms/:id/confirm --> git.hyhy.fun/rsplab/iolink/internal/adminapi.(*Server).confirmAlarm-fm (4 handlers)
[GIN-debug] POST   /admin/v1/alarms/batch-confirm --> git.hyhy.fun/rsplab/iolink/internal/adminapi.(*Server).batchConfirm-fm (4 handlers)
[GIN-debug] GET    /admin/v1/stats           --> git.hyhy.fun/rsplab/iolink/internal/adminapi.(*Server).stats-fm (4 handlers)
[GIN-debug] GET    /admin/v1/products        --> git.hyhy.fun/rsplab/iolink/internal/adminapi.(*Server).listProducts-fm (4 handlers)
[GIN-debug] POST   /admin/v1/products        --> git.hyhy.fun/rsplab/iolink/internal/adminapi.(*Server).createProduct-fm (4 handlers)
[GIN-debug] GET    /admin/v1/products/:product_id/models --> git.hyhy.fun/rsplab/iolink/internal/adminapi.(*Server).listProductModels-fm (4 handlers)
[GIN-debug] POST   /admin/v1/products/:product_id/models --> git.hyhy.fun/rsplab/iolink/internal/adminapi.(*Server).createProductModel-fm (4 handlers)
[GIN-debug] POST   /admin/v1/products/:product_id/models/:version/publish --> git.hyhy.fun/rsplab/iolink/internal/adminapi.(*Server).publishProductModel-fm (4 handlers)
[GIN-debug] GET    /admin/v1/devices/:device_no/product --> git.hyhy.fun/rsplab/iolink/internal/adminapi.(*Server).getDeviceProduct-fm (4 handlers)
[GIN-debug] PUT    /admin/v1/devices/:device_no/product --> git.hyhy.fun/rsplab/iolink/internal/adminapi.(*Server).assignDeviceProduct-fm (4 handlers)
2026/10/04 17:55:59 INFO http request request_id=NZ4YHZPNZFQE667MRJ2L7G5IW5 route=/admin/v1/login method=POST status=200 duration_ms=150 tenant_id=0 actor_id=0
2026/10/04 17:55:59 WARN http request request_id=GQT7RE6UOU6MJVDZRT6OZYNTVH route=/admin/v1/farms/:id method=PUT status=403 duration_ms=3 tenant_id=9401 actor_id=9402
    tenant_write_revocation_http_test.go:127: http method=PUT path=/admin/v1/farms/9401 status=403 response={"error":"forbidden"}
    tenant_write_revocation_http_test.go:133: source=9120469 change=role injected=true status=403 before="v2-farm" after="v2-farm" response={"error":"forbidden"}
=== RUN   TestReviewerFarmUpdateRejectsCommittedRevocation/membership
    tenant_write_revocation_http_test.go:99: environment real_timescaledb=2.30.0
[GIN-debug] [WARNING] Running in "debug" mode. Switch to "release" mode in production.
 - using env:	export GIN_MODE=release
 - using code:	gin.SetMode(gin.ReleaseMode)

[GIN-debug] POST   /admin/v1/login           --> git.hyhy.fun/rsplab/iolink/internal/adminapi.(*Server).login-fm (2 handlers)
[GIN-debug] GET    /admin/v1/tenants         --> git.hyhy.fun/rsplab/iolink/internal/adminapi.(*Server).listTenants-fm (3 handlers)
[GIN-debug] PUT    /admin/v1/tenants/:id/status --> git.hyhy.fun/rsplab/iolink/internal/adminapi.(*Server).setTenantStatus-fm (3 handlers)
[GIN-debug] GET    /admin/v1/tenants/:id/members --> git.hyhy.fun/rsplab/iolink/internal/adminapi.(*Server).listTenantMembers-fm (3 handlers)
[GIN-debug] PUT    /admin/v1/tenants/:id/members/:user_id --> git.hyhy.fun/rsplab/iolink/internal/adminapi.(*Server).setTenantMember-fm (3 handlers)
[GIN-debug] POST   /admin/v1/password        --> git.hyhy.fun/rsplab/iolink/internal/adminapi.(*Server).changePassword-fm (3 handlers)
[GIN-debug] GET    /admin/v1/farms           --> git.hyhy.fun/rsplab/iolink/internal/adminapi.(*Server).listFarms-fm (4 handlers)
[GIN-debug] POST   /admin/v1/farms           --> git.hyhy.fun/rsplab/iolink/internal/adminapi.(*Server).createFarm-fm (4 handlers)
[GIN-debug] GET    /admin/v1/users           --> git.hyhy.fun/rsplab/iolink/internal/adminapi.(*Server).listUsers-fm (4 handlers)
[GIN-debug] PUT    /admin/v1/farms/:id       --> git.hyhy.fun/rsplab/iolink/internal/adminapi.(*Server).updateFarm-fm (4 handlers)
[GIN-debug] DELETE /admin/v1/farms/:id       --> git.hyhy.fun/rsplab/iolink/internal/adminapi.(*Server).deleteFarm-fm (4 handlers)
[GIN-debug] PUT    /admin/v1/farms/:id/owner --> git.hyhy.fun/rsplab/iolink/internal/adminapi.(*Server).setFarmOwner-fm (4 handlers)
[GIN-debug] GET    /admin/v1/farms/:id/members --> git.hyhy.fun/rsplab/iolink/internal/adminapi.(*Server).listFarmMembers-fm (4 handlers)
[GIN-debug] PUT    /admin/v1/farms/:id/members/:user_id --> git.hyhy.fun/rsplab/iolink/internal/adminapi.(*Server).setFarmMember-fm (4 handlers)
[GIN-debug] GET    /admin/v1/ponds           --> git.hyhy.fun/rsplab/iolink/internal/adminapi.(*Server).listPonds-fm (4 handlers)
[GIN-debug] POST   /admin/v1/ponds           --> git.hyhy.fun/rsplab/iolink/internal/adminapi.(*Server).createPond-fm (4 handlers)
[GIN-debug] PUT    /admin/v1/ponds/:id       --> git.hyhy.fun/rsplab/iolink/internal/adminapi.(*Server).updatePond-fm (4 handlers)
[GIN-debug] DELETE /admin/v1/ponds/:id       --> git.hyhy.fun/rsplab/iolink/internal/adminapi.(*Server).deletePond-fm (4 handlers)
[GIN-debug] GET    /admin/v1/devices         --> git.hyhy.fun/rsplab/iolink/internal/adminapi.(*Server).listDevices-fm (4 handlers)
[GIN-debug] POST   /admin/v1/devices         --> git.hyhy.fun/rsplab/iolink/internal/adminapi.(*Server).registerDevice-fm (4 handlers)
[GIN-debug] GET    /admin/v1/devices/:device_no --> git.hyhy.fun/rsplab/iolink/internal/adminapi.(*Server).getDevice-fm (4 handlers)
[GIN-debug] DELETE /admin/v1/devices/:device_no --> git.hyhy.fun/rsplab/iolink/internal/adminapi.(*Server).deleteDevice-fm (4 handlers)
[GIN-debug] PUT    /admin/v1/devices/:device_no/pond --> git.hyhy.fun/rsplab/iolink/internal/adminapi.(*Server).moveDevice-fm (4 handlers)
[GIN-debug] GET    /admin/v1/alarm-rules     --> git.hyhy.fun/rsplab/iolink/internal/adminapi.(*Server).listRules-fm (4 handlers)
[GIN-debug] POST   /admin/v1/alarm-rules     --> git.hyhy.fun/rsplab/iolink/internal/adminapi.(*Server).createRule-fm (4 handlers)
[GIN-debug] PUT    /admin/v1/alarm-rules/:id --> git.hyhy.fun/rsplab/iolink/internal/adminapi.(*Server).updateRule-fm (4 handlers)
[GIN-debug] DELETE /admin/v1/alarm-rules/:id --> git.hyhy.fun/rsplab/iolink/internal/adminapi.(*Server).deleteRule-fm (4 handlers)
[GIN-debug] GET    /admin/v1/alarms          --> git.hyhy.fun/rsplab/iolink/internal/adminapi.(*Server).listAlarms-fm (4 handlers)
[GIN-debug] POST   /admin/v1/alarms/:id/confirm --> git.hyhy.fun/rsplab/iolink/internal/adminapi.(*Server).confirmAlarm-fm (4 handlers)
[GIN-debug] POST   /admin/v1/alarms/batch-confirm --> git.hyhy.fun/rsplab/iolink/internal/adminapi.(*Server).batchConfirm-fm (4 handlers)
[GIN-debug] GET    /admin/v1/stats           --> git.hyhy.fun/rsplab/iolink/internal/adminapi.(*Server).stats-fm (4 handlers)
[GIN-debug] GET    /admin/v1/products        --> git.hyhy.fun/rsplab/iolink/internal/adminapi.(*Server).listProducts-fm (4 handlers)
[GIN-debug] POST   /admin/v1/products        --> git.hyhy.fun/rsplab/iolink/internal/adminapi.(*Server).createProduct-fm (4 handlers)
[GIN-debug] GET    /admin/v1/products/:product_id/models --> git.hyhy.fun/rsplab/iolink/internal/adminapi.(*Server).listProductModels-fm (4 handlers)
[GIN-debug] POST   /admin/v1/products/:product_id/models --> git.hyhy.fun/rsplab/iolink/internal/adminapi.(*Server).createProductModel-fm (4 handlers)
[GIN-debug] POST   /admin/v1/products/:product_id/models/:version/publish --> git.hyhy.fun/rsplab/iolink/internal/adminapi.(*Server).publishProductModel-fm (4 handlers)
[GIN-debug] GET    /admin/v1/devices/:device_no/product --> git.hyhy.fun/rsplab/iolink/internal/adminapi.(*Server).getDeviceProduct-fm (4 handlers)
[GIN-debug] PUT    /admin/v1/devices/:device_no/product --> git.hyhy.fun/rsplab/iolink/internal/adminapi.(*Server).assignDeviceProduct-fm (4 handlers)
2026/10/04 17:56:00 INFO http request request_id=YYFHWOGUNEEQDDAT5UNCWJ3UIQ route=/admin/v1/login method=POST status=200 duration_ms=149 tenant_id=0 actor_id=0
2026/10/04 17:56:00 WARN http request request_id=7AOICFV3PGHPRO4HNOUBML27MK route=/admin/v1/farms/:id method=PUT status=403 duration_ms=3 tenant_id=9401 actor_id=9402
    tenant_write_revocation_http_test.go:127: http method=PUT path=/admin/v1/farms/9401 status=403 response={"error":"forbidden"}
    tenant_write_revocation_http_test.go:133: source=9120469 change=membership injected=true status=403 before="v2-farm" after="v2-farm" response={"error":"forbidden"}
=== RUN   TestReviewerFarmUpdateRejectsCommittedRevocation/tenant
    tenant_write_revocation_http_test.go:99: environment real_timescaledb=2.30.0
[GIN-debug] [WARNING] Running in "debug" mode. Switch to "release" mode in production.
 - using env:	export GIN_MODE=release
 - using code:	gin.SetMode(gin.ReleaseMode)

[GIN-debug] POST   /admin/v1/login           --> git.hyhy.fun/rsplab/iolink/internal/adminapi.(*Server).login-fm (2 handlers)
[GIN-debug] GET    /admin/v1/tenants         --> git.hyhy.fun/rsplab/iolink/internal/adminapi.(*Server).listTenants-fm (3 handlers)
[GIN-debug] PUT    /admin/v1/tenants/:id/status --> git.hyhy.fun/rsplab/iolink/internal/adminapi.(*Server).setTenantStatus-fm (3 handlers)
[GIN-debug] GET    /admin/v1/tenants/:id/members --> git.hyhy.fun/rsplab/iolink/internal/adminapi.(*Server).listTenantMembers-fm (3 handlers)
[GIN-debug] PUT    /admin/v1/tenants/:id/members/:user_id --> git.hyhy.fun/rsplab/iolink/internal/adminapi.(*Server).setTenantMember-fm (3 handlers)
[GIN-debug] POST   /admin/v1/password        --> git.hyhy.fun/rsplab/iolink/internal/adminapi.(*Server).changePassword-fm (3 handlers)
[GIN-debug] GET    /admin/v1/farms           --> git.hyhy.fun/rsplab/iolink/internal/adminapi.(*Server).listFarms-fm (4 handlers)
[GIN-debug] POST   /admin/v1/farms           --> git.hyhy.fun/rsplab/iolink/internal/adminapi.(*Server).createFarm-fm (4 handlers)
[GIN-debug] GET    /admin/v1/users           --> git.hyhy.fun/rsplab/iolink/internal/adminapi.(*Server).listUsers-fm (4 handlers)
[GIN-debug] PUT    /admin/v1/farms/:id       --> git.hyhy.fun/rsplab/iolink/internal/adminapi.(*Server).updateFarm-fm (4 handlers)
[GIN-debug] DELETE /admin/v1/farms/:id       --> git.hyhy.fun/rsplab/iolink/internal/adminapi.(*Server).deleteFarm-fm (4 handlers)
[GIN-debug] PUT    /admin/v1/farms/:id/owner --> git.hyhy.fun/rsplab/iolink/internal/adminapi.(*Server).setFarmOwner-fm (4 handlers)
[GIN-debug] GET    /admin/v1/farms/:id/members --> git.hyhy.fun/rsplab/iolink/internal/adminapi.(*Server).listFarmMembers-fm (4 handlers)
[GIN-debug] PUT    /admin/v1/farms/:id/members/:user_id --> git.hyhy.fun/rsplab/iolink/internal/adminapi.(*Server).setFarmMember-fm (4 handlers)
[GIN-debug] GET    /admin/v1/ponds           --> git.hyhy.fun/rsplab/iolink/internal/adminapi.(*Server).listPonds-fm (4 handlers)
[GIN-debug] POST   /admin/v1/ponds           --> git.hyhy.fun/rsplab/iolink/internal/adminapi.(*Server).createPond-fm (4 handlers)
[GIN-debug] PUT    /admin/v1/ponds/:id       --> git.hyhy.fun/rsplab/iolink/internal/adminapi.(*Server).updatePond-fm (4 handlers)
[GIN-debug] DELETE /admin/v1/ponds/:id       --> git.hyhy.fun/rsplab/iolink/internal/adminapi.(*Server).deletePond-fm (4 handlers)
[GIN-debug] GET    /admin/v1/devices         --> git.hyhy.fun/rsplab/iolink/internal/adminapi.(*Server).listDevices-fm (4 handlers)
[GIN-debug] POST   /admin/v1/devices         --> git.hyhy.fun/rsplab/iolink/internal/adminapi.(*Server).registerDevice-fm (4 handlers)
[GIN-debug] GET    /admin/v1/devices/:device_no --> git.hyhy.fun/rsplab/iolink/internal/adminapi.(*Server).getDevice-fm (4 handlers)
[GIN-debug] DELETE /admin/v1/devices/:device_no --> git.hyhy.fun/rsplab/iolink/internal/adminapi.(*Server).deleteDevice-fm (4 handlers)
[GIN-debug] PUT    /admin/v1/devices/:device_no/pond --> git.hyhy.fun/rsplab/iolink/internal/adminapi.(*Server).moveDevice-fm (4 handlers)
[GIN-debug] GET    /admin/v1/alarm-rules     --> git.hyhy.fun/rsplab/iolink/internal/adminapi.(*Server).listRules-fm (4 handlers)
[GIN-debug] POST   /admin/v1/alarm-rules     --> git.hyhy.fun/rsplab/iolink/internal/adminapi.(*Server).createRule-fm (4 handlers)
[GIN-debug] PUT    /admin/v1/alarm-rules/:id --> git.hyhy.fun/rsplab/iolink/internal/adminapi.(*Server).updateRule-fm (4 handlers)
[GIN-debug] DELETE /admin/v1/alarm-rules/:id --> git.hyhy.fun/rsplab/iolink/internal/adminapi.(*Server).deleteRule-fm (4 handlers)
[GIN-debug] GET    /admin/v1/alarms          --> git.hyhy.fun/rsplab/iolink/internal/adminapi.(*Server).listAlarms-fm (4 handlers)
[GIN-debug] POST   /admin/v1/alarms/:id/confirm --> git.hyhy.fun/rsplab/iolink/internal/adminapi.(*Server).confirmAlarm-fm (4 handlers)
[GIN-debug] POST   /admin/v1/alarms/batch-confirm --> git.hyhy.fun/rsplab/iolink/internal/adminapi.(*Server).batchConfirm-fm (4 handlers)
[GIN-debug] GET    /admin/v1/stats           --> git.hyhy.fun/rsplab/iolink/internal/adminapi.(*Server).stats-fm (4 handlers)
[GIN-debug] GET    /admin/v1/products        --> git.hyhy.fun/rsplab/iolink/internal/adminapi.(*Server).listProducts-fm (4 handlers)
[GIN-debug] POST   /admin/v1/products        --> git.hyhy.fun/rsplab/iolink/internal/adminapi.(*Server).createProduct-fm (4 handlers)
[GIN-debug] GET    /admin/v1/products/:product_id/models --> git.hyhy.fun/rsplab/iolink/internal/adminapi.(*Server).listProductModels-fm (4 handlers)
[GIN-debug] POST   /admin/v1/products/:product_id/models --> git.hyhy.fun/rsplab/iolink/internal/adminapi.(*Server).createProductModel-fm (4 handlers)
[GIN-debug] POST   /admin/v1/products/:product_id/models/:version/publish --> git.hyhy.fun/rsplab/iolink/internal/adminapi.(*Server).publishProductModel-fm (4 handlers)
[GIN-debug] GET    /admin/v1/devices/:device_no/product --> git.hyhy.fun/rsplab/iolink/internal/adminapi.(*Server).getDeviceProduct-fm (4 handlers)
[GIN-debug] PUT    /admin/v1/devices/:device_no/product --> git.hyhy.fun/rsplab/iolink/internal/adminapi.(*Server).assignDeviceProduct-fm (4 handlers)
2026/10/04 17:56:00 INFO http request request_id=X765P6NR6WU2GXNWQQCDB6GNNZ route=/admin/v1/login method=POST status=200 duration_ms=144 tenant_id=0 actor_id=0
2026/10/04 17:56:00 WARN http request request_id=HT37NDLP3RBT5NTUHYKZBTTIOV route=/admin/v1/farms/:id method=PUT status=403 duration_ms=3 tenant_id=9401 actor_id=9402
    tenant_write_revocation_http_test.go:127: http method=PUT path=/admin/v1/farms/9401 status=403 response={"error":"forbidden"}
    tenant_write_revocation_http_test.go:133: source=9120469 change=tenant injected=true status=403 before="v2-farm" after="v2-farm" response={"error":"forbidden"}
=== RUN   TestReviewerFarmUpdateRejectsCommittedRevocation/platform_authority
    tenant_write_revocation_http_test.go:99: environment real_timescaledb=2.30.0
[GIN-debug] [WARNING] Running in "debug" mode. Switch to "release" mode in production.
 - using env:	export GIN_MODE=release
 - using code:	gin.SetMode(gin.ReleaseMode)

[GIN-debug] POST   /admin/v1/login           --> git.hyhy.fun/rsplab/iolink/internal/adminapi.(*Server).login-fm (2 handlers)
[GIN-debug] GET    /admin/v1/tenants         --> git.hyhy.fun/rsplab/iolink/internal/adminapi.(*Server).listTenants-fm (3 handlers)
[GIN-debug] PUT    /admin/v1/tenants/:id/status --> git.hyhy.fun/rsplab/iolink/internal/adminapi.(*Server).setTenantStatus-fm (3 handlers)
[GIN-debug] GET    /admin/v1/tenants/:id/members --> git.hyhy.fun/rsplab/iolink/internal/adminapi.(*Server).listTenantMembers-fm (3 handlers)
[GIN-debug] PUT    /admin/v1/tenants/:id/members/:user_id --> git.hyhy.fun/rsplab/iolink/internal/adminapi.(*Server).setTenantMember-fm (3 handlers)
[GIN-debug] POST   /admin/v1/password        --> git.hyhy.fun/rsplab/iolink/internal/adminapi.(*Server).changePassword-fm (3 handlers)
[GIN-debug] GET    /admin/v1/farms           --> git.hyhy.fun/rsplab/iolink/internal/adminapi.(*Server).listFarms-fm (4 handlers)
[GIN-debug] POST   /admin/v1/farms           --> git.hyhy.fun/rsplab/iolink/internal/adminapi.(*Server).createFarm-fm (4 handlers)
[GIN-debug] GET    /admin/v1/users           --> git.hyhy.fun/rsplab/iolink/internal/adminapi.(*Server).listUsers-fm (4 handlers)
[GIN-debug] PUT    /admin/v1/farms/:id       --> git.hyhy.fun/rsplab/iolink/internal/adminapi.(*Server).updateFarm-fm (4 handlers)
[GIN-debug] DELETE /admin/v1/farms/:id       --> git.hyhy.fun/rsplab/iolink/internal/adminapi.(*Server).deleteFarm-fm (4 handlers)
[GIN-debug] PUT    /admin/v1/farms/:id/owner --> git.hyhy.fun/rsplab/iolink/internal/adminapi.(*Server).setFarmOwner-fm (4 handlers)
[GIN-debug] GET    /admin/v1/farms/:id/members --> git.hyhy.fun/rsplab/iolink/internal/adminapi.(*Server).listFarmMembers-fm (4 handlers)
[GIN-debug] PUT    /admin/v1/farms/:id/members/:user_id --> git.hyhy.fun/rsplab/iolink/internal/adminapi.(*Server).setFarmMember-fm (4 handlers)
[GIN-debug] GET    /admin/v1/ponds           --> git.hyhy.fun/rsplab/iolink/internal/adminapi.(*Server).listPonds-fm (4 handlers)
[GIN-debug] POST   /admin/v1/ponds           --> git.hyhy.fun/rsplab/iolink/internal/adminapi.(*Server).createPond-fm (4 handlers)
[GIN-debug] PUT    /admin/v1/ponds/:id       --> git.hyhy.fun/rsplab/iolink/internal/adminapi.(*Server).updatePond-fm (4 handlers)
[GIN-debug] DELETE /admin/v1/ponds/:id       --> git.hyhy.fun/rsplab/iolink/internal/adminapi.(*Server).deletePond-fm (4 handlers)
[GIN-debug] GET    /admin/v1/devices         --> git.hyhy.fun/rsplab/iolink/internal/adminapi.(*Server).listDevices-fm (4 handlers)
[GIN-debug] POST   /admin/v1/devices         --> git.hyhy.fun/rsplab/iolink/internal/adminapi.(*Server).registerDevice-fm (4 handlers)
[GIN-debug] GET    /admin/v1/devices/:device_no --> git.hyhy.fun/rsplab/iolink/internal/adminapi.(*Server).getDevice-fm (4 handlers)
[GIN-debug] DELETE /admin/v1/devices/:device_no --> git.hyhy.fun/rsplab/iolink/internal/adminapi.(*Server).deleteDevice-fm (4 handlers)
[GIN-debug] PUT    /admin/v1/devices/:device_no/pond --> git.hyhy.fun/rsplab/iolink/internal/adminapi.(*Server).moveDevice-fm (4 handlers)
[GIN-debug] GET    /admin/v1/alarm-rules     --> git.hyhy.fun/rsplab/iolink/internal/adminapi.(*Server).listRules-fm (4 handlers)
[GIN-debug] POST   /admin/v1/alarm-rules     --> git.hyhy.fun/rsplab/iolink/internal/adminapi.(*Server).createRule-fm (4 handlers)
[GIN-debug] PUT    /admin/v1/alarm-rules/:id --> git.hyhy.fun/rsplab/iolink/internal/adminapi.(*Server).updateRule-fm (4 handlers)
[GIN-debug] DELETE /admin/v1/alarm-rules/:id --> git.hyhy.fun/rsplab/iolink/internal/adminapi.(*Server).deleteRule-fm (4 handlers)
[GIN-debug] GET    /admin/v1/alarms          --> git.hyhy.fun/rsplab/iolink/internal/adminapi.(*Server).listAlarms-fm (4 handlers)
[GIN-debug] POST   /admin/v1/alarms/:id/confirm --> git.hyhy.fun/rsplab/iolink/internal/adminapi.(*Server).confirmAlarm-fm (4 handlers)
[GIN-debug] POST   /admin/v1/alarms/batch-confirm --> git.hyhy.fun/rsplab/iolink/internal/adminapi.(*Server).batchConfirm-fm (4 handlers)
[GIN-debug] GET    /admin/v1/stats           --> git.hyhy.fun/rsplab/iolink/internal/adminapi.(*Server).stats-fm (4 handlers)
[GIN-debug] GET    /admin/v1/products        --> git.hyhy.fun/rsplab/iolink/internal/adminapi.(*Server).listProducts-fm (4 handlers)
[GIN-debug] POST   /admin/v1/products        --> git.hyhy.fun/rsplab/iolink/internal/adminapi.(*Server).createProduct-fm (4 handlers)
[GIN-debug] GET    /admin/v1/products/:product_id/models --> git.hyhy.fun/rsplab/iolink/internal/adminapi.(*Server).listProductModels-fm (4 handlers)
[GIN-debug] POST   /admin/v1/products/:product_id/models --> git.hyhy.fun/rsplab/iolink/internal/adminapi.(*Server).createProductModel-fm (4 handlers)
[GIN-debug] POST   /admin/v1/products/:product_id/models/:version/publish --> git.hyhy.fun/rsplab/iolink/internal/adminapi.(*Server).publishProductModel-fm (4 handlers)
[GIN-debug] GET    /admin/v1/devices/:device_no/product --> git.hyhy.fun/rsplab/iolink/internal/adminapi.(*Server).getDeviceProduct-fm (4 handlers)
[GIN-debug] PUT    /admin/v1/devices/:device_no/product --> git.hyhy.fun/rsplab/iolink/internal/adminapi.(*Server).assignDeviceProduct-fm (4 handlers)
2026/10/04 17:56:01 INFO http request request_id=UTNZT2SZTDPHXFJ7N5NSPX7SFH route=/admin/v1/login method=POST status=200 duration_ms=134 tenant_id=0 actor_id=0
2026/10/04 17:56:01 WARN http request request_id=KLQUWQMMPYYIFOXQVBG4P3U2AX route=/admin/v1/farms/:id method=PUT status=403 duration_ms=3 tenant_id=9401 actor_id=9402
    tenant_write_revocation_http_test.go:127: http method=PUT path=/admin/v1/farms/9401 status=403 response={"error":"forbidden"}
    tenant_write_revocation_http_test.go:133: source=9120469 change=platform_authority injected=true status=403 before="v2-farm" after="v2-farm" response={"error":"forbidden"}
--- PASS: TestReviewerFarmUpdateRejectsCommittedRevocation (2.78s)
    --- PASS: TestReviewerFarmUpdateRejectsCommittedRevocation/role (0.73s)
    --- PASS: TestReviewerFarmUpdateRejectsCommittedRevocation/membership (0.70s)
    --- PASS: TestReviewerFarmUpdateRejectsCommittedRevocation/tenant (0.68s)
    --- PASS: TestReviewerFarmUpdateRejectsCommittedRevocation/platform_authority (0.67s)
=== RUN   TestM6bStoredPlatformMembershipFailsClosed
[GIN-debug] [WARNING] Running in "debug" mode. Switch to "release" mode in production.
 - using env:	export GIN_MODE=release
 - using code:	gin.SetMode(gin.ReleaseMode)

[GIN-debug] POST   /admin/v1/login           --> git.hyhy.fun/rsplab/iolink/internal/adminapi.(*Server).login-fm (2 handlers)
[GIN-debug] GET    /admin/v1/tenants         --> git.hyhy.fun/rsplab/iolink/internal/adminapi.(*Server).listTenants-fm (3 handlers)
[GIN-debug] PUT    /admin/v1/tenants/:id/status --> git.hyhy.fun/rsplab/iolink/internal/adminapi.(*Server).setTenantStatus-fm (3 handlers)
[GIN-debug] GET    /admin/v1/tenants/:id/members --> git.hyhy.fun/rsplab/iolink/internal/adminapi.(*Server).listTenantMembers-fm (3 handlers)
[GIN-debug] PUT    /admin/v1/tenants/:id/members/:user_id --> git.hyhy.fun/rsplab/iolink/internal/adminapi.(*Server).setTenantMember-fm (3 handlers)
[GIN-debug] POST   /admin/v1/password        --> git.hyhy.fun/rsplab/iolink/internal/adminapi.(*Server).changePassword-fm (3 handlers)
[GIN-debug] GET    /admin/v1/farms           --> git.hyhy.fun/rsplab/iolink/internal/adminapi.(*Server).listFarms-fm (4 handlers)
[GIN-debug] POST   /admin/v1/farms           --> git.hyhy.fun/rsplab/iolink/internal/adminapi.(*Server).createFarm-fm (4 handlers)
[GIN-debug] GET    /admin/v1/users           --> git.hyhy.fun/rsplab/iolink/internal/adminapi.(*Server).listUsers-fm (4 handlers)
[GIN-debug] PUT    /admin/v1/farms/:id       --> git.hyhy.fun/rsplab/iolink/internal/adminapi.(*Server).updateFarm-fm (4 handlers)
[GIN-debug] DELETE /admin/v1/farms/:id       --> git.hyhy.fun/rsplab/iolink/internal/adminapi.(*Server).deleteFarm-fm (4 handlers)
[GIN-debug] PUT    /admin/v1/farms/:id/owner --> git.hyhy.fun/rsplab/iolink/internal/adminapi.(*Server).setFarmOwner-fm (4 handlers)
[GIN-debug] GET    /admin/v1/farms/:id/members --> git.hyhy.fun/rsplab/iolink/internal/adminapi.(*Server).listFarmMembers-fm (4 handlers)
[GIN-debug] PUT    /admin/v1/farms/:id/members/:user_id --> git.hyhy.fun/rsplab/iolink/internal/adminapi.(*Server).setFarmMember-fm (4 handlers)
[GIN-debug] GET    /admin/v1/ponds           --> git.hyhy.fun/rsplab/iolink/internal/adminapi.(*Server).listPonds-fm (4 handlers)
[GIN-debug] POST   /admin/v1/ponds           --> git.hyhy.fun/rsplab/iolink/internal/adminapi.(*Server).createPond-fm (4 handlers)
[GIN-debug] PUT    /admin/v1/ponds/:id       --> git.hyhy.fun/rsplab/iolink/internal/adminapi.(*Server).updatePond-fm (4 handlers)
[GIN-debug] DELETE /admin/v1/ponds/:id       --> git.hyhy.fun/rsplab/iolink/internal/adminapi.(*Server).deletePond-fm (4 handlers)
[GIN-debug] GET    /admin/v1/devices         --> git.hyhy.fun/rsplab/iolink/internal/adminapi.(*Server).listDevices-fm (4 handlers)
[GIN-debug] POST   /admin/v1/devices         --> git.hyhy.fun/rsplab/iolink/internal/adminapi.(*Server).registerDevice-fm (4 handlers)
[GIN-debug] GET    /admin/v1/devices/:device_no --> git.hyhy.fun/rsplab/iolink/internal/adminapi.(*Server).getDevice-fm (4 handlers)
[GIN-debug] DELETE /admin/v1/devices/:device_no --> git.hyhy.fun/rsplab/iolink/internal/adminapi.(*Server).deleteDevice-fm (4 handlers)
[GIN-debug] PUT    /admin/v1/devices/:device_no/pond --> git.hyhy.fun/rsplab/iolink/internal/adminapi.(*Server).moveDevice-fm (4 handlers)
[GIN-debug] GET    /admin/v1/alarm-rules     --> git.hyhy.fun/rsplab/iolink/internal/adminapi.(*Server).listRules-fm (4 handlers)
[GIN-debug] POST   /admin/v1/alarm-rules     --> git.hyhy.fun/rsplab/iolink/internal/adminapi.(*Server).createRule-fm (4 handlers)
[GIN-debug] PUT    /admin/v1/alarm-rules/:id --> git.hyhy.fun/rsplab/iolink/internal/adminapi.(*Server).updateRule-fm (4 handlers)
[GIN-debug] DELETE /admin/v1/alarm-rules/:id --> git.hyhy.fun/rsplab/iolink/internal/adminapi.(*Server).deleteRule-fm (4 handlers)
[GIN-debug] GET    /admin/v1/alarms          --> git.hyhy.fun/rsplab/iolink/internal/adminapi.(*Server).listAlarms-fm (4 handlers)
[GIN-debug] POST   /admin/v1/alarms/:id/confirm --> git.hyhy.fun/rsplab/iolink/internal/adminapi.(*Server).confirmAlarm-fm (4 handlers)
[GIN-debug] POST   /admin/v1/alarms/batch-confirm --> git.hyhy.fun/rsplab/iolink/internal/adminapi.(*Server).batchConfirm-fm (4 handlers)
[GIN-debug] GET    /admin/v1/stats           --> git.hyhy.fun/rsplab/iolink/internal/adminapi.(*Server).stats-fm (4 handlers)
[GIN-debug] GET    /admin/v1/products        --> git.hyhy.fun/rsplab/iolink/internal/adminapi.(*Server).listProducts-fm (4 handlers)
[GIN-debug] POST   /admin/v1/products        --> git.hyhy.fun/rsplab/iolink/internal/adminapi.(*Server).createProduct-fm (4 handlers)
[GIN-debug] GET    /admin/v1/products/:product_id/models --> git.hyhy.fun/rsplab/iolink/internal/adminapi.(*Server).listProductModels-fm (4 handlers)
[GIN-debug] POST   /admin/v1/products/:product_id/models --> git.hyhy.fun/rsplab/iolink/internal/adminapi.(*Server).createProductModel-fm (4 handlers)
[GIN-debug] POST   /admin/v1/products/:product_id/models/:version/publish --> git.hyhy.fun/rsplab/iolink/internal/adminapi.(*Server).publishProductModel-fm (4 handlers)
[GIN-debug] GET    /admin/v1/devices/:device_no/product --> git.hyhy.fun/rsplab/iolink/internal/adminapi.(*Server).getDeviceProduct-fm (4 handlers)
[GIN-debug] PUT    /admin/v1/devices/:device_no/product --> git.hyhy.fun/rsplab/iolink/internal/adminapi.(*Server).assignDeviceProduct-fm (4 handlers)
=== RUN   TestM6bStoredPlatformMembershipFailsClosed/owner
2026/10/04 17:56:02 WARN http request request_id=2UYOCG4EXFDI5S6XMHDEXFIDNJ route=/admin/v1/farms method=GET status=401 duration_ms=1 tenant_id=0 actor_id=0
2026/10/04 17:56:02 INFO http request request_id=XDBQV4CO42P2KONGYFCRM7P4SX route=/admin/v1/login method=POST status=200 duration_ms=145 tenant_id=0 actor_id=0
2026/10/04 17:56:02 WARN http request request_id=Y2VJPTCEAJXSE7EXJIKTSLW7UL route=/admin/v1/farms method=GET status=403 duration_ms=1 tenant_id=0 actor_id=0
    platform_membership_test.go:76: ADMIN stored role=owner old token=401 fresh login business read=403
=== RUN   TestM6bStoredPlatformMembershipFailsClosed/admin
2026/10/04 17:56:02 WARN http request request_id=LUHICC2TXGSXIAUYN57HY2DOQT route=/admin/v1/farms method=GET status=401 duration_ms=1 tenant_id=0 actor_id=0
2026/10/04 17:56:02 INFO http request request_id=YQAVKAPCMCT4WWLLDJ63NF6QEE route=/admin/v1/login method=POST status=200 duration_ms=127 tenant_id=0 actor_id=0
2026/10/04 17:56:02 WARN http request request_id=BS7MMJO3XKGJY3GTLOKEF4VMSL route=/admin/v1/farms method=GET status=403 duration_ms=1 tenant_id=0 actor_id=0
    platform_membership_test.go:76: ADMIN stored role=admin old token=401 fresh login business read=403
=== RUN   TestM6bStoredPlatformMembershipFailsClosed/member
2026/10/04 17:56:02 WARN http request request_id=N2VTFUKZN5NDLV7LQ4WCWV7R3O route=/admin/v1/farms method=GET status=401 duration_ms=0 tenant_id=0 actor_id=0
2026/10/04 17:56:02 INFO http request request_id=OYDXLLXB4DUXNHYFTJBJLZWSHP route=/admin/v1/login method=POST status=200 duration_ms=130 tenant_id=0 actor_id=0
2026/10/04 17:56:02 WARN http request request_id=NN4KU6M3JTDBIU5Q7J6I2ZOZ3Q route=/admin/v1/farms method=GET status=403 duration_ms=0 tenant_id=0 actor_id=0
    platform_membership_test.go:76: ADMIN stored role=member old token=401 fresh login business read=403
=== RUN   TestM6bStoredPlatformMembershipFailsClosed/viewer
2026/10/04 17:56:02 WARN http request request_id=JDGSR65TXFJPD5NVJE3WOL53ZK route=/admin/v1/farms method=GET status=401 duration_ms=0 tenant_id=0 actor_id=0
2026/10/04 17:56:02 INFO http request request_id=3BBDZ4AUS5L6PTUECORFYACKSD route=/admin/v1/login method=POST status=200 duration_ms=132 tenant_id=0 actor_id=0
2026/10/04 17:56:02 WARN http request request_id=HDGKPR6GBH7AP5OSADRSZTFMXX route=/admin/v1/farms method=GET status=403 duration_ms=0 tenant_id=0 actor_id=0
    platform_membership_test.go:76: ADMIN stored role=viewer old token=401 fresh login business read=403
=== RUN   TestM6bStoredPlatformMembershipFailsClosed/owner_assignment_scoped_false
=== RUN   TestM6bStoredPlatformMembershipFailsClosed/owner_assignment_scoped_true
--- PASS: TestM6bStoredPlatformMembershipFailsClosed (1.12s)
    --- PASS: TestM6bStoredPlatformMembershipFailsClosed/owner (0.15s)
    --- PASS: TestM6bStoredPlatformMembershipFailsClosed/admin (0.13s)
    --- PASS: TestM6bStoredPlatformMembershipFailsClosed/member (0.14s)
    --- PASS: TestM6bStoredPlatformMembershipFailsClosed/viewer (0.17s)
    --- PASS: TestM6bStoredPlatformMembershipFailsClosed/owner_assignment_scoped_false (0.00s)
    --- PASS: TestM6bStoredPlatformMembershipFailsClosed/owner_assignment_scoped_true (0.00s)
=== RUN   TestAppTelemetryHTTPWhenManagerFarmAssignmentIsRevoked
=== RUN   TestAppTelemetryHTTPWhenManagerFarmAssignmentIsRevoked/owner
    app_resource_scope_write_http_test.go:13: environment real_timescaledb=2.30.0
[GIN-debug] [WARNING] Running in "debug" mode. Switch to "release" mode in production.
 - using env:	export GIN_MODE=release
 - using code:	gin.SetMode(gin.ReleaseMode)

[GIN-debug] POST   /api/v1/auth/login        --> git.hyhy.fun/rsplab/iolink/internal/appapi.(*Server).login-fm (2 handlers)
[GIN-debug] GET    /api/v1/auth/tenants      --> git.hyhy.fun/rsplab/iolink/internal/appapi.(*Server).listTenants-fm (3 handlers)
[GIN-debug] POST   /api/v1/auth/tenant       --> git.hyhy.fun/rsplab/iolink/internal/appapi.(*Server).switchTenant-fm (3 handlers)
[GIN-debug] GET    /api/v1/ponds             --> git.hyhy.fun/rsplab/iolink/internal/appapi.(*Server).listPonds-fm (3 handlers)
[GIN-debug] GET    /api/v1/ponds/:id         --> git.hyhy.fun/rsplab/iolink/internal/appapi.(*Server).getPond-fm (3 handlers)
[GIN-debug] GET    /api/v1/devices           --> git.hyhy.fun/rsplab/iolink/internal/appapi.(*Server).listDevices-fm (3 handlers)
[GIN-debug] GET    /api/v1/devices/:device_no --> git.hyhy.fun/rsplab/iolink/internal/appapi.(*Server).getDevice-fm (3 handlers)
[GIN-debug] GET    /api/v1/water/latest      --> git.hyhy.fun/rsplab/iolink/internal/appapi.(*Server).waterLatest-fm (3 handlers)
[GIN-debug] GET    /api/v1/water/history     --> git.hyhy.fun/rsplab/iolink/internal/appapi.(*Server).waterHistory-fm (3 handlers)
[GIN-debug] GET    /api/v1/alarms            --> git.hyhy.fun/rsplab/iolink/internal/appapi.(*Server).listAlarms-fm (3 handlers)
[GIN-debug] GET    /api/v1/stats/summary     --> git.hyhy.fun/rsplab/iolink/internal/appapi.(*Server).statsSummary-fm (3 handlers)
[GIN-debug] POST   /api/v1/alarms/:id/confirm --> git.hyhy.fun/rsplab/iolink/internal/appapi.(*Server).confirmAlarm-fm (3 handlers)
[GIN-debug] POST   /api/v2/devices/:device_no/telemetry --> git.hyhy.fun/rsplab/iolink/internal/appapi.(*Server).submitTelemetryV2-fm (3 handlers)
[GIN-debug] GET    /api/v2/devices/:device_no/model/latest --> git.hyhy.fun/rsplab/iolink/internal/appapi.(*Server).modelLatestV2-fm (3 handlers)
[GIN-debug] GET    /api/v2/devices/:device_no/history --> git.hyhy.fun/rsplab/iolink/internal/appapi.(*Server).telemetryHistoryV2-fm (3 handlers)
    app_resource_scope_write_http_test.go:21: http method=POST path=/api/v2/devices/v2-hidden/telemetry status=202 response={"device_no":"v2-hidden","model_version":1,"accepted":["temperature"],"rejected":[]}
    app_resource_scope_write_http_test.go:29: scenario=owner_revoked_farm_assignment status=202 before={"alarms": [], "outbox": [], "shadows": [], "telemetry": [], "sensor_data": []} after={"alarms": [], "outbox": [], "shadows": [{"ts": "2026-10-01T00:00:00+00:00", "last": {"temperature": 25}, "signal": null, "pond_id": 9403, "device_no": "v2-hidden", "tenant_id": 9401, "product_id": 1, "timestamps": {"temperature": "2026-10-01T00:00:00Z"}, "model_version": 1}], "telemetry": [{"ts": "2026-10-01T00:00:00+00:00", "pond_id": 9403, "device_no": "v2-hidden", "tenant_id": 9401, "product_id": 1, "properties": {"temperature": 25}, "model_version": 1}], "sensor_data": [{"ph": null, "ts": "2026-10-01T00:00:00+00:00", "signal": null, "battery": null, "pond_id": 9403, "salinity": null, "device_no": "v2-hidden", "tenant_id": 9401, "turbidity": null, "temperature": 25, "dissolved_oxygen": null}]}
=== RUN   TestAppTelemetryHTTPWhenManagerFarmAssignmentIsRevoked/admin
    app_resource_scope_write_http_test.go:13: environment real_timescaledb=2.30.0
[GIN-debug] [WARNING] Running in "debug" mode. Switch to "release" mode in production.
 - using env:	export GIN_MODE=release
 - using code:	gin.SetMode(gin.ReleaseMode)

[GIN-debug] POST   /api/v1/auth/login        --> git.hyhy.fun/rsplab/iolink/internal/appapi.(*Server).login-fm (2 handlers)
[GIN-debug] GET    /api/v1/auth/tenants      --> git.hyhy.fun/rsplab/iolink/internal/appapi.(*Server).listTenants-fm (3 handlers)
[GIN-debug] POST   /api/v1/auth/tenant       --> git.hyhy.fun/rsplab/iolink/internal/appapi.(*Server).switchTenant-fm (3 handlers)
[GIN-debug] GET    /api/v1/ponds             --> git.hyhy.fun/rsplab/iolink/internal/appapi.(*Server).listPonds-fm (3 handlers)
[GIN-debug] GET    /api/v1/ponds/:id         --> git.hyhy.fun/rsplab/iolink/internal/appapi.(*Server).getPond-fm (3 handlers)
[GIN-debug] GET    /api/v1/devices           --> git.hyhy.fun/rsplab/iolink/internal/appapi.(*Server).listDevices-fm (3 handlers)
[GIN-debug] GET    /api/v1/devices/:device_no --> git.hyhy.fun/rsplab/iolink/internal/appapi.(*Server).getDevice-fm (3 handlers)
[GIN-debug] GET    /api/v1/water/latest      --> git.hyhy.fun/rsplab/iolink/internal/appapi.(*Server).waterLatest-fm (3 handlers)
[GIN-debug] GET    /api/v1/water/history     --> git.hyhy.fun/rsplab/iolink/internal/appapi.(*Server).waterHistory-fm (3 handlers)
[GIN-debug] GET    /api/v1/alarms            --> git.hyhy.fun/rsplab/iolink/internal/appapi.(*Server).listAlarms-fm (3 handlers)
[GIN-debug] GET    /api/v1/stats/summary     --> git.hyhy.fun/rsplab/iolink/internal/appapi.(*Server).statsSummary-fm (3 handlers)
[GIN-debug] POST   /api/v1/alarms/:id/confirm --> git.hyhy.fun/rsplab/iolink/internal/appapi.(*Server).confirmAlarm-fm (3 handlers)
[GIN-debug] POST   /api/v2/devices/:device_no/telemetry --> git.hyhy.fun/rsplab/iolink/internal/appapi.(*Server).submitTelemetryV2-fm (3 handlers)
[GIN-debug] GET    /api/v2/devices/:device_no/model/latest --> git.hyhy.fun/rsplab/iolink/internal/appapi.(*Server).modelLatestV2-fm (3 handlers)
[GIN-debug] GET    /api/v2/devices/:device_no/history --> git.hyhy.fun/rsplab/iolink/internal/appapi.(*Server).telemetryHistoryV2-fm (3 handlers)
    app_resource_scope_write_http_test.go:21: http method=POST path=/api/v2/devices/v2-hidden/telemetry status=202 response={"device_no":"v2-hidden","model_version":1,"accepted":["temperature"],"rejected":[]}
    app_resource_scope_write_http_test.go:29: scenario=admin_revoked_farm_assignment status=202 before={"alarms": [], "outbox": [], "shadows": [], "telemetry": [], "sensor_data": []} after={"alarms": [], "outbox": [], "shadows": [{"ts": "2026-10-01T00:00:00+00:00", "last": {"temperature": 25}, "signal": null, "pond_id": 9403, "device_no": "v2-hidden", "tenant_id": 9401, "product_id": 1, "timestamps": {"temperature": "2026-10-01T00:00:00Z"}, "model_version": 1}], "telemetry": [{"ts": "2026-10-01T00:00:00+00:00", "pond_id": 9403, "device_no": "v2-hidden", "tenant_id": 9401, "product_id": 1, "properties": {"temperature": 25}, "model_version": 1}], "sensor_data": [{"ph": null, "ts": "2026-10-01T00:00:00+00:00", "signal": null, "battery": null, "pond_id": 9403, "salinity": null, "device_no": "v2-hidden", "tenant_id": 9401, "turbidity": null, "temperature": 25, "dissolved_oxygen": null}]}
=== RUN   TestAppTelemetryHTTPWhenManagerFarmAssignmentIsRevoked/member
    app_resource_scope_write_http_test.go:13: environment real_timescaledb=2.30.0
[GIN-debug] [WARNING] Running in "debug" mode. Switch to "release" mode in production.
 - using env:	export GIN_MODE=release
 - using code:	gin.SetMode(gin.ReleaseMode)

[GIN-debug] POST   /api/v1/auth/login        --> git.hyhy.fun/rsplab/iolink/internal/appapi.(*Server).login-fm (2 handlers)
[GIN-debug] GET    /api/v1/auth/tenants      --> git.hyhy.fun/rsplab/iolink/internal/appapi.(*Server).listTenants-fm (3 handlers)
[GIN-debug] POST   /api/v1/auth/tenant       --> git.hyhy.fun/rsplab/iolink/internal/appapi.(*Server).switchTenant-fm (3 handlers)
[GIN-debug] GET    /api/v1/ponds             --> git.hyhy.fun/rsplab/iolink/internal/appapi.(*Server).listPonds-fm (3 handlers)
[GIN-debug] GET    /api/v1/ponds/:id         --> git.hyhy.fun/rsplab/iolink/internal/appapi.(*Server).getPond-fm (3 handlers)
[GIN-debug] GET    /api/v1/devices           --> git.hyhy.fun/rsplab/iolink/internal/appapi.(*Server).listDevices-fm (3 handlers)
[GIN-debug] GET    /api/v1/devices/:device_no --> git.hyhy.fun/rsplab/iolink/internal/appapi.(*Server).getDevice-fm (3 handlers)
[GIN-debug] GET    /api/v1/water/latest      --> git.hyhy.fun/rsplab/iolink/internal/appapi.(*Server).waterLatest-fm (3 handlers)
[GIN-debug] GET    /api/v1/water/history     --> git.hyhy.fun/rsplab/iolink/internal/appapi.(*Server).waterHistory-fm (3 handlers)
[GIN-debug] GET    /api/v1/alarms            --> git.hyhy.fun/rsplab/iolink/internal/appapi.(*Server).listAlarms-fm (3 handlers)
[GIN-debug] GET    /api/v1/stats/summary     --> git.hyhy.fun/rsplab/iolink/internal/appapi.(*Server).statsSummary-fm (3 handlers)
[GIN-debug] POST   /api/v1/alarms/:id/confirm --> git.hyhy.fun/rsplab/iolink/internal/appapi.(*Server).confirmAlarm-fm (3 handlers)
[GIN-debug] POST   /api/v2/devices/:device_no/telemetry --> git.hyhy.fun/rsplab/iolink/internal/appapi.(*Server).submitTelemetryV2-fm (3 handlers)
[GIN-debug] GET    /api/v2/devices/:device_no/model/latest --> git.hyhy.fun/rsplab/iolink/internal/appapi.(*Server).modelLatestV2-fm (3 handlers)
[GIN-debug] GET    /api/v2/devices/:device_no/history --> git.hyhy.fun/rsplab/iolink/internal/appapi.(*Server).telemetryHistoryV2-fm (3 handlers)
    app_resource_scope_write_http_test.go:21: http method=POST path=/api/v2/devices/v2-hidden/telemetry status=404 response={"error":"not_found"}
    app_resource_scope_write_http_test.go:29: scenario=member_revoked_farm_assignment status=404 before={"alarms": [], "outbox": [], "shadows": [], "telemetry": [], "sensor_data": []} after={"alarms": [], "outbox": [], "shadows": [], "telemetry": [], "sensor_data": []}
=== RUN   TestAppTelemetryHTTPWhenManagerFarmAssignmentIsRevoked/viewer
    app_resource_scope_write_http_test.go:13: environment real_timescaledb=2.30.0
[GIN-debug] [WARNING] Running in "debug" mode. Switch to "release" mode in production.
 - using env:	export GIN_MODE=release
 - using code:	gin.SetMode(gin.ReleaseMode)

[GIN-debug] POST   /api/v1/auth/login        --> git.hyhy.fun/rsplab/iolink/internal/appapi.(*Server).login-fm (2 handlers)
[GIN-debug] GET    /api/v1/auth/tenants      --> git.hyhy.fun/rsplab/iolink/internal/appapi.(*Server).listTenants-fm (3 handlers)
[GIN-debug] POST   /api/v1/auth/tenant       --> git.hyhy.fun/rsplab/iolink/internal/appapi.(*Server).switchTenant-fm (3 handlers)
[GIN-debug] GET    /api/v1/ponds             --> git.hyhy.fun/rsplab/iolink/internal/appapi.(*Server).listPonds-fm (3 handlers)
[GIN-debug] GET    /api/v1/ponds/:id         --> git.hyhy.fun/rsplab/iolink/internal/appapi.(*Server).getPond-fm (3 handlers)
[GIN-debug] GET    /api/v1/devices           --> git.hyhy.fun/rsplab/iolink/internal/appapi.(*Server).listDevices-fm (3 handlers)
[GIN-debug] GET    /api/v1/devices/:device_no --> git.hyhy.fun/rsplab/iolink/internal/appapi.(*Server).getDevice-fm (3 handlers)
[GIN-debug] GET    /api/v1/water/latest      --> git.hyhy.fun/rsplab/iolink/internal/appapi.(*Server).waterLatest-fm (3 handlers)
[GIN-debug] GET    /api/v1/water/history     --> git.hyhy.fun/rsplab/iolink/internal/appapi.(*Server).waterHistory-fm (3 handlers)
[GIN-debug] GET    /api/v1/alarms            --> git.hyhy.fun/rsplab/iolink/internal/appapi.(*Server).listAlarms-fm (3 handlers)
[GIN-debug] GET    /api/v1/stats/summary     --> git.hyhy.fun/rsplab/iolink/internal/appapi.(*Server).statsSummary-fm (3 handlers)
[GIN-debug] POST   /api/v1/alarms/:id/confirm --> git.hyhy.fun/rsplab/iolink/internal/appapi.(*Server).confirmAlarm-fm (3 handlers)
[GIN-debug] POST   /api/v2/devices/:device_no/telemetry --> git.hyhy.fun/rsplab/iolink/internal/appapi.(*Server).submitTelemetryV2-fm (3 handlers)
[GIN-debug] GET    /api/v2/devices/:device_no/model/latest --> git.hyhy.fun/rsplab/iolink/internal/appapi.(*Server).modelLatestV2-fm (3 handlers)
[GIN-debug] GET    /api/v2/devices/:device_no/history --> git.hyhy.fun/rsplab/iolink/internal/appapi.(*Server).telemetryHistoryV2-fm (3 handlers)
    app_resource_scope_write_http_test.go:21: http method=POST path=/api/v2/devices/v2-hidden/telemetry status=404 response={"error":"not_found"}
    app_resource_scope_write_http_test.go:29: scenario=viewer_revoked_farm_assignment status=404 before={"alarms": [], "outbox": [], "shadows": [], "telemetry": [], "sensor_data": []} after={"alarms": [], "outbox": [], "shadows": [], "telemetry": [], "sensor_data": []}
=== RUN   TestAppTelemetryHTTPWhenManagerFarmAssignmentIsRevoked/support
    app_resource_scope_write_http_test.go:13: environment real_timescaledb=2.30.0
[GIN-debug] [WARNING] Running in "debug" mode. Switch to "release" mode in production.
 - using env:	export GIN_MODE=release
 - using code:	gin.SetMode(gin.ReleaseMode)

[GIN-debug] POST   /api/v1/auth/login        --> git.hyhy.fun/rsplab/iolink/internal/appapi.(*Server).login-fm (2 handlers)
[GIN-debug] GET    /api/v1/auth/tenants      --> git.hyhy.fun/rsplab/iolink/internal/appapi.(*Server).listTenants-fm (3 handlers)
[GIN-debug] POST   /api/v1/auth/tenant       --> git.hyhy.fun/rsplab/iolink/internal/appapi.(*Server).switchTenant-fm (3 handlers)
[GIN-debug] GET    /api/v1/ponds             --> git.hyhy.fun/rsplab/iolink/internal/appapi.(*Server).listPonds-fm (3 handlers)
[GIN-debug] GET    /api/v1/ponds/:id         --> git.hyhy.fun/rsplab/iolink/internal/appapi.(*Server).getPond-fm (3 handlers)
[GIN-debug] GET    /api/v1/devices           --> git.hyhy.fun/rsplab/iolink/internal/appapi.(*Server).listDevices-fm (3 handlers)
[GIN-debug] GET    /api/v1/devices/:device_no --> git.hyhy.fun/rsplab/iolink/internal/appapi.(*Server).getDevice-fm (3 handlers)
[GIN-debug] GET    /api/v1/water/latest      --> git.hyhy.fun/rsplab/iolink/internal/appapi.(*Server).waterLatest-fm (3 handlers)
[GIN-debug] GET    /api/v1/water/history     --> git.hyhy.fun/rsplab/iolink/internal/appapi.(*Server).waterHistory-fm (3 handlers)
[GIN-debug] GET    /api/v1/alarms            --> git.hyhy.fun/rsplab/iolink/internal/appapi.(*Server).listAlarms-fm (3 handlers)
[GIN-debug] GET    /api/v1/stats/summary     --> git.hyhy.fun/rsplab/iolink/internal/appapi.(*Server).statsSummary-fm (3 handlers)
[GIN-debug] POST   /api/v1/alarms/:id/confirm --> git.hyhy.fun/rsplab/iolink/internal/appapi.(*Server).confirmAlarm-fm (3 handlers)
[GIN-debug] POST   /api/v2/devices/:device_no/telemetry --> git.hyhy.fun/rsplab/iolink/internal/appapi.(*Server).submitTelemetryV2-fm (3 handlers)
[GIN-debug] GET    /api/v2/devices/:device_no/model/latest --> git.hyhy.fun/rsplab/iolink/internal/appapi.(*Server).modelLatestV2-fm (3 handlers)
[GIN-debug] GET    /api/v2/devices/:device_no/history --> git.hyhy.fun/rsplab/iolink/internal/appapi.(*Server).telemetryHistoryV2-fm (3 handlers)
    app_resource_scope_write_http_test.go:21: http method=POST path=/api/v2/devices/v2-hidden/telemetry status=404 response={"error":"not_found"}
    app_resource_scope_write_http_test.go:29: scenario=support_revoked_farm_assignment status=404 before={"alarms": [], "outbox": [], "shadows": [], "telemetry": [], "sensor_data": []} after={"alarms": [], "outbox": [], "shadows": [], "telemetry": [], "sensor_data": []}
--- PASS: TestAppTelemetryHTTPWhenManagerFarmAssignmentIsRevoked (2.11s)
    --- PASS: TestAppTelemetryHTTPWhenManagerFarmAssignmentIsRevoked/owner (0.42s)
    --- PASS: TestAppTelemetryHTTPWhenManagerFarmAssignmentIsRevoked/admin (0.43s)
    --- PASS: TestAppTelemetryHTTPWhenManagerFarmAssignmentIsRevoked/member (0.40s)
    --- PASS: TestAppTelemetryHTTPWhenManagerFarmAssignmentIsRevoked/viewer (0.42s)
    --- PASS: TestAppTelemetryHTTPWhenManagerFarmAssignmentIsRevoked/support (0.43s)
=== RUN   TestM6bAlarmMutationsRejectPartialTenantContext
=== RUN   TestM6bAlarmMutationsRejectPartialTenantContext/singular_open
    alarm_partial_context_test.go:15: environment real_timescaledb=2.30.0
    alarm_partial_context_test.go:41: operation=singular already_confirmed=false err=forbidden unchanged=true
    alarm_partial_context_test.go:41: operation=singular already_confirmed=false err=forbidden unchanged=true
    alarm_partial_context_test.go:41: operation=singular already_confirmed=false err=forbidden unchanged=true
    alarm_partial_context_test.go:41: operation=singular already_confirmed=false err=forbidden unchanged=true
    alarm_partial_context_test.go:41: operation=singular already_confirmed=false err=forbidden unchanged=true
=== RUN   TestM6bAlarmMutationsRejectPartialTenantContext/singular_confirmed
    alarm_partial_context_test.go:15: environment real_timescaledb=2.30.0
    alarm_partial_context_test.go:41: operation=singular already_confirmed=true err=forbidden unchanged=true
    alarm_partial_context_test.go:41: operation=singular already_confirmed=true err=forbidden unchanged=true
    alarm_partial_context_test.go:41: operation=singular already_confirmed=true err=forbidden unchanged=true
    alarm_partial_context_test.go:41: operation=singular already_confirmed=true err=forbidden unchanged=true
    alarm_partial_context_test.go:41: operation=singular already_confirmed=true err=forbidden unchanged=true
=== RUN   TestM6bAlarmMutationsRejectPartialTenantContext/batch_open
    alarm_partial_context_test.go:15: environment real_timescaledb=2.30.0
    alarm_partial_context_test.go:41: operation=batch already_confirmed=false err=forbidden unchanged=true
    alarm_partial_context_test.go:41: operation=batch already_confirmed=false err=forbidden unchanged=true
    alarm_partial_context_test.go:41: operation=batch already_confirmed=false err=forbidden unchanged=true
    alarm_partial_context_test.go:41: operation=batch already_confirmed=false err=forbidden unchanged=true
    alarm_partial_context_test.go:41: operation=batch already_confirmed=false err=forbidden unchanged=true
=== RUN   TestM6bAlarmMutationsRejectPartialTenantContext/batch_confirmed
    alarm_partial_context_test.go:15: environment real_timescaledb=2.30.0
    alarm_partial_context_test.go:41: operation=batch already_confirmed=true err=forbidden unchanged=true
    alarm_partial_context_test.go:41: operation=batch already_confirmed=true err=forbidden unchanged=true
    alarm_partial_context_test.go:41: operation=batch already_confirmed=true err=forbidden unchanged=true
    alarm_partial_context_test.go:41: operation=batch already_confirmed=true err=forbidden unchanged=true
    alarm_partial_context_test.go:41: operation=batch already_confirmed=true err=forbidden unchanged=true
--- PASS: TestM6bAlarmMutationsRejectPartialTenantContext (1.72s)
    --- PASS: TestM6bAlarmMutationsRejectPartialTenantContext/singular_open (0.42s)
    --- PASS: TestM6bAlarmMutationsRejectPartialTenantContext/singular_confirmed (0.44s)
    --- PASS: TestM6bAlarmMutationsRejectPartialTenantContext/batch_open (0.42s)
    --- PASS: TestM6bAlarmMutationsRejectPartialTenantContext/batch_confirmed (0.44s)
=== RUN   TestM6bTenantMembershipVersionAndRevocation
    m6b_tenant_test.go:187: inactive tenant telemetry error=no rows in result set
--- PASS: TestM6bTenantMembershipVersionAndRevocation (0.44s)
=== RUN   TestAppTelemetryWriteWhenTenantManagerHasNoFarmAssignment
=== RUN   TestAppTelemetryWriteWhenTenantManagerHasNoFarmAssignment/owner
    app_resource_scope_test.go:37: environment real_timescaledb=2.30.0
    app_resource_scope_test.go:47: scenario=manager_owner_no_farm_assignment_write result={DeviceNo:v2-hidden ModelVersion:1 Accepted:[temperature] Rejected:[]} error=<nil> before={"alarms": [], "outbox": [], "shadows": [], "telemetry": [], "sensor_data": []} after={"alarms": [], "outbox": [], "shadows": [{"ts": "2026-10-01T00:00:00+00:00", "last": {"temperature": 25}, "signal": null, "pond_id": 9403, "device_no": "v2-hidden", "tenant_id": 9401, "product_id": 1, "timestamps": {"temperature": "2026-10-01T00:00:00Z"}, "model_version": 1}], "telemetry": [{"ts": "2026-10-01T00:00:00+00:00", "pond_id": 9403, "device_no": "v2-hidden", "tenant_id": 9401, "product_id": 1, "properties": {"temperature": 25}, "model_version": 1}], "sensor_data": [{"ph": null, "ts": "2026-10-01T00:00:00+00:00", "signal": null, "battery": null, "pond_id": 9403, "salinity": null, "device_no": "v2-hidden", "tenant_id": 9401, "turbidity": null, "temperature": 25, "dissolved_oxygen": null}]}
=== RUN   TestAppTelemetryWriteWhenTenantManagerHasNoFarmAssignment/admin
    app_resource_scope_test.go:37: environment real_timescaledb=2.30.0
    app_resource_scope_test.go:47: scenario=manager_admin_no_farm_assignment_write result={DeviceNo:v2-hidden ModelVersion:1 Accepted:[temperature] Rejected:[]} error=<nil> before={"alarms": [], "outbox": [], "shadows": [], "telemetry": [], "sensor_data": []} after={"alarms": [], "outbox": [], "shadows": [{"ts": "2026-10-01T00:00:00+00:00", "last": {"temperature": 25}, "signal": null, "pond_id": 9403, "device_no": "v2-hidden", "tenant_id": 9401, "product_id": 1, "timestamps": {"temperature": "2026-10-01T00:00:00Z"}, "model_version": 1}], "telemetry": [{"ts": "2026-10-01T00:00:00+00:00", "pond_id": 9403, "device_no": "v2-hidden", "tenant_id": 9401, "product_id": 1, "properties": {"temperature": 25}, "model_version": 1}], "sensor_data": [{"ph": null, "ts": "2026-10-01T00:00:00+00:00", "signal": null, "battery": null, "pond_id": 9403, "salinity": null, "device_no": "v2-hidden", "tenant_id": 9401, "turbidity": null, "temperature": 25, "dissolved_oxygen": null}]}
--- PASS: TestAppTelemetryWriteWhenTenantManagerHasNoFarmAssignment (0.81s)
    --- PASS: TestAppTelemetryWriteWhenTenantManagerHasNoFarmAssignment/owner (0.42s)
    --- PASS: TestAppTelemetryWriteWhenTenantManagerHasNoFarmAssignment/admin (0.39s)
=== RUN   TestAppAlarmConfirmDeniedWhenLiveRoleCannotConfirm
=== RUN   TestAppAlarmConfirmDeniedWhenLiveRoleCannotConfirm/viewer
    app_resource_scope_test.go:119: environment real_timescaledb=2.30.0
    app_resource_scope_test.go:134: scenario=confirm_viewer error=not found before={"alarms": [{"id": 1, "level": "warning", "metric": "temperature", "message": "temperature 高于阈值 20", "pond_id": 9401, "device_no": "v2-permission", "threshold": 20, "created_at": "2026-10-04T09:55:08.193146+00:00", "product_id": 1, "confirmed_at": null, "current_value": 25}, {"id": 2, "level": "warning", "metric": "temperature", "message": "temperature 高于阈值 20", "pond_id": 9403, "device_no": "v2-hidden", "threshold": 20, "created_at": "2026-10-04T09:55:08.201678+00:00", "product_id": 1, "confirmed_at": null, "current_value": 25}], "outbox": [{"id": 1, "status": "pending", "next_at": "2026-10-04T09:56:08.193183+00:00", "alarm_id": 1, "attempts": 0, "created_at": "2026-10-04T09:56:08.193183+00:00", "last_error": null, "updated_at": "2026-10-04T09:56:08.193183+00:00", "lease_owner": null, "leased_until": null, "recipient_open_id": null}, {"id": 2, "status": "pending", "next_at": "2026-10-04T09:56:08.20171+00:00", "alarm_id": 2, "attempts": 0, "created_at": "2026-10-04T09:56:08.20171+00:00", "last_error": null, "updated_at": "2026-10-04T09:56:08.20171+00:00", "lease_owner": null, "leased_until": null, "recipient_open_id": null}], "shadows": [{"ts": "2026-10-04T09:55:08.201678+00:00", "last": {"temperature": 25}, "signal": null, "pond_id": 9403, "device_no": "v2-hidden", "tenant_id": 9401, "product_id": 1, "timestamps": {"temperature": "2026-10-04T09:55:08.201678639Z"}, "model_version": 1}, {"ts": "2026-10-04T09:55:08.193146+00:00", "last": {"temperature": 25}, "signal": null, "pond_id": 9401, "device_no": "v2-permission", "tenant_id": 9401, "product_id": 1, "timestamps": {"temperature": "2026-10-04T09:55:08.193146704Z"}, "model_version": 1}], "telemetry": [{"ts": "2026-10-04T09:55:08.193146+00:00", "pond_id": 9401, "device_no": "v2-permission", "tenant_id": 9401, "product_id": 1, "properties": {"temperature": 25}, "model_version": 1}, {"ts": "2026-10-04T09:55:08.201678+00:00", "pond_id": 9403, "device_no": "v2-hidden", "tenant_id": 9401, "product_id": 1, "properties": {"temperature": 25}, "model_version": 1}], "sensor_data": [{"ph": null, "ts": "2026-10-04T09:55:08.193146+00:00", "signal": null, "battery": null, "pond_id": 9401, "salinity": null, "device_no": "v2-permission", "tenant_id": 9401, "turbidity": null, "temperature": 25, "dissolved_oxygen": null}, {"ph": null, "ts": "2026-10-04T09:55:08.201678+00:00", "signal": null, "battery": null, "pond_id": 9403, "salinity": null, "device_no": "v2-hidden", "tenant_id": 9401, "turbidity": null, "temperature": 25, "dissolved_oxygen": null}]} after={"alarms": [{"id": 1, "level": "warning", "metric": "temperature", "message": "temperature 高于阈值 20", "pond_id": 9401, "device_no": "v2-permission", "threshold": 20, "created_at": "2026-10-04T09:55:08.193146+00:00", "product_id": 1, "confirmed_at": null, "current_value": 25}, {"id": 2, "level": "warning", "metric": "temperature", "message": "temperature 高于阈值 20", "pond_id": 9403, "device_no": "v2-hidden", "threshold": 20, "created_at": "2026-10-04T09:55:08.201678+00:00", "product_id": 1, "confirmed_at": null, "current_value": 25}], "outbox": [{"id": 1, "status": "pending", "next_at": "2026-10-04T09:56:08.193183+00:00", "alarm_id": 1, "attempts": 0, "created_at": "2026-10-04T09:56:08.193183+00:00", "last_error": null, "updated_at": "2026-10-04T09:56:08.193183+00:00", "lease_owner": null, "leased_until": null, "recipient_open_id": null}, {"id": 2, "status": "pending", "next_at": "2026-10-04T09:56:08.20171+00:00", "alarm_id": 2, "attempts": 0, "created_at": "2026-10-04T09:56:08.20171+00:00", "last_error": null, "updated_at": "2026-10-04T09:56:08.20171+00:00", "lease_owner": null, "leased_until": null, "recipient_open_id": null}], "shadows": [{"ts": "2026-10-04T09:55:08.201678+00:00", "last": {"temperature": 25}, "signal": null, "pond_id": 9403, "device_no": "v2-hidden", "tenant_id": 9401, "product_id": 1, "timestamps": {"temperature": "2026-10-04T09:55:08.201678639Z"}, "model_version": 1}, {"ts": "2026-10-04T09:55:08.193146+00:00", "last": {"temperature": 25}, "signal": null, "pond_id": 9401, "device_no": "v2-permission", "tenant_id": 9401, "product_id": 1, "timestamps": {"temperature": "2026-10-04T09:55:08.193146704Z"}, "model_version": 1}], "telemetry": [{"ts": "2026-10-04T09:55:08.193146+00:00", "pond_id": 9401, "device_no": "v2-permission", "tenant_id": 9401, "product_id": 1, "properties": {"temperature": 25}, "model_version": 1}, {"ts": "2026-10-04T09:55:08.201678+00:00", "pond_id": 9403, "device_no": "v2-hidden", "tenant_id": 9401, "product_id": 1, "properties": {"temperature": 25}, "model_version": 1}], "sensor_data": [{"ph": null, "ts": "2026-10-04T09:55:08.193146+00:00", "signal": null, "battery": null, "pond_id": 9401, "salinity": null, "device_no": "v2-permission", "tenant_id": 9401, "turbidity": null, "temperature": 25, "dissolved_oxygen": null}, {"ph": null, "ts": "2026-10-04T09:55:08.201678+00:00", "signal": null, "battery": null, "pond_id": 9403, "salinity": null, "device_no": "v2-hidden", "tenant_id": 9401, "turbidity": null, "temperature": 25, "dissolved_oxygen": null}]}
=== RUN   TestAppAlarmConfirmDeniedWhenLiveRoleCannotConfirm/revoked_admin
    app_resource_scope_test.go:119: environment real_timescaledb=2.30.0
    app_resource_scope_test.go:134: scenario=confirm_revoked_admin error=not found before={"alarms": [{"id": 1, "level": "warning", "metric": "temperature", "message": "temperature 高于阈值 20", "pond_id": 9401, "device_no": "v2-permission", "threshold": 20, "created_at": "2026-10-04T09:55:08.70818+00:00", "product_id": 1, "confirmed_at": null, "current_value": 25}, {"id": 2, "level": "warning", "metric": "temperature", "message": "temperature 高于阈值 20", "pond_id": 9403, "device_no": "v2-hidden", "threshold": 20, "created_at": "2026-10-04T09:55:08.716703+00:00", "product_id": 1, "confirmed_at": null, "current_value": 25}], "outbox": [{"id": 1, "status": "pending", "next_at": "2026-10-04T09:56:08.708241+00:00", "alarm_id": 1, "attempts": 0, "created_at": "2026-10-04T09:56:08.708241+00:00", "last_error": null, "updated_at": "2026-10-04T09:56:08.708241+00:00", "lease_owner": null, "leased_until": null, "recipient_open_id": null}, {"id": 2, "status": "pending", "next_at": "2026-10-04T09:56:08.716732+00:00", "alarm_id": 2, "attempts": 0, "created_at": "2026-10-04T09:56:08.716732+00:00", "last_error": null, "updated_at": "2026-10-04T09:56:08.716732+00:00", "lease_owner": null, "leased_until": null, "recipient_open_id": null}], "shadows": [{"ts": "2026-10-04T09:55:08.716703+00:00", "last": {"temperature": 25}, "signal": null, "pond_id": 9403, "device_no": "v2-hidden", "tenant_id": 9401, "product_id": 1, "timestamps": {"temperature": "2026-10-04T09:55:08.716703705Z"}, "model_version": 1}, {"ts": "2026-10-04T09:55:08.70818+00:00", "last": {"temperature": 25}, "signal": null, "pond_id": 9401, "device_no": "v2-permission", "tenant_id": 9401, "product_id": 1, "timestamps": {"temperature": "2026-10-04T09:55:08.708180236Z"}, "model_version": 1}], "telemetry": [{"ts": "2026-10-04T09:55:08.70818+00:00", "pond_id": 9401, "device_no": "v2-permission", "tenant_id": 9401, "product_id": 1, "properties": {"temperature": 25}, "model_version": 1}, {"ts": "2026-10-04T09:55:08.716703+00:00", "pond_id": 9403, "device_no": "v2-hidden", "tenant_id": 9401, "product_id": 1, "properties": {"temperature": 25}, "model_version": 1}], "sensor_data": [{"ph": null, "ts": "2026-10-04T09:55:08.70818+00:00", "signal": null, "battery": null, "pond_id": 9401, "salinity": null, "device_no": "v2-permission", "tenant_id": 9401, "turbidity": null, "temperature": 25, "dissolved_oxygen": null}, {"ph": null, "ts": "2026-10-04T09:55:08.716703+00:00", "signal": null, "battery": null, "pond_id": 9403, "salinity": null, "device_no": "v2-hidden", "tenant_id": 9401, "turbidity": null, "temperature": 25, "dissolved_oxygen": null}]} after={"alarms": [{"id": 1, "level": "warning", "metric": "temperature", "message": "temperature 高于阈值 20", "pond_id": 9401, "device_no": "v2-permission", "threshold": 20, "created_at": "2026-10-04T09:55:08.70818+00:00", "product_id": 1, "confirmed_at": null, "current_value": 25}, {"id": 2, "level": "warning", "metric": "temperature", "message": "temperature 高于阈值 20", "pond_id": 9403, "device_no": "v2-hidden", "threshold": 20, "created_at": "2026-10-04T09:55:08.716703+00:00", "product_id": 1, "confirmed_at": null, "current_value": 25}], "outbox": [{"id": 1, "status": "pending", "next_at": "2026-10-04T09:56:08.708241+00:00", "alarm_id": 1, "attempts": 0, "created_at": "2026-10-04T09:56:08.708241+00:00", "last_error": null, "updated_at": "2026-10-04T09:56:08.708241+00:00", "lease_owner": null, "leased_until": null, "recipient_open_id": null}, {"id": 2, "status": "pending", "next_at": "2026-10-04T09:56:08.716732+00:00", "alarm_id": 2, "attempts": 0, "created_at": "2026-10-04T09:56:08.716732+00:00", "last_error": null, "updated_at": "2026-10-04T09:56:08.716732+00:00", "lease_owner": null, "leased_until": null, "recipient_open_id": null}], "shadows": [{"ts": "2026-10-04T09:55:08.716703+00:00", "last": {"temperature": 25}, "signal": null, "pond_id": 9403, "device_no": "v2-hidden", "tenant_id": 9401, "product_id": 1, "timestamps": {"temperature": "2026-10-04T09:55:08.716703705Z"}, "model_version": 1}, {"ts": "2026-10-04T09:55:08.70818+00:00", "last": {"temperature": 25}, "signal": null, "pond_id": 9401, "device_no": "v2-permission", "tenant_id": 9401, "product_id": 1, "timestamps": {"temperature": "2026-10-04T09:55:08.708180236Z"}, "model_version": 1}], "telemetry": [{"ts": "2026-10-04T09:55:08.70818+00:00", "pond_id": 9401, "device_no": "v2-permission", "tenant_id": 9401, "product_id": 1, "properties": {"temperature": 25}, "model_version": 1}, {"ts": "2026-10-04T09:55:08.716703+00:00", "pond_id": 9403, "device_no": "v2-hidden", "tenant_id": 9401, "product_id": 1, "properties": {"temperature": 25}, "model_version": 1}], "sensor_data": [{"ph": null, "ts": "2026-10-04T09:55:08.70818+00:00", "signal": null, "battery": null, "pond_id": 9401, "salinity": null, "device_no": "v2-permission", "tenant_id": 9401, "turbidity": null, "temperature": 25, "dissolved_oxygen": null}, {"ph": null, "ts": "2026-10-04T09:55:08.716703+00:00", "signal": null, "battery": null, "pond_id": 9403, "salinity": null, "device_no": "v2-hidden", "tenant_id": 9401, "turbidity": null, "temperature": 25, "dissolved_oxygen": null}]}
--- PASS: TestAppAlarmConfirmDeniedWhenLiveRoleCannotConfirm (0.93s)
    --- PASS: TestAppAlarmConfirmDeniedWhenLiveRoleCannotConfirm/viewer (0.41s)
    --- PASS: TestAppAlarmConfirmDeniedWhenLiveRoleCannotConfirm/revoked_admin (0.52s)
=== RUN   TestAppResourceScopeWhenManagerContextIsForged
=== RUN   TestAppResourceScopeWhenManagerContextIsForged/actor
    app_resource_scope_test.go:84: environment real_timescaledb=2.30.0
    app_resource_scope_test.go:107: scenario=manager_actor error=not found
=== RUN   TestAppResourceScopeWhenManagerContextIsForged/role
    app_resource_scope_test.go:84: environment real_timescaledb=2.30.0
    app_resource_scope_test.go:107: scenario=manager_role error=not found
=== RUN   TestAppResourceScopeWhenManagerContextIsForged/membership
    app_resource_scope_test.go:84: environment real_timescaledb=2.30.0
    app_resource_scope_test.go:107: scenario=manager_membership error=not found
=== RUN   TestAppResourceScopeWhenManagerContextIsForged/platform_authority
    app_resource_scope_test.go:84: environment real_timescaledb=2.30.0
    app_resource_scope_test.go:107: scenario=manager_platform_authority error=not found
=== RUN   TestAppResourceScopeWhenManagerContextIsForged/missing_actor
    app_resource_scope_test.go:84: environment real_timescaledb=2.30.0
    app_resource_scope_test.go:107: scenario=manager_missing_actor error=not found
--- PASS: TestAppResourceScopeWhenManagerContextIsForged (2.03s)
    --- PASS: TestAppResourceScopeWhenManagerContextIsForged/actor (0.41s)
    --- PASS: TestAppResourceScopeWhenManagerContextIsForged/role (0.40s)
    --- PASS: TestAppResourceScopeWhenManagerContextIsForged/membership (0.43s)
    --- PASS: TestAppResourceScopeWhenManagerContextIsForged/platform_authority (0.41s)
    --- PASS: TestAppResourceScopeWhenManagerContextIsForged/missing_actor (0.38s)
=== RUN   TestM6bAdminHTTPAssignedFarmReadsAndBatchConfirmation
[GIN-debug] [WARNING] Running in "debug" mode. Switch to "release" mode in production.
 - using env:	export GIN_MODE=release
 - using code:	gin.SetMode(gin.ReleaseMode)

[GIN-debug] POST   /admin/v1/login           --> git.hyhy.fun/rsplab/iolink/internal/adminapi.(*Server).login-fm (2 handlers)
[GIN-debug] GET    /admin/v1/tenants         --> git.hyhy.fun/rsplab/iolink/internal/adminapi.(*Server).listTenants-fm (3 handlers)
[GIN-debug] PUT    /admin/v1/tenants/:id/status --> git.hyhy.fun/rsplab/iolink/internal/adminapi.(*Server).setTenantStatus-fm (3 handlers)
[GIN-debug] GET    /admin/v1/tenants/:id/members --> git.hyhy.fun/rsplab/iolink/internal/adminapi.(*Server).listTenantMembers-fm (3 handlers)
[GIN-debug] PUT    /admin/v1/tenants/:id/members/:user_id --> git.hyhy.fun/rsplab/iolink/internal/adminapi.(*Server).setTenantMember-fm (3 handlers)
[GIN-debug] POST   /admin/v1/password        --> git.hyhy.fun/rsplab/iolink/internal/adminapi.(*Server).changePassword-fm (3 handlers)
[GIN-debug] GET    /admin/v1/farms           --> git.hyhy.fun/rsplab/iolink/internal/adminapi.(*Server).listFarms-fm (4 handlers)
[GIN-debug] POST   /admin/v1/farms           --> git.hyhy.fun/rsplab/iolink/internal/adminapi.(*Server).createFarm-fm (4 handlers)
[GIN-debug] GET    /admin/v1/users           --> git.hyhy.fun/rsplab/iolink/internal/adminapi.(*Server).listUsers-fm (4 handlers)
[GIN-debug] PUT    /admin/v1/farms/:id       --> git.hyhy.fun/rsplab/iolink/internal/adminapi.(*Server).updateFarm-fm (4 handlers)
[GIN-debug] DELETE /admin/v1/farms/:id       --> git.hyhy.fun/rsplab/iolink/internal/adminapi.(*Server).deleteFarm-fm (4 handlers)
[GIN-debug] PUT    /admin/v1/farms/:id/owner --> git.hyhy.fun/rsplab/iolink/internal/adminapi.(*Server).setFarmOwner-fm (4 handlers)
[GIN-debug] GET    /admin/v1/farms/:id/members --> git.hyhy.fun/rsplab/iolink/internal/adminapi.(*Server).listFarmMembers-fm (4 handlers)
[GIN-debug] PUT    /admin/v1/farms/:id/members/:user_id --> git.hyhy.fun/rsplab/iolink/internal/adminapi.(*Server).setFarmMember-fm (4 handlers)
[GIN-debug] GET    /admin/v1/ponds           --> git.hyhy.fun/rsplab/iolink/internal/adminapi.(*Server).listPonds-fm (4 handlers)
[GIN-debug] POST   /admin/v1/ponds           --> git.hyhy.fun/rsplab/iolink/internal/adminapi.(*Server).createPond-fm (4 handlers)
[GIN-debug] PUT    /admin/v1/ponds/:id       --> git.hyhy.fun/rsplab/iolink/internal/adminapi.(*Server).updatePond-fm (4 handlers)
[GIN-debug] DELETE /admin/v1/ponds/:id       --> git.hyhy.fun/rsplab/iolink/internal/adminapi.(*Server).deletePond-fm (4 handlers)
[GIN-debug] GET    /admin/v1/devices         --> git.hyhy.fun/rsplab/iolink/internal/adminapi.(*Server).listDevices-fm (4 handlers)
[GIN-debug] POST   /admin/v1/devices         --> git.hyhy.fun/rsplab/iolink/internal/adminapi.(*Server).registerDevice-fm (4 handlers)
[GIN-debug] GET    /admin/v1/devices/:device_no --> git.hyhy.fun/rsplab/iolink/internal/adminapi.(*Server).getDevice-fm (4 handlers)
[GIN-debug] DELETE /admin/v1/devices/:device_no --> git.hyhy.fun/rsplab/iolink/internal/adminapi.(*Server).deleteDevice-fm (4 handlers)
[GIN-debug] PUT    /admin/v1/devices/:device_no/pond --> git.hyhy.fun/rsplab/iolink/internal/adminapi.(*Server).moveDevice-fm (4 handlers)
[GIN-debug] GET    /admin/v1/alarm-rules     --> git.hyhy.fun/rsplab/iolink/internal/adminapi.(*Server).listRules-fm (4 handlers)
[GIN-debug] POST   /admin/v1/alarm-rules     --> git.hyhy.fun/rsplab/iolink/internal/adminapi.(*Server).createRule-fm (4 handlers)
[GIN-debug] PUT    /admin/v1/alarm-rules/:id --> git.hyhy.fun/rsplab/iolink/internal/adminapi.(*Server).updateRule-fm (4 handlers)
[GIN-debug] DELETE /admin/v1/alarm-rules/:id --> git.hyhy.fun/rsplab/iolink/internal/adminapi.(*Server).deleteRule-fm (4 handlers)
[GIN-debug] GET    /admin/v1/alarms          --> git.hyhy.fun/rsplab/iolink/internal/adminapi.(*Server).listAlarms-fm (4 handlers)
[GIN-debug] POST   /admin/v1/alarms/:id/confirm --> git.hyhy.fun/rsplab/iolink/internal/adminapi.(*Server).confirmAlarm-fm (4 handlers)
[GIN-debug] POST   /admin/v1/alarms/batch-confirm --> git.hyhy.fun/rsplab/iolink/internal/adminapi.(*Server).batchConfirm-fm (4 handlers)
[GIN-debug] GET    /admin/v1/stats           --> git.hyhy.fun/rsplab/iolink/internal/adminapi.(*Server).stats-fm (4 handlers)
[GIN-debug] GET    /admin/v1/products        --> git.hyhy.fun/rsplab/iolink/internal/adminapi.(*Server).listProducts-fm (4 handlers)
[GIN-debug] POST   /admin/v1/products        --> git.hyhy.fun/rsplab/iolink/internal/adminapi.(*Server).createProduct-fm (4 handlers)
[GIN-debug] GET    /admin/v1/products/:product_id/models --> git.hyhy.fun/rsplab/iolink/internal/adminapi.(*Server).listProductModels-fm (4 handlers)
[GIN-debug] POST   /admin/v1/products/:product_id/models --> git.hyhy.fun/rsplab/iolink/internal/adminapi.(*Server).createProductModel-fm (4 handlers)
[GIN-debug] POST   /admin/v1/products/:product_id/models/:version/publish --> git.hyhy.fun/rsplab/iolink/internal/adminapi.(*Server).publishProductModel-fm (4 handlers)
[GIN-debug] GET    /admin/v1/devices/:device_no/product --> git.hyhy.fun/rsplab/iolink/internal/adminapi.(*Server).getDeviceProduct-fm (4 handlers)
[GIN-debug] PUT    /admin/v1/devices/:device_no/product --> git.hyhy.fun/rsplab/iolink/internal/adminapi.(*Server).assignDeviceProduct-fm (4 handlers)
=== RUN   TestM6bAdminHTTPAssignedFarmReadsAndBatchConfirmation/member
2026/10/04 17:56:11 INFO http request request_id=U2HUF52MWZIXKCOEIUP7FF2DFP route=/admin/v1/login method=POST status=200 duration_ms=134 tenant_id=0 actor_id=0
2026/10/04 17:56:11 INFO http request request_id=CWMEOXSL7SBRMWZ6JBGD4CKXDN route=/admin/v1/farms method=GET status=200 duration_ms=2 tenant_id=801 actor_id=802
2026/10/04 17:56:11 INFO http request request_id=3BGOAPG5CVFVVA5JCVBDU5GLWY route=/admin/v1/ponds method=GET status=200 duration_ms=7 tenant_id=801 actor_id=802
2026/10/04 17:56:11 INFO http request request_id=FUQ4QZEO3D2TQZMSNQIAR3DK5I route=/admin/v1/devices method=GET status=200 duration_ms=1 tenant_id=801 actor_id=802
2026/10/04 17:56:11 INFO http request request_id=3MEHHP5ACRSEPCMWWC6OQU74M4 route=/admin/v1/alarms method=GET status=200 duration_ms=1 tenant_id=801 actor_id=802
2026/10/04 17:56:11 INFO http request request_id=JJ76W2YW6MYXQEH72ONHAGLFZN route=/admin/v1/stats method=GET status=200 duration_ms=2 tenant_id=801 actor_id=802
2026/10/04 17:56:11 WARN http request request_id=2JWWAOY6A2HD2TEVMHZY23N2MA route=/admin/v1/devices/:device_no method=GET status=404 duration_ms=1 tenant_id=801 actor_id=802
2026/10/04 17:56:11 WARN http request request_id=3X6XYIAM5264GEKR42ZFFXMZMX route=/admin/v1/devices/:device_no/product method=GET status=404 duration_ms=1 tenant_id=801 actor_id=802
2026/10/04 17:56:11 WARN http request request_id=EH7LZLSOIK2WHLOAZBIAOEKZ46 route=/admin/v1/farms/:id/members method=GET status=403 duration_ms=0 tenant_id=801 actor_id=802
2026/10/04 17:56:11 WARN http request request_id=AIW54HHDV7WSU2VZTAA2PCB2TG route=/admin/v1/alarms/batch-confirm method=POST status=404 duration_ms=2 tenant_id=801 actor_id=802
2026/10/04 17:56:11 INFO http request request_id=WFH3DOFZKABE4CSW247QXZEQY5 route=/admin/v1/alarms/batch-confirm method=POST status=200 duration_ms=3 tenant_id=801 actor_id=802
2026/10/04 17:56:11 INFO http request request_id=3PNWQSUMNEWON533FACQV52XVW route=/admin/v1/alarms/batch-confirm method=POST status=200 duration_ms=3 tenant_id=801 actor_id=802
=== RUN   TestM6bAdminHTTPAssignedFarmReadsAndBatchConfirmation/viewer
2026/10/04 17:56:11 INFO http request request_id=J46QQ5DKKYTZX4FFIGVV4OGRNB route=/admin/v1/login method=POST status=200 duration_ms=134 tenant_id=0 actor_id=0
2026/10/04 17:56:11 INFO http request request_id=X7OPMO4GWSA3Q4WD3UEPNQ76FE route=/admin/v1/farms method=GET status=200 duration_ms=1 tenant_id=801 actor_id=802
2026/10/04 17:56:11 INFO http request request_id=U25KLV4MYNLH2RFURMI6EMC4LM route=/admin/v1/ponds method=GET status=200 duration_ms=7 tenant_id=801 actor_id=802
2026/10/04 17:56:11 INFO http request request_id=HOWMB4DCQ4MVQ2XD75WX4KCWFF route=/admin/v1/devices method=GET status=200 duration_ms=1 tenant_id=801 actor_id=802
2026/10/04 17:56:11 INFO http request request_id=M6SLCDDXYSWAIH64U45XM3QA6M route=/admin/v1/alarms method=GET status=200 duration_ms=1 tenant_id=801 actor_id=802
2026/10/04 17:56:11 INFO http request request_id=VCZRQYBHJP52QTA7FVHHCR6DGU route=/admin/v1/stats method=GET status=200 duration_ms=2 tenant_id=801 actor_id=802
2026/10/04 17:56:11 WARN http request request_id=V7I7J2QPNY5DR56KN7Z2J3ADOH route=/admin/v1/devices/:device_no method=GET status=404 duration_ms=1 tenant_id=801 actor_id=802
2026/10/04 17:56:11 WARN http request request_id=FLNIAJBJH3CBAHXZHIPOGKHWVU route=/admin/v1/devices/:device_no/product method=GET status=404 duration_ms=2 tenant_id=801 actor_id=802
2026/10/04 17:56:11 WARN http request request_id=AYHYXYESIGKEYVI3GILG2AIYER route=/admin/v1/farms/:id/members method=GET status=403 duration_ms=0 tenant_id=801 actor_id=802
2026/10/04 17:56:11 WARN http request request_id=U66WMO5WMHTJKJGGLDL6SOB74X route=/admin/v1/alarms/batch-confirm method=POST status=403 duration_ms=0 tenant_id=801 actor_id=802
=== RUN   TestM6bAdminHTTPAssignedFarmReadsAndBatchConfirmation/support
2026/10/04 17:56:11 INFO http request request_id=SP6COS4NDQZQ2CD4JPZJCAD2YV route=/admin/v1/login method=POST status=200 duration_ms=132 tenant_id=0 actor_id=0
2026/10/04 17:56:11 INFO http request request_id=BAO2YMQCFXINH36MT6AGMBXZ4H route=/admin/v1/farms method=GET status=200 duration_ms=1 tenant_id=801 actor_id=802
2026/10/04 17:56:11 INFO http request request_id=4YPMSLW5PL2AM5BPUSXTLOQX4K route=/admin/v1/ponds method=GET status=200 duration_ms=4 tenant_id=801 actor_id=802
2026/10/04 17:56:11 INFO http request request_id=DIOFQJ57HSZPZLBG5RUB6J752N route=/admin/v1/devices method=GET status=200 duration_ms=1 tenant_id=801 actor_id=802
2026/10/04 17:56:11 INFO http request request_id=MHSY6OSTWKGALH4OSRCAL4HSDQ route=/admin/v1/alarms method=GET status=200 duration_ms=1 tenant_id=801 actor_id=802
2026/10/04 17:56:11 INFO http request request_id=XWUV56QIGQWRXPFTDHKEXQYD2A route=/admin/v1/stats method=GET status=200 duration_ms=1 tenant_id=801 actor_id=802
2026/10/04 17:56:11 WARN http request request_id=XDW7LVED3Q4JLZTLR2O3BBVT5C route=/admin/v1/devices/:device_no method=GET status=404 duration_ms=1 tenant_id=801 actor_id=802
2026/10/04 17:56:11 WARN http request request_id=RCGAQN4O6GQHUISII5QLDGYUQY route=/admin/v1/devices/:device_no/product method=GET status=404 duration_ms=1 tenant_id=801 actor_id=802
2026/10/04 17:56:11 WARN http request request_id=QABYNEDBB736BVL7TSW6VX2AKL route=/admin/v1/farms/:id/members method=GET status=403 duration_ms=0 tenant_id=801 actor_id=802
2026/10/04 17:56:11 WARN http request request_id=6YSZE2MR7WO5MNEQ64BQBYPLJB route=/admin/v1/alarms/batch-confirm method=POST status=404 duration_ms=2 tenant_id=801 actor_id=802
2026/10/04 17:56:11 INFO http request request_id=U45AS62KU44RAADSWDET3KS7N5 route=/admin/v1/alarms/batch-confirm method=POST status=200 duration_ms=3 tenant_id=801 actor_id=802
2026/10/04 17:56:11 INFO http request request_id=NVKMZU5B2SUNJZ45YP4GTRKJOH route=/admin/v1/alarms/batch-confirm method=POST status=200 duration_ms=3 tenant_id=801 actor_id=802
=== RUN   TestM6bAdminHTTPAssignedFarmReadsAndBatchConfirmation/tenant_manager_without_farm_assignment_owner
2026/10/04 17:56:11 INFO http request request_id=WM6TX4APAHHIO2YNOIDRIAAKQL route=/admin/v1/login method=POST status=200 duration_ms=133 tenant_id=0 actor_id=0
2026/10/04 17:56:11 INFO http request request_id=GLP7G7B6DTNYVPSWWZYR2QFGO4 route=/admin/v1/alarms/batch-confirm method=POST status=200 duration_ms=4 tenant_id=801 actor_id=802
=== RUN   TestM6bAdminHTTPAssignedFarmReadsAndBatchConfirmation/tenant_manager_without_farm_assignment_admin
2026/10/04 17:56:12 INFO http request request_id=UV6VNCLAMEKRQ4IAMM3OCBOPAO route=/admin/v1/login method=POST status=200 duration_ms=134 tenant_id=0 actor_id=0
2026/10/04 17:56:12 INFO http request request_id=TLKGK2DSXPNJN63CMNWRM3QMHG route=/admin/v1/alarms/batch-confirm method=POST status=200 duration_ms=4 tenant_id=801 actor_id=802
--- PASS: TestM6bAdminHTTPAssignedFarmReadsAndBatchConfirmation (1.38s)
    --- PASS: TestM6bAdminHTTPAssignedFarmReadsAndBatchConfirmation/member (0.20s)
    --- PASS: TestM6bAdminHTTPAssignedFarmReadsAndBatchConfirmation/viewer (0.16s)
    --- PASS: TestM6bAdminHTTPAssignedFarmReadsAndBatchConfirmation/support (0.17s)
    --- PASS: TestM6bAdminHTTPAssignedFarmReadsAndBatchConfirmation/tenant_manager_without_farm_assignment_owner (0.14s)
    --- PASS: TestM6bAdminHTTPAssignedFarmReadsAndBatchConfirmation/tenant_manager_without_farm_assignment_admin (0.14s)
=== RUN   TestAppResourceScopeWhenTenantManagerRoleRevoked
    app_resource_scope_test.go:62: environment real_timescaledb=2.30.0
    app_resource_scope_test.go:74: scenario=manager_role_revoked error=not found before={"alarms": [], "outbox": [], "shadows": [], "telemetry": [], "sensor_data": []} after={"alarms": [], "outbox": [], "shadows": [], "telemetry": [], "sensor_data": []}
--- PASS: TestAppResourceScopeWhenTenantManagerRoleRevoked (0.38s)
=== RUN   TestM6bFakeExecutorPropagatesScopeAndRejectsRevocation
    fake_executor_m6b_test.go:36: environment real_timescaledb=2.30.0
=== RUN   TestM6bFakeExecutorPropagatesScopeAndRejectsRevocation/preserves_tenant_actor_context
=== RUN   TestM6bFakeExecutorPropagatesScopeAndRejectsRevocation/rejects_committed_role_revocation_before_side_effect
=== RUN   TestM6bFakeExecutorPropagatesScopeAndRejectsRevocation/rejects_committed_permission_version_revocation_before_side_effect
--- PASS: TestM6bFakeExecutorPropagatesScopeAndRejectsRevocation (0.41s)
    --- PASS: TestM6bFakeExecutorPropagatesScopeAndRejectsRevocation/preserves_tenant_actor_context (0.00s)
    --- PASS: TestM6bFakeExecutorPropagatesScopeAndRejectsRevocation/rejects_committed_role_revocation_before_side_effect (0.00s)
    --- PASS: TestM6bFakeExecutorPropagatesScopeAndRejectsRevocation/rejects_committed_permission_version_revocation_before_side_effect (0.00s)
=== RUN   TestM6bAlarmHTTPRejectsRevocationAfterAuthentication
=== RUN   TestM6bAlarmHTTPRejectsRevocationAfterAuthentication/batch_role
    alarm_revocation_http_test.go:43: environment real_timescaledb=2.30.0
[GIN-debug] [WARNING] Running in "debug" mode. Switch to "release" mode in production.
 - using env:	export GIN_MODE=release
 - using code:	gin.SetMode(gin.ReleaseMode)

[GIN-debug] POST   /admin/v1/login           --> git.hyhy.fun/rsplab/iolink/internal/adminapi.(*Server).login-fm (2 handlers)
[GIN-debug] GET    /admin/v1/tenants         --> git.hyhy.fun/rsplab/iolink/internal/adminapi.(*Server).listTenants-fm (3 handlers)
[GIN-debug] PUT    /admin/v1/tenants/:id/status --> git.hyhy.fun/rsplab/iolink/internal/adminapi.(*Server).setTenantStatus-fm (3 handlers)
[GIN-debug] GET    /admin/v1/tenants/:id/members --> git.hyhy.fun/rsplab/iolink/internal/adminapi.(*Server).listTenantMembers-fm (3 handlers)
[GIN-debug] PUT    /admin/v1/tenants/:id/members/:user_id --> git.hyhy.fun/rsplab/iolink/internal/adminapi.(*Server).setTenantMember-fm (3 handlers)
[GIN-debug] POST   /admin/v1/password        --> git.hyhy.fun/rsplab/iolink/internal/adminapi.(*Server).changePassword-fm (3 handlers)
[GIN-debug] GET    /admin/v1/farms           --> git.hyhy.fun/rsplab/iolink/internal/adminapi.(*Server).listFarms-fm (4 handlers)
[GIN-debug] POST   /admin/v1/farms           --> git.hyhy.fun/rsplab/iolink/internal/adminapi.(*Server).createFarm-fm (4 handlers)
[GIN-debug] GET    /admin/v1/users           --> git.hyhy.fun/rsplab/iolink/internal/adminapi.(*Server).listUsers-fm (4 handlers)
[GIN-debug] PUT    /admin/v1/farms/:id       --> git.hyhy.fun/rsplab/iolink/internal/adminapi.(*Server).updateFarm-fm (4 handlers)
[GIN-debug] DELETE /admin/v1/farms/:id       --> git.hyhy.fun/rsplab/iolink/internal/adminapi.(*Server).deleteFarm-fm (4 handlers)
[GIN-debug] PUT    /admin/v1/farms/:id/owner --> git.hyhy.fun/rsplab/iolink/internal/adminapi.(*Server).setFarmOwner-fm (4 handlers)
[GIN-debug] GET    /admin/v1/farms/:id/members --> git.hyhy.fun/rsplab/iolink/internal/adminapi.(*Server).listFarmMembers-fm (4 handlers)
[GIN-debug] PUT    /admin/v1/farms/:id/members/:user_id --> git.hyhy.fun/rsplab/iolink/internal/adminapi.(*Server).setFarmMember-fm (4 handlers)
[GIN-debug] GET    /admin/v1/ponds           --> git.hyhy.fun/rsplab/iolink/internal/adminapi.(*Server).listPonds-fm (4 handlers)
[GIN-debug] POST   /admin/v1/ponds           --> git.hyhy.fun/rsplab/iolink/internal/adminapi.(*Server).createPond-fm (4 handlers)
[GIN-debug] PUT    /admin/v1/ponds/:id       --> git.hyhy.fun/rsplab/iolink/internal/adminapi.(*Server).updatePond-fm (4 handlers)
[GIN-debug] DELETE /admin/v1/ponds/:id       --> git.hyhy.fun/rsplab/iolink/internal/adminapi.(*Server).deletePond-fm (4 handlers)
[GIN-debug] GET    /admin/v1/devices         --> git.hyhy.fun/rsplab/iolink/internal/adminapi.(*Server).listDevices-fm (4 handlers)
[GIN-debug] POST   /admin/v1/devices         --> git.hyhy.fun/rsplab/iolink/internal/adminapi.(*Server).registerDevice-fm (4 handlers)
[GIN-debug] GET    /admin/v1/devices/:device_no --> git.hyhy.fun/rsplab/iolink/internal/adminapi.(*Server).getDevice-fm (4 handlers)
[GIN-debug] DELETE /admin/v1/devices/:device_no --> git.hyhy.fun/rsplab/iolink/internal/adminapi.(*Server).deleteDevice-fm (4 handlers)
[GIN-debug] PUT    /admin/v1/devices/:device_no/pond --> git.hyhy.fun/rsplab/iolink/internal/adminapi.(*Server).moveDevice-fm (4 handlers)
[GIN-debug] GET    /admin/v1/alarm-rules     --> git.hyhy.fun/rsplab/iolink/internal/adminapi.(*Server).listRules-fm (4 handlers)
[GIN-debug] POST   /admin/v1/alarm-rules     --> git.hyhy.fun/rsplab/iolink/internal/adminapi.(*Server).createRule-fm (4 handlers)
[GIN-debug] PUT    /admin/v1/alarm-rules/:id --> git.hyhy.fun/rsplab/iolink/internal/adminapi.(*Server).updateRule-fm (4 handlers)
[GIN-debug] DELETE /admin/v1/alarm-rules/:id --> git.hyhy.fun/rsplab/iolink/internal/adminapi.(*Server).deleteRule-fm (4 handlers)
[GIN-debug] GET    /admin/v1/alarms          --> git.hyhy.fun/rsplab/iolink/internal/adminapi.(*Server).listAlarms-fm (4 handlers)
[GIN-debug] POST   /admin/v1/alarms/:id/confirm --> git.hyhy.fun/rsplab/iolink/internal/adminapi.(*Server).confirmAlarm-fm (4 handlers)
[GIN-debug] POST   /admin/v1/alarms/batch-confirm --> git.hyhy.fun/rsplab/iolink/internal/adminapi.(*Server).batchConfirm-fm (4 handlers)
[GIN-debug] GET    /admin/v1/stats           --> git.hyhy.fun/rsplab/iolink/internal/adminapi.(*Server).stats-fm (4 handlers)
[GIN-debug] GET    /admin/v1/products        --> git.hyhy.fun/rsplab/iolink/internal/adminapi.(*Server).listProducts-fm (4 handlers)
[GIN-debug] POST   /admin/v1/products        --> git.hyhy.fun/rsplab/iolink/internal/adminapi.(*Server).createProduct-fm (4 handlers)
[GIN-debug] GET    /admin/v1/products/:product_id/models --> git.hyhy.fun/rsplab/iolink/internal/adminapi.(*Server).listProductModels-fm (4 handlers)
[GIN-debug] POST   /admin/v1/products/:product_id/models --> git.hyhy.fun/rsplab/iolink/internal/adminapi.(*Server).createProductModel-fm (4 handlers)
[GIN-debug] POST   /admin/v1/products/:product_id/models/:version/publish --> git.hyhy.fun/rsplab/iolink/internal/adminapi.(*Server).publishProductModel-fm (4 handlers)
[GIN-debug] GET    /admin/v1/devices/:device_no/product --> git.hyhy.fun/rsplab/iolink/internal/adminapi.(*Server).getDeviceProduct-fm (4 handlers)
[GIN-debug] PUT    /admin/v1/devices/:device_no/product --> git.hyhy.fun/rsplab/iolink/internal/adminapi.(*Server).assignDeviceProduct-fm (4 handlers)
2026/10/04 17:56:13 INFO http request request_id=FHEQBGH6OKAUGT5IUZ7GFXDSGE route=/admin/v1/login method=POST status=200 duration_ms=131 tenant_id=0 actor_id=0
2026/10/04 17:56:13 WARN http request request_id=ZIRPX47M6RPYO24RUPC3UDFBBP route=/admin/v1/alarms/batch-confirm method=POST status=404 duration_ms=4 tenant_id=9401 actor_id=9402
    alarm_revocation_http_test.go:95: operation=batch revocation=role injected=true status=404 response={"error":"alarm not found"} unchanged=true
=== RUN   TestM6bAlarmHTTPRejectsRevocationAfterAuthentication/batch_membership
    alarm_revocation_http_test.go:43: environment real_timescaledb=2.30.0
[GIN-debug] [WARNING] Running in "debug" mode. Switch to "release" mode in production.
 - using env:	export GIN_MODE=release
 - using code:	gin.SetMode(gin.ReleaseMode)

[GIN-debug] POST   /admin/v1/login           --> git.hyhy.fun/rsplab/iolink/internal/adminapi.(*Server).login-fm (2 handlers)
[GIN-debug] GET    /admin/v1/tenants         --> git.hyhy.fun/rsplab/iolink/internal/adminapi.(*Server).listTenants-fm (3 handlers)
[GIN-debug] PUT    /admin/v1/tenants/:id/status --> git.hyhy.fun/rsplab/iolink/internal/adminapi.(*Server).setTenantStatus-fm (3 handlers)
[GIN-debug] GET    /admin/v1/tenants/:id/members --> git.hyhy.fun/rsplab/iolink/internal/adminapi.(*Server).listTenantMembers-fm (3 handlers)
[GIN-debug] PUT    /admin/v1/tenants/:id/members/:user_id --> git.hyhy.fun/rsplab/iolink/internal/adminapi.(*Server).setTenantMember-fm (3 handlers)
[GIN-debug] POST   /admin/v1/password        --> git.hyhy.fun/rsplab/iolink/internal/adminapi.(*Server).changePassword-fm (3 handlers)
[GIN-debug] GET    /admin/v1/farms           --> git.hyhy.fun/rsplab/iolink/internal/adminapi.(*Server).listFarms-fm (4 handlers)
[GIN-debug] POST   /admin/v1/farms           --> git.hyhy.fun/rsplab/iolink/internal/adminapi.(*Server).createFarm-fm (4 handlers)
[GIN-debug] GET    /admin/v1/users           --> git.hyhy.fun/rsplab/iolink/internal/adminapi.(*Server).listUsers-fm (4 handlers)
[GIN-debug] PUT    /admin/v1/farms/:id       --> git.hyhy.fun/rsplab/iolink/internal/adminapi.(*Server).updateFarm-fm (4 handlers)
[GIN-debug] DELETE /admin/v1/farms/:id       --> git.hyhy.fun/rsplab/iolink/internal/adminapi.(*Server).deleteFarm-fm (4 handlers)
[GIN-debug] PUT    /admin/v1/farms/:id/owner --> git.hyhy.fun/rsplab/iolink/internal/adminapi.(*Server).setFarmOwner-fm (4 handlers)
[GIN-debug] GET    /admin/v1/farms/:id/members --> git.hyhy.fun/rsplab/iolink/internal/adminapi.(*Server).listFarmMembers-fm (4 handlers)
[GIN-debug] PUT    /admin/v1/farms/:id/members/:user_id --> git.hyhy.fun/rsplab/iolink/internal/adminapi.(*Server).setFarmMember-fm (4 handlers)
[GIN-debug] GET    /admin/v1/ponds           --> git.hyhy.fun/rsplab/iolink/internal/adminapi.(*Server).listPonds-fm (4 handlers)
[GIN-debug] POST   /admin/v1/ponds           --> git.hyhy.fun/rsplab/iolink/internal/adminapi.(*Server).createPond-fm (4 handlers)
[GIN-debug] PUT    /admin/v1/ponds/:id       --> git.hyhy.fun/rsplab/iolink/internal/adminapi.(*Server).updatePond-fm (4 handlers)
[GIN-debug] DELETE /admin/v1/ponds/:id       --> git.hyhy.fun/rsplab/iolink/internal/adminapi.(*Server).deletePond-fm (4 handlers)
[GIN-debug] GET    /admin/v1/devices         --> git.hyhy.fun/rsplab/iolink/internal/adminapi.(*Server).listDevices-fm (4 handlers)
[GIN-debug] POST   /admin/v1/devices         --> git.hyhy.fun/rsplab/iolink/internal/adminapi.(*Server).registerDevice-fm (4 handlers)
[GIN-debug] GET    /admin/v1/devices/:device_no --> git.hyhy.fun/rsplab/iolink/internal/adminapi.(*Server).getDevice-fm (4 handlers)
[GIN-debug] DELETE /admin/v1/devices/:device_no --> git.hyhy.fun/rsplab/iolink/internal/adminapi.(*Server).deleteDevice-fm (4 handlers)
[GIN-debug] PUT    /admin/v1/devices/:device_no/pond --> git.hyhy.fun/rsplab/iolink/internal/adminapi.(*Server).moveDevice-fm (4 handlers)
[GIN-debug] GET    /admin/v1/alarm-rules     --> git.hyhy.fun/rsplab/iolink/internal/adminapi.(*Server).listRules-fm (4 handlers)
[GIN-debug] POST   /admin/v1/alarm-rules     --> git.hyhy.fun/rsplab/iolink/internal/adminapi.(*Server).createRule-fm (4 handlers)
[GIN-debug] PUT    /admin/v1/alarm-rules/:id --> git.hyhy.fun/rsplab/iolink/internal/adminapi.(*Server).updateRule-fm (4 handlers)
[GIN-debug] DELETE /admin/v1/alarm-rules/:id --> git.hyhy.fun/rsplab/iolink/internal/adminapi.(*Server).deleteRule-fm (4 handlers)
[GIN-debug] GET    /admin/v1/alarms          --> git.hyhy.fun/rsplab/iolink/internal/adminapi.(*Server).listAlarms-fm (4 handlers)
[GIN-debug] POST   /admin/v1/alarms/:id/confirm --> git.hyhy.fun/rsplab/iolink/internal/adminapi.(*Server).confirmAlarm-fm (4 handlers)
[GIN-debug] POST   /admin/v1/alarms/batch-confirm --> git.hyhy.fun/rsplab/iolink/internal/adminapi.(*Server).batchConfirm-fm (4 handlers)
[GIN-debug] GET    /admin/v1/stats           --> git.hyhy.fun/rsplab/iolink/internal/adminapi.(*Server).stats-fm (4 handlers)
[GIN-debug] GET    /admin/v1/products        --> git.hyhy.fun/rsplab/iolink/internal/adminapi.(*Server).listProducts-fm (4 handlers)
[GIN-debug] POST   /admin/v1/products        --> git.hyhy.fun/rsplab/iolink/internal/adminapi.(*Server).createProduct-fm (4 handlers)
[GIN-debug] GET    /admin/v1/products/:product_id/models --> git.hyhy.fun/rsplab/iolink/internal/adminapi.(*Server).listProductModels-fm (4 handlers)
[GIN-debug] POST   /admin/v1/products/:product_id/models --> git.hyhy.fun/rsplab/iolink/internal/adminapi.(*Server).createProductModel-fm (4 handlers)
[GIN-debug] POST   /admin/v1/products/:product_id/models/:version/publish --> git.hyhy.fun/rsplab/iolink/internal/adminapi.(*Server).publishProductModel-fm (4 handlers)
[GIN-debug] GET    /admin/v1/devices/:device_no/product --> git.hyhy.fun/rsplab/iolink/internal/adminapi.(*Server).getDeviceProduct-fm (4 handlers)
[GIN-debug] PUT    /admin/v1/devices/:device_no/product --> git.hyhy.fun/rsplab/iolink/internal/adminapi.(*Server).assignDeviceProduct-fm (4 handlers)
2026/10/04 17:56:14 INFO http request request_id=X2PCRVLZJ4PMNTS67U2AOLNCY4 route=/admin/v1/login method=POST status=200 duration_ms=137 tenant_id=0 actor_id=0
2026/10/04 17:56:14 WARN http request request_id=IXZ5NIBWCOJOO65VMNYLNKJ2BB route=/admin/v1/alarms/batch-confirm method=POST status=404 duration_ms=3 tenant_id=9401 actor_id=9402
    alarm_revocation_http_test.go:95: operation=batch revocation=membership injected=true status=404 response={"error":"alarm not found"} unchanged=true
=== RUN   TestM6bAlarmHTTPRejectsRevocationAfterAuthentication/batch_tenant
    alarm_revocation_http_test.go:43: environment real_timescaledb=2.30.0
[GIN-debug] [WARNING] Running in "debug" mode. Switch to "release" mode in production.
 - using env:	export GIN_MODE=release
 - using code:	gin.SetMode(gin.ReleaseMode)

[GIN-debug] POST   /admin/v1/login           --> git.hyhy.fun/rsplab/iolink/internal/adminapi.(*Server).login-fm (2 handlers)
[GIN-debug] GET    /admin/v1/tenants         --> git.hyhy.fun/rsplab/iolink/internal/adminapi.(*Server).listTenants-fm (3 handlers)
[GIN-debug] PUT    /admin/v1/tenants/:id/status --> git.hyhy.fun/rsplab/iolink/internal/adminapi.(*Server).setTenantStatus-fm (3 handlers)
[GIN-debug] GET    /admin/v1/tenants/:id/members --> git.hyhy.fun/rsplab/iolink/internal/adminapi.(*Server).listTenantMembers-fm (3 handlers)
[GIN-debug] PUT    /admin/v1/tenants/:id/members/:user_id --> git.hyhy.fun/rsplab/iolink/internal/adminapi.(*Server).setTenantMember-fm (3 handlers)
[GIN-debug] POST   /admin/v1/password        --> git.hyhy.fun/rsplab/iolink/internal/adminapi.(*Server).changePassword-fm (3 handlers)
[GIN-debug] GET    /admin/v1/farms           --> git.hyhy.fun/rsplab/iolink/internal/adminapi.(*Server).listFarms-fm (4 handlers)
[GIN-debug] POST   /admin/v1/farms           --> git.hyhy.fun/rsplab/iolink/internal/adminapi.(*Server).createFarm-fm (4 handlers)
[GIN-debug] GET    /admin/v1/users           --> git.hyhy.fun/rsplab/iolink/internal/adminapi.(*Server).listUsers-fm (4 handlers)
[GIN-debug] PUT    /admin/v1/farms/:id       --> git.hyhy.fun/rsplab/iolink/internal/adminapi.(*Server).updateFarm-fm (4 handlers)
[GIN-debug] DELETE /admin/v1/farms/:id       --> git.hyhy.fun/rsplab/iolink/internal/adminapi.(*Server).deleteFarm-fm (4 handlers)
[GIN-debug] PUT    /admin/v1/farms/:id/owner --> git.hyhy.fun/rsplab/iolink/internal/adminapi.(*Server).setFarmOwner-fm (4 handlers)
[GIN-debug] GET    /admin/v1/farms/:id/members --> git.hyhy.fun/rsplab/iolink/internal/adminapi.(*Server).listFarmMembers-fm (4 handlers)
[GIN-debug] PUT    /admin/v1/farms/:id/members/:user_id --> git.hyhy.fun/rsplab/iolink/internal/adminapi.(*Server).setFarmMember-fm (4 handlers)
[GIN-debug] GET    /admin/v1/ponds           --> git.hyhy.fun/rsplab/iolink/internal/adminapi.(*Server).listPonds-fm (4 handlers)
[GIN-debug] POST   /admin/v1/ponds           --> git.hyhy.fun/rsplab/iolink/internal/adminapi.(*Server).createPond-fm (4 handlers)
[GIN-debug] PUT    /admin/v1/ponds/:id       --> git.hyhy.fun/rsplab/iolink/internal/adminapi.(*Server).updatePond-fm (4 handlers)
[GIN-debug] DELETE /admin/v1/ponds/:id       --> git.hyhy.fun/rsplab/iolink/internal/adminapi.(*Server).deletePond-fm (4 handlers)
[GIN-debug] GET    /admin/v1/devices         --> git.hyhy.fun/rsplab/iolink/internal/adminapi.(*Server).listDevices-fm (4 handlers)
[GIN-debug] POST   /admin/v1/devices         --> git.hyhy.fun/rsplab/iolink/internal/adminapi.(*Server).registerDevice-fm (4 handlers)
[GIN-debug] GET    /admin/v1/devices/:device_no --> git.hyhy.fun/rsplab/iolink/internal/adminapi.(*Server).getDevice-fm (4 handlers)
[GIN-debug] DELETE /admin/v1/devices/:device_no --> git.hyhy.fun/rsplab/iolink/internal/adminapi.(*Server).deleteDevice-fm (4 handlers)
[GIN-debug] PUT    /admin/v1/devices/:device_no/pond --> git.hyhy.fun/rsplab/iolink/internal/adminapi.(*Server).moveDevice-fm (4 handlers)
[GIN-debug] GET    /admin/v1/alarm-rules     --> git.hyhy.fun/rsplab/iolink/internal/adminapi.(*Server).listRules-fm (4 handlers)
[GIN-debug] POST   /admin/v1/alarm-rules     --> git.hyhy.fun/rsplab/iolink/internal/adminapi.(*Server).createRule-fm (4 handlers)
[GIN-debug] PUT    /admin/v1/alarm-rules/:id --> git.hyhy.fun/rsplab/iolink/internal/adminapi.(*Server).updateRule-fm (4 handlers)
[GIN-debug] DELETE /admin/v1/alarm-rules/:id --> git.hyhy.fun/rsplab/iolink/internal/adminapi.(*Server).deleteRule-fm (4 handlers)
[GIN-debug] GET    /admin/v1/alarms          --> git.hyhy.fun/rsplab/iolink/internal/adminapi.(*Server).listAlarms-fm (4 handlers)
[GIN-debug] POST   /admin/v1/alarms/:id/confirm --> git.hyhy.fun/rsplab/iolink/internal/adminapi.(*Server).confirmAlarm-fm (4 handlers)
[GIN-debug] POST   /admin/v1/alarms/batch-confirm --> git.hyhy.fun/rsplab/iolink/internal/adminapi.(*Server).batchConfirm-fm (4 handlers)
[GIN-debug] GET    /admin/v1/stats           --> git.hyhy.fun/rsplab/iolink/internal/adminapi.(*Server).stats-fm (4 handlers)
[GIN-debug] GET    /admin/v1/products        --> git.hyhy.fun/rsplab/iolink/internal/adminapi.(*Server).listProducts-fm (4 handlers)
[GIN-debug] POST   /admin/v1/products        --> git.hyhy.fun/rsplab/iolink/internal/adminapi.(*Server).createProduct-fm (4 handlers)
[GIN-debug] GET    /admin/v1/products/:product_id/models --> git.hyhy.fun/rsplab/iolink/internal/adminapi.(*Server).listProductModels-fm (4 handlers)
[GIN-debug] POST   /admin/v1/products/:product_id/models --> git.hyhy.fun/rsplab/iolink/internal/adminapi.(*Server).createProductModel-fm (4 handlers)
[GIN-debug] POST   /admin/v1/products/:product_id/models/:version/publish --> git.hyhy.fun/rsplab/iolink/internal/adminapi.(*Server).publishProductModel-fm (4 handlers)
[GIN-debug] GET    /admin/v1/devices/:device_no/product --> git.hyhy.fun/rsplab/iolink/internal/adminapi.(*Server).getDeviceProduct-fm (4 handlers)
[GIN-debug] PUT    /admin/v1/devices/:device_no/product --> git.hyhy.fun/rsplab/iolink/internal/adminapi.(*Server).assignDeviceProduct-fm (4 handlers)
2026/10/04 17:56:14 INFO http request request_id=ADXXMGMOBDHQTVJKBWM7FGRSTV route=/admin/v1/login method=POST status=200 duration_ms=133 tenant_id=0 actor_id=0
2026/10/04 17:56:14 WARN http request request_id=VZNAWV6736O2TDFYJGQ74H5RAJ route=/admin/v1/alarms/batch-confirm method=POST status=404 duration_ms=3 tenant_id=9401 actor_id=9402
    alarm_revocation_http_test.go:95: operation=batch revocation=tenant injected=true status=404 response={"error":"alarm not found"} unchanged=true
=== RUN   TestM6bAlarmHTTPRejectsRevocationAfterAuthentication/batch_platform_authority
    alarm_revocation_http_test.go:43: environment real_timescaledb=2.30.0
[GIN-debug] [WARNING] Running in "debug" mode. Switch to "release" mode in production.
 - using env:	export GIN_MODE=release
 - using code:	gin.SetMode(gin.ReleaseMode)

[GIN-debug] POST   /admin/v1/login           --> git.hyhy.fun/rsplab/iolink/internal/adminapi.(*Server).login-fm (2 handlers)
[GIN-debug] GET    /admin/v1/tenants         --> git.hyhy.fun/rsplab/iolink/internal/adminapi.(*Server).listTenants-fm (3 handlers)
[GIN-debug] PUT    /admin/v1/tenants/:id/status --> git.hyhy.fun/rsplab/iolink/internal/adminapi.(*Server).setTenantStatus-fm (3 handlers)
[GIN-debug] GET    /admin/v1/tenants/:id/members --> git.hyhy.fun/rsplab/iolink/internal/adminapi.(*Server).listTenantMembers-fm (3 handlers)
[GIN-debug] PUT    /admin/v1/tenants/:id/members/:user_id --> git.hyhy.fun/rsplab/iolink/internal/adminapi.(*Server).setTenantMember-fm (3 handlers)
[GIN-debug] POST   /admin/v1/password        --> git.hyhy.fun/rsplab/iolink/internal/adminapi.(*Server).changePassword-fm (3 handlers)
[GIN-debug] GET    /admin/v1/farms           --> git.hyhy.fun/rsplab/iolink/internal/adminapi.(*Server).listFarms-fm (4 handlers)
[GIN-debug] POST   /admin/v1/farms           --> git.hyhy.fun/rsplab/iolink/internal/adminapi.(*Server).createFarm-fm (4 handlers)
[GIN-debug] GET    /admin/v1/users           --> git.hyhy.fun/rsplab/iolink/internal/adminapi.(*Server).listUsers-fm (4 handlers)
[GIN-debug] PUT    /admin/v1/farms/:id       --> git.hyhy.fun/rsplab/iolink/internal/adminapi.(*Server).updateFarm-fm (4 handlers)
[GIN-debug] DELETE /admin/v1/farms/:id       --> git.hyhy.fun/rsplab/iolink/internal/adminapi.(*Server).deleteFarm-fm (4 handlers)
[GIN-debug] PUT    /admin/v1/farms/:id/owner --> git.hyhy.fun/rsplab/iolink/internal/adminapi.(*Server).setFarmOwner-fm (4 handlers)
[GIN-debug] GET    /admin/v1/farms/:id/members --> git.hyhy.fun/rsplab/iolink/internal/adminapi.(*Server).listFarmMembers-fm (4 handlers)
[GIN-debug] PUT    /admin/v1/farms/:id/members/:user_id --> git.hyhy.fun/rsplab/iolink/internal/adminapi.(*Server).setFarmMember-fm (4 handlers)
[GIN-debug] GET    /admin/v1/ponds           --> git.hyhy.fun/rsplab/iolink/internal/adminapi.(*Server).listPonds-fm (4 handlers)
[GIN-debug] POST   /admin/v1/ponds           --> git.hyhy.fun/rsplab/iolink/internal/adminapi.(*Server).createPond-fm (4 handlers)
[GIN-debug] PUT    /admin/v1/ponds/:id       --> git.hyhy.fun/rsplab/iolink/internal/adminapi.(*Server).updatePond-fm (4 handlers)
[GIN-debug] DELETE /admin/v1/ponds/:id       --> git.hyhy.fun/rsplab/iolink/internal/adminapi.(*Server).deletePond-fm (4 handlers)
[GIN-debug] GET    /admin/v1/devices         --> git.hyhy.fun/rsplab/iolink/internal/adminapi.(*Server).listDevices-fm (4 handlers)
[GIN-debug] POST   /admin/v1/devices         --> git.hyhy.fun/rsplab/iolink/internal/adminapi.(*Server).registerDevice-fm (4 handlers)
[GIN-debug] GET    /admin/v1/devices/:device_no --> git.hyhy.fun/rsplab/iolink/internal/adminapi.(*Server).getDevice-fm (4 handlers)
[GIN-debug] DELETE /admin/v1/devices/:device_no --> git.hyhy.fun/rsplab/iolink/internal/adminapi.(*Server).deleteDevice-fm (4 handlers)
[GIN-debug] PUT    /admin/v1/devices/:device_no/pond --> git.hyhy.fun/rsplab/iolink/internal/adminapi.(*Server).moveDevice-fm (4 handlers)
[GIN-debug] GET    /admin/v1/alarm-rules     --> git.hyhy.fun/rsplab/iolink/internal/adminapi.(*Server).listRules-fm (4 handlers)
[GIN-debug] POST   /admin/v1/alarm-rules     --> git.hyhy.fun/rsplab/iolink/internal/adminapi.(*Server).createRule-fm (4 handlers)
[GIN-debug] PUT    /admin/v1/alarm-rules/:id --> git.hyhy.fun/rsplab/iolink/internal/adminapi.(*Server).updateRule-fm (4 handlers)
[GIN-debug] DELETE /admin/v1/alarm-rules/:id --> git.hyhy.fun/rsplab/iolink/internal/adminapi.(*Server).deleteRule-fm (4 handlers)
[GIN-debug] GET    /admin/v1/alarms          --> git.hyhy.fun/rsplab/iolink/internal/adminapi.(*Server).listAlarms-fm (4 handlers)
[GIN-debug] POST   /admin/v1/alarms/:id/confirm --> git.hyhy.fun/rsplab/iolink/internal/adminapi.(*Server).confirmAlarm-fm (4 handlers)
[GIN-debug] POST   /admin/v1/alarms/batch-confirm --> git.hyhy.fun/rsplab/iolink/internal/adminapi.(*Server).batchConfirm-fm (4 handlers)
[GIN-debug] GET    /admin/v1/stats           --> git.hyhy.fun/rsplab/iolink/internal/adminapi.(*Server).stats-fm (4 handlers)
[GIN-debug] GET    /admin/v1/products        --> git.hyhy.fun/rsplab/iolink/internal/adminapi.(*Server).listProducts-fm (4 handlers)
[GIN-debug] POST   /admin/v1/products        --> git.hyhy.fun/rsplab/iolink/internal/adminapi.(*Server).createProduct-fm (4 handlers)
[GIN-debug] GET    /admin/v1/products/:product_id/models --> git.hyhy.fun/rsplab/iolink/internal/adminapi.(*Server).listProductModels-fm (4 handlers)
[GIN-debug] POST   /admin/v1/products/:product_id/models --> git.hyhy.fun/rsplab/iolink/internal/adminapi.(*Server).createProductModel-fm (4 handlers)
[GIN-debug] POST   /admin/v1/products/:product_id/models/:version/publish --> git.hyhy.fun/rsplab/iolink/internal/adminapi.(*Server).publishProductModel-fm (4 handlers)
[GIN-debug] GET    /admin/v1/devices/:device_no/product --> git.hyhy.fun/rsplab/iolink/internal/adminapi.(*Server).getDeviceProduct-fm (4 handlers)
[GIN-debug] PUT    /admin/v1/devices/:device_no/product --> git.hyhy.fun/rsplab/iolink/internal/adminapi.(*Server).assignDeviceProduct-fm (4 handlers)
2026/10/04 17:56:15 INFO http request request_id=GKYNTODFD4J4UMQWNBQNG4BSDM route=/admin/v1/login method=POST status=200 duration_ms=134 tenant_id=0 actor_id=0
2026/10/04 17:56:15 WARN http request request_id=TCENSWHQD75FW25DJBTX2G2MKM route=/admin/v1/alarms/batch-confirm method=POST status=404 duration_ms=3 tenant_id=9401 actor_id=9402
    alarm_revocation_http_test.go:95: operation=batch revocation=platform_authority injected=true status=404 response={"error":"alarm not found"} unchanged=true
=== RUN   TestM6bAlarmHTTPRejectsRevocationAfterAuthentication/batch_permission_version
    alarm_revocation_http_test.go:43: environment real_timescaledb=2.30.0
[GIN-debug] [WARNING] Running in "debug" mode. Switch to "release" mode in production.
 - using env:	export GIN_MODE=release
 - using code:	gin.SetMode(gin.ReleaseMode)

[GIN-debug] POST   /admin/v1/login           --> git.hyhy.fun/rsplab/iolink/internal/adminapi.(*Server).login-fm (2 handlers)
[GIN-debug] GET    /admin/v1/tenants         --> git.hyhy.fun/rsplab/iolink/internal/adminapi.(*Server).listTenants-fm (3 handlers)
[GIN-debug] PUT    /admin/v1/tenants/:id/status --> git.hyhy.fun/rsplab/iolink/internal/adminapi.(*Server).setTenantStatus-fm (3 handlers)
[GIN-debug] GET    /admin/v1/tenants/:id/members --> git.hyhy.fun/rsplab/iolink/internal/adminapi.(*Server).listTenantMembers-fm (3 handlers)
[GIN-debug] PUT    /admin/v1/tenants/:id/members/:user_id --> git.hyhy.fun/rsplab/iolink/internal/adminapi.(*Server).setTenantMember-fm (3 handlers)
[GIN-debug] POST   /admin/v1/password        --> git.hyhy.fun/rsplab/iolink/internal/adminapi.(*Server).changePassword-fm (3 handlers)
[GIN-debug] GET    /admin/v1/farms           --> git.hyhy.fun/rsplab/iolink/internal/adminapi.(*Server).listFarms-fm (4 handlers)
[GIN-debug] POST   /admin/v1/farms           --> git.hyhy.fun/rsplab/iolink/internal/adminapi.(*Server).createFarm-fm (4 handlers)
[GIN-debug] GET    /admin/v1/users           --> git.hyhy.fun/rsplab/iolink/internal/adminapi.(*Server).listUsers-fm (4 handlers)
[GIN-debug] PUT    /admin/v1/farms/:id       --> git.hyhy.fun/rsplab/iolink/internal/adminapi.(*Server).updateFarm-fm (4 handlers)
[GIN-debug] DELETE /admin/v1/farms/:id       --> git.hyhy.fun/rsplab/iolink/internal/adminapi.(*Server).deleteFarm-fm (4 handlers)
[GIN-debug] PUT    /admin/v1/farms/:id/owner --> git.hyhy.fun/rsplab/iolink/internal/adminapi.(*Server).setFarmOwner-fm (4 handlers)
[GIN-debug] GET    /admin/v1/farms/:id/members --> git.hyhy.fun/rsplab/iolink/internal/adminapi.(*Server).listFarmMembers-fm (4 handlers)
[GIN-debug] PUT    /admin/v1/farms/:id/members/:user_id --> git.hyhy.fun/rsplab/iolink/internal/adminapi.(*Server).setFarmMember-fm (4 handlers)
[GIN-debug] GET    /admin/v1/ponds           --> git.hyhy.fun/rsplab/iolink/internal/adminapi.(*Server).listPonds-fm (4 handlers)
[GIN-debug] POST   /admin/v1/ponds           --> git.hyhy.fun/rsplab/iolink/internal/adminapi.(*Server).createPond-fm (4 handlers)
[GIN-debug] PUT    /admin/v1/ponds/:id       --> git.hyhy.fun/rsplab/iolink/internal/adminapi.(*Server).updatePond-fm (4 handlers)
[GIN-debug] DELETE /admin/v1/ponds/:id       --> git.hyhy.fun/rsplab/iolink/internal/adminapi.(*Server).deletePond-fm (4 handlers)
[GIN-debug] GET    /admin/v1/devices         --> git.hyhy.fun/rsplab/iolink/internal/adminapi.(*Server).listDevices-fm (4 handlers)
[GIN-debug] POST   /admin/v1/devices         --> git.hyhy.fun/rsplab/iolink/internal/adminapi.(*Server).registerDevice-fm (4 handlers)
[GIN-debug] GET    /admin/v1/devices/:device_no --> git.hyhy.fun/rsplab/iolink/internal/adminapi.(*Server).getDevice-fm (4 handlers)
[GIN-debug] DELETE /admin/v1/devices/:device_no --> git.hyhy.fun/rsplab/iolink/internal/adminapi.(*Server).deleteDevice-fm (4 handlers)
[GIN-debug] PUT    /admin/v1/devices/:device_no/pond --> git.hyhy.fun/rsplab/iolink/internal/adminapi.(*Server).moveDevice-fm (4 handlers)
[GIN-debug] GET    /admin/v1/alarm-rules     --> git.hyhy.fun/rsplab/iolink/internal/adminapi.(*Server).listRules-fm (4 handlers)
[GIN-debug] POST   /admin/v1/alarm-rules     --> git.hyhy.fun/rsplab/iolink/internal/adminapi.(*Server).createRule-fm (4 handlers)
[GIN-debug] PUT    /admin/v1/alarm-rules/:id --> git.hyhy.fun/rsplab/iolink/internal/adminapi.(*Server).updateRule-fm (4 handlers)
[GIN-debug] DELETE /admin/v1/alarm-rules/:id --> git.hyhy.fun/rsplab/iolink/internal/adminapi.(*Server).deleteRule-fm (4 handlers)
[GIN-debug] GET    /admin/v1/alarms          --> git.hyhy.fun/rsplab/iolink/internal/adminapi.(*Server).listAlarms-fm (4 handlers)
[GIN-debug] POST   /admin/v1/alarms/:id/confirm --> git.hyhy.fun/rsplab/iolink/internal/adminapi.(*Server).confirmAlarm-fm (4 handlers)
[GIN-debug] POST   /admin/v1/alarms/batch-confirm --> git.hyhy.fun/rsplab/iolink/internal/adminapi.(*Server).batchConfirm-fm (4 handlers)
[GIN-debug] GET    /admin/v1/stats           --> git.hyhy.fun/rsplab/iolink/internal/adminapi.(*Server).stats-fm (4 handlers)
[GIN-debug] GET    /admin/v1/products        --> git.hyhy.fun/rsplab/iolink/internal/adminapi.(*Server).listProducts-fm (4 handlers)
[GIN-debug] POST   /admin/v1/products        --> git.hyhy.fun/rsplab/iolink/internal/adminapi.(*Server).createProduct-fm (4 handlers)
[GIN-debug] GET    /admin/v1/products/:product_id/models --> git.hyhy.fun/rsplab/iolink/internal/adminapi.(*Server).listProductModels-fm (4 handlers)
[GIN-debug] POST   /admin/v1/products/:product_id/models --> git.hyhy.fun/rsplab/iolink/internal/adminapi.(*Server).createProductModel-fm (4 handlers)
[GIN-debug] POST   /admin/v1/products/:product_id/models/:version/publish --> git.hyhy.fun/rsplab/iolink/internal/adminapi.(*Server).publishProductModel-fm (4 handlers)
[GIN-debug] GET    /admin/v1/devices/:device_no/product --> git.hyhy.fun/rsplab/iolink/internal/adminapi.(*Server).getDeviceProduct-fm (4 handlers)
[GIN-debug] PUT    /admin/v1/devices/:device_no/product --> git.hyhy.fun/rsplab/iolink/internal/adminapi.(*Server).assignDeviceProduct-fm (4 handlers)
2026/10/04 17:56:16 INFO http request request_id=K6BJYKMSMT7MGNUHO6U5W7UIYA route=/admin/v1/login method=POST status=200 duration_ms=135 tenant_id=0 actor_id=0
2026/10/04 17:56:16 WARN http request request_id=ETGCME4PMQFUA46DFL7KQK4SIH route=/admin/v1/alarms/batch-confirm method=POST status=404 duration_ms=3 tenant_id=9401 actor_id=9402
    alarm_revocation_http_test.go:95: operation=batch revocation=permission_version injected=true status=404 response={"error":"alarm not found"} unchanged=true
=== RUN   TestM6bAlarmHTTPRejectsRevocationAfterAuthentication/singular_role
    alarm_revocation_http_test.go:43: environment real_timescaledb=2.30.0
[GIN-debug] [WARNING] Running in "debug" mode. Switch to "release" mode in production.
 - using env:	export GIN_MODE=release
 - using code:	gin.SetMode(gin.ReleaseMode)

[GIN-debug] POST   /admin/v1/login           --> git.hyhy.fun/rsplab/iolink/internal/adminapi.(*Server).login-fm (2 handlers)
[GIN-debug] GET    /admin/v1/tenants         --> git.hyhy.fun/rsplab/iolink/internal/adminapi.(*Server).listTenants-fm (3 handlers)
[GIN-debug] PUT    /admin/v1/tenants/:id/status --> git.hyhy.fun/rsplab/iolink/internal/adminapi.(*Server).setTenantStatus-fm (3 handlers)
[GIN-debug] GET    /admin/v1/tenants/:id/members --> git.hyhy.fun/rsplab/iolink/internal/adminapi.(*Server).listTenantMembers-fm (3 handlers)
[GIN-debug] PUT    /admin/v1/tenants/:id/members/:user_id --> git.hyhy.fun/rsplab/iolink/internal/adminapi.(*Server).setTenantMember-fm (3 handlers)
[GIN-debug] POST   /admin/v1/password        --> git.hyhy.fun/rsplab/iolink/internal/adminapi.(*Server).changePassword-fm (3 handlers)
[GIN-debug] GET    /admin/v1/farms           --> git.hyhy.fun/rsplab/iolink/internal/adminapi.(*Server).listFarms-fm (4 handlers)
[GIN-debug] POST   /admin/v1/farms           --> git.hyhy.fun/rsplab/iolink/internal/adminapi.(*Server).createFarm-fm (4 handlers)
[GIN-debug] GET    /admin/v1/users           --> git.hyhy.fun/rsplab/iolink/internal/adminapi.(*Server).listUsers-fm (4 handlers)
[GIN-debug] PUT    /admin/v1/farms/:id       --> git.hyhy.fun/rsplab/iolink/internal/adminapi.(*Server).updateFarm-fm (4 handlers)
[GIN-debug] DELETE /admin/v1/farms/:id       --> git.hyhy.fun/rsplab/iolink/internal/adminapi.(*Server).deleteFarm-fm (4 handlers)
[GIN-debug] PUT    /admin/v1/farms/:id/owner --> git.hyhy.fun/rsplab/iolink/internal/adminapi.(*Server).setFarmOwner-fm (4 handlers)
[GIN-debug] GET    /admin/v1/farms/:id/members --> git.hyhy.fun/rsplab/iolink/internal/adminapi.(*Server).listFarmMembers-fm (4 handlers)
[GIN-debug] PUT    /admin/v1/farms/:id/members/:user_id --> git.hyhy.fun/rsplab/iolink/internal/adminapi.(*Server).setFarmMember-fm (4 handlers)
[GIN-debug] GET    /admin/v1/ponds           --> git.hyhy.fun/rsplab/iolink/internal/adminapi.(*Server).listPonds-fm (4 handlers)
[GIN-debug] POST   /admin/v1/ponds           --> git.hyhy.fun/rsplab/iolink/internal/adminapi.(*Server).createPond-fm (4 handlers)
[GIN-debug] PUT    /admin/v1/ponds/:id       --> git.hyhy.fun/rsplab/iolink/internal/adminapi.(*Server).updatePond-fm (4 handlers)
[GIN-debug] DELETE /admin/v1/ponds/:id       --> git.hyhy.fun/rsplab/iolink/internal/adminapi.(*Server).deletePond-fm (4 handlers)
[GIN-debug] GET    /admin/v1/devices         --> git.hyhy.fun/rsplab/iolink/internal/adminapi.(*Server).listDevices-fm (4 handlers)
[GIN-debug] POST   /admin/v1/devices         --> git.hyhy.fun/rsplab/iolink/internal/adminapi.(*Server).registerDevice-fm (4 handlers)
[GIN-debug] GET    /admin/v1/devices/:device_no --> git.hyhy.fun/rsplab/iolink/internal/adminapi.(*Server).getDevice-fm (4 handlers)
[GIN-debug] DELETE /admin/v1/devices/:device_no --> git.hyhy.fun/rsplab/iolink/internal/adminapi.(*Server).deleteDevice-fm (4 handlers)
[GIN-debug] PUT    /admin/v1/devices/:device_no/pond --> git.hyhy.fun/rsplab/iolink/internal/adminapi.(*Server).moveDevice-fm (4 handlers)
[GIN-debug] GET    /admin/v1/alarm-rules     --> git.hyhy.fun/rsplab/iolink/internal/adminapi.(*Server).listRules-fm (4 handlers)
[GIN-debug] POST   /admin/v1/alarm-rules     --> git.hyhy.fun/rsplab/iolink/internal/adminapi.(*Server).createRule-fm (4 handlers)
[GIN-debug] PUT    /admin/v1/alarm-rules/:id --> git.hyhy.fun/rsplab/iolink/internal/adminapi.(*Server).updateRule-fm (4 handlers)
[GIN-debug] DELETE /admin/v1/alarm-rules/:id --> git.hyhy.fun/rsplab/iolink/internal/adminapi.(*Server).deleteRule-fm (4 handlers)
[GIN-debug] GET    /admin/v1/alarms          --> git.hyhy.fun/rsplab/iolink/internal/adminapi.(*Server).listAlarms-fm (4 handlers)
[GIN-debug] POST   /admin/v1/alarms/:id/confirm --> git.hyhy.fun/rsplab/iolink/internal/adminapi.(*Server).confirmAlarm-fm (4 handlers)
[GIN-debug] POST   /admin/v1/alarms/batch-confirm --> git.hyhy.fun/rsplab/iolink/internal/adminapi.(*Server).batchConfirm-fm (4 handlers)
[GIN-debug] GET    /admin/v1/stats           --> git.hyhy.fun/rsplab/iolink/internal/adminapi.(*Server).stats-fm (4 handlers)
[GIN-debug] GET    /admin/v1/products        --> git.hyhy.fun/rsplab/iolink/internal/adminapi.(*Server).listProducts-fm (4 handlers)
[GIN-debug] POST   /admin/v1/products        --> git.hyhy.fun/rsplab/iolink/internal/adminapi.(*Server).createProduct-fm (4 handlers)
[GIN-debug] GET    /admin/v1/products/:product_id/models --> git.hyhy.fun/rsplab/iolink/internal/adminapi.(*Server).listProductModels-fm (4 handlers)
[GIN-debug] POST   /admin/v1/products/:product_id/models --> git.hyhy.fun/rsplab/iolink/internal/adminapi.(*Server).createProductModel-fm (4 handlers)
[GIN-debug] POST   /admin/v1/products/:product_id/models/:version/publish --> git.hyhy.fun/rsplab/iolink/internal/adminapi.(*Server).publishProductModel-fm (4 handlers)
[GIN-debug] GET    /admin/v1/devices/:device_no/product --> git.hyhy.fun/rsplab/iolink/internal/adminapi.(*Server).getDeviceProduct-fm (4 handlers)
[GIN-debug] PUT    /admin/v1/devices/:device_no/product --> git.hyhy.fun/rsplab/iolink/internal/adminapi.(*Server).assignDeviceProduct-fm (4 handlers)
2026/10/04 17:56:17 INFO http request request_id=IK3DEXULPDI4DSWD3M4Q3ZQAJV route=/admin/v1/login method=POST status=200 duration_ms=137 tenant_id=0 actor_id=0
2026/10/04 17:56:17 WARN http request request_id=Q62T3SNTZBSVMVAYY2NWGVJPPB route=/admin/v1/alarms/:id/confirm method=POST status=404 duration_ms=5 tenant_id=9401 actor_id=9402
    alarm_revocation_http_test.go:95: operation=singular revocation=role injected=true status=404 response={"error":"alarm not found"} unchanged=true
=== RUN   TestM6bAlarmHTTPRejectsRevocationAfterAuthentication/singular_membership
    alarm_revocation_http_test.go:43: environment real_timescaledb=2.30.0
[GIN-debug] [WARNING] Running in "debug" mode. Switch to "release" mode in production.
 - using env:	export GIN_MODE=release
 - using code:	gin.SetMode(gin.ReleaseMode)

[GIN-debug] POST   /admin/v1/login           --> git.hyhy.fun/rsplab/iolink/internal/adminapi.(*Server).login-fm (2 handlers)
[GIN-debug] GET    /admin/v1/tenants         --> git.hyhy.fun/rsplab/iolink/internal/adminapi.(*Server).listTenants-fm (3 handlers)
[GIN-debug] PUT    /admin/v1/tenants/:id/status --> git.hyhy.fun/rsplab/iolink/internal/adminapi.(*Server).setTenantStatus-fm (3 handlers)
[GIN-debug] GET    /admin/v1/tenants/:id/members --> git.hyhy.fun/rsplab/iolink/internal/adminapi.(*Server).listTenantMembers-fm (3 handlers)
[GIN-debug] PUT    /admin/v1/tenants/:id/members/:user_id --> git.hyhy.fun/rsplab/iolink/internal/adminapi.(*Server).setTenantMember-fm (3 handlers)
[GIN-debug] POST   /admin/v1/password        --> git.hyhy.fun/rsplab/iolink/internal/adminapi.(*Server).changePassword-fm (3 handlers)
[GIN-debug] GET    /admin/v1/farms           --> git.hyhy.fun/rsplab/iolink/internal/adminapi.(*Server).listFarms-fm (4 handlers)
[GIN-debug] POST   /admin/v1/farms           --> git.hyhy.fun/rsplab/iolink/internal/adminapi.(*Server).createFarm-fm (4 handlers)
[GIN-debug] GET    /admin/v1/users           --> git.hyhy.fun/rsplab/iolink/internal/adminapi.(*Server).listUsers-fm (4 handlers)
[GIN-debug] PUT    /admin/v1/farms/:id       --> git.hyhy.fun/rsplab/iolink/internal/adminapi.(*Server).updateFarm-fm (4 handlers)
[GIN-debug] DELETE /admin/v1/farms/:id       --> git.hyhy.fun/rsplab/iolink/internal/adminapi.(*Server).deleteFarm-fm (4 handlers)
[GIN-debug] PUT    /admin/v1/farms/:id/owner --> git.hyhy.fun/rsplab/iolink/internal/adminapi.(*Server).setFarmOwner-fm (4 handlers)
[GIN-debug] GET    /admin/v1/farms/:id/members --> git.hyhy.fun/rsplab/iolink/internal/adminapi.(*Server).listFarmMembers-fm (4 handlers)
[GIN-debug] PUT    /admin/v1/farms/:id/members/:user_id --> git.hyhy.fun/rsplab/iolink/internal/adminapi.(*Server).setFarmMember-fm (4 handlers)
[GIN-debug] GET    /admin/v1/ponds           --> git.hyhy.fun/rsplab/iolink/internal/adminapi.(*Server).listPonds-fm (4 handlers)
[GIN-debug] POST   /admin/v1/ponds           --> git.hyhy.fun/rsplab/iolink/internal/adminapi.(*Server).createPond-fm (4 handlers)
[GIN-debug] PUT    /admin/v1/ponds/:id       --> git.hyhy.fun/rsplab/iolink/internal/adminapi.(*Server).updatePond-fm (4 handlers)
[GIN-debug] DELETE /admin/v1/ponds/:id       --> git.hyhy.fun/rsplab/iolink/internal/adminapi.(*Server).deletePond-fm (4 handlers)
[GIN-debug] GET    /admin/v1/devices         --> git.hyhy.fun/rsplab/iolink/internal/adminapi.(*Server).listDevices-fm (4 handlers)
[GIN-debug] POST   /admin/v1/devices         --> git.hyhy.fun/rsplab/iolink/internal/adminapi.(*Server).registerDevice-fm (4 handlers)
[GIN-debug] GET    /admin/v1/devices/:device_no --> git.hyhy.fun/rsplab/iolink/internal/adminapi.(*Server).getDevice-fm (4 handlers)
[GIN-debug] DELETE /admin/v1/devices/:device_no --> git.hyhy.fun/rsplab/iolink/internal/adminapi.(*Server).deleteDevice-fm (4 handlers)
[GIN-debug] PUT    /admin/v1/devices/:device_no/pond --> git.hyhy.fun/rsplab/iolink/internal/adminapi.(*Server).moveDevice-fm (4 handlers)
[GIN-debug] GET    /admin/v1/alarm-rules     --> git.hyhy.fun/rsplab/iolink/internal/adminapi.(*Server).listRules-fm (4 handlers)
[GIN-debug] POST   /admin/v1/alarm-rules     --> git.hyhy.fun/rsplab/iolink/internal/adminapi.(*Server).createRule-fm (4 handlers)
[GIN-debug] PUT    /admin/v1/alarm-rules/:id --> git.hyhy.fun/rsplab/iolink/internal/adminapi.(*Server).updateRule-fm (4 handlers)
[GIN-debug] DELETE /admin/v1/alarm-rules/:id --> git.hyhy.fun/rsplab/iolink/internal/adminapi.(*Server).deleteRule-fm (4 handlers)
[GIN-debug] GET    /admin/v1/alarms          --> git.hyhy.fun/rsplab/iolink/internal/adminapi.(*Server).listAlarms-fm (4 handlers)
[GIN-debug] POST   /admin/v1/alarms/:id/confirm --> git.hyhy.fun/rsplab/iolink/internal/adminapi.(*Server).confirmAlarm-fm (4 handlers)
[GIN-debug] POST   /admin/v1/alarms/batch-confirm --> git.hyhy.fun/rsplab/iolink/internal/adminapi.(*Server).batchConfirm-fm (4 handlers)
[GIN-debug] GET    /admin/v1/stats           --> git.hyhy.fun/rsplab/iolink/internal/adminapi.(*Server).stats-fm (4 handlers)
[GIN-debug] GET    /admin/v1/products        --> git.hyhy.fun/rsplab/iolink/internal/adminapi.(*Server).listProducts-fm (4 handlers)
[GIN-debug] POST   /admin/v1/products        --> git.hyhy.fun/rsplab/iolink/internal/adminapi.(*Server).createProduct-fm (4 handlers)
[GIN-debug] GET    /admin/v1/products/:product_id/models --> git.hyhy.fun/rsplab/iolink/internal/adminapi.(*Server).listProductModels-fm (4 handlers)
[GIN-debug] POST   /admin/v1/products/:product_id/models --> git.hyhy.fun/rsplab/iolink/internal/adminapi.(*Server).createProductModel-fm (4 handlers)
[GIN-debug] POST   /admin/v1/products/:product_id/models/:version/publish --> git.hyhy.fun/rsplab/iolink/internal/adminapi.(*Server).publishProductModel-fm (4 handlers)
[GIN-debug] GET    /admin/v1/devices/:device_no/product --> git.hyhy.fun/rsplab/iolink/internal/adminapi.(*Server).getDeviceProduct-fm (4 handlers)
[GIN-debug] PUT    /admin/v1/devices/:device_no/product --> git.hyhy.fun/rsplab/iolink/internal/adminapi.(*Server).assignDeviceProduct-fm (4 handlers)
2026/10/04 17:56:17 INFO http request request_id=WWRAU6ECMJHCT5NOXDX7TCB22F route=/admin/v1/login method=POST status=200 duration_ms=130 tenant_id=0 actor_id=0
2026/10/04 17:56:17 WARN http request request_id=FOJ2CCMQKQUZSJLUW6NWAKKDRG route=/admin/v1/alarms/:id/confirm method=POST status=404 duration_ms=4 tenant_id=9401 actor_id=9402
    alarm_revocation_http_test.go:95: operation=singular revocation=membership injected=true status=404 response={"error":"alarm not found"} unchanged=true
=== RUN   TestM6bAlarmHTTPRejectsRevocationAfterAuthentication/singular_tenant
    alarm_revocation_http_test.go:43: environment real_timescaledb=2.30.0
[GIN-debug] [WARNING] Running in "debug" mode. Switch to "release" mode in production.
 - using env:	export GIN_MODE=release
 - using code:	gin.SetMode(gin.ReleaseMode)

[GIN-debug] POST   /admin/v1/login           --> git.hyhy.fun/rsplab/iolink/internal/adminapi.(*Server).login-fm (2 handlers)
[GIN-debug] GET    /admin/v1/tenants         --> git.hyhy.fun/rsplab/iolink/internal/adminapi.(*Server).listTenants-fm (3 handlers)
[GIN-debug] PUT    /admin/v1/tenants/:id/status --> git.hyhy.fun/rsplab/iolink/internal/adminapi.(*Server).setTenantStatus-fm (3 handlers)
[GIN-debug] GET    /admin/v1/tenants/:id/members --> git.hyhy.fun/rsplab/iolink/internal/adminapi.(*Server).listTenantMembers-fm (3 handlers)
[GIN-debug] PUT    /admin/v1/tenants/:id/members/:user_id --> git.hyhy.fun/rsplab/iolink/internal/adminapi.(*Server).setTenantMember-fm (3 handlers)
[GIN-debug] POST   /admin/v1/password        --> git.hyhy.fun/rsplab/iolink/internal/adminapi.(*Server).changePassword-fm (3 handlers)
[GIN-debug] GET    /admin/v1/farms           --> git.hyhy.fun/rsplab/iolink/internal/adminapi.(*Server).listFarms-fm (4 handlers)
[GIN-debug] POST   /admin/v1/farms           --> git.hyhy.fun/rsplab/iolink/internal/adminapi.(*Server).createFarm-fm (4 handlers)
[GIN-debug] GET    /admin/v1/users           --> git.hyhy.fun/rsplab/iolink/internal/adminapi.(*Server).listUsers-fm (4 handlers)
[GIN-debug] PUT    /admin/v1/farms/:id       --> git.hyhy.fun/rsplab/iolink/internal/adminapi.(*Server).updateFarm-fm (4 handlers)
[GIN-debug] DELETE /admin/v1/farms/:id       --> git.hyhy.fun/rsplab/iolink/internal/adminapi.(*Server).deleteFarm-fm (4 handlers)
[GIN-debug] PUT    /admin/v1/farms/:id/owner --> git.hyhy.fun/rsplab/iolink/internal/adminapi.(*Server).setFarmOwner-fm (4 handlers)
[GIN-debug] GET    /admin/v1/farms/:id/members --> git.hyhy.fun/rsplab/iolink/internal/adminapi.(*Server).listFarmMembers-fm (4 handlers)
[GIN-debug] PUT    /admin/v1/farms/:id/members/:user_id --> git.hyhy.fun/rsplab/iolink/internal/adminapi.(*Server).setFarmMember-fm (4 handlers)
[GIN-debug] GET    /admin/v1/ponds           --> git.hyhy.fun/rsplab/iolink/internal/adminapi.(*Server).listPonds-fm (4 handlers)
[GIN-debug] POST   /admin/v1/ponds           --> git.hyhy.fun/rsplab/iolink/internal/adminapi.(*Server).createPond-fm (4 handlers)
[GIN-debug] PUT    /admin/v1/ponds/:id       --> git.hyhy.fun/rsplab/iolink/internal/adminapi.(*Server).updatePond-fm (4 handlers)
[GIN-debug] DELETE /admin/v1/ponds/:id       --> git.hyhy.fun/rsplab/iolink/internal/adminapi.(*Server).deletePond-fm (4 handlers)
[GIN-debug] GET    /admin/v1/devices         --> git.hyhy.fun/rsplab/iolink/internal/adminapi.(*Server).listDevices-fm (4 handlers)
[GIN-debug] POST   /admin/v1/devices         --> git.hyhy.fun/rsplab/iolink/internal/adminapi.(*Server).registerDevice-fm (4 handlers)
[GIN-debug] GET    /admin/v1/devices/:device_no --> git.hyhy.fun/rsplab/iolink/internal/adminapi.(*Server).getDevice-fm (4 handlers)
[GIN-debug] DELETE /admin/v1/devices/:device_no --> git.hyhy.fun/rsplab/iolink/internal/adminapi.(*Server).deleteDevice-fm (4 handlers)
[GIN-debug] PUT    /admin/v1/devices/:device_no/pond --> git.hyhy.fun/rsplab/iolink/internal/adminapi.(*Server).moveDevice-fm (4 handlers)
[GIN-debug] GET    /admin/v1/alarm-rules     --> git.hyhy.fun/rsplab/iolink/internal/adminapi.(*Server).listRules-fm (4 handlers)
[GIN-debug] POST   /admin/v1/alarm-rules     --> git.hyhy.fun/rsplab/iolink/internal/adminapi.(*Server).createRule-fm (4 handlers)
[GIN-debug] PUT    /admin/v1/alarm-rules/:id --> git.hyhy.fun/rsplab/iolink/internal/adminapi.(*Server).updateRule-fm (4 handlers)
[GIN-debug] DELETE /admin/v1/alarm-rules/:id --> git.hyhy.fun/rsplab/iolink/internal/adminapi.(*Server).deleteRule-fm (4 handlers)
[GIN-debug] GET    /admin/v1/alarms          --> git.hyhy.fun/rsplab/iolink/internal/adminapi.(*Server).listAlarms-fm (4 handlers)
[GIN-debug] POST   /admin/v1/alarms/:id/confirm --> git.hyhy.fun/rsplab/iolink/internal/adminapi.(*Server).confirmAlarm-fm (4 handlers)
[GIN-debug] POST   /admin/v1/alarms/batch-confirm --> git.hyhy.fun/rsplab/iolink/internal/adminapi.(*Server).batchConfirm-fm (4 handlers)
[GIN-debug] GET    /admin/v1/stats           --> git.hyhy.fun/rsplab/iolink/internal/adminapi.(*Server).stats-fm (4 handlers)
[GIN-debug] GET    /admin/v1/products        --> git.hyhy.fun/rsplab/iolink/internal/adminapi.(*Server).listProducts-fm (4 handlers)
[GIN-debug] POST   /admin/v1/products        --> git.hyhy.fun/rsplab/iolink/internal/adminapi.(*Server).createProduct-fm (4 handlers)
[GIN-debug] GET    /admin/v1/products/:product_id/models --> git.hyhy.fun/rsplab/iolink/internal/adminapi.(*Server).listProductModels-fm (4 handlers)
[GIN-debug] POST   /admin/v1/products/:product_id/models --> git.hyhy.fun/rsplab/iolink/internal/adminapi.(*Server).createProductModel-fm (4 handlers)
[GIN-debug] POST   /admin/v1/products/:product_id/models/:version/publish --> git.hyhy.fun/rsplab/iolink/internal/adminapi.(*Server).publishProductModel-fm (4 handlers)
[GIN-debug] GET    /admin/v1/devices/:device_no/product --> git.hyhy.fun/rsplab/iolink/internal/adminapi.(*Server).getDeviceProduct-fm (4 handlers)
[GIN-debug] PUT    /admin/v1/devices/:device_no/product --> git.hyhy.fun/rsplab/iolink/internal/adminapi.(*Server).assignDeviceProduct-fm (4 handlers)
2026/10/04 17:56:18 INFO http request request_id=45QXL2D7DR7FDFGEQRRJTN5Q3K route=/admin/v1/login method=POST status=200 duration_ms=134 tenant_id=0 actor_id=0
2026/10/04 17:56:18 WARN http request request_id=J7OJNQDVRQHN55ZYQTM2D6IGKM route=/admin/v1/alarms/:id/confirm method=POST status=404 duration_ms=4 tenant_id=9401 actor_id=9402
    alarm_revocation_http_test.go:95: operation=singular revocation=tenant injected=true status=404 response={"error":"alarm not found"} unchanged=true
=== RUN   TestM6bAlarmHTTPRejectsRevocationAfterAuthentication/singular_platform_authority
    alarm_revocation_http_test.go:43: environment real_timescaledb=2.30.0
[GIN-debug] [WARNING] Running in "debug" mode. Switch to "release" mode in production.
 - using env:	export GIN_MODE=release
 - using code:	gin.SetMode(gin.ReleaseMode)

[GIN-debug] POST   /admin/v1/login           --> git.hyhy.fun/rsplab/iolink/internal/adminapi.(*Server).login-fm (2 handlers)
[GIN-debug] GET    /admin/v1/tenants         --> git.hyhy.fun/rsplab/iolink/internal/adminapi.(*Server).listTenants-fm (3 handlers)
[GIN-debug] PUT    /admin/v1/tenants/:id/status --> git.hyhy.fun/rsplab/iolink/internal/adminapi.(*Server).setTenantStatus-fm (3 handlers)
[GIN-debug] GET    /admin/v1/tenants/:id/members --> git.hyhy.fun/rsplab/iolink/internal/adminapi.(*Server).listTenantMembers-fm (3 handlers)
[GIN-debug] PUT    /admin/v1/tenants/:id/members/:user_id --> git.hyhy.fun/rsplab/iolink/internal/adminapi.(*Server).setTenantMember-fm (3 handlers)
[GIN-debug] POST   /admin/v1/password        --> git.hyhy.fun/rsplab/iolink/internal/adminapi.(*Server).changePassword-fm (3 handlers)
[GIN-debug] GET    /admin/v1/farms           --> git.hyhy.fun/rsplab/iolink/internal/adminapi.(*Server).listFarms-fm (4 handlers)
[GIN-debug] POST   /admin/v1/farms           --> git.hyhy.fun/rsplab/iolink/internal/adminapi.(*Server).createFarm-fm (4 handlers)
[GIN-debug] GET    /admin/v1/users           --> git.hyhy.fun/rsplab/iolink/internal/adminapi.(*Server).listUsers-fm (4 handlers)
[GIN-debug] PUT    /admin/v1/farms/:id       --> git.hyhy.fun/rsplab/iolink/internal/adminapi.(*Server).updateFarm-fm (4 handlers)
[GIN-debug] DELETE /admin/v1/farms/:id       --> git.hyhy.fun/rsplab/iolink/internal/adminapi.(*Server).deleteFarm-fm (4 handlers)
[GIN-debug] PUT    /admin/v1/farms/:id/owner --> git.hyhy.fun/rsplab/iolink/internal/adminapi.(*Server).setFarmOwner-fm (4 handlers)
[GIN-debug] GET    /admin/v1/farms/:id/members --> git.hyhy.fun/rsplab/iolink/internal/adminapi.(*Server).listFarmMembers-fm (4 handlers)
[GIN-debug] PUT    /admin/v1/farms/:id/members/:user_id --> git.hyhy.fun/rsplab/iolink/internal/adminapi.(*Server).setFarmMember-fm (4 handlers)
[GIN-debug] GET    /admin/v1/ponds           --> git.hyhy.fun/rsplab/iolink/internal/adminapi.(*Server).listPonds-fm (4 handlers)
[GIN-debug] POST   /admin/v1/ponds           --> git.hyhy.fun/rsplab/iolink/internal/adminapi.(*Server).createPond-fm (4 handlers)
[GIN-debug] PUT    /admin/v1/ponds/:id       --> git.hyhy.fun/rsplab/iolink/internal/adminapi.(*Server).updatePond-fm (4 handlers)
[GIN-debug] DELETE /admin/v1/ponds/:id       --> git.hyhy.fun/rsplab/iolink/internal/adminapi.(*Server).deletePond-fm (4 handlers)
[GIN-debug] GET    /admin/v1/devices         --> git.hyhy.fun/rsplab/iolink/internal/adminapi.(*Server).listDevices-fm (4 handlers)
[GIN-debug] POST   /admin/v1/devices         --> git.hyhy.fun/rsplab/iolink/internal/adminapi.(*Server).registerDevice-fm (4 handlers)
[GIN-debug] GET    /admin/v1/devices/:device_no --> git.hyhy.fun/rsplab/iolink/internal/adminapi.(*Server).getDevice-fm (4 handlers)
[GIN-debug] DELETE /admin/v1/devices/:device_no --> git.hyhy.fun/rsplab/iolink/internal/adminapi.(*Server).deleteDevice-fm (4 handlers)
[GIN-debug] PUT    /admin/v1/devices/:device_no/pond --> git.hyhy.fun/rsplab/iolink/internal/adminapi.(*Server).moveDevice-fm (4 handlers)
[GIN-debug] GET    /admin/v1/alarm-rules     --> git.hyhy.fun/rsplab/iolink/internal/adminapi.(*Server).listRules-fm (4 handlers)
[GIN-debug] POST   /admin/v1/alarm-rules     --> git.hyhy.fun/rsplab/iolink/internal/adminapi.(*Server).createRule-fm (4 handlers)
[GIN-debug] PUT    /admin/v1/alarm-rules/:id --> git.hyhy.fun/rsplab/iolink/internal/adminapi.(*Server).updateRule-fm (4 handlers)
[GIN-debug] DELETE /admin/v1/alarm-rules/:id --> git.hyhy.fun/rsplab/iolink/internal/adminapi.(*Server).deleteRule-fm (4 handlers)
[GIN-debug] GET    /admin/v1/alarms          --> git.hyhy.fun/rsplab/iolink/internal/adminapi.(*Server).listAlarms-fm (4 handlers)
[GIN-debug] POST   /admin/v1/alarms/:id/confirm --> git.hyhy.fun/rsplab/iolink/internal/adminapi.(*Server).confirmAlarm-fm (4 handlers)
[GIN-debug] POST   /admin/v1/alarms/batch-confirm --> git.hyhy.fun/rsplab/iolink/internal/adminapi.(*Server).batchConfirm-fm (4 handlers)
[GIN-debug] GET    /admin/v1/stats           --> git.hyhy.fun/rsplab/iolink/internal/adminapi.(*Server).stats-fm (4 handlers)
[GIN-debug] GET    /admin/v1/products        --> git.hyhy.fun/rsplab/iolink/internal/adminapi.(*Server).listProducts-fm (4 handlers)
[GIN-debug] POST   /admin/v1/products        --> git.hyhy.fun/rsplab/iolink/internal/adminapi.(*Server).createProduct-fm (4 handlers)
[GIN-debug] GET    /admin/v1/products/:product_id/models --> git.hyhy.fun/rsplab/iolink/internal/adminapi.(*Server).listProductModels-fm (4 handlers)
[GIN-debug] POST   /admin/v1/products/:product_id/models --> git.hyhy.fun/rsplab/iolink/internal/adminapi.(*Server).createProductModel-fm (4 handlers)
[GIN-debug] POST   /admin/v1/products/:product_id/models/:version/publish --> git.hyhy.fun/rsplab/iolink/internal/adminapi.(*Server).publishProductModel-fm (4 handlers)
[GIN-debug] GET    /admin/v1/devices/:device_no/product --> git.hyhy.fun/rsplab/iolink/internal/adminapi.(*Server).getDeviceProduct-fm (4 handlers)
[GIN-debug] PUT    /admin/v1/devices/:device_no/product --> git.hyhy.fun/rsplab/iolink/internal/adminapi.(*Server).assignDeviceProduct-fm (4 handlers)
2026/10/04 17:56:19 INFO http request request_id=AB23Q3XVRAOXO65WGLMUOKLFQS route=/admin/v1/login method=POST status=200 duration_ms=129 tenant_id=0 actor_id=0
2026/10/04 17:56:19 WARN http request request_id=IMVFR7JJDJU4VDNPBXFYMSAXBL route=/admin/v1/alarms/:id/confirm method=POST status=404 duration_ms=4 tenant_id=9401 actor_id=9402
    alarm_revocation_http_test.go:95: operation=singular revocation=platform_authority injected=true status=404 response={"error":"alarm not found"} unchanged=true
=== RUN   TestM6bAlarmHTTPRejectsRevocationAfterAuthentication/singular_permission_version
    alarm_revocation_http_test.go:43: environment real_timescaledb=2.30.0
[GIN-debug] [WARNING] Running in "debug" mode. Switch to "release" mode in production.
 - using env:	export GIN_MODE=release
 - using code:	gin.SetMode(gin.ReleaseMode)

[GIN-debug] POST   /admin/v1/login           --> git.hyhy.fun/rsplab/iolink/internal/adminapi.(*Server).login-fm (2 handlers)
[GIN-debug] GET    /admin/v1/tenants         --> git.hyhy.fun/rsplab/iolink/internal/adminapi.(*Server).listTenants-fm (3 handlers)
[GIN-debug] PUT    /admin/v1/tenants/:id/status --> git.hyhy.fun/rsplab/iolink/internal/adminapi.(*Server).setTenantStatus-fm (3 handlers)
[GIN-debug] GET    /admin/v1/tenants/:id/members --> git.hyhy.fun/rsplab/iolink/internal/adminapi.(*Server).listTenantMembers-fm (3 handlers)
[GIN-debug] PUT    /admin/v1/tenants/:id/members/:user_id --> git.hyhy.fun/rsplab/iolink/internal/adminapi.(*Server).setTenantMember-fm (3 handlers)
[GIN-debug] POST   /admin/v1/password        --> git.hyhy.fun/rsplab/iolink/internal/adminapi.(*Server).changePassword-fm (3 handlers)
[GIN-debug] GET    /admin/v1/farms           --> git.hyhy.fun/rsplab/iolink/internal/adminapi.(*Server).listFarms-fm (4 handlers)
[GIN-debug] POST   /admin/v1/farms           --> git.hyhy.fun/rsplab/iolink/internal/adminapi.(*Server).createFarm-fm (4 handlers)
[GIN-debug] GET    /admin/v1/users           --> git.hyhy.fun/rsplab/iolink/internal/adminapi.(*Server).listUsers-fm (4 handlers)
[GIN-debug] PUT    /admin/v1/farms/:id       --> git.hyhy.fun/rsplab/iolink/internal/adminapi.(*Server).updateFarm-fm (4 handlers)
[GIN-debug] DELETE /admin/v1/farms/:id       --> git.hyhy.fun/rsplab/iolink/internal/adminapi.(*Server).deleteFarm-fm (4 handlers)
[GIN-debug] PUT    /admin/v1/farms/:id/owner --> git.hyhy.fun/rsplab/iolink/internal/adminapi.(*Server).setFarmOwner-fm (4 handlers)
[GIN-debug] GET    /admin/v1/farms/:id/members --> git.hyhy.fun/rsplab/iolink/internal/adminapi.(*Server).listFarmMembers-fm (4 handlers)
[GIN-debug] PUT    /admin/v1/farms/:id/members/:user_id --> git.hyhy.fun/rsplab/iolink/internal/adminapi.(*Server).setFarmMember-fm (4 handlers)
[GIN-debug] GET    /admin/v1/ponds           --> git.hyhy.fun/rsplab/iolink/internal/adminapi.(*Server).listPonds-fm (4 handlers)
[GIN-debug] POST   /admin/v1/ponds           --> git.hyhy.fun/rsplab/iolink/internal/adminapi.(*Server).createPond-fm (4 handlers)
[GIN-debug] PUT    /admin/v1/ponds/:id       --> git.hyhy.fun/rsplab/iolink/internal/adminapi.(*Server).updatePond-fm (4 handlers)
[GIN-debug] DELETE /admin/v1/ponds/:id       --> git.hyhy.fun/rsplab/iolink/internal/adminapi.(*Server).deletePond-fm (4 handlers)
[GIN-debug] GET    /admin/v1/devices         --> git.hyhy.fun/rsplab/iolink/internal/adminapi.(*Server).listDevices-fm (4 handlers)
[GIN-debug] POST   /admin/v1/devices         --> git.hyhy.fun/rsplab/iolink/internal/adminapi.(*Server).registerDevice-fm (4 handlers)
[GIN-debug] GET    /admin/v1/devices/:device_no --> git.hyhy.fun/rsplab/iolink/internal/adminapi.(*Server).getDevice-fm (4 handlers)
[GIN-debug] DELETE /admin/v1/devices/:device_no --> git.hyhy.fun/rsplab/iolink/internal/adminapi.(*Server).deleteDevice-fm (4 handlers)
[GIN-debug] PUT    /admin/v1/devices/:device_no/pond --> git.hyhy.fun/rsplab/iolink/internal/adminapi.(*Server).moveDevice-fm (4 handlers)
[GIN-debug] GET    /admin/v1/alarm-rules     --> git.hyhy.fun/rsplab/iolink/internal/adminapi.(*Server).listRules-fm (4 handlers)
[GIN-debug] POST   /admin/v1/alarm-rules     --> git.hyhy.fun/rsplab/iolink/internal/adminapi.(*Server).createRule-fm (4 handlers)
[GIN-debug] PUT    /admin/v1/alarm-rules/:id --> git.hyhy.fun/rsplab/iolink/internal/adminapi.(*Server).updateRule-fm (4 handlers)
[GIN-debug] DELETE /admin/v1/alarm-rules/:id --> git.hyhy.fun/rsplab/iolink/internal/adminapi.(*Server).deleteRule-fm (4 handlers)
[GIN-debug] GET    /admin/v1/alarms          --> git.hyhy.fun/rsplab/iolink/internal/adminapi.(*Server).listAlarms-fm (4 handlers)
[GIN-debug] POST   /admin/v1/alarms/:id/confirm --> git.hyhy.fun/rsplab/iolink/internal/adminapi.(*Server).confirmAlarm-fm (4 handlers)
[GIN-debug] POST   /admin/v1/alarms/batch-confirm --> git.hyhy.fun/rsplab/iolink/internal/adminapi.(*Server).batchConfirm-fm (4 handlers)
[GIN-debug] GET    /admin/v1/stats           --> git.hyhy.fun/rsplab/iolink/internal/adminapi.(*Server).stats-fm (4 handlers)
[GIN-debug] GET    /admin/v1/products        --> git.hyhy.fun/rsplab/iolink/internal/adminapi.(*Server).listProducts-fm (4 handlers)
[GIN-debug] POST   /admin/v1/products        --> git.hyhy.fun/rsplab/iolink/internal/adminapi.(*Server).createProduct-fm (4 handlers)
[GIN-debug] GET    /admin/v1/products/:product_id/models --> git.hyhy.fun/rsplab/iolink/internal/adminapi.(*Server).listProductModels-fm (4 handlers)
[GIN-debug] POST   /admin/v1/products/:product_id/models --> git.hyhy.fun/rsplab/iolink/internal/adminapi.(*Server).createProductModel-fm (4 handlers)
[GIN-debug] POST   /admin/v1/products/:product_id/models/:version/publish --> git.hyhy.fun/rsplab/iolink/internal/adminapi.(*Server).publishProductModel-fm (4 handlers)
[GIN-debug] GET    /admin/v1/devices/:device_no/product --> git.hyhy.fun/rsplab/iolink/internal/adminapi.(*Server).getDeviceProduct-fm (4 handlers)
[GIN-debug] PUT    /admin/v1/devices/:device_no/product --> git.hyhy.fun/rsplab/iolink/internal/adminapi.(*Server).assignDeviceProduct-fm (4 handlers)
2026/10/04 17:56:19 INFO http request request_id=UIL6JKTR5WVUX3MRATZNSEPT43 route=/admin/v1/login method=POST status=200 duration_ms=138 tenant_id=0 actor_id=0
2026/10/04 17:56:19 WARN http request request_id=6LRDXSJGCUENDVJZA7OJR7WFUV route=/admin/v1/alarms/:id/confirm method=POST status=404 duration_ms=4 tenant_id=9401 actor_id=9402
    alarm_revocation_http_test.go:95: operation=singular revocation=permission_version injected=true status=404 response={"error":"alarm not found"} unchanged=true
--- PASS: TestM6bAlarmHTTPRejectsRevocationAfterAuthentication (6.87s)
    --- PASS: TestM6bAlarmHTTPRejectsRevocationAfterAuthentication/batch_role (0.68s)
    --- PASS: TestM6bAlarmHTTPRejectsRevocationAfterAuthentication/batch_membership (0.70s)
    --- PASS: TestM6bAlarmHTTPRejectsRevocationAfterAuthentication/batch_tenant (0.67s)
    --- PASS: TestM6bAlarmHTTPRejectsRevocationAfterAuthentication/batch_platform_authority (0.69s)
    --- PASS: TestM6bAlarmHTTPRejectsRevocationAfterAuthentication/batch_permission_version (0.68s)
    --- PASS: TestM6bAlarmHTTPRejectsRevocationAfterAuthentication/singular_role (0.70s)
    --- PASS: TestM6bAlarmHTTPRejectsRevocationAfterAuthentication/singular_membership (0.68s)
    --- PASS: TestM6bAlarmHTTPRejectsRevocationAfterAuthentication/singular_tenant (0.71s)
    --- PASS: TestM6bAlarmHTTPRejectsRevocationAfterAuthentication/singular_platform_authority (0.68s)
    --- PASS: TestM6bAlarmHTTPRejectsRevocationAfterAuthentication/singular_permission_version (0.67s)
=== RUN   TestM6bProductWritesRejectRevocationAfterMiddleware
=== RUN   TestM6bProductWritesRejectRevocationAfterMiddleware/create_product/role
    product_revocation_http_test.go:39: environment real_timescaledb=2.30.0
[GIN-debug] [WARNING] Running in "debug" mode. Switch to "release" mode in production.
 - using env:	export GIN_MODE=release
 - using code:	gin.SetMode(gin.ReleaseMode)

[GIN-debug] POST   /admin/v1/login           --> git.hyhy.fun/rsplab/iolink/internal/adminapi.(*Server).login-fm (2 handlers)
[GIN-debug] GET    /admin/v1/tenants         --> git.hyhy.fun/rsplab/iolink/internal/adminapi.(*Server).listTenants-fm (3 handlers)
[GIN-debug] PUT    /admin/v1/tenants/:id/status --> git.hyhy.fun/rsplab/iolink/internal/adminapi.(*Server).setTenantStatus-fm (3 handlers)
[GIN-debug] GET    /admin/v1/tenants/:id/members --> git.hyhy.fun/rsplab/iolink/internal/adminapi.(*Server).listTenantMembers-fm (3 handlers)
[GIN-debug] PUT    /admin/v1/tenants/:id/members/:user_id --> git.hyhy.fun/rsplab/iolink/internal/adminapi.(*Server).setTenantMember-fm (3 handlers)
[GIN-debug] POST   /admin/v1/password        --> git.hyhy.fun/rsplab/iolink/internal/adminapi.(*Server).changePassword-fm (3 handlers)
[GIN-debug] GET    /admin/v1/farms           --> git.hyhy.fun/rsplab/iolink/internal/adminapi.(*Server).listFarms-fm (4 handlers)
[GIN-debug] POST   /admin/v1/farms           --> git.hyhy.fun/rsplab/iolink/internal/adminapi.(*Server).createFarm-fm (4 handlers)
[GIN-debug] GET    /admin/v1/users           --> git.hyhy.fun/rsplab/iolink/internal/adminapi.(*Server).listUsers-fm (4 handlers)
[GIN-debug] PUT    /admin/v1/farms/:id       --> git.hyhy.fun/rsplab/iolink/internal/adminapi.(*Server).updateFarm-fm (4 handlers)
[GIN-debug] DELETE /admin/v1/farms/:id       --> git.hyhy.fun/rsplab/iolink/internal/adminapi.(*Server).deleteFarm-fm (4 handlers)
[GIN-debug] PUT    /admin/v1/farms/:id/owner --> git.hyhy.fun/rsplab/iolink/internal/adminapi.(*Server).setFarmOwner-fm (4 handlers)
[GIN-debug] GET    /admin/v1/farms/:id/members --> git.hyhy.fun/rsplab/iolink/internal/adminapi.(*Server).listFarmMembers-fm (4 handlers)
[GIN-debug] PUT    /admin/v1/farms/:id/members/:user_id --> git.hyhy.fun/rsplab/iolink/internal/adminapi.(*Server).setFarmMember-fm (4 handlers)
[GIN-debug] GET    /admin/v1/ponds           --> git.hyhy.fun/rsplab/iolink/internal/adminapi.(*Server).listPonds-fm (4 handlers)
[GIN-debug] POST   /admin/v1/ponds           --> git.hyhy.fun/rsplab/iolink/internal/adminapi.(*Server).createPond-fm (4 handlers)
[GIN-debug] PUT    /admin/v1/ponds/:id       --> git.hyhy.fun/rsplab/iolink/internal/adminapi.(*Server).updatePond-fm (4 handlers)
[GIN-debug] DELETE /admin/v1/ponds/:id       --> git.hyhy.fun/rsplab/iolink/internal/adminapi.(*Server).deletePond-fm (4 handlers)
[GIN-debug] GET    /admin/v1/devices         --> git.hyhy.fun/rsplab/iolink/internal/adminapi.(*Server).listDevices-fm (4 handlers)
[GIN-debug] POST   /admin/v1/devices         --> git.hyhy.fun/rsplab/iolink/internal/adminapi.(*Server).registerDevice-fm (4 handlers)
[GIN-debug] GET    /admin/v1/devices/:device_no --> git.hyhy.fun/rsplab/iolink/internal/adminapi.(*Server).getDevice-fm (4 handlers)
[GIN-debug] DELETE /admin/v1/devices/:device_no --> git.hyhy.fun/rsplab/iolink/internal/adminapi.(*Server).deleteDevice-fm (4 handlers)
[GIN-debug] PUT    /admin/v1/devices/:device_no/pond --> git.hyhy.fun/rsplab/iolink/internal/adminapi.(*Server).moveDevice-fm (4 handlers)
[GIN-debug] GET    /admin/v1/alarm-rules     --> git.hyhy.fun/rsplab/iolink/internal/adminapi.(*Server).listRules-fm (4 handlers)
[GIN-debug] POST   /admin/v1/alarm-rules     --> git.hyhy.fun/rsplab/iolink/internal/adminapi.(*Server).createRule-fm (4 handlers)
[GIN-debug] PUT    /admin/v1/alarm-rules/:id --> git.hyhy.fun/rsplab/iolink/internal/adminapi.(*Server).updateRule-fm (4 handlers)
[GIN-debug] DELETE /admin/v1/alarm-rules/:id --> git.hyhy.fun/rsplab/iolink/internal/adminapi.(*Server).deleteRule-fm (4 handlers)
[GIN-debug] GET    /admin/v1/alarms          --> git.hyhy.fun/rsplab/iolink/internal/adminapi.(*Server).listAlarms-fm (4 handlers)
[GIN-debug] POST   /admin/v1/alarms/:id/confirm --> git.hyhy.fun/rsplab/iolink/internal/adminapi.(*Server).confirmAlarm-fm (4 handlers)
[GIN-debug] POST   /admin/v1/alarms/batch-confirm --> git.hyhy.fun/rsplab/iolink/internal/adminapi.(*Server).batchConfirm-fm (4 handlers)
[GIN-debug] GET    /admin/v1/stats           --> git.hyhy.fun/rsplab/iolink/internal/adminapi.(*Server).stats-fm (4 handlers)
[GIN-debug] GET    /admin/v1/products        --> git.hyhy.fun/rsplab/iolink/internal/adminapi.(*Server).listProducts-fm (4 handlers)
[GIN-debug] POST   /admin/v1/products        --> git.hyhy.fun/rsplab/iolink/internal/adminapi.(*Server).createProduct-fm (4 handlers)
[GIN-debug] GET    /admin/v1/products/:product_id/models --> git.hyhy.fun/rsplab/iolink/internal/adminapi.(*Server).listProductModels-fm (4 handlers)
[GIN-debug] POST   /admin/v1/products/:product_id/models --> git.hyhy.fun/rsplab/iolink/internal/adminapi.(*Server).createProductModel-fm (4 handlers)
[GIN-debug] POST   /admin/v1/products/:product_id/models/:version/publish --> git.hyhy.fun/rsplab/iolink/internal/adminapi.(*Server).publishProductModel-fm (4 handlers)
[GIN-debug] GET    /admin/v1/devices/:device_no/product --> git.hyhy.fun/rsplab/iolink/internal/adminapi.(*Server).getDeviceProduct-fm (4 handlers)
[GIN-debug] PUT    /admin/v1/devices/:device_no/product --> git.hyhy.fun/rsplab/iolink/internal/adminapi.(*Server).assignDeviceProduct-fm (4 handlers)
2026/10/04 17:56:20 INFO http request request_id=ZF3GYXOICKEQYBTOJVM5E6JE2B route=/admin/v1/login method=POST status=200 duration_ms=131 tenant_id=0 actor_id=0
2026/10/04 17:56:20 WARN http request request_id=T3T73H3X5YAG7FSZ6XH4IZY4GW route=/admin/v1/products method=POST status=403 duration_ms=3 tenant_id=9401 actor_id=9402
    product_revocation_http_test.go:91: http method=POST path=/admin/v1/products status=403 response={"error":"forbidden"}
=== RUN   TestM6bProductWritesRejectRevocationAfterMiddleware/create_product/membership
    product_revocation_http_test.go:39: environment real_timescaledb=2.30.0
[GIN-debug] [WARNING] Running in "debug" mode. Switch to "release" mode in production.
 - using env:	export GIN_MODE=release
 - using code:	gin.SetMode(gin.ReleaseMode)

[GIN-debug] POST   /admin/v1/login           --> git.hyhy.fun/rsplab/iolink/internal/adminapi.(*Server).login-fm (2 handlers)
[GIN-debug] GET    /admin/v1/tenants         --> git.hyhy.fun/rsplab/iolink/internal/adminapi.(*Server).listTenants-fm (3 handlers)
[GIN-debug] PUT    /admin/v1/tenants/:id/status --> git.hyhy.fun/rsplab/iolink/internal/adminapi.(*Server).setTenantStatus-fm (3 handlers)
[GIN-debug] GET    /admin/v1/tenants/:id/members --> git.hyhy.fun/rsplab/iolink/internal/adminapi.(*Server).listTenantMembers-fm (3 handlers)
[GIN-debug] PUT    /admin/v1/tenants/:id/members/:user_id --> git.hyhy.fun/rsplab/iolink/internal/adminapi.(*Server).setTenantMember-fm (3 handlers)
[GIN-debug] POST   /admin/v1/password        --> git.hyhy.fun/rsplab/iolink/internal/adminapi.(*Server).changePassword-fm (3 handlers)
[GIN-debug] GET    /admin/v1/farms           --> git.hyhy.fun/rsplab/iolink/internal/adminapi.(*Server).listFarms-fm (4 handlers)
[GIN-debug] POST   /admin/v1/farms           --> git.hyhy.fun/rsplab/iolink/internal/adminapi.(*Server).createFarm-fm (4 handlers)
[GIN-debug] GET    /admin/v1/users           --> git.hyhy.fun/rsplab/iolink/internal/adminapi.(*Server).listUsers-fm (4 handlers)
[GIN-debug] PUT    /admin/v1/farms/:id       --> git.hyhy.fun/rsplab/iolink/internal/adminapi.(*Server).updateFarm-fm (4 handlers)
[GIN-debug] DELETE /admin/v1/farms/:id       --> git.hyhy.fun/rsplab/iolink/internal/adminapi.(*Server).deleteFarm-fm (4 handlers)
[GIN-debug] PUT    /admin/v1/farms/:id/owner --> git.hyhy.fun/rsplab/iolink/internal/adminapi.(*Server).setFarmOwner-fm (4 handlers)
[GIN-debug] GET    /admin/v1/farms/:id/members --> git.hyhy.fun/rsplab/iolink/internal/adminapi.(*Server).listFarmMembers-fm (4 handlers)
[GIN-debug] PUT    /admin/v1/farms/:id/members/:user_id --> git.hyhy.fun/rsplab/iolink/internal/adminapi.(*Server).setFarmMember-fm (4 handlers)
[GIN-debug] GET    /admin/v1/ponds           --> git.hyhy.fun/rsplab/iolink/internal/adminapi.(*Server).listPonds-fm (4 handlers)
[GIN-debug] POST   /admin/v1/ponds           --> git.hyhy.fun/rsplab/iolink/internal/adminapi.(*Server).createPond-fm (4 handlers)
[GIN-debug] PUT    /admin/v1/ponds/:id       --> git.hyhy.fun/rsplab/iolink/internal/adminapi.(*Server).updatePond-fm (4 handlers)
[GIN-debug] DELETE /admin/v1/ponds/:id       --> git.hyhy.fun/rsplab/iolink/internal/adminapi.(*Server).deletePond-fm (4 handlers)
[GIN-debug] GET    /admin/v1/devices         --> git.hyhy.fun/rsplab/iolink/internal/adminapi.(*Server).listDevices-fm (4 handlers)
[GIN-debug] POST   /admin/v1/devices         --> git.hyhy.fun/rsplab/iolink/internal/adminapi.(*Server).registerDevice-fm (4 handlers)
[GIN-debug] GET    /admin/v1/devices/:device_no --> git.hyhy.fun/rsplab/iolink/internal/adminapi.(*Server).getDevice-fm (4 handlers)
[GIN-debug] DELETE /admin/v1/devices/:device_no --> git.hyhy.fun/rsplab/iolink/internal/adminapi.(*Server).deleteDevice-fm (4 handlers)
[GIN-debug] PUT    /admin/v1/devices/:device_no/pond --> git.hyhy.fun/rsplab/iolink/internal/adminapi.(*Server).moveDevice-fm (4 handlers)
[GIN-debug] GET    /admin/v1/alarm-rules     --> git.hyhy.fun/rsplab/iolink/internal/adminapi.(*Server).listRules-fm (4 handlers)
[GIN-debug] POST   /admin/v1/alarm-rules     --> git.hyhy.fun/rsplab/iolink/internal/adminapi.(*Server).createRule-fm (4 handlers)
[GIN-debug] PUT    /admin/v1/alarm-rules/:id --> git.hyhy.fun/rsplab/iolink/internal/adminapi.(*Server).updateRule-fm (4 handlers)
[GIN-debug] DELETE /admin/v1/alarm-rules/:id --> git.hyhy.fun/rsplab/iolink/internal/adminapi.(*Server).deleteRule-fm (4 handlers)
[GIN-debug] GET    /admin/v1/alarms          --> git.hyhy.fun/rsplab/iolink/internal/adminapi.(*Server).listAlarms-fm (4 handlers)
[GIN-debug] POST   /admin/v1/alarms/:id/confirm --> git.hyhy.fun/rsplab/iolink/internal/adminapi.(*Server).confirmAlarm-fm (4 handlers)
[GIN-debug] POST   /admin/v1/alarms/batch-confirm --> git.hyhy.fun/rsplab/iolink/internal/adminapi.(*Server).batchConfirm-fm (4 handlers)
[GIN-debug] GET    /admin/v1/stats           --> git.hyhy.fun/rsplab/iolink/internal/adminapi.(*Server).stats-fm (4 handlers)
[GIN-debug] GET    /admin/v1/products        --> git.hyhy.fun/rsplab/iolink/internal/adminapi.(*Server).listProducts-fm (4 handlers)
[GIN-debug] POST   /admin/v1/products        --> git.hyhy.fun/rsplab/iolink/internal/adminapi.(*Server).createProduct-fm (4 handlers)
[GIN-debug] GET    /admin/v1/products/:product_id/models --> git.hyhy.fun/rsplab/iolink/internal/adminapi.(*Server).listProductModels-fm (4 handlers)
[GIN-debug] POST   /admin/v1/products/:product_id/models --> git.hyhy.fun/rsplab/iolink/internal/adminapi.(*Server).createProductModel-fm (4 handlers)
[GIN-debug] POST   /admin/v1/products/:product_id/models/:version/publish --> git.hyhy.fun/rsplab/iolink/internal/adminapi.(*Server).publishProductModel-fm (4 handlers)
[GIN-debug] GET    /admin/v1/devices/:device_no/product --> git.hyhy.fun/rsplab/iolink/internal/adminapi.(*Server).getDeviceProduct-fm (4 handlers)
[GIN-debug] PUT    /admin/v1/devices/:device_no/product --> git.hyhy.fun/rsplab/iolink/internal/adminapi.(*Server).assignDeviceProduct-fm (4 handlers)
2026/10/04 17:56:21 INFO http request request_id=PSPHICURL2HQ27E2LKED5JCBQJ route=/admin/v1/login method=POST status=200 duration_ms=131 tenant_id=0 actor_id=0
2026/10/04 17:56:21 WARN http request request_id=4FLAZRPM3RUPWEPBUA4453TNGG route=/admin/v1/products method=POST status=403 duration_ms=3 tenant_id=9401 actor_id=9402
    product_revocation_http_test.go:91: http method=POST path=/admin/v1/products status=403 response={"error":"forbidden"}
=== RUN   TestM6bProductWritesRejectRevocationAfterMiddleware/create_product/tenant
    product_revocation_http_test.go:39: environment real_timescaledb=2.30.0
[GIN-debug] [WARNING] Running in "debug" mode. Switch to "release" mode in production.
 - using env:	export GIN_MODE=release
 - using code:	gin.SetMode(gin.ReleaseMode)

[GIN-debug] POST   /admin/v1/login           --> git.hyhy.fun/rsplab/iolink/internal/adminapi.(*Server).login-fm (2 handlers)
[GIN-debug] GET    /admin/v1/tenants         --> git.hyhy.fun/rsplab/iolink/internal/adminapi.(*Server).listTenants-fm (3 handlers)
[GIN-debug] PUT    /admin/v1/tenants/:id/status --> git.hyhy.fun/rsplab/iolink/internal/adminapi.(*Server).setTenantStatus-fm (3 handlers)
[GIN-debug] GET    /admin/v1/tenants/:id/members --> git.hyhy.fun/rsplab/iolink/internal/adminapi.(*Server).listTenantMembers-fm (3 handlers)
[GIN-debug] PUT    /admin/v1/tenants/:id/members/:user_id --> git.hyhy.fun/rsplab/iolink/internal/adminapi.(*Server).setTenantMember-fm (3 handlers)
[GIN-debug] POST   /admin/v1/password        --> git.hyhy.fun/rsplab/iolink/internal/adminapi.(*Server).changePassword-fm (3 handlers)
[GIN-debug] GET    /admin/v1/farms           --> git.hyhy.fun/rsplab/iolink/internal/adminapi.(*Server).listFarms-fm (4 handlers)
[GIN-debug] POST   /admin/v1/farms           --> git.hyhy.fun/rsplab/iolink/internal/adminapi.(*Server).createFarm-fm (4 handlers)
[GIN-debug] GET    /admin/v1/users           --> git.hyhy.fun/rsplab/iolink/internal/adminapi.(*Server).listUsers-fm (4 handlers)
[GIN-debug] PUT    /admin/v1/farms/:id       --> git.hyhy.fun/rsplab/iolink/internal/adminapi.(*Server).updateFarm-fm (4 handlers)
[GIN-debug] DELETE /admin/v1/farms/:id       --> git.hyhy.fun/rsplab/iolink/internal/adminapi.(*Server).deleteFarm-fm (4 handlers)
[GIN-debug] PUT    /admin/v1/farms/:id/owner --> git.hyhy.fun/rsplab/iolink/internal/adminapi.(*Server).setFarmOwner-fm (4 handlers)
[GIN-debug] GET    /admin/v1/farms/:id/members --> git.hyhy.fun/rsplab/iolink/internal/adminapi.(*Server).listFarmMembers-fm (4 handlers)
[GIN-debug] PUT    /admin/v1/farms/:id/members/:user_id --> git.hyhy.fun/rsplab/iolink/internal/adminapi.(*Server).setFarmMember-fm (4 handlers)
[GIN-debug] GET    /admin/v1/ponds           --> git.hyhy.fun/rsplab/iolink/internal/adminapi.(*Server).listPonds-fm (4 handlers)
[GIN-debug] POST   /admin/v1/ponds           --> git.hyhy.fun/rsplab/iolink/internal/adminapi.(*Server).createPond-fm (4 handlers)
[GIN-debug] PUT    /admin/v1/ponds/:id       --> git.hyhy.fun/rsplab/iolink/internal/adminapi.(*Server).updatePond-fm (4 handlers)
[GIN-debug] DELETE /admin/v1/ponds/:id       --> git.hyhy.fun/rsplab/iolink/internal/adminapi.(*Server).deletePond-fm (4 handlers)
[GIN-debug] GET    /admin/v1/devices         --> git.hyhy.fun/rsplab/iolink/internal/adminapi.(*Server).listDevices-fm (4 handlers)
[GIN-debug] POST   /admin/v1/devices         --> git.hyhy.fun/rsplab/iolink/internal/adminapi.(*Server).registerDevice-fm (4 handlers)
[GIN-debug] GET    /admin/v1/devices/:device_no --> git.hyhy.fun/rsplab/iolink/internal/adminapi.(*Server).getDevice-fm (4 handlers)
[GIN-debug] DELETE /admin/v1/devices/:device_no --> git.hyhy.fun/rsplab/iolink/internal/adminapi.(*Server).deleteDevice-fm (4 handlers)
[GIN-debug] PUT    /admin/v1/devices/:device_no/pond --> git.hyhy.fun/rsplab/iolink/internal/adminapi.(*Server).moveDevice-fm (4 handlers)
[GIN-debug] GET    /admin/v1/alarm-rules     --> git.hyhy.fun/rsplab/iolink/internal/adminapi.(*Server).listRules-fm (4 handlers)
[GIN-debug] POST   /admin/v1/alarm-rules     --> git.hyhy.fun/rsplab/iolink/internal/adminapi.(*Server).createRule-fm (4 handlers)
[GIN-debug] PUT    /admin/v1/alarm-rules/:id --> git.hyhy.fun/rsplab/iolink/internal/adminapi.(*Server).updateRule-fm (4 handlers)
[GIN-debug] DELETE /admin/v1/alarm-rules/:id --> git.hyhy.fun/rsplab/iolink/internal/adminapi.(*Server).deleteRule-fm (4 handlers)
[GIN-debug] GET    /admin/v1/alarms          --> git.hyhy.fun/rsplab/iolink/internal/adminapi.(*Server).listAlarms-fm (4 handlers)
[GIN-debug] POST   /admin/v1/alarms/:id/confirm --> git.hyhy.fun/rsplab/iolink/internal/adminapi.(*Server).confirmAlarm-fm (4 handlers)
[GIN-debug] POST   /admin/v1/alarms/batch-confirm --> git.hyhy.fun/rsplab/iolink/internal/adminapi.(*Server).batchConfirm-fm (4 handlers)
[GIN-debug] GET    /admin/v1/stats           --> git.hyhy.fun/rsplab/iolink/internal/adminapi.(*Server).stats-fm (4 handlers)
[GIN-debug] GET    /admin/v1/products        --> git.hyhy.fun/rsplab/iolink/internal/adminapi.(*Server).listProducts-fm (4 handlers)
[GIN-debug] POST   /admin/v1/products        --> git.hyhy.fun/rsplab/iolink/internal/adminapi.(*Server).createProduct-fm (4 handlers)
[GIN-debug] GET    /admin/v1/products/:product_id/models --> git.hyhy.fun/rsplab/iolink/internal/adminapi.(*Server).listProductModels-fm (4 handlers)
[GIN-debug] POST   /admin/v1/products/:product_id/models --> git.hyhy.fun/rsplab/iolink/internal/adminapi.(*Server).createProductModel-fm (4 handlers)
[GIN-debug] POST   /admin/v1/products/:product_id/models/:version/publish --> git.hyhy.fun/rsplab/iolink/internal/adminapi.(*Server).publishProductModel-fm (4 handlers)
[GIN-debug] GET    /admin/v1/devices/:device_no/product --> git.hyhy.fun/rsplab/iolink/internal/adminapi.(*Server).getDeviceProduct-fm (4 handlers)
[GIN-debug] PUT    /admin/v1/devices/:device_no/product --> git.hyhy.fun/rsplab/iolink/internal/adminapi.(*Server).assignDeviceProduct-fm (4 handlers)
2026/10/04 17:56:21 INFO http request request_id=FBBQTV55ZPMY472RS4L5CSSQ4U route=/admin/v1/login method=POST status=200 duration_ms=134 tenant_id=0 actor_id=0
2026/10/04 17:56:21 WARN http request request_id=MJUEHSYYO5UUSURPHQIJGO7CMF route=/admin/v1/products method=POST status=403 duration_ms=3 tenant_id=9401 actor_id=9402
    product_revocation_http_test.go:91: http method=POST path=/admin/v1/products status=403 response={"error":"forbidden"}
=== RUN   TestM6bProductWritesRejectRevocationAfterMiddleware/create_product/platform_authority
    product_revocation_http_test.go:39: environment real_timescaledb=2.30.0
[GIN-debug] [WARNING] Running in "debug" mode. Switch to "release" mode in production.
 - using env:	export GIN_MODE=release
 - using code:	gin.SetMode(gin.ReleaseMode)

[GIN-debug] POST   /admin/v1/login           --> git.hyhy.fun/rsplab/iolink/internal/adminapi.(*Server).login-fm (2 handlers)
[GIN-debug] GET    /admin/v1/tenants         --> git.hyhy.fun/rsplab/iolink/internal/adminapi.(*Server).listTenants-fm (3 handlers)
[GIN-debug] PUT    /admin/v1/tenants/:id/status --> git.hyhy.fun/rsplab/iolink/internal/adminapi.(*Server).setTenantStatus-fm (3 handlers)
[GIN-debug] GET    /admin/v1/tenants/:id/members --> git.hyhy.fun/rsplab/iolink/internal/adminapi.(*Server).listTenantMembers-fm (3 handlers)
[GIN-debug] PUT    /admin/v1/tenants/:id/members/:user_id --> git.hyhy.fun/rsplab/iolink/internal/adminapi.(*Server).setTenantMember-fm (3 handlers)
[GIN-debug] POST   /admin/v1/password        --> git.hyhy.fun/rsplab/iolink/internal/adminapi.(*Server).changePassword-fm (3 handlers)
[GIN-debug] GET    /admin/v1/farms           --> git.hyhy.fun/rsplab/iolink/internal/adminapi.(*Server).listFarms-fm (4 handlers)
[GIN-debug] POST   /admin/v1/farms           --> git.hyhy.fun/rsplab/iolink/internal/adminapi.(*Server).createFarm-fm (4 handlers)
[GIN-debug] GET    /admin/v1/users           --> git.hyhy.fun/rsplab/iolink/internal/adminapi.(*Server).listUsers-fm (4 handlers)
[GIN-debug] PUT    /admin/v1/farms/:id       --> git.hyhy.fun/rsplab/iolink/internal/adminapi.(*Server).updateFarm-fm (4 handlers)
[GIN-debug] DELETE /admin/v1/farms/:id       --> git.hyhy.fun/rsplab/iolink/internal/adminapi.(*Server).deleteFarm-fm (4 handlers)
[GIN-debug] PUT    /admin/v1/farms/:id/owner --> git.hyhy.fun/rsplab/iolink/internal/adminapi.(*Server).setFarmOwner-fm (4 handlers)
[GIN-debug] GET    /admin/v1/farms/:id/members --> git.hyhy.fun/rsplab/iolink/internal/adminapi.(*Server).listFarmMembers-fm (4 handlers)
[GIN-debug] PUT    /admin/v1/farms/:id/members/:user_id --> git.hyhy.fun/rsplab/iolink/internal/adminapi.(*Server).setFarmMember-fm (4 handlers)
[GIN-debug] GET    /admin/v1/ponds           --> git.hyhy.fun/rsplab/iolink/internal/adminapi.(*Server).listPonds-fm (4 handlers)
[GIN-debug] POST   /admin/v1/ponds           --> git.hyhy.fun/rsplab/iolink/internal/adminapi.(*Server).createPond-fm (4 handlers)
[GIN-debug] PUT    /admin/v1/ponds/:id       --> git.hyhy.fun/rsplab/iolink/internal/adminapi.(*Server).updatePond-fm (4 handlers)
[GIN-debug] DELETE /admin/v1/ponds/:id       --> git.hyhy.fun/rsplab/iolink/internal/adminapi.(*Server).deletePond-fm (4 handlers)
[GIN-debug] GET    /admin/v1/devices         --> git.hyhy.fun/rsplab/iolink/internal/adminapi.(*Server).listDevices-fm (4 handlers)
[GIN-debug] POST   /admin/v1/devices         --> git.hyhy.fun/rsplab/iolink/internal/adminapi.(*Server).registerDevice-fm (4 handlers)
[GIN-debug] GET    /admin/v1/devices/:device_no --> git.hyhy.fun/rsplab/iolink/internal/adminapi.(*Server).getDevice-fm (4 handlers)
[GIN-debug] DELETE /admin/v1/devices/:device_no --> git.hyhy.fun/rsplab/iolink/internal/adminapi.(*Server).deleteDevice-fm (4 handlers)
[GIN-debug] PUT    /admin/v1/devices/:device_no/pond --> git.hyhy.fun/rsplab/iolink/internal/adminapi.(*Server).moveDevice-fm (4 handlers)
[GIN-debug] GET    /admin/v1/alarm-rules     --> git.hyhy.fun/rsplab/iolink/internal/adminapi.(*Server).listRules-fm (4 handlers)
[GIN-debug] POST   /admin/v1/alarm-rules     --> git.hyhy.fun/rsplab/iolink/internal/adminapi.(*Server).createRule-fm (4 handlers)
[GIN-debug] PUT    /admin/v1/alarm-rules/:id --> git.hyhy.fun/rsplab/iolink/internal/adminapi.(*Server).updateRule-fm (4 handlers)
[GIN-debug] DELETE /admin/v1/alarm-rules/:id --> git.hyhy.fun/rsplab/iolink/internal/adminapi.(*Server).deleteRule-fm (4 handlers)
[GIN-debug] GET    /admin/v1/alarms          --> git.hyhy.fun/rsplab/iolink/internal/adminapi.(*Server).listAlarms-fm (4 handlers)
[GIN-debug] POST   /admin/v1/alarms/:id/confirm --> git.hyhy.fun/rsplab/iolink/internal/adminapi.(*Server).confirmAlarm-fm (4 handlers)
[GIN-debug] POST   /admin/v1/alarms/batch-confirm --> git.hyhy.fun/rsplab/iolink/internal/adminapi.(*Server).batchConfirm-fm (4 handlers)
[GIN-debug] GET    /admin/v1/stats           --> git.hyhy.fun/rsplab/iolink/internal/adminapi.(*Server).stats-fm (4 handlers)
[GIN-debug] GET    /admin/v1/products        --> git.hyhy.fun/rsplab/iolink/internal/adminapi.(*Server).listProducts-fm (4 handlers)
[GIN-debug] POST   /admin/v1/products        --> git.hyhy.fun/rsplab/iolink/internal/adminapi.(*Server).createProduct-fm (4 handlers)
[GIN-debug] GET    /admin/v1/products/:product_id/models --> git.hyhy.fun/rsplab/iolink/internal/adminapi.(*Server).listProductModels-fm (4 handlers)
[GIN-debug] POST   /admin/v1/products/:product_id/models --> git.hyhy.fun/rsplab/iolink/internal/adminapi.(*Server).createProductModel-fm (4 handlers)
[GIN-debug] POST   /admin/v1/products/:product_id/models/:version/publish --> git.hyhy.fun/rsplab/iolink/internal/adminapi.(*Server).publishProductModel-fm (4 handlers)
[GIN-debug] GET    /admin/v1/devices/:device_no/product --> git.hyhy.fun/rsplab/iolink/internal/adminapi.(*Server).getDeviceProduct-fm (4 handlers)
[GIN-debug] PUT    /admin/v1/devices/:device_no/product --> git.hyhy.fun/rsplab/iolink/internal/adminapi.(*Server).assignDeviceProduct-fm (4 handlers)
2026/10/04 17:56:22 INFO http request request_id=RFOYXL3ANWJ55ZRYDT33SJQBL2 route=/admin/v1/login method=POST status=200 duration_ms=138 tenant_id=0 actor_id=0
2026/10/04 17:56:22 WARN http request request_id=3SPKGJP2DTLRR2UPEJZWHXYSFT route=/admin/v1/products method=POST status=403 duration_ms=3 tenant_id=9401 actor_id=9402
    product_revocation_http_test.go:91: http method=POST path=/admin/v1/products status=403 response={"error":"forbidden"}
=== RUN   TestM6bProductWritesRejectRevocationAfterMiddleware/create_product/permission_version
    product_revocation_http_test.go:39: environment real_timescaledb=2.30.0
[GIN-debug] [WARNING] Running in "debug" mode. Switch to "release" mode in production.
 - using env:	export GIN_MODE=release
 - using code:	gin.SetMode(gin.ReleaseMode)

[GIN-debug] POST   /admin/v1/login           --> git.hyhy.fun/rsplab/iolink/internal/adminapi.(*Server).login-fm (2 handlers)
[GIN-debug] GET    /admin/v1/tenants         --> git.hyhy.fun/rsplab/iolink/internal/adminapi.(*Server).listTenants-fm (3 handlers)
[GIN-debug] PUT    /admin/v1/tenants/:id/status --> git.hyhy.fun/rsplab/iolink/internal/adminapi.(*Server).setTenantStatus-fm (3 handlers)
[GIN-debug] GET    /admin/v1/tenants/:id/members --> git.hyhy.fun/rsplab/iolink/internal/adminapi.(*Server).listTenantMembers-fm (3 handlers)
[GIN-debug] PUT    /admin/v1/tenants/:id/members/:user_id --> git.hyhy.fun/rsplab/iolink/internal/adminapi.(*Server).setTenantMember-fm (3 handlers)
[GIN-debug] POST   /admin/v1/password        --> git.hyhy.fun/rsplab/iolink/internal/adminapi.(*Server).changePassword-fm (3 handlers)
[GIN-debug] GET    /admin/v1/farms           --> git.hyhy.fun/rsplab/iolink/internal/adminapi.(*Server).listFarms-fm (4 handlers)
[GIN-debug] POST   /admin/v1/farms           --> git.hyhy.fun/rsplab/iolink/internal/adminapi.(*Server).createFarm-fm (4 handlers)
[GIN-debug] GET    /admin/v1/users           --> git.hyhy.fun/rsplab/iolink/internal/adminapi.(*Server).listUsers-fm (4 handlers)
[GIN-debug] PUT    /admin/v1/farms/:id       --> git.hyhy.fun/rsplab/iolink/internal/adminapi.(*Server).updateFarm-fm (4 handlers)
[GIN-debug] DELETE /admin/v1/farms/:id       --> git.hyhy.fun/rsplab/iolink/internal/adminapi.(*Server).deleteFarm-fm (4 handlers)
[GIN-debug] PUT    /admin/v1/farms/:id/owner --> git.hyhy.fun/rsplab/iolink/internal/adminapi.(*Server).setFarmOwner-fm (4 handlers)
[GIN-debug] GET    /admin/v1/farms/:id/members --> git.hyhy.fun/rsplab/iolink/internal/adminapi.(*Server).listFarmMembers-fm (4 handlers)
[GIN-debug] PUT    /admin/v1/farms/:id/members/:user_id --> git.hyhy.fun/rsplab/iolink/internal/adminapi.(*Server).setFarmMember-fm (4 handlers)
[GIN-debug] GET    /admin/v1/ponds           --> git.hyhy.fun/rsplab/iolink/internal/adminapi.(*Server).listPonds-fm (4 handlers)
[GIN-debug] POST   /admin/v1/ponds           --> git.hyhy.fun/rsplab/iolink/internal/adminapi.(*Server).createPond-fm (4 handlers)
[GIN-debug] PUT    /admin/v1/ponds/:id       --> git.hyhy.fun/rsplab/iolink/internal/adminapi.(*Server).updatePond-fm (4 handlers)
[GIN-debug] DELETE /admin/v1/ponds/:id       --> git.hyhy.fun/rsplab/iolink/internal/adminapi.(*Server).deletePond-fm (4 handlers)
[GIN-debug] GET    /admin/v1/devices         --> git.hyhy.fun/rsplab/iolink/internal/adminapi.(*Server).listDevices-fm (4 handlers)
[GIN-debug] POST   /admin/v1/devices         --> git.hyhy.fun/rsplab/iolink/internal/adminapi.(*Server).registerDevice-fm (4 handlers)
[GIN-debug] GET    /admin/v1/devices/:device_no --> git.hyhy.fun/rsplab/iolink/internal/adminapi.(*Server).getDevice-fm (4 handlers)
[GIN-debug] DELETE /admin/v1/devices/:device_no --> git.hyhy.fun/rsplab/iolink/internal/adminapi.(*Server).deleteDevice-fm (4 handlers)
[GIN-debug] PUT    /admin/v1/devices/:device_no/pond --> git.hyhy.fun/rsplab/iolink/internal/adminapi.(*Server).moveDevice-fm (4 handlers)
[GIN-debug] GET    /admin/v1/alarm-rules     --> git.hyhy.fun/rsplab/iolink/internal/adminapi.(*Server).listRules-fm (4 handlers)
[GIN-debug] POST   /admin/v1/alarm-rules     --> git.hyhy.fun/rsplab/iolink/internal/adminapi.(*Server).createRule-fm (4 handlers)
[GIN-debug] PUT    /admin/v1/alarm-rules/:id --> git.hyhy.fun/rsplab/iolink/internal/adminapi.(*Server).updateRule-fm (4 handlers)
[GIN-debug] DELETE /admin/v1/alarm-rules/:id --> git.hyhy.fun/rsplab/iolink/internal/adminapi.(*Server).deleteRule-fm (4 handlers)
[GIN-debug] GET    /admin/v1/alarms          --> git.hyhy.fun/rsplab/iolink/internal/adminapi.(*Server).listAlarms-fm (4 handlers)
[GIN-debug] POST   /admin/v1/alarms/:id/confirm --> git.hyhy.fun/rsplab/iolink/internal/adminapi.(*Server).confirmAlarm-fm (4 handlers)
[GIN-debug] POST   /admin/v1/alarms/batch-confirm --> git.hyhy.fun/rsplab/iolink/internal/adminapi.(*Server).batchConfirm-fm (4 handlers)
[GIN-debug] GET    /admin/v1/stats           --> git.hyhy.fun/rsplab/iolink/internal/adminapi.(*Server).stats-fm (4 handlers)
[GIN-debug] GET    /admin/v1/products        --> git.hyhy.fun/rsplab/iolink/internal/adminapi.(*Server).listProducts-fm (4 handlers)
[GIN-debug] POST   /admin/v1/products        --> git.hyhy.fun/rsplab/iolink/internal/adminapi.(*Server).createProduct-fm (4 handlers)
[GIN-debug] GET    /admin/v1/products/:product_id/models --> git.hyhy.fun/rsplab/iolink/internal/adminapi.(*Server).listProductModels-fm (4 handlers)
[GIN-debug] POST   /admin/v1/products/:product_id/models --> git.hyhy.fun/rsplab/iolink/internal/adminapi.(*Server).createProductModel-fm (4 handlers)
[GIN-debug] POST   /admin/v1/products/:product_id/models/:version/publish --> git.hyhy.fun/rsplab/iolink/internal/adminapi.(*Server).publishProductModel-fm (4 handlers)
[GIN-debug] GET    /admin/v1/devices/:device_no/product --> git.hyhy.fun/rsplab/iolink/internal/adminapi.(*Server).getDeviceProduct-fm (4 handlers)
[GIN-debug] PUT    /admin/v1/devices/:device_no/product --> git.hyhy.fun/rsplab/iolink/internal/adminapi.(*Server).assignDeviceProduct-fm (4 handlers)
2026/10/04 17:56:23 INFO http request request_id=LVIDZI5FWMJ2JHHNU6D7PNRI7O route=/admin/v1/login method=POST status=200 duration_ms=134 tenant_id=0 actor_id=0
2026/10/04 17:56:23 WARN http request request_id=ZAAIE4G45BTZ5CHKQBIYE4KACW route=/admin/v1/products method=POST status=403 duration_ms=3 tenant_id=9401 actor_id=9402
    product_revocation_http_test.go:91: http method=POST path=/admin/v1/products status=403 response={"error":"forbidden"}
=== RUN   TestM6bProductWritesRejectRevocationAfterMiddleware/create_model/role
    product_revocation_http_test.go:39: environment real_timescaledb=2.30.0
[GIN-debug] [WARNING] Running in "debug" mode. Switch to "release" mode in production.
 - using env:	export GIN_MODE=release
 - using code:	gin.SetMode(gin.ReleaseMode)

[GIN-debug] POST   /admin/v1/login           --> git.hyhy.fun/rsplab/iolink/internal/adminapi.(*Server).login-fm (2 handlers)
[GIN-debug] GET    /admin/v1/tenants         --> git.hyhy.fun/rsplab/iolink/internal/adminapi.(*Server).listTenants-fm (3 handlers)
[GIN-debug] PUT    /admin/v1/tenants/:id/status --> git.hyhy.fun/rsplab/iolink/internal/adminapi.(*Server).setTenantStatus-fm (3 handlers)
[GIN-debug] GET    /admin/v1/tenants/:id/members --> git.hyhy.fun/rsplab/iolink/internal/adminapi.(*Server).listTenantMembers-fm (3 handlers)
[GIN-debug] PUT    /admin/v1/tenants/:id/members/:user_id --> git.hyhy.fun/rsplab/iolink/internal/adminapi.(*Server).setTenantMember-fm (3 handlers)
[GIN-debug] POST   /admin/v1/password        --> git.hyhy.fun/rsplab/iolink/internal/adminapi.(*Server).changePassword-fm (3 handlers)
[GIN-debug] GET    /admin/v1/farms           --> git.hyhy.fun/rsplab/iolink/internal/adminapi.(*Server).listFarms-fm (4 handlers)
[GIN-debug] POST   /admin/v1/farms           --> git.hyhy.fun/rsplab/iolink/internal/adminapi.(*Server).createFarm-fm (4 handlers)
[GIN-debug] GET    /admin/v1/users           --> git.hyhy.fun/rsplab/iolink/internal/adminapi.(*Server).listUsers-fm (4 handlers)
[GIN-debug] PUT    /admin/v1/farms/:id       --> git.hyhy.fun/rsplab/iolink/internal/adminapi.(*Server).updateFarm-fm (4 handlers)
[GIN-debug] DELETE /admin/v1/farms/:id       --> git.hyhy.fun/rsplab/iolink/internal/adminapi.(*Server).deleteFarm-fm (4 handlers)
[GIN-debug] PUT    /admin/v1/farms/:id/owner --> git.hyhy.fun/rsplab/iolink/internal/adminapi.(*Server).setFarmOwner-fm (4 handlers)
[GIN-debug] GET    /admin/v1/farms/:id/members --> git.hyhy.fun/rsplab/iolink/internal/adminapi.(*Server).listFarmMembers-fm (4 handlers)
[GIN-debug] PUT    /admin/v1/farms/:id/members/:user_id --> git.hyhy.fun/rsplab/iolink/internal/adminapi.(*Server).setFarmMember-fm (4 handlers)
[GIN-debug] GET    /admin/v1/ponds           --> git.hyhy.fun/rsplab/iolink/internal/adminapi.(*Server).listPonds-fm (4 handlers)
[GIN-debug] POST   /admin/v1/ponds           --> git.hyhy.fun/rsplab/iolink/internal/adminapi.(*Server).createPond-fm (4 handlers)
[GIN-debug] PUT    /admin/v1/ponds/:id       --> git.hyhy.fun/rsplab/iolink/internal/adminapi.(*Server).updatePond-fm (4 handlers)
[GIN-debug] DELETE /admin/v1/ponds/:id       --> git.hyhy.fun/rsplab/iolink/internal/adminapi.(*Server).deletePond-fm (4 handlers)
[GIN-debug] GET    /admin/v1/devices         --> git.hyhy.fun/rsplab/iolink/internal/adminapi.(*Server).listDevices-fm (4 handlers)
[GIN-debug] POST   /admin/v1/devices         --> git.hyhy.fun/rsplab/iolink/internal/adminapi.(*Server).registerDevice-fm (4 handlers)
[GIN-debug] GET    /admin/v1/devices/:device_no --> git.hyhy.fun/rsplab/iolink/internal/adminapi.(*Server).getDevice-fm (4 handlers)
[GIN-debug] DELETE /admin/v1/devices/:device_no --> git.hyhy.fun/rsplab/iolink/internal/adminapi.(*Server).deleteDevice-fm (4 handlers)
[GIN-debug] PUT    /admin/v1/devices/:device_no/pond --> git.hyhy.fun/rsplab/iolink/internal/adminapi.(*Server).moveDevice-fm (4 handlers)
[GIN-debug] GET    /admin/v1/alarm-rules     --> git.hyhy.fun/rsplab/iolink/internal/adminapi.(*Server).listRules-fm (4 handlers)
[GIN-debug] POST   /admin/v1/alarm-rules     --> git.hyhy.fun/rsplab/iolink/internal/adminapi.(*Server).createRule-fm (4 handlers)
[GIN-debug] PUT    /admin/v1/alarm-rules/:id --> git.hyhy.fun/rsplab/iolink/internal/adminapi.(*Server).updateRule-fm (4 handlers)
[GIN-debug] DELETE /admin/v1/alarm-rules/:id --> git.hyhy.fun/rsplab/iolink/internal/adminapi.(*Server).deleteRule-fm (4 handlers)
[GIN-debug] GET    /admin/v1/alarms          --> git.hyhy.fun/rsplab/iolink/internal/adminapi.(*Server).listAlarms-fm (4 handlers)
[GIN-debug] POST   /admin/v1/alarms/:id/confirm --> git.hyhy.fun/rsplab/iolink/internal/adminapi.(*Server).confirmAlarm-fm (4 handlers)
[GIN-debug] POST   /admin/v1/alarms/batch-confirm --> git.hyhy.fun/rsplab/iolink/internal/adminapi.(*Server).batchConfirm-fm (4 handlers)
[GIN-debug] GET    /admin/v1/stats           --> git.hyhy.fun/rsplab/iolink/internal/adminapi.(*Server).stats-fm (4 handlers)
[GIN-debug] GET    /admin/v1/products        --> git.hyhy.fun/rsplab/iolink/internal/adminapi.(*Server).listProducts-fm (4 handlers)
[GIN-debug] POST   /admin/v1/products        --> git.hyhy.fun/rsplab/iolink/internal/adminapi.(*Server).createProduct-fm (4 handlers)
[GIN-debug] GET    /admin/v1/products/:product_id/models --> git.hyhy.fun/rsplab/iolink/internal/adminapi.(*Server).listProductModels-fm (4 handlers)
[GIN-debug] POST   /admin/v1/products/:product_id/models --> git.hyhy.fun/rsplab/iolink/internal/adminapi.(*Server).createProductModel-fm (4 handlers)
[GIN-debug] POST   /admin/v1/products/:product_id/models/:version/publish --> git.hyhy.fun/rsplab/iolink/internal/adminapi.(*Server).publishProductModel-fm (4 handlers)
[GIN-debug] GET    /admin/v1/devices/:device_no/product --> git.hyhy.fun/rsplab/iolink/internal/adminapi.(*Server).getDeviceProduct-fm (4 handlers)
[GIN-debug] PUT    /admin/v1/devices/:device_no/product --> git.hyhy.fun/rsplab/iolink/internal/adminapi.(*Server).assignDeviceProduct-fm (4 handlers)
2026/10/04 17:56:23 INFO http request request_id=CRJHZ3HQH6T5MAATDUCLQUKHBQ route=/admin/v1/login method=POST status=200 duration_ms=134 tenant_id=0 actor_id=0
2026/10/04 17:56:23 WARN http request request_id=OS3QIK3IVST7Z44ARKYCJTXNIF route=/admin/v1/products/:product_id/models method=POST status=403 duration_ms=4 tenant_id=9401 actor_id=9402
    product_revocation_http_test.go:91: http method=POST path=/admin/v1/products/2/models status=403 response={"error":"forbidden"}
=== RUN   TestM6bProductWritesRejectRevocationAfterMiddleware/create_model/membership
    product_revocation_http_test.go:39: environment real_timescaledb=2.30.0
[GIN-debug] [WARNING] Running in "debug" mode. Switch to "release" mode in production.
 - using env:	export GIN_MODE=release
 - using code:	gin.SetMode(gin.ReleaseMode)

[GIN-debug] POST   /admin/v1/login           --> git.hyhy.fun/rsplab/iolink/internal/adminapi.(*Server).login-fm (2 handlers)
[GIN-debug] GET    /admin/v1/tenants         --> git.hyhy.fun/rsplab/iolink/internal/adminapi.(*Server).listTenants-fm (3 handlers)
[GIN-debug] PUT    /admin/v1/tenants/:id/status --> git.hyhy.fun/rsplab/iolink/internal/adminapi.(*Server).setTenantStatus-fm (3 handlers)
[GIN-debug] GET    /admin/v1/tenants/:id/members --> git.hyhy.fun/rsplab/iolink/internal/adminapi.(*Server).listTenantMembers-fm (3 handlers)
[GIN-debug] PUT    /admin/v1/tenants/:id/members/:user_id --> git.hyhy.fun/rsplab/iolink/internal/adminapi.(*Server).setTenantMember-fm (3 handlers)
[GIN-debug] POST   /admin/v1/password        --> git.hyhy.fun/rsplab/iolink/internal/adminapi.(*Server).changePassword-fm (3 handlers)
[GIN-debug] GET    /admin/v1/farms           --> git.hyhy.fun/rsplab/iolink/internal/adminapi.(*Server).listFarms-fm (4 handlers)
[GIN-debug] POST   /admin/v1/farms           --> git.hyhy.fun/rsplab/iolink/internal/adminapi.(*Server).createFarm-fm (4 handlers)
[GIN-debug] GET    /admin/v1/users           --> git.hyhy.fun/rsplab/iolink/internal/adminapi.(*Server).listUsers-fm (4 handlers)
[GIN-debug] PUT    /admin/v1/farms/:id       --> git.hyhy.fun/rsplab/iolink/internal/adminapi.(*Server).updateFarm-fm (4 handlers)
[GIN-debug] DELETE /admin/v1/farms/:id       --> git.hyhy.fun/rsplab/iolink/internal/adminapi.(*Server).deleteFarm-fm (4 handlers)
[GIN-debug] PUT    /admin/v1/farms/:id/owner --> git.hyhy.fun/rsplab/iolink/internal/adminapi.(*Server).setFarmOwner-fm (4 handlers)
[GIN-debug] GET    /admin/v1/farms/:id/members --> git.hyhy.fun/rsplab/iolink/internal/adminapi.(*Server).listFarmMembers-fm (4 handlers)
[GIN-debug] PUT    /admin/v1/farms/:id/members/:user_id --> git.hyhy.fun/rsplab/iolink/internal/adminapi.(*Server).setFarmMember-fm (4 handlers)
[GIN-debug] GET    /admin/v1/ponds           --> git.hyhy.fun/rsplab/iolink/internal/adminapi.(*Server).listPonds-fm (4 handlers)
[GIN-debug] POST   /admin/v1/ponds           --> git.hyhy.fun/rsplab/iolink/internal/adminapi.(*Server).createPond-fm (4 handlers)
[GIN-debug] PUT    /admin/v1/ponds/:id       --> git.hyhy.fun/rsplab/iolink/internal/adminapi.(*Server).updatePond-fm (4 handlers)
[GIN-debug] DELETE /admin/v1/ponds/:id       --> git.hyhy.fun/rsplab/iolink/internal/adminapi.(*Server).deletePond-fm (4 handlers)
[GIN-debug] GET    /admin/v1/devices         --> git.hyhy.fun/rsplab/iolink/internal/adminapi.(*Server).listDevices-fm (4 handlers)
[GIN-debug] POST   /admin/v1/devices         --> git.hyhy.fun/rsplab/iolink/internal/adminapi.(*Server).registerDevice-fm (4 handlers)
[GIN-debug] GET    /admin/v1/devices/:device_no --> git.hyhy.fun/rsplab/iolink/internal/adminapi.(*Server).getDevice-fm (4 handlers)
[GIN-debug] DELETE /admin/v1/devices/:device_no --> git.hyhy.fun/rsplab/iolink/internal/adminapi.(*Server).deleteDevice-fm (4 handlers)
[GIN-debug] PUT    /admin/v1/devices/:device_no/pond --> git.hyhy.fun/rsplab/iolink/internal/adminapi.(*Server).moveDevice-fm (4 handlers)
[GIN-debug] GET    /admin/v1/alarm-rules     --> git.hyhy.fun/rsplab/iolink/internal/adminapi.(*Server).listRules-fm (4 handlers)
[GIN-debug] POST   /admin/v1/alarm-rules     --> git.hyhy.fun/rsplab/iolink/internal/adminapi.(*Server).createRule-fm (4 handlers)
[GIN-debug] PUT    /admin/v1/alarm-rules/:id --> git.hyhy.fun/rsplab/iolink/internal/adminapi.(*Server).updateRule-fm (4 handlers)
[GIN-debug] DELETE /admin/v1/alarm-rules/:id --> git.hyhy.fun/rsplab/iolink/internal/adminapi.(*Server).deleteRule-fm (4 handlers)
[GIN-debug] GET    /admin/v1/alarms          --> git.hyhy.fun/rsplab/iolink/internal/adminapi.(*Server).listAlarms-fm (4 handlers)
[GIN-debug] POST   /admin/v1/alarms/:id/confirm --> git.hyhy.fun/rsplab/iolink/internal/adminapi.(*Server).confirmAlarm-fm (4 handlers)
[GIN-debug] POST   /admin/v1/alarms/batch-confirm --> git.hyhy.fun/rsplab/iolink/internal/adminapi.(*Server).batchConfirm-fm (4 handlers)
[GIN-debug] GET    /admin/v1/stats           --> git.hyhy.fun/rsplab/iolink/internal/adminapi.(*Server).stats-fm (4 handlers)
[GIN-debug] GET    /admin/v1/products        --> git.hyhy.fun/rsplab/iolink/internal/adminapi.(*Server).listProducts-fm (4 handlers)
[GIN-debug] POST   /admin/v1/products        --> git.hyhy.fun/rsplab/iolink/internal/adminapi.(*Server).createProduct-fm (4 handlers)
[GIN-debug] GET    /admin/v1/products/:product_id/models --> git.hyhy.fun/rsplab/iolink/internal/adminapi.(*Server).listProductModels-fm (4 handlers)
[GIN-debug] POST   /admin/v1/products/:product_id/models --> git.hyhy.fun/rsplab/iolink/internal/adminapi.(*Server).createProductModel-fm (4 handlers)
[GIN-debug] POST   /admin/v1/products/:product_id/models/:version/publish --> git.hyhy.fun/rsplab/iolink/internal/adminapi.(*Server).publishProductModel-fm (4 handlers)
[GIN-debug] GET    /admin/v1/devices/:device_no/product --> git.hyhy.fun/rsplab/iolink/internal/adminapi.(*Server).getDeviceProduct-fm (4 handlers)
[GIN-debug] PUT    /admin/v1/devices/:device_no/product --> git.hyhy.fun/rsplab/iolink/internal/adminapi.(*Server).assignDeviceProduct-fm (4 handlers)
2026/10/04 17:56:24 INFO http request request_id=PXMTYDIUHZUKER7BKMR7BWF64B route=/admin/v1/login method=POST status=200 duration_ms=129 tenant_id=0 actor_id=0
2026/10/04 17:56:24 WARN http request request_id=MHOOSLW3MUQ2M6G62X3BADWCHY route=/admin/v1/products/:product_id/models method=POST status=403 duration_ms=4 tenant_id=9401 actor_id=9402
    product_revocation_http_test.go:91: http method=POST path=/admin/v1/products/2/models status=403 response={"error":"forbidden"}
=== RUN   TestM6bProductWritesRejectRevocationAfterMiddleware/create_model/tenant
    product_revocation_http_test.go:39: environment real_timescaledb=2.30.0
[GIN-debug] [WARNING] Running in "debug" mode. Switch to "release" mode in production.
 - using env:	export GIN_MODE=release
 - using code:	gin.SetMode(gin.ReleaseMode)

[GIN-debug] POST   /admin/v1/login           --> git.hyhy.fun/rsplab/iolink/internal/adminapi.(*Server).login-fm (2 handlers)
[GIN-debug] GET    /admin/v1/tenants         --> git.hyhy.fun/rsplab/iolink/internal/adminapi.(*Server).listTenants-fm (3 handlers)
[GIN-debug] PUT    /admin/v1/tenants/:id/status --> git.hyhy.fun/rsplab/iolink/internal/adminapi.(*Server).setTenantStatus-fm (3 handlers)
[GIN-debug] GET    /admin/v1/tenants/:id/members --> git.hyhy.fun/rsplab/iolink/internal/adminapi.(*Server).listTenantMembers-fm (3 handlers)
[GIN-debug] PUT    /admin/v1/tenants/:id/members/:user_id --> git.hyhy.fun/rsplab/iolink/internal/adminapi.(*Server).setTenantMember-fm (3 handlers)
[GIN-debug] POST   /admin/v1/password        --> git.hyhy.fun/rsplab/iolink/internal/adminapi.(*Server).changePassword-fm (3 handlers)
[GIN-debug] GET    /admin/v1/farms           --> git.hyhy.fun/rsplab/iolink/internal/adminapi.(*Server).listFarms-fm (4 handlers)
[GIN-debug] POST   /admin/v1/farms           --> git.hyhy.fun/rsplab/iolink/internal/adminapi.(*Server).createFarm-fm (4 handlers)
[GIN-debug] GET    /admin/v1/users           --> git.hyhy.fun/rsplab/iolink/internal/adminapi.(*Server).listUsers-fm (4 handlers)
[GIN-debug] PUT    /admin/v1/farms/:id       --> git.hyhy.fun/rsplab/iolink/internal/adminapi.(*Server).updateFarm-fm (4 handlers)
[GIN-debug] DELETE /admin/v1/farms/:id       --> git.hyhy.fun/rsplab/iolink/internal/adminapi.(*Server).deleteFarm-fm (4 handlers)
[GIN-debug] PUT    /admin/v1/farms/:id/owner --> git.hyhy.fun/rsplab/iolink/internal/adminapi.(*Server).setFarmOwner-fm (4 handlers)
[GIN-debug] GET    /admin/v1/farms/:id/members --> git.hyhy.fun/rsplab/iolink/internal/adminapi.(*Server).listFarmMembers-fm (4 handlers)
[GIN-debug] PUT    /admin/v1/farms/:id/members/:user_id --> git.hyhy.fun/rsplab/iolink/internal/adminapi.(*Server).setFarmMember-fm (4 handlers)
[GIN-debug] GET    /admin/v1/ponds           --> git.hyhy.fun/rsplab/iolink/internal/adminapi.(*Server).listPonds-fm (4 handlers)
[GIN-debug] POST   /admin/v1/ponds           --> git.hyhy.fun/rsplab/iolink/internal/adminapi.(*Server).createPond-fm (4 handlers)
[GIN-debug] PUT    /admin/v1/ponds/:id       --> git.hyhy.fun/rsplab/iolink/internal/adminapi.(*Server).updatePond-fm (4 handlers)
[GIN-debug] DELETE /admin/v1/ponds/:id       --> git.hyhy.fun/rsplab/iolink/internal/adminapi.(*Server).deletePond-fm (4 handlers)
[GIN-debug] GET    /admin/v1/devices         --> git.hyhy.fun/rsplab/iolink/internal/adminapi.(*Server).listDevices-fm (4 handlers)
[GIN-debug] POST   /admin/v1/devices         --> git.hyhy.fun/rsplab/iolink/internal/adminapi.(*Server).registerDevice-fm (4 handlers)
[GIN-debug] GET    /admin/v1/devices/:device_no --> git.hyhy.fun/rsplab/iolink/internal/adminapi.(*Server).getDevice-fm (4 handlers)
[GIN-debug] DELETE /admin/v1/devices/:device_no --> git.hyhy.fun/rsplab/iolink/internal/adminapi.(*Server).deleteDevice-fm (4 handlers)
[GIN-debug] PUT    /admin/v1/devices/:device_no/pond --> git.hyhy.fun/rsplab/iolink/internal/adminapi.(*Server).moveDevice-fm (4 handlers)
[GIN-debug] GET    /admin/v1/alarm-rules     --> git.hyhy.fun/rsplab/iolink/internal/adminapi.(*Server).listRules-fm (4 handlers)
[GIN-debug] POST   /admin/v1/alarm-rules     --> git.hyhy.fun/rsplab/iolink/internal/adminapi.(*Server).createRule-fm (4 handlers)
[GIN-debug] PUT    /admin/v1/alarm-rules/:id --> git.hyhy.fun/rsplab/iolink/internal/adminapi.(*Server).updateRule-fm (4 handlers)
[GIN-debug] DELETE /admin/v1/alarm-rules/:id --> git.hyhy.fun/rsplab/iolink/internal/adminapi.(*Server).deleteRule-fm (4 handlers)
[GIN-debug] GET    /admin/v1/alarms          --> git.hyhy.fun/rsplab/iolink/internal/adminapi.(*Server).listAlarms-fm (4 handlers)
[GIN-debug] POST   /admin/v1/alarms/:id/confirm --> git.hyhy.fun/rsplab/iolink/internal/adminapi.(*Server).confirmAlarm-fm (4 handlers)
[GIN-debug] POST   /admin/v1/alarms/batch-confirm --> git.hyhy.fun/rsplab/iolink/internal/adminapi.(*Server).batchConfirm-fm (4 handlers)
[GIN-debug] GET    /admin/v1/stats           --> git.hyhy.fun/rsplab/iolink/internal/adminapi.(*Server).stats-fm (4 handlers)
[GIN-debug] GET    /admin/v1/products        --> git.hyhy.fun/rsplab/iolink/internal/adminapi.(*Server).listProducts-fm (4 handlers)
[GIN-debug] POST   /admin/v1/products        --> git.hyhy.fun/rsplab/iolink/internal/adminapi.(*Server).createProduct-fm (4 handlers)
[GIN-debug] GET    /admin/v1/products/:product_id/models --> git.hyhy.fun/rsplab/iolink/internal/adminapi.(*Server).listProductModels-fm (4 handlers)
[GIN-debug] POST   /admin/v1/products/:product_id/models --> git.hyhy.fun/rsplab/iolink/internal/adminapi.(*Server).createProductModel-fm (4 handlers)
[GIN-debug] POST   /admin/v1/products/:product_id/models/:version/publish --> git.hyhy.fun/rsplab/iolink/internal/adminapi.(*Server).publishProductModel-fm (4 handlers)
[GIN-debug] GET    /admin/v1/devices/:device_no/product --> git.hyhy.fun/rsplab/iolink/internal/adminapi.(*Server).getDeviceProduct-fm (4 handlers)
[GIN-debug] PUT    /admin/v1/devices/:device_no/product --> git.hyhy.fun/rsplab/iolink/internal/adminapi.(*Server).assignDeviceProduct-fm (4 handlers)
2026/10/04 17:56:25 INFO http request request_id=EYKWQQ4CKICJUY76XA36HGDTWU route=/admin/v1/login method=POST status=200 duration_ms=137 tenant_id=0 actor_id=0
2026/10/04 17:56:25 WARN http request request_id=C4KS26NXAVXCEOX2SXBPAHLKXV route=/admin/v1/products/:product_id/models method=POST status=403 duration_ms=3 tenant_id=9401 actor_id=9402
    product_revocation_http_test.go:91: http method=POST path=/admin/v1/products/2/models status=403 response={"error":"forbidden"}
=== RUN   TestM6bProductWritesRejectRevocationAfterMiddleware/create_model/platform_authority
    product_revocation_http_test.go:39: environment real_timescaledb=2.30.0
[GIN-debug] [WARNING] Running in "debug" mode. Switch to "release" mode in production.
 - using env:	export GIN_MODE=release
 - using code:	gin.SetMode(gin.ReleaseMode)

[GIN-debug] POST   /admin/v1/login           --> git.hyhy.fun/rsplab/iolink/internal/adminapi.(*Server).login-fm (2 handlers)
[GIN-debug] GET    /admin/v1/tenants         --> git.hyhy.fun/rsplab/iolink/internal/adminapi.(*Server).listTenants-fm (3 handlers)
[GIN-debug] PUT    /admin/v1/tenants/:id/status --> git.hyhy.fun/rsplab/iolink/internal/adminapi.(*Server).setTenantStatus-fm (3 handlers)
[GIN-debug] GET    /admin/v1/tenants/:id/members --> git.hyhy.fun/rsplab/iolink/internal/adminapi.(*Server).listTenantMembers-fm (3 handlers)
[GIN-debug] PUT    /admin/v1/tenants/:id/members/:user_id --> git.hyhy.fun/rsplab/iolink/internal/adminapi.(*Server).setTenantMember-fm (3 handlers)
[GIN-debug] POST   /admin/v1/password        --> git.hyhy.fun/rsplab/iolink/internal/adminapi.(*Server).changePassword-fm (3 handlers)
[GIN-debug] GET    /admin/v1/farms           --> git.hyhy.fun/rsplab/iolink/internal/adminapi.(*Server).listFarms-fm (4 handlers)
[GIN-debug] POST   /admin/v1/farms           --> git.hyhy.fun/rsplab/iolink/internal/adminapi.(*Server).createFarm-fm (4 handlers)
[GIN-debug] GET    /admin/v1/users           --> git.hyhy.fun/rsplab/iolink/internal/adminapi.(*Server).listUsers-fm (4 handlers)
[GIN-debug] PUT    /admin/v1/farms/:id       --> git.hyhy.fun/rsplab/iolink/internal/adminapi.(*Server).updateFarm-fm (4 handlers)
[GIN-debug] DELETE /admin/v1/farms/:id       --> git.hyhy.fun/rsplab/iolink/internal/adminapi.(*Server).deleteFarm-fm (4 handlers)
[GIN-debug] PUT    /admin/v1/farms/:id/owner --> git.hyhy.fun/rsplab/iolink/internal/adminapi.(*Server).setFarmOwner-fm (4 handlers)
[GIN-debug] GET    /admin/v1/farms/:id/members --> git.hyhy.fun/rsplab/iolink/internal/adminapi.(*Server).listFarmMembers-fm (4 handlers)
[GIN-debug] PUT    /admin/v1/farms/:id/members/:user_id --> git.hyhy.fun/rsplab/iolink/internal/adminapi.(*Server).setFarmMember-fm (4 handlers)
[GIN-debug] GET    /admin/v1/ponds           --> git.hyhy.fun/rsplab/iolink/internal/adminapi.(*Server).listPonds-fm (4 handlers)
[GIN-debug] POST   /admin/v1/ponds           --> git.hyhy.fun/rsplab/iolink/internal/adminapi.(*Server).createPond-fm (4 handlers)
[GIN-debug] PUT    /admin/v1/ponds/:id       --> git.hyhy.fun/rsplab/iolink/internal/adminapi.(*Server).updatePond-fm (4 handlers)
[GIN-debug] DELETE /admin/v1/ponds/:id       --> git.hyhy.fun/rsplab/iolink/internal/adminapi.(*Server).deletePond-fm (4 handlers)
[GIN-debug] GET    /admin/v1/devices         --> git.hyhy.fun/rsplab/iolink/internal/adminapi.(*Server).listDevices-fm (4 handlers)
[GIN-debug] POST   /admin/v1/devices         --> git.hyhy.fun/rsplab/iolink/internal/adminapi.(*Server).registerDevice-fm (4 handlers)
[GIN-debug] GET    /admin/v1/devices/:device_no --> git.hyhy.fun/rsplab/iolink/internal/adminapi.(*Server).getDevice-fm (4 handlers)
[GIN-debug] DELETE /admin/v1/devices/:device_no --> git.hyhy.fun/rsplab/iolink/internal/adminapi.(*Server).deleteDevice-fm (4 handlers)
[GIN-debug] PUT    /admin/v1/devices/:device_no/pond --> git.hyhy.fun/rsplab/iolink/internal/adminapi.(*Server).moveDevice-fm (4 handlers)
[GIN-debug] GET    /admin/v1/alarm-rules     --> git.hyhy.fun/rsplab/iolink/internal/adminapi.(*Server).listRules-fm (4 handlers)
[GIN-debug] POST   /admin/v1/alarm-rules     --> git.hyhy.fun/rsplab/iolink/internal/adminapi.(*Server).createRule-fm (4 handlers)
[GIN-debug] PUT    /admin/v1/alarm-rules/:id --> git.hyhy.fun/rsplab/iolink/internal/adminapi.(*Server).updateRule-fm (4 handlers)
[GIN-debug] DELETE /admin/v1/alarm-rules/:id --> git.hyhy.fun/rsplab/iolink/internal/adminapi.(*Server).deleteRule-fm (4 handlers)
[GIN-debug] GET    /admin/v1/alarms          --> git.hyhy.fun/rsplab/iolink/internal/adminapi.(*Server).listAlarms-fm (4 handlers)
[GIN-debug] POST   /admin/v1/alarms/:id/confirm --> git.hyhy.fun/rsplab/iolink/internal/adminapi.(*Server).confirmAlarm-fm (4 handlers)
[GIN-debug] POST   /admin/v1/alarms/batch-confirm --> git.hyhy.fun/rsplab/iolink/internal/adminapi.(*Server).batchConfirm-fm (4 handlers)
[GIN-debug] GET    /admin/v1/stats           --> git.hyhy.fun/rsplab/iolink/internal/adminapi.(*Server).stats-fm (4 handlers)
[GIN-debug] GET    /admin/v1/products        --> git.hyhy.fun/rsplab/iolink/internal/adminapi.(*Server).listProducts-fm (4 handlers)
[GIN-debug] POST   /admin/v1/products        --> git.hyhy.fun/rsplab/iolink/internal/adminapi.(*Server).createProduct-fm (4 handlers)
[GIN-debug] GET    /admin/v1/products/:product_id/models --> git.hyhy.fun/rsplab/iolink/internal/adminapi.(*Server).listProductModels-fm (4 handlers)
[GIN-debug] POST   /admin/v1/products/:product_id/models --> git.hyhy.fun/rsplab/iolink/internal/adminapi.(*Server).createProductModel-fm (4 handlers)
[GIN-debug] POST   /admin/v1/products/:product_id/models/:version/publish --> git.hyhy.fun/rsplab/iolink/internal/adminapi.(*Server).publishProductModel-fm (4 handlers)
[GIN-debug] GET    /admin/v1/devices/:device_no/product --> git.hyhy.fun/rsplab/iolink/internal/adminapi.(*Server).getDeviceProduct-fm (4 handlers)
[GIN-debug] PUT    /admin/v1/devices/:device_no/product --> git.hyhy.fun/rsplab/iolink/internal/adminapi.(*Server).assignDeviceProduct-fm (4 handlers)
2026/10/04 17:56:25 INFO http request request_id=3F7EKXVVY5DXQNBZTQHCJUZQJX route=/admin/v1/login method=POST status=200 duration_ms=137 tenant_id=0 actor_id=0
2026/10/04 17:56:26 WARN http request request_id=YR55ZHVHFWYVTLBCRXRDNWA34Q route=/admin/v1/products/:product_id/models method=POST status=403 duration_ms=4 tenant_id=9401 actor_id=9402
    product_revocation_http_test.go:91: http method=POST path=/admin/v1/products/2/models status=403 response={"error":"forbidden"}
=== RUN   TestM6bProductWritesRejectRevocationAfterMiddleware/create_model/permission_version
    product_revocation_http_test.go:39: environment real_timescaledb=2.30.0
[GIN-debug] [WARNING] Running in "debug" mode. Switch to "release" mode in production.
 - using env:	export GIN_MODE=release
 - using code:	gin.SetMode(gin.ReleaseMode)

[GIN-debug] POST   /admin/v1/login           --> git.hyhy.fun/rsplab/iolink/internal/adminapi.(*Server).login-fm (2 handlers)
[GIN-debug] GET    /admin/v1/tenants         --> git.hyhy.fun/rsplab/iolink/internal/adminapi.(*Server).listTenants-fm (3 handlers)
[GIN-debug] PUT    /admin/v1/tenants/:id/status --> git.hyhy.fun/rsplab/iolink/internal/adminapi.(*Server).setTenantStatus-fm (3 handlers)
[GIN-debug] GET    /admin/v1/tenants/:id/members --> git.hyhy.fun/rsplab/iolink/internal/adminapi.(*Server).listTenantMembers-fm (3 handlers)
[GIN-debug] PUT    /admin/v1/tenants/:id/members/:user_id --> git.hyhy.fun/rsplab/iolink/internal/adminapi.(*Server).setTenantMember-fm (3 handlers)
[GIN-debug] POST   /admin/v1/password        --> git.hyhy.fun/rsplab/iolink/internal/adminapi.(*Server).changePassword-fm (3 handlers)
[GIN-debug] GET    /admin/v1/farms           --> git.hyhy.fun/rsplab/iolink/internal/adminapi.(*Server).listFarms-fm (4 handlers)
[GIN-debug] POST   /admin/v1/farms           --> git.hyhy.fun/rsplab/iolink/internal/adminapi.(*Server).createFarm-fm (4 handlers)
[GIN-debug] GET    /admin/v1/users           --> git.hyhy.fun/rsplab/iolink/internal/adminapi.(*Server).listUsers-fm (4 handlers)
[GIN-debug] PUT    /admin/v1/farms/:id       --> git.hyhy.fun/rsplab/iolink/internal/adminapi.(*Server).updateFarm-fm (4 handlers)
[GIN-debug] DELETE /admin/v1/farms/:id       --> git.hyhy.fun/rsplab/iolink/internal/adminapi.(*Server).deleteFarm-fm (4 handlers)
[GIN-debug] PUT    /admin/v1/farms/:id/owner --> git.hyhy.fun/rsplab/iolink/internal/adminapi.(*Server).setFarmOwner-fm (4 handlers)
[GIN-debug] GET    /admin/v1/farms/:id/members --> git.hyhy.fun/rsplab/iolink/internal/adminapi.(*Server).listFarmMembers-fm (4 handlers)
[GIN-debug] PUT    /admin/v1/farms/:id/members/:user_id --> git.hyhy.fun/rsplab/iolink/internal/adminapi.(*Server).setFarmMember-fm (4 handlers)
[GIN-debug] GET    /admin/v1/ponds           --> git.hyhy.fun/rsplab/iolink/internal/adminapi.(*Server).listPonds-fm (4 handlers)
[GIN-debug] POST   /admin/v1/ponds           --> git.hyhy.fun/rsplab/iolink/internal/adminapi.(*Server).createPond-fm (4 handlers)
[GIN-debug] PUT    /admin/v1/ponds/:id       --> git.hyhy.fun/rsplab/iolink/internal/adminapi.(*Server).updatePond-fm (4 handlers)
[GIN-debug] DELETE /admin/v1/ponds/:id       --> git.hyhy.fun/rsplab/iolink/internal/adminapi.(*Server).deletePond-fm (4 handlers)
[GIN-debug] GET    /admin/v1/devices         --> git.hyhy.fun/rsplab/iolink/internal/adminapi.(*Server).listDevices-fm (4 handlers)
[GIN-debug] POST   /admin/v1/devices         --> git.hyhy.fun/rsplab/iolink/internal/adminapi.(*Server).registerDevice-fm (4 handlers)
[GIN-debug] GET    /admin/v1/devices/:device_no --> git.hyhy.fun/rsplab/iolink/internal/adminapi.(*Server).getDevice-fm (4 handlers)
[GIN-debug] DELETE /admin/v1/devices/:device_no --> git.hyhy.fun/rsplab/iolink/internal/adminapi.(*Server).deleteDevice-fm (4 handlers)
[GIN-debug] PUT    /admin/v1/devices/:device_no/pond --> git.hyhy.fun/rsplab/iolink/internal/adminapi.(*Server).moveDevice-fm (4 handlers)
[GIN-debug] GET    /admin/v1/alarm-rules     --> git.hyhy.fun/rsplab/iolink/internal/adminapi.(*Server).listRules-fm (4 handlers)
[GIN-debug] POST   /admin/v1/alarm-rules     --> git.hyhy.fun/rsplab/iolink/internal/adminapi.(*Server).createRule-fm (4 handlers)
[GIN-debug] PUT    /admin/v1/alarm-rules/:id --> git.hyhy.fun/rsplab/iolink/internal/adminapi.(*Server).updateRule-fm (4 handlers)
[GIN-debug] DELETE /admin/v1/alarm-rules/:id --> git.hyhy.fun/rsplab/iolink/internal/adminapi.(*Server).deleteRule-fm (4 handlers)
[GIN-debug] GET    /admin/v1/alarms          --> git.hyhy.fun/rsplab/iolink/internal/adminapi.(*Server).listAlarms-fm (4 handlers)
[GIN-debug] POST   /admin/v1/alarms/:id/confirm --> git.hyhy.fun/rsplab/iolink/internal/adminapi.(*Server).confirmAlarm-fm (4 handlers)
[GIN-debug] POST   /admin/v1/alarms/batch-confirm --> git.hyhy.fun/rsplab/iolink/internal/adminapi.(*Server).batchConfirm-fm (4 handlers)
[GIN-debug] GET    /admin/v1/stats           --> git.hyhy.fun/rsplab/iolink/internal/adminapi.(*Server).stats-fm (4 handlers)
[GIN-debug] GET    /admin/v1/products        --> git.hyhy.fun/rsplab/iolink/internal/adminapi.(*Server).listProducts-fm (4 handlers)
[GIN-debug] POST   /admin/v1/products        --> git.hyhy.fun/rsplab/iolink/internal/adminapi.(*Server).createProduct-fm (4 handlers)
[GIN-debug] GET    /admin/v1/products/:product_id/models --> git.hyhy.fun/rsplab/iolink/internal/adminapi.(*Server).listProductModels-fm (4 handlers)
[GIN-debug] POST   /admin/v1/products/:product_id/models --> git.hyhy.fun/rsplab/iolink/internal/adminapi.(*Server).createProductModel-fm (4 handlers)
[GIN-debug] POST   /admin/v1/products/:product_id/models/:version/publish --> git.hyhy.fun/rsplab/iolink/internal/adminapi.(*Server).publishProductModel-fm (4 handlers)
[GIN-debug] GET    /admin/v1/devices/:device_no/product --> git.hyhy.fun/rsplab/iolink/internal/adminapi.(*Server).getDeviceProduct-fm (4 handlers)
[GIN-debug] PUT    /admin/v1/devices/:device_no/product --> git.hyhy.fun/rsplab/iolink/internal/adminapi.(*Server).assignDeviceProduct-fm (4 handlers)
2026/10/04 17:56:26 INFO http request request_id=DZEHQKJGTFNCMMRTTRQFNRIYGC route=/admin/v1/login method=POST status=200 duration_ms=135 tenant_id=0 actor_id=0
2026/10/04 17:56:26 WARN http request request_id=B2WVFOJ3E6JOFF6J5HMV7ISZFQ route=/admin/v1/products/:product_id/models method=POST status=403 duration_ms=4 tenant_id=9401 actor_id=9402
    product_revocation_http_test.go:91: http method=POST path=/admin/v1/products/2/models status=403 response={"error":"forbidden"}
=== RUN   TestM6bProductWritesRejectRevocationAfterMiddleware/publish_model/role
    product_revocation_http_test.go:39: environment real_timescaledb=2.30.0
[GIN-debug] [WARNING] Running in "debug" mode. Switch to "release" mode in production.
 - using env:	export GIN_MODE=release
 - using code:	gin.SetMode(gin.ReleaseMode)

[GIN-debug] POST   /admin/v1/login           --> git.hyhy.fun/rsplab/iolink/internal/adminapi.(*Server).login-fm (2 handlers)
[GIN-debug] GET    /admin/v1/tenants         --> git.hyhy.fun/rsplab/iolink/internal/adminapi.(*Server).listTenants-fm (3 handlers)
[GIN-debug] PUT    /admin/v1/tenants/:id/status --> git.hyhy.fun/rsplab/iolink/internal/adminapi.(*Server).setTenantStatus-fm (3 handlers)
[GIN-debug] GET    /admin/v1/tenants/:id/members --> git.hyhy.fun/rsplab/iolink/internal/adminapi.(*Server).listTenantMembers-fm (3 handlers)
[GIN-debug] PUT    /admin/v1/tenants/:id/members/:user_id --> git.hyhy.fun/rsplab/iolink/internal/adminapi.(*Server).setTenantMember-fm (3 handlers)
[GIN-debug] POST   /admin/v1/password        --> git.hyhy.fun/rsplab/iolink/internal/adminapi.(*Server).changePassword-fm (3 handlers)
[GIN-debug] GET    /admin/v1/farms           --> git.hyhy.fun/rsplab/iolink/internal/adminapi.(*Server).listFarms-fm (4 handlers)
[GIN-debug] POST   /admin/v1/farms           --> git.hyhy.fun/rsplab/iolink/internal/adminapi.(*Server).createFarm-fm (4 handlers)
[GIN-debug] GET    /admin/v1/users           --> git.hyhy.fun/rsplab/iolink/internal/adminapi.(*Server).listUsers-fm (4 handlers)
[GIN-debug] PUT    /admin/v1/farms/:id       --> git.hyhy.fun/rsplab/iolink/internal/adminapi.(*Server).updateFarm-fm (4 handlers)
[GIN-debug] DELETE /admin/v1/farms/:id       --> git.hyhy.fun/rsplab/iolink/internal/adminapi.(*Server).deleteFarm-fm (4 handlers)
[GIN-debug] PUT    /admin/v1/farms/:id/owner --> git.hyhy.fun/rsplab/iolink/internal/adminapi.(*Server).setFarmOwner-fm (4 handlers)
[GIN-debug] GET    /admin/v1/farms/:id/members --> git.hyhy.fun/rsplab/iolink/internal/adminapi.(*Server).listFarmMembers-fm (4 handlers)
[GIN-debug] PUT    /admin/v1/farms/:id/members/:user_id --> git.hyhy.fun/rsplab/iolink/internal/adminapi.(*Server).setFarmMember-fm (4 handlers)
[GIN-debug] GET    /admin/v1/ponds           --> git.hyhy.fun/rsplab/iolink/internal/adminapi.(*Server).listPonds-fm (4 handlers)
[GIN-debug] POST   /admin/v1/ponds           --> git.hyhy.fun/rsplab/iolink/internal/adminapi.(*Server).createPond-fm (4 handlers)
[GIN-debug] PUT    /admin/v1/ponds/:id       --> git.hyhy.fun/rsplab/iolink/internal/adminapi.(*Server).updatePond-fm (4 handlers)
[GIN-debug] DELETE /admin/v1/ponds/:id       --> git.hyhy.fun/rsplab/iolink/internal/adminapi.(*Server).deletePond-fm (4 handlers)
[GIN-debug] GET    /admin/v1/devices         --> git.hyhy.fun/rsplab/iolink/internal/adminapi.(*Server).listDevices-fm (4 handlers)
[GIN-debug] POST   /admin/v1/devices         --> git.hyhy.fun/rsplab/iolink/internal/adminapi.(*Server).registerDevice-fm (4 handlers)
[GIN-debug] GET    /admin/v1/devices/:device_no --> git.hyhy.fun/rsplab/iolink/internal/adminapi.(*Server).getDevice-fm (4 handlers)
[GIN-debug] DELETE /admin/v1/devices/:device_no --> git.hyhy.fun/rsplab/iolink/internal/adminapi.(*Server).deleteDevice-fm (4 handlers)
[GIN-debug] PUT    /admin/v1/devices/:device_no/pond --> git.hyhy.fun/rsplab/iolink/internal/adminapi.(*Server).moveDevice-fm (4 handlers)
[GIN-debug] GET    /admin/v1/alarm-rules     --> git.hyhy.fun/rsplab/iolink/internal/adminapi.(*Server).listRules-fm (4 handlers)
[GIN-debug] POST   /admin/v1/alarm-rules     --> git.hyhy.fun/rsplab/iolink/internal/adminapi.(*Server).createRule-fm (4 handlers)
[GIN-debug] PUT    /admin/v1/alarm-rules/:id --> git.hyhy.fun/rsplab/iolink/internal/adminapi.(*Server).updateRule-fm (4 handlers)
[GIN-debug] DELETE /admin/v1/alarm-rules/:id --> git.hyhy.fun/rsplab/iolink/internal/adminapi.(*Server).deleteRule-fm (4 handlers)
[GIN-debug] GET    /admin/v1/alarms          --> git.hyhy.fun/rsplab/iolink/internal/adminapi.(*Server).listAlarms-fm (4 handlers)
[GIN-debug] POST   /admin/v1/alarms/:id/confirm --> git.hyhy.fun/rsplab/iolink/internal/adminapi.(*Server).confirmAlarm-fm (4 handlers)
[GIN-debug] POST   /admin/v1/alarms/batch-confirm --> git.hyhy.fun/rsplab/iolink/internal/adminapi.(*Server).batchConfirm-fm (4 handlers)
[GIN-debug] GET    /admin/v1/stats           --> git.hyhy.fun/rsplab/iolink/internal/adminapi.(*Server).stats-fm (4 handlers)
[GIN-debug] GET    /admin/v1/products        --> git.hyhy.fun/rsplab/iolink/internal/adminapi.(*Server).listProducts-fm (4 handlers)
[GIN-debug] POST   /admin/v1/products        --> git.hyhy.fun/rsplab/iolink/internal/adminapi.(*Server).createProduct-fm (4 handlers)
[GIN-debug] GET    /admin/v1/products/:product_id/models --> git.hyhy.fun/rsplab/iolink/internal/adminapi.(*Server).listProductModels-fm (4 handlers)
[GIN-debug] POST   /admin/v1/products/:product_id/models --> git.hyhy.fun/rsplab/iolink/internal/adminapi.(*Server).createProductModel-fm (4 handlers)
[GIN-debug] POST   /admin/v1/products/:product_id/models/:version/publish --> git.hyhy.fun/rsplab/iolink/internal/adminapi.(*Server).publishProductModel-fm (4 handlers)
[GIN-debug] GET    /admin/v1/devices/:device_no/product --> git.hyhy.fun/rsplab/iolink/internal/adminapi.(*Server).getDeviceProduct-fm (4 handlers)
[GIN-debug] PUT    /admin/v1/devices/:device_no/product --> git.hyhy.fun/rsplab/iolink/internal/adminapi.(*Server).assignDeviceProduct-fm (4 handlers)
2026/10/04 17:56:27 INFO http request request_id=MU637L7ONNB4IY6XY4S2MNARM3 route=/admin/v1/login method=POST status=200 duration_ms=135 tenant_id=0 actor_id=0
2026/10/04 17:56:27 WARN http request request_id=IFZD74REJFQZKMF4ANNH3FIMWE route=/admin/v1/products/:product_id/models/:version/publish method=POST status=403 duration_ms=3 tenant_id=9401 actor_id=9402
    product_revocation_http_test.go:91: http method=POST path=/admin/v1/products/2/models/2/publish status=403 response={"error":"forbidden"}
=== RUN   TestM6bProductWritesRejectRevocationAfterMiddleware/publish_model/membership
    product_revocation_http_test.go:39: environment real_timescaledb=2.30.0
[GIN-debug] [WARNING] Running in "debug" mode. Switch to "release" mode in production.
 - using env:	export GIN_MODE=release
 - using code:	gin.SetMode(gin.ReleaseMode)

[GIN-debug] POST   /admin/v1/login           --> git.hyhy.fun/rsplab/iolink/internal/adminapi.(*Server).login-fm (2 handlers)
[GIN-debug] GET    /admin/v1/tenants         --> git.hyhy.fun/rsplab/iolink/internal/adminapi.(*Server).listTenants-fm (3 handlers)
[GIN-debug] PUT    /admin/v1/tenants/:id/status --> git.hyhy.fun/rsplab/iolink/internal/adminapi.(*Server).setTenantStatus-fm (3 handlers)
[GIN-debug] GET    /admin/v1/tenants/:id/members --> git.hyhy.fun/rsplab/iolink/internal/adminapi.(*Server).listTenantMembers-fm (3 handlers)
[GIN-debug] PUT    /admin/v1/tenants/:id/members/:user_id --> git.hyhy.fun/rsplab/iolink/internal/adminapi.(*Server).setTenantMember-fm (3 handlers)
[GIN-debug] POST   /admin/v1/password        --> git.hyhy.fun/rsplab/iolink/internal/adminapi.(*Server).changePassword-fm (3 handlers)
[GIN-debug] GET    /admin/v1/farms           --> git.hyhy.fun/rsplab/iolink/internal/adminapi.(*Server).listFarms-fm (4 handlers)
[GIN-debug] POST   /admin/v1/farms           --> git.hyhy.fun/rsplab/iolink/internal/adminapi.(*Server).createFarm-fm (4 handlers)
[GIN-debug] GET    /admin/v1/users           --> git.hyhy.fun/rsplab/iolink/internal/adminapi.(*Server).listUsers-fm (4 handlers)
[GIN-debug] PUT    /admin/v1/farms/:id       --> git.hyhy.fun/rsplab/iolink/internal/adminapi.(*Server).updateFarm-fm (4 handlers)
[GIN-debug] DELETE /admin/v1/farms/:id       --> git.hyhy.fun/rsplab/iolink/internal/adminapi.(*Server).deleteFarm-fm (4 handlers)
[GIN-debug] PUT    /admin/v1/farms/:id/owner --> git.hyhy.fun/rsplab/iolink/internal/adminapi.(*Server).setFarmOwner-fm (4 handlers)
[GIN-debug] GET    /admin/v1/farms/:id/members --> git.hyhy.fun/rsplab/iolink/internal/adminapi.(*Server).listFarmMembers-fm (4 handlers)
[GIN-debug] PUT    /admin/v1/farms/:id/members/:user_id --> git.hyhy.fun/rsplab/iolink/internal/adminapi.(*Server).setFarmMember-fm (4 handlers)
[GIN-debug] GET    /admin/v1/ponds           --> git.hyhy.fun/rsplab/iolink/internal/adminapi.(*Server).listPonds-fm (4 handlers)
[GIN-debug] POST   /admin/v1/ponds           --> git.hyhy.fun/rsplab/iolink/internal/adminapi.(*Server).createPond-fm (4 handlers)
[GIN-debug] PUT    /admin/v1/ponds/:id       --> git.hyhy.fun/rsplab/iolink/internal/adminapi.(*Server).updatePond-fm (4 handlers)
[GIN-debug] DELETE /admin/v1/ponds/:id       --> git.hyhy.fun/rsplab/iolink/internal/adminapi.(*Server).deletePond-fm (4 handlers)
[GIN-debug] GET    /admin/v1/devices         --> git.hyhy.fun/rsplab/iolink/internal/adminapi.(*Server).listDevices-fm (4 handlers)
[GIN-debug] POST   /admin/v1/devices         --> git.hyhy.fun/rsplab/iolink/internal/adminapi.(*Server).registerDevice-fm (4 handlers)
[GIN-debug] GET    /admin/v1/devices/:device_no --> git.hyhy.fun/rsplab/iolink/internal/adminapi.(*Server).getDevice-fm (4 handlers)
[GIN-debug] DELETE /admin/v1/devices/:device_no --> git.hyhy.fun/rsplab/iolink/internal/adminapi.(*Server).deleteDevice-fm (4 handlers)
[GIN-debug] PUT    /admin/v1/devices/:device_no/pond --> git.hyhy.fun/rsplab/iolink/internal/adminapi.(*Server).moveDevice-fm (4 handlers)
[GIN-debug] GET    /admin/v1/alarm-rules     --> git.hyhy.fun/rsplab/iolink/internal/adminapi.(*Server).listRules-fm (4 handlers)
[GIN-debug] POST   /admin/v1/alarm-rules     --> git.hyhy.fun/rsplab/iolink/internal/adminapi.(*Server).createRule-fm (4 handlers)
[GIN-debug] PUT    /admin/v1/alarm-rules/:id --> git.hyhy.fun/rsplab/iolink/internal/adminapi.(*Server).updateRule-fm (4 handlers)
[GIN-debug] DELETE /admin/v1/alarm-rules/:id --> git.hyhy.fun/rsplab/iolink/internal/adminapi.(*Server).deleteRule-fm (4 handlers)
[GIN-debug] GET    /admin/v1/alarms          --> git.hyhy.fun/rsplab/iolink/internal/adminapi.(*Server).listAlarms-fm (4 handlers)
[GIN-debug] POST   /admin/v1/alarms/:id/confirm --> git.hyhy.fun/rsplab/iolink/internal/adminapi.(*Server).confirmAlarm-fm (4 handlers)
[GIN-debug] POST   /admin/v1/alarms/batch-confirm --> git.hyhy.fun/rsplab/iolink/internal/adminapi.(*Server).batchConfirm-fm (4 handlers)
[GIN-debug] GET    /admin/v1/stats           --> git.hyhy.fun/rsplab/iolink/internal/adminapi.(*Server).stats-fm (4 handlers)
[GIN-debug] GET    /admin/v1/products        --> git.hyhy.fun/rsplab/iolink/internal/adminapi.(*Server).listProducts-fm (4 handlers)
[GIN-debug] POST   /admin/v1/products        --> git.hyhy.fun/rsplab/iolink/internal/adminapi.(*Server).createProduct-fm (4 handlers)
[GIN-debug] GET    /admin/v1/products/:product_id/models --> git.hyhy.fun/rsplab/iolink/internal/adminapi.(*Server).listProductModels-fm (4 handlers)
[GIN-debug] POST   /admin/v1/products/:product_id/models --> git.hyhy.fun/rsplab/iolink/internal/adminapi.(*Server).createProductModel-fm (4 handlers)
[GIN-debug] POST   /admin/v1/products/:product_id/models/:version/publish --> git.hyhy.fun/rsplab/iolink/internal/adminapi.(*Server).publishProductModel-fm (4 handlers)
[GIN-debug] GET    /admin/v1/devices/:device_no/product --> git.hyhy.fun/rsplab/iolink/internal/adminapi.(*Server).getDeviceProduct-fm (4 handlers)
[GIN-debug] PUT    /admin/v1/devices/:device_no/product --> git.hyhy.fun/rsplab/iolink/internal/adminapi.(*Server).assignDeviceProduct-fm (4 handlers)
2026/10/04 17:56:28 INFO http request request_id=3BFNVHHQQXWHN6SRH6UXKTROVX route=/admin/v1/login method=POST status=200 duration_ms=140 tenant_id=0 actor_id=0
2026/10/04 17:56:28 WARN http request request_id=EHNJYYV626GFIOCYHI5PY4GRK2 route=/admin/v1/products/:product_id/models/:version/publish method=POST status=403 duration_ms=3 tenant_id=9401 actor_id=9402
    product_revocation_http_test.go:91: http method=POST path=/admin/v1/products/2/models/2/publish status=403 response={"error":"forbidden"}
=== RUN   TestM6bProductWritesRejectRevocationAfterMiddleware/publish_model/tenant
    product_revocation_http_test.go:39: environment real_timescaledb=2.30.0
[GIN-debug] [WARNING] Running in "debug" mode. Switch to "release" mode in production.
 - using env:	export GIN_MODE=release
 - using code:	gin.SetMode(gin.ReleaseMode)

[GIN-debug] POST   /admin/v1/login           --> git.hyhy.fun/rsplab/iolink/internal/adminapi.(*Server).login-fm (2 handlers)
[GIN-debug] GET    /admin/v1/tenants         --> git.hyhy.fun/rsplab/iolink/internal/adminapi.(*Server).listTenants-fm (3 handlers)
[GIN-debug] PUT    /admin/v1/tenants/:id/status --> git.hyhy.fun/rsplab/iolink/internal/adminapi.(*Server).setTenantStatus-fm (3 handlers)
[GIN-debug] GET    /admin/v1/tenants/:id/members --> git.hyhy.fun/rsplab/iolink/internal/adminapi.(*Server).listTenantMembers-fm (3 handlers)
[GIN-debug] PUT    /admin/v1/tenants/:id/members/:user_id --> git.hyhy.fun/rsplab/iolink/internal/adminapi.(*Server).setTenantMember-fm (3 handlers)
[GIN-debug] POST   /admin/v1/password        --> git.hyhy.fun/rsplab/iolink/internal/adminapi.(*Server).changePassword-fm (3 handlers)
[GIN-debug] GET    /admin/v1/farms           --> git.hyhy.fun/rsplab/iolink/internal/adminapi.(*Server).listFarms-fm (4 handlers)
[GIN-debug] POST   /admin/v1/farms           --> git.hyhy.fun/rsplab/iolink/internal/adminapi.(*Server).createFarm-fm (4 handlers)
[GIN-debug] GET    /admin/v1/users           --> git.hyhy.fun/rsplab/iolink/internal/adminapi.(*Server).listUsers-fm (4 handlers)
[GIN-debug] PUT    /admin/v1/farms/:id       --> git.hyhy.fun/rsplab/iolink/internal/adminapi.(*Server).updateFarm-fm (4 handlers)
[GIN-debug] DELETE /admin/v1/farms/:id       --> git.hyhy.fun/rsplab/iolink/internal/adminapi.(*Server).deleteFarm-fm (4 handlers)
[GIN-debug] PUT    /admin/v1/farms/:id/owner --> git.hyhy.fun/rsplab/iolink/internal/adminapi.(*Server).setFarmOwner-fm (4 handlers)
[GIN-debug] GET    /admin/v1/farms/:id/members --> git.hyhy.fun/rsplab/iolink/internal/adminapi.(*Server).listFarmMembers-fm (4 handlers)
[GIN-debug] PUT    /admin/v1/farms/:id/members/:user_id --> git.hyhy.fun/rsplab/iolink/internal/adminapi.(*Server).setFarmMember-fm (4 handlers)
[GIN-debug] GET    /admin/v1/ponds           --> git.hyhy.fun/rsplab/iolink/internal/adminapi.(*Server).listPonds-fm (4 handlers)
[GIN-debug] POST   /admin/v1/ponds           --> git.hyhy.fun/rsplab/iolink/internal/adminapi.(*Server).createPond-fm (4 handlers)
[GIN-debug] PUT    /admin/v1/ponds/:id       --> git.hyhy.fun/rsplab/iolink/internal/adminapi.(*Server).updatePond-fm (4 handlers)
[GIN-debug] DELETE /admin/v1/ponds/:id       --> git.hyhy.fun/rsplab/iolink/internal/adminapi.(*Server).deletePond-fm (4 handlers)
[GIN-debug] GET    /admin/v1/devices         --> git.hyhy.fun/rsplab/iolink/internal/adminapi.(*Server).listDevices-fm (4 handlers)
[GIN-debug] POST   /admin/v1/devices         --> git.hyhy.fun/rsplab/iolink/internal/adminapi.(*Server).registerDevice-fm (4 handlers)
[GIN-debug] GET    /admin/v1/devices/:device_no --> git.hyhy.fun/rsplab/iolink/internal/adminapi.(*Server).getDevice-fm (4 handlers)
[GIN-debug] DELETE /admin/v1/devices/:device_no --> git.hyhy.fun/rsplab/iolink/internal/adminapi.(*Server).deleteDevice-fm (4 handlers)
[GIN-debug] PUT    /admin/v1/devices/:device_no/pond --> git.hyhy.fun/rsplab/iolink/internal/adminapi.(*Server).moveDevice-fm (4 handlers)
[GIN-debug] GET    /admin/v1/alarm-rules     --> git.hyhy.fun/rsplab/iolink/internal/adminapi.(*Server).listRules-fm (4 handlers)
[GIN-debug] POST   /admin/v1/alarm-rules     --> git.hyhy.fun/rsplab/iolink/internal/adminapi.(*Server).createRule-fm (4 handlers)
[GIN-debug] PUT    /admin/v1/alarm-rules/:id --> git.hyhy.fun/rsplab/iolink/internal/adminapi.(*Server).updateRule-fm (4 handlers)
[GIN-debug] DELETE /admin/v1/alarm-rules/:id --> git.hyhy.fun/rsplab/iolink/internal/adminapi.(*Server).deleteRule-fm (4 handlers)
[GIN-debug] GET    /admin/v1/alarms          --> git.hyhy.fun/rsplab/iolink/internal/adminapi.(*Server).listAlarms-fm (4 handlers)
[GIN-debug] POST   /admin/v1/alarms/:id/confirm --> git.hyhy.fun/rsplab/iolink/internal/adminapi.(*Server).confirmAlarm-fm (4 handlers)
[GIN-debug] POST   /admin/v1/alarms/batch-confirm --> git.hyhy.fun/rsplab/iolink/internal/adminapi.(*Server).batchConfirm-fm (4 handlers)
[GIN-debug] GET    /admin/v1/stats           --> git.hyhy.fun/rsplab/iolink/internal/adminapi.(*Server).stats-fm (4 handlers)
[GIN-debug] GET    /admin/v1/products        --> git.hyhy.fun/rsplab/iolink/internal/adminapi.(*Server).listProducts-fm (4 handlers)
[GIN-debug] POST   /admin/v1/products        --> git.hyhy.fun/rsplab/iolink/internal/adminapi.(*Server).createProduct-fm (4 handlers)
[GIN-debug] GET    /admin/v1/products/:product_id/models --> git.hyhy.fun/rsplab/iolink/internal/adminapi.(*Server).listProductModels-fm (4 handlers)
[GIN-debug] POST   /admin/v1/products/:product_id/models --> git.hyhy.fun/rsplab/iolink/internal/adminapi.(*Server).createProductModel-fm (4 handlers)
[GIN-debug] POST   /admin/v1/products/:product_id/models/:version/publish --> git.hyhy.fun/rsplab/iolink/internal/adminapi.(*Server).publishProductModel-fm (4 handlers)
[GIN-debug] GET    /admin/v1/devices/:device_no/product --> git.hyhy.fun/rsplab/iolink/internal/adminapi.(*Server).getDeviceProduct-fm (4 handlers)
[GIN-debug] PUT    /admin/v1/devices/:device_no/product --> git.hyhy.fun/rsplab/iolink/internal/adminapi.(*Server).assignDeviceProduct-fm (4 handlers)
2026/10/04 17:56:28 INFO http request request_id=WEKT55W54A35A3CW7MHLAVKE3J route=/admin/v1/login method=POST status=200 duration_ms=132 tenant_id=0 actor_id=0
2026/10/04 17:56:28 WARN http request request_id=7VYNUFBXMEOIKXKHMPAOFQQ7E3 route=/admin/v1/products/:product_id/models/:version/publish method=POST status=403 duration_ms=2 tenant_id=9401 actor_id=9402
    product_revocation_http_test.go:91: http method=POST path=/admin/v1/products/2/models/2/publish status=403 response={"error":"forbidden"}
=== RUN   TestM6bProductWritesRejectRevocationAfterMiddleware/publish_model/platform_authority
    product_revocation_http_test.go:39: environment real_timescaledb=2.30.0
[GIN-debug] [WARNING] Running in "debug" mode. Switch to "release" mode in production.
 - using env:	export GIN_MODE=release
 - using code:	gin.SetMode(gin.ReleaseMode)

[GIN-debug] POST   /admin/v1/login           --> git.hyhy.fun/rsplab/iolink/internal/adminapi.(*Server).login-fm (2 handlers)
[GIN-debug] GET    /admin/v1/tenants         --> git.hyhy.fun/rsplab/iolink/internal/adminapi.(*Server).listTenants-fm (3 handlers)
[GIN-debug] PUT    /admin/v1/tenants/:id/status --> git.hyhy.fun/rsplab/iolink/internal/adminapi.(*Server).setTenantStatus-fm (3 handlers)
[GIN-debug] GET    /admin/v1/tenants/:id/members --> git.hyhy.fun/rsplab/iolink/internal/adminapi.(*Server).listTenantMembers-fm (3 handlers)
[GIN-debug] PUT    /admin/v1/tenants/:id/members/:user_id --> git.hyhy.fun/rsplab/iolink/internal/adminapi.(*Server).setTenantMember-fm (3 handlers)
[GIN-debug] POST   /admin/v1/password        --> git.hyhy.fun/rsplab/iolink/internal/adminapi.(*Server).changePassword-fm (3 handlers)
[GIN-debug] GET    /admin/v1/farms           --> git.hyhy.fun/rsplab/iolink/internal/adminapi.(*Server).listFarms-fm (4 handlers)
[GIN-debug] POST   /admin/v1/farms           --> git.hyhy.fun/rsplab/iolink/internal/adminapi.(*Server).createFarm-fm (4 handlers)
[GIN-debug] GET    /admin/v1/users           --> git.hyhy.fun/rsplab/iolink/internal/adminapi.(*Server).listUsers-fm (4 handlers)
[GIN-debug] PUT    /admin/v1/farms/:id       --> git.hyhy.fun/rsplab/iolink/internal/adminapi.(*Server).updateFarm-fm (4 handlers)
[GIN-debug] DELETE /admin/v1/farms/:id       --> git.hyhy.fun/rsplab/iolink/internal/adminapi.(*Server).deleteFarm-fm (4 handlers)
[GIN-debug] PUT    /admin/v1/farms/:id/owner --> git.hyhy.fun/rsplab/iolink/internal/adminapi.(*Server).setFarmOwner-fm (4 handlers)
[GIN-debug] GET    /admin/v1/farms/:id/members --> git.hyhy.fun/rsplab/iolink/internal/adminapi.(*Server).listFarmMembers-fm (4 handlers)
[GIN-debug] PUT    /admin/v1/farms/:id/members/:user_id --> git.hyhy.fun/rsplab/iolink/internal/adminapi.(*Server).setFarmMember-fm (4 handlers)
[GIN-debug] GET    /admin/v1/ponds           --> git.hyhy.fun/rsplab/iolink/internal/adminapi.(*Server).listPonds-fm (4 handlers)
[GIN-debug] POST   /admin/v1/ponds           --> git.hyhy.fun/rsplab/iolink/internal/adminapi.(*Server).createPond-fm (4 handlers)
[GIN-debug] PUT    /admin/v1/ponds/:id       --> git.hyhy.fun/rsplab/iolink/internal/adminapi.(*Server).updatePond-fm (4 handlers)
[GIN-debug] DELETE /admin/v1/ponds/:id       --> git.hyhy.fun/rsplab/iolink/internal/adminapi.(*Server).deletePond-fm (4 handlers)
[GIN-debug] GET    /admin/v1/devices         --> git.hyhy.fun/rsplab/iolink/internal/adminapi.(*Server).listDevices-fm (4 handlers)
[GIN-debug] POST   /admin/v1/devices         --> git.hyhy.fun/rsplab/iolink/internal/adminapi.(*Server).registerDevice-fm (4 handlers)
[GIN-debug] GET    /admin/v1/devices/:device_no --> git.hyhy.fun/rsplab/iolink/internal/adminapi.(*Server).getDevice-fm (4 handlers)
[GIN-debug] DELETE /admin/v1/devices/:device_no --> git.hyhy.fun/rsplab/iolink/internal/adminapi.(*Server).deleteDevice-fm (4 handlers)
[GIN-debug] PUT    /admin/v1/devices/:device_no/pond --> git.hyhy.fun/rsplab/iolink/internal/adminapi.(*Server).moveDevice-fm (4 handlers)
[GIN-debug] GET    /admin/v1/alarm-rules     --> git.hyhy.fun/rsplab/iolink/internal/adminapi.(*Server).listRules-fm (4 handlers)
[GIN-debug] POST   /admin/v1/alarm-rules     --> git.hyhy.fun/rsplab/iolink/internal/adminapi.(*Server).createRule-fm (4 handlers)
[GIN-debug] PUT    /admin/v1/alarm-rules/:id --> git.hyhy.fun/rsplab/iolink/internal/adminapi.(*Server).updateRule-fm (4 handlers)
[GIN-debug] DELETE /admin/v1/alarm-rules/:id --> git.hyhy.fun/rsplab/iolink/internal/adminapi.(*Server).deleteRule-fm (4 handlers)
[GIN-debug] GET    /admin/v1/alarms          --> git.hyhy.fun/rsplab/iolink/internal/adminapi.(*Server).listAlarms-fm (4 handlers)
[GIN-debug] POST   /admin/v1/alarms/:id/confirm --> git.hyhy.fun/rsplab/iolink/internal/adminapi.(*Server).confirmAlarm-fm (4 handlers)
[GIN-debug] POST   /admin/v1/alarms/batch-confirm --> git.hyhy.fun/rsplab/iolink/internal/adminapi.(*Server).batchConfirm-fm (4 handlers)
[GIN-debug] GET    /admin/v1/stats           --> git.hyhy.fun/rsplab/iolink/internal/adminapi.(*Server).stats-fm (4 handlers)
[GIN-debug] GET    /admin/v1/products        --> git.hyhy.fun/rsplab/iolink/internal/adminapi.(*Server).listProducts-fm (4 handlers)
[GIN-debug] POST   /admin/v1/products        --> git.hyhy.fun/rsplab/iolink/internal/adminapi.(*Server).createProduct-fm (4 handlers)
[GIN-debug] GET    /admin/v1/products/:product_id/models --> git.hyhy.fun/rsplab/iolink/internal/adminapi.(*Server).listProductModels-fm (4 handlers)
[GIN-debug] POST   /admin/v1/products/:product_id/models --> git.hyhy.fun/rsplab/iolink/internal/adminapi.(*Server).createProductModel-fm (4 handlers)
[GIN-debug] POST   /admin/v1/products/:product_id/models/:version/publish --> git.hyhy.fun/rsplab/iolink/internal/adminapi.(*Server).publishProductModel-fm (4 handlers)
[GIN-debug] GET    /admin/v1/devices/:device_no/product --> git.hyhy.fun/rsplab/iolink/internal/adminapi.(*Server).getDeviceProduct-fm (4 handlers)
[GIN-debug] PUT    /admin/v1/devices/:device_no/product --> git.hyhy.fun/rsplab/iolink/internal/adminapi.(*Server).assignDeviceProduct-fm (4 handlers)
2026/10/04 17:56:29 INFO http request request_id=TI5EBGNCZHYXNMEDBQVBWKR6EZ route=/admin/v1/login method=POST status=200 duration_ms=131 tenant_id=0 actor_id=0
2026/10/04 17:56:29 WARN http request request_id=DRFL63EKHK6HOCFVID5DOA6CDO route=/admin/v1/products/:product_id/models/:version/publish method=POST status=403 duration_ms=3 tenant_id=9401 actor_id=9402
    product_revocation_http_test.go:91: http method=POST path=/admin/v1/products/2/models/2/publish status=403 response={"error":"forbidden"}
=== RUN   TestM6bProductWritesRejectRevocationAfterMiddleware/publish_model/permission_version
    product_revocation_http_test.go:39: environment real_timescaledb=2.30.0
[GIN-debug] [WARNING] Running in "debug" mode. Switch to "release" mode in production.
 - using env:	export GIN_MODE=release
 - using code:	gin.SetMode(gin.ReleaseMode)

[GIN-debug] POST   /admin/v1/login           --> git.hyhy.fun/rsplab/iolink/internal/adminapi.(*Server).login-fm (2 handlers)
[GIN-debug] GET    /admin/v1/tenants         --> git.hyhy.fun/rsplab/iolink/internal/adminapi.(*Server).listTenants-fm (3 handlers)
[GIN-debug] PUT    /admin/v1/tenants/:id/status --> git.hyhy.fun/rsplab/iolink/internal/adminapi.(*Server).setTenantStatus-fm (3 handlers)
[GIN-debug] GET    /admin/v1/tenants/:id/members --> git.hyhy.fun/rsplab/iolink/internal/adminapi.(*Server).listTenantMembers-fm (3 handlers)
[GIN-debug] PUT    /admin/v1/tenants/:id/members/:user_id --> git.hyhy.fun/rsplab/iolink/internal/adminapi.(*Server).setTenantMember-fm (3 handlers)
[GIN-debug] POST   /admin/v1/password        --> git.hyhy.fun/rsplab/iolink/internal/adminapi.(*Server).changePassword-fm (3 handlers)
[GIN-debug] GET    /admin/v1/farms           --> git.hyhy.fun/rsplab/iolink/internal/adminapi.(*Server).listFarms-fm (4 handlers)
[GIN-debug] POST   /admin/v1/farms           --> git.hyhy.fun/rsplab/iolink/internal/adminapi.(*Server).createFarm-fm (4 handlers)
[GIN-debug] GET    /admin/v1/users           --> git.hyhy.fun/rsplab/iolink/internal/adminapi.(*Server).listUsers-fm (4 handlers)
[GIN-debug] PUT    /admin/v1/farms/:id       --> git.hyhy.fun/rsplab/iolink/internal/adminapi.(*Server).updateFarm-fm (4 handlers)
[GIN-debug] DELETE /admin/v1/farms/:id       --> git.hyhy.fun/rsplab/iolink/internal/adminapi.(*Server).deleteFarm-fm (4 handlers)
[GIN-debug] PUT    /admin/v1/farms/:id/owner --> git.hyhy.fun/rsplab/iolink/internal/adminapi.(*Server).setFarmOwner-fm (4 handlers)
[GIN-debug] GET    /admin/v1/farms/:id/members --> git.hyhy.fun/rsplab/iolink/internal/adminapi.(*Server).listFarmMembers-fm (4 handlers)
[GIN-debug] PUT    /admin/v1/farms/:id/members/:user_id --> git.hyhy.fun/rsplab/iolink/internal/adminapi.(*Server).setFarmMember-fm (4 handlers)
[GIN-debug] GET    /admin/v1/ponds           --> git.hyhy.fun/rsplab/iolink/internal/adminapi.(*Server).listPonds-fm (4 handlers)
[GIN-debug] POST   /admin/v1/ponds           --> git.hyhy.fun/rsplab/iolink/internal/adminapi.(*Server).createPond-fm (4 handlers)
[GIN-debug] PUT    /admin/v1/ponds/:id       --> git.hyhy.fun/rsplab/iolink/internal/adminapi.(*Server).updatePond-fm (4 handlers)
[GIN-debug] DELETE /admin/v1/ponds/:id       --> git.hyhy.fun/rsplab/iolink/internal/adminapi.(*Server).deletePond-fm (4 handlers)
[GIN-debug] GET    /admin/v1/devices         --> git.hyhy.fun/rsplab/iolink/internal/adminapi.(*Server).listDevices-fm (4 handlers)
[GIN-debug] POST   /admin/v1/devices         --> git.hyhy.fun/rsplab/iolink/internal/adminapi.(*Server).registerDevice-fm (4 handlers)
[GIN-debug] GET    /admin/v1/devices/:device_no --> git.hyhy.fun/rsplab/iolink/internal/adminapi.(*Server).getDevice-fm (4 handlers)
[GIN-debug] DELETE /admin/v1/devices/:device_no --> git.hyhy.fun/rsplab/iolink/internal/adminapi.(*Server).deleteDevice-fm (4 handlers)
[GIN-debug] PUT    /admin/v1/devices/:device_no/pond --> git.hyhy.fun/rsplab/iolink/internal/adminapi.(*Server).moveDevice-fm (4 handlers)
[GIN-debug] GET    /admin/v1/alarm-rules     --> git.hyhy.fun/rsplab/iolink/internal/adminapi.(*Server).listRules-fm (4 handlers)
[GIN-debug] POST   /admin/v1/alarm-rules     --> git.hyhy.fun/rsplab/iolink/internal/adminapi.(*Server).createRule-fm (4 handlers)
[GIN-debug] PUT    /admin/v1/alarm-rules/:id --> git.hyhy.fun/rsplab/iolink/internal/adminapi.(*Server).updateRule-fm (4 handlers)
[GIN-debug] DELETE /admin/v1/alarm-rules/:id --> git.hyhy.fun/rsplab/iolink/internal/adminapi.(*Server).deleteRule-fm (4 handlers)
[GIN-debug] GET    /admin/v1/alarms          --> git.hyhy.fun/rsplab/iolink/internal/adminapi.(*Server).listAlarms-fm (4 handlers)
[GIN-debug] POST   /admin/v1/alarms/:id/confirm --> git.hyhy.fun/rsplab/iolink/internal/adminapi.(*Server).confirmAlarm-fm (4 handlers)
[GIN-debug] POST   /admin/v1/alarms/batch-confirm --> git.hyhy.fun/rsplab/iolink/internal/adminapi.(*Server).batchConfirm-fm (4 handlers)
[GIN-debug] GET    /admin/v1/stats           --> git.hyhy.fun/rsplab/iolink/internal/adminapi.(*Server).stats-fm (4 handlers)
[GIN-debug] GET    /admin/v1/products        --> git.hyhy.fun/rsplab/iolink/internal/adminapi.(*Server).listProducts-fm (4 handlers)
[GIN-debug] POST   /admin/v1/products        --> git.hyhy.fun/rsplab/iolink/internal/adminapi.(*Server).createProduct-fm (4 handlers)
[GIN-debug] GET    /admin/v1/products/:product_id/models --> git.hyhy.fun/rsplab/iolink/internal/adminapi.(*Server).listProductModels-fm (4 handlers)
[GIN-debug] POST   /admin/v1/products/:product_id/models --> git.hyhy.fun/rsplab/iolink/internal/adminapi.(*Server).createProductModel-fm (4 handlers)
[GIN-debug] POST   /admin/v1/products/:product_id/models/:version/publish --> git.hyhy.fun/rsplab/iolink/internal/adminapi.(*Server).publishProductModel-fm (4 handlers)
[GIN-debug] GET    /admin/v1/devices/:device_no/product --> git.hyhy.fun/rsplab/iolink/internal/adminapi.(*Server).getDeviceProduct-fm (4 handlers)
[GIN-debug] PUT    /admin/v1/devices/:device_no/product --> git.hyhy.fun/rsplab/iolink/internal/adminapi.(*Server).assignDeviceProduct-fm (4 handlers)
2026/10/04 17:56:30 INFO http request request_id=KAX4U74HOPANJ3SD5N4GGTMUWE route=/admin/v1/login method=POST status=200 duration_ms=136 tenant_id=0 actor_id=0
2026/10/04 17:56:30 WARN http request request_id=MVFATY75QYGTLJBXZW2FNFQSAN route=/admin/v1/products/:product_id/models/:version/publish method=POST status=403 duration_ms=3 tenant_id=9401 actor_id=9402
    product_revocation_http_test.go:91: http method=POST path=/admin/v1/products/2/models/2/publish status=403 response={"error":"forbidden"}
=== RUN   TestM6bProductWritesRejectRevocationAfterMiddleware/assign_device/role
    product_revocation_http_test.go:39: environment real_timescaledb=2.30.0
[GIN-debug] [WARNING] Running in "debug" mode. Switch to "release" mode in production.
 - using env:	export GIN_MODE=release
 - using code:	gin.SetMode(gin.ReleaseMode)

[GIN-debug] POST   /admin/v1/login           --> git.hyhy.fun/rsplab/iolink/internal/adminapi.(*Server).login-fm (2 handlers)
[GIN-debug] GET    /admin/v1/tenants         --> git.hyhy.fun/rsplab/iolink/internal/adminapi.(*Server).listTenants-fm (3 handlers)
[GIN-debug] PUT    /admin/v1/tenants/:id/status --> git.hyhy.fun/rsplab/iolink/internal/adminapi.(*Server).setTenantStatus-fm (3 handlers)
[GIN-debug] GET    /admin/v1/tenants/:id/members --> git.hyhy.fun/rsplab/iolink/internal/adminapi.(*Server).listTenantMembers-fm (3 handlers)
[GIN-debug] PUT    /admin/v1/tenants/:id/members/:user_id --> git.hyhy.fun/rsplab/iolink/internal/adminapi.(*Server).setTenantMember-fm (3 handlers)
[GIN-debug] POST   /admin/v1/password        --> git.hyhy.fun/rsplab/iolink/internal/adminapi.(*Server).changePassword-fm (3 handlers)
[GIN-debug] GET    /admin/v1/farms           --> git.hyhy.fun/rsplab/iolink/internal/adminapi.(*Server).listFarms-fm (4 handlers)
[GIN-debug] POST   /admin/v1/farms           --> git.hyhy.fun/rsplab/iolink/internal/adminapi.(*Server).createFarm-fm (4 handlers)
[GIN-debug] GET    /admin/v1/users           --> git.hyhy.fun/rsplab/iolink/internal/adminapi.(*Server).listUsers-fm (4 handlers)
[GIN-debug] PUT    /admin/v1/farms/:id       --> git.hyhy.fun/rsplab/iolink/internal/adminapi.(*Server).updateFarm-fm (4 handlers)
[GIN-debug] DELETE /admin/v1/farms/:id       --> git.hyhy.fun/rsplab/iolink/internal/adminapi.(*Server).deleteFarm-fm (4 handlers)
[GIN-debug] PUT    /admin/v1/farms/:id/owner --> git.hyhy.fun/rsplab/iolink/internal/adminapi.(*Server).setFarmOwner-fm (4 handlers)
[GIN-debug] GET    /admin/v1/farms/:id/members --> git.hyhy.fun/rsplab/iolink/internal/adminapi.(*Server).listFarmMembers-fm (4 handlers)
[GIN-debug] PUT    /admin/v1/farms/:id/members/:user_id --> git.hyhy.fun/rsplab/iolink/internal/adminapi.(*Server).setFarmMember-fm (4 handlers)
[GIN-debug] GET    /admin/v1/ponds           --> git.hyhy.fun/rsplab/iolink/internal/adminapi.(*Server).listPonds-fm (4 handlers)
[GIN-debug] POST   /admin/v1/ponds           --> git.hyhy.fun/rsplab/iolink/internal/adminapi.(*Server).createPond-fm (4 handlers)
[GIN-debug] PUT    /admin/v1/ponds/:id       --> git.hyhy.fun/rsplab/iolink/internal/adminapi.(*Server).updatePond-fm (4 handlers)
[GIN-debug] DELETE /admin/v1/ponds/:id       --> git.hyhy.fun/rsplab/iolink/internal/adminapi.(*Server).deletePond-fm (4 handlers)
[GIN-debug] GET    /admin/v1/devices         --> git.hyhy.fun/rsplab/iolink/internal/adminapi.(*Server).listDevices-fm (4 handlers)
[GIN-debug] POST   /admin/v1/devices         --> git.hyhy.fun/rsplab/iolink/internal/adminapi.(*Server).registerDevice-fm (4 handlers)
[GIN-debug] GET    /admin/v1/devices/:device_no --> git.hyhy.fun/rsplab/iolink/internal/adminapi.(*Server).getDevice-fm (4 handlers)
[GIN-debug] DELETE /admin/v1/devices/:device_no --> git.hyhy.fun/rsplab/iolink/internal/adminapi.(*Server).deleteDevice-fm (4 handlers)
[GIN-debug] PUT    /admin/v1/devices/:device_no/pond --> git.hyhy.fun/rsplab/iolink/internal/adminapi.(*Server).moveDevice-fm (4 handlers)
[GIN-debug] GET    /admin/v1/alarm-rules     --> git.hyhy.fun/rsplab/iolink/internal/adminapi.(*Server).listRules-fm (4 handlers)
[GIN-debug] POST   /admin/v1/alarm-rules     --> git.hyhy.fun/rsplab/iolink/internal/adminapi.(*Server).createRule-fm (4 handlers)
[GIN-debug] PUT    /admin/v1/alarm-rules/:id --> git.hyhy.fun/rsplab/iolink/internal/adminapi.(*Server).updateRule-fm (4 handlers)
[GIN-debug] DELETE /admin/v1/alarm-rules/:id --> git.hyhy.fun/rsplab/iolink/internal/adminapi.(*Server).deleteRule-fm (4 handlers)
[GIN-debug] GET    /admin/v1/alarms          --> git.hyhy.fun/rsplab/iolink/internal/adminapi.(*Server).listAlarms-fm (4 handlers)
[GIN-debug] POST   /admin/v1/alarms/:id/confirm --> git.hyhy.fun/rsplab/iolink/internal/adminapi.(*Server).confirmAlarm-fm (4 handlers)
[GIN-debug] POST   /admin/v1/alarms/batch-confirm --> git.hyhy.fun/rsplab/iolink/internal/adminapi.(*Server).batchConfirm-fm (4 handlers)
[GIN-debug] GET    /admin/v1/stats           --> git.hyhy.fun/rsplab/iolink/internal/adminapi.(*Server).stats-fm (4 handlers)
[GIN-debug] GET    /admin/v1/products        --> git.hyhy.fun/rsplab/iolink/internal/adminapi.(*Server).listProducts-fm (4 handlers)
[GIN-debug] POST   /admin/v1/products        --> git.hyhy.fun/rsplab/iolink/internal/adminapi.(*Server).createProduct-fm (4 handlers)
[GIN-debug] GET    /admin/v1/products/:product_id/models --> git.hyhy.fun/rsplab/iolink/internal/adminapi.(*Server).listProductModels-fm (4 handlers)
[GIN-debug] POST   /admin/v1/products/:product_id/models --> git.hyhy.fun/rsplab/iolink/internal/adminapi.(*Server).createProductModel-fm (4 handlers)
[GIN-debug] POST   /admin/v1/products/:product_id/models/:version/publish --> git.hyhy.fun/rsplab/iolink/internal/adminapi.(*Server).publishProductModel-fm (4 handlers)
[GIN-debug] GET    /admin/v1/devices/:device_no/product --> git.hyhy.fun/rsplab/iolink/internal/adminapi.(*Server).getDeviceProduct-fm (4 handlers)
[GIN-debug] PUT    /admin/v1/devices/:device_no/product --> git.hyhy.fun/rsplab/iolink/internal/adminapi.(*Server).assignDeviceProduct-fm (4 handlers)
2026/10/04 17:56:30 INFO http request request_id=XTQJST4GDHYSIKPFXGNJPVGIEF route=/admin/v1/login method=POST status=200 duration_ms=134 tenant_id=0 actor_id=0
2026/10/04 17:56:30 WARN http request request_id=6ZBXVX2ZGXUKEJR327ZP6GLITZ route=/admin/v1/devices/:device_no/product method=PUT status=403 duration_ms=3 tenant_id=9401 actor_id=9402
    product_revocation_http_test.go:91: http method=PUT path=/admin/v1/devices/v2-permission/product status=403 response={"error":"forbidden"}
=== RUN   TestM6bProductWritesRejectRevocationAfterMiddleware/assign_device/membership
    product_revocation_http_test.go:39: environment real_timescaledb=2.30.0
[GIN-debug] [WARNING] Running in "debug" mode. Switch to "release" mode in production.
 - using env:	export GIN_MODE=release
 - using code:	gin.SetMode(gin.ReleaseMode)

[GIN-debug] POST   /admin/v1/login           --> git.hyhy.fun/rsplab/iolink/internal/adminapi.(*Server).login-fm (2 handlers)
[GIN-debug] GET    /admin/v1/tenants         --> git.hyhy.fun/rsplab/iolink/internal/adminapi.(*Server).listTenants-fm (3 handlers)
[GIN-debug] PUT    /admin/v1/tenants/:id/status --> git.hyhy.fun/rsplab/iolink/internal/adminapi.(*Server).setTenantStatus-fm (3 handlers)
[GIN-debug] GET    /admin/v1/tenants/:id/members --> git.hyhy.fun/rsplab/iolink/internal/adminapi.(*Server).listTenantMembers-fm (3 handlers)
[GIN-debug] PUT    /admin/v1/tenants/:id/members/:user_id --> git.hyhy.fun/rsplab/iolink/internal/adminapi.(*Server).setTenantMember-fm (3 handlers)
[GIN-debug] POST   /admin/v1/password        --> git.hyhy.fun/rsplab/iolink/internal/adminapi.(*Server).changePassword-fm (3 handlers)
[GIN-debug] GET    /admin/v1/farms           --> git.hyhy.fun/rsplab/iolink/internal/adminapi.(*Server).listFarms-fm (4 handlers)
[GIN-debug] POST   /admin/v1/farms           --> git.hyhy.fun/rsplab/iolink/internal/adminapi.(*Server).createFarm-fm (4 handlers)
[GIN-debug] GET    /admin/v1/users           --> git.hyhy.fun/rsplab/iolink/internal/adminapi.(*Server).listUsers-fm (4 handlers)
[GIN-debug] PUT    /admin/v1/farms/:id       --> git.hyhy.fun/rsplab/iolink/internal/adminapi.(*Server).updateFarm-fm (4 handlers)
[GIN-debug] DELETE /admin/v1/farms/:id       --> git.hyhy.fun/rsplab/iolink/internal/adminapi.(*Server).deleteFarm-fm (4 handlers)
[GIN-debug] PUT    /admin/v1/farms/:id/owner --> git.hyhy.fun/rsplab/iolink/internal/adminapi.(*Server).setFarmOwner-fm (4 handlers)
[GIN-debug] GET    /admin/v1/farms/:id/members --> git.hyhy.fun/rsplab/iolink/internal/adminapi.(*Server).listFarmMembers-fm (4 handlers)
[GIN-debug] PUT    /admin/v1/farms/:id/members/:user_id --> git.hyhy.fun/rsplab/iolink/internal/adminapi.(*Server).setFarmMember-fm (4 handlers)
[GIN-debug] GET    /admin/v1/ponds           --> git.hyhy.fun/rsplab/iolink/internal/adminapi.(*Server).listPonds-fm (4 handlers)
[GIN-debug] POST   /admin/v1/ponds           --> git.hyhy.fun/rsplab/iolink/internal/adminapi.(*Server).createPond-fm (4 handlers)
[GIN-debug] PUT    /admin/v1/ponds/:id       --> git.hyhy.fun/rsplab/iolink/internal/adminapi.(*Server).updatePond-fm (4 handlers)
[GIN-debug] DELETE /admin/v1/ponds/:id       --> git.hyhy.fun/rsplab/iolink/internal/adminapi.(*Server).deletePond-fm (4 handlers)
[GIN-debug] GET    /admin/v1/devices         --> git.hyhy.fun/rsplab/iolink/internal/adminapi.(*Server).listDevices-fm (4 handlers)
[GIN-debug] POST   /admin/v1/devices         --> git.hyhy.fun/rsplab/iolink/internal/adminapi.(*Server).registerDevice-fm (4 handlers)
[GIN-debug] GET    /admin/v1/devices/:device_no --> git.hyhy.fun/rsplab/iolink/internal/adminapi.(*Server).getDevice-fm (4 handlers)
[GIN-debug] DELETE /admin/v1/devices/:device_no --> git.hyhy.fun/rsplab/iolink/internal/adminapi.(*Server).deleteDevice-fm (4 handlers)
[GIN-debug] PUT    /admin/v1/devices/:device_no/pond --> git.hyhy.fun/rsplab/iolink/internal/adminapi.(*Server).moveDevice-fm (4 handlers)
[GIN-debug] GET    /admin/v1/alarm-rules     --> git.hyhy.fun/rsplab/iolink/internal/adminapi.(*Server).listRules-fm (4 handlers)
[GIN-debug] POST   /admin/v1/alarm-rules     --> git.hyhy.fun/rsplab/iolink/internal/adminapi.(*Server).createRule-fm (4 handlers)
[GIN-debug] PUT    /admin/v1/alarm-rules/:id --> git.hyhy.fun/rsplab/iolink/internal/adminapi.(*Server).updateRule-fm (4 handlers)
[GIN-debug] DELETE /admin/v1/alarm-rules/:id --> git.hyhy.fun/rsplab/iolink/internal/adminapi.(*Server).deleteRule-fm (4 handlers)
[GIN-debug] GET    /admin/v1/alarms          --> git.hyhy.fun/rsplab/iolink/internal/adminapi.(*Server).listAlarms-fm (4 handlers)
[GIN-debug] POST   /admin/v1/alarms/:id/confirm --> git.hyhy.fun/rsplab/iolink/internal/adminapi.(*Server).confirmAlarm-fm (4 handlers)
[GIN-debug] POST   /admin/v1/alarms/batch-confirm --> git.hyhy.fun/rsplab/iolink/internal/adminapi.(*Server).batchConfirm-fm (4 handlers)
[GIN-debug] GET    /admin/v1/stats           --> git.hyhy.fun/rsplab/iolink/internal/adminapi.(*Server).stats-fm (4 handlers)
[GIN-debug] GET    /admin/v1/products        --> git.hyhy.fun/rsplab/iolink/internal/adminapi.(*Server).listProducts-fm (4 handlers)
[GIN-debug] POST   /admin/v1/products        --> git.hyhy.fun/rsplab/iolink/internal/adminapi.(*Server).createProduct-fm (4 handlers)
[GIN-debug] GET    /admin/v1/products/:product_id/models --> git.hyhy.fun/rsplab/iolink/internal/adminapi.(*Server).listProductModels-fm (4 handlers)
[GIN-debug] POST   /admin/v1/products/:product_id/models --> git.hyhy.fun/rsplab/iolink/internal/adminapi.(*Server).createProductModel-fm (4 handlers)
[GIN-debug] POST   /admin/v1/products/:product_id/models/:version/publish --> git.hyhy.fun/rsplab/iolink/internal/adminapi.(*Server).publishProductModel-fm (4 handlers)
[GIN-debug] GET    /admin/v1/devices/:device_no/product --> git.hyhy.fun/rsplab/iolink/internal/adminapi.(*Server).getDeviceProduct-fm (4 handlers)
[GIN-debug] PUT    /admin/v1/devices/:device_no/product --> git.hyhy.fun/rsplab/iolink/internal/adminapi.(*Server).assignDeviceProduct-fm (4 handlers)
2026/10/04 17:56:31 INFO http request request_id=OE63SHHV2N3YAWV6RCLBB25ZWM route=/admin/v1/login method=POST status=200 duration_ms=142 tenant_id=0 actor_id=0
2026/10/04 17:56:31 WARN http request request_id=D77FXXRXS7AP433NHGNJTB4DDT route=/admin/v1/devices/:device_no/product method=PUT status=403 duration_ms=3 tenant_id=9401 actor_id=9402
    product_revocation_http_test.go:91: http method=PUT path=/admin/v1/devices/v2-permission/product status=403 response={"error":"forbidden"}
=== RUN   TestM6bProductWritesRejectRevocationAfterMiddleware/assign_device/tenant
    product_revocation_http_test.go:39: environment real_timescaledb=2.30.0
[GIN-debug] [WARNING] Running in "debug" mode. Switch to "release" mode in production.
 - using env:	export GIN_MODE=release
 - using code:	gin.SetMode(gin.ReleaseMode)

[GIN-debug] POST   /admin/v1/login           --> git.hyhy.fun/rsplab/iolink/internal/adminapi.(*Server).login-fm (2 handlers)
[GIN-debug] GET    /admin/v1/tenants         --> git.hyhy.fun/rsplab/iolink/internal/adminapi.(*Server).listTenants-fm (3 handlers)
[GIN-debug] PUT    /admin/v1/tenants/:id/status --> git.hyhy.fun/rsplab/iolink/internal/adminapi.(*Server).setTenantStatus-fm (3 handlers)
[GIN-debug] GET    /admin/v1/tenants/:id/members --> git.hyhy.fun/rsplab/iolink/internal/adminapi.(*Server).listTenantMembers-fm (3 handlers)
[GIN-debug] PUT    /admin/v1/tenants/:id/members/:user_id --> git.hyhy.fun/rsplab/iolink/internal/adminapi.(*Server).setTenantMember-fm (3 handlers)
[GIN-debug] POST   /admin/v1/password        --> git.hyhy.fun/rsplab/iolink/internal/adminapi.(*Server).changePassword-fm (3 handlers)
[GIN-debug] GET    /admin/v1/farms           --> git.hyhy.fun/rsplab/iolink/internal/adminapi.(*Server).listFarms-fm (4 handlers)
[GIN-debug] POST   /admin/v1/farms           --> git.hyhy.fun/rsplab/iolink/internal/adminapi.(*Server).createFarm-fm (4 handlers)
[GIN-debug] GET    /admin/v1/users           --> git.hyhy.fun/rsplab/iolink/internal/adminapi.(*Server).listUsers-fm (4 handlers)
[GIN-debug] PUT    /admin/v1/farms/:id       --> git.hyhy.fun/rsplab/iolink/internal/adminapi.(*Server).updateFarm-fm (4 handlers)
[GIN-debug] DELETE /admin/v1/farms/:id       --> git.hyhy.fun/rsplab/iolink/internal/adminapi.(*Server).deleteFarm-fm (4 handlers)
[GIN-debug] PUT    /admin/v1/farms/:id/owner --> git.hyhy.fun/rsplab/iolink/internal/adminapi.(*Server).setFarmOwner-fm (4 handlers)
[GIN-debug] GET    /admin/v1/farms/:id/members --> git.hyhy.fun/rsplab/iolink/internal/adminapi.(*Server).listFarmMembers-fm (4 handlers)
[GIN-debug] PUT    /admin/v1/farms/:id/members/:user_id --> git.hyhy.fun/rsplab/iolink/internal/adminapi.(*Server).setFarmMember-fm (4 handlers)
[GIN-debug] GET    /admin/v1/ponds           --> git.hyhy.fun/rsplab/iolink/internal/adminapi.(*Server).listPonds-fm (4 handlers)
[GIN-debug] POST   /admin/v1/ponds           --> git.hyhy.fun/rsplab/iolink/internal/adminapi.(*Server).createPond-fm (4 handlers)
[GIN-debug] PUT    /admin/v1/ponds/:id       --> git.hyhy.fun/rsplab/iolink/internal/adminapi.(*Server).updatePond-fm (4 handlers)
[GIN-debug] DELETE /admin/v1/ponds/:id       --> git.hyhy.fun/rsplab/iolink/internal/adminapi.(*Server).deletePond-fm (4 handlers)
[GIN-debug] GET    /admin/v1/devices         --> git.hyhy.fun/rsplab/iolink/internal/adminapi.(*Server).listDevices-fm (4 handlers)
[GIN-debug] POST   /admin/v1/devices         --> git.hyhy.fun/rsplab/iolink/internal/adminapi.(*Server).registerDevice-fm (4 handlers)
[GIN-debug] GET    /admin/v1/devices/:device_no --> git.hyhy.fun/rsplab/iolink/internal/adminapi.(*Server).getDevice-fm (4 handlers)
[GIN-debug] DELETE /admin/v1/devices/:device_no --> git.hyhy.fun/rsplab/iolink/internal/adminapi.(*Server).deleteDevice-fm (4 handlers)
[GIN-debug] PUT    /admin/v1/devices/:device_no/pond --> git.hyhy.fun/rsplab/iolink/internal/adminapi.(*Server).moveDevice-fm (4 handlers)
[GIN-debug] GET    /admin/v1/alarm-rules     --> git.hyhy.fun/rsplab/iolink/internal/adminapi.(*Server).listRules-fm (4 handlers)
[GIN-debug] POST   /admin/v1/alarm-rules     --> git.hyhy.fun/rsplab/iolink/internal/adminapi.(*Server).createRule-fm (4 handlers)
[GIN-debug] PUT    /admin/v1/alarm-rules/:id --> git.hyhy.fun/rsplab/iolink/internal/adminapi.(*Server).updateRule-fm (4 handlers)
[GIN-debug] DELETE /admin/v1/alarm-rules/:id --> git.hyhy.fun/rsplab/iolink/internal/adminapi.(*Server).deleteRule-fm (4 handlers)
[GIN-debug] GET    /admin/v1/alarms          --> git.hyhy.fun/rsplab/iolink/internal/adminapi.(*Server).listAlarms-fm (4 handlers)
[GIN-debug] POST   /admin/v1/alarms/:id/confirm --> git.hyhy.fun/rsplab/iolink/internal/adminapi.(*Server).confirmAlarm-fm (4 handlers)
[GIN-debug] POST   /admin/v1/alarms/batch-confirm --> git.hyhy.fun/rsplab/iolink/internal/adminapi.(*Server).batchConfirm-fm (4 handlers)
[GIN-debug] GET    /admin/v1/stats           --> git.hyhy.fun/rsplab/iolink/internal/adminapi.(*Server).stats-fm (4 handlers)
[GIN-debug] GET    /admin/v1/products        --> git.hyhy.fun/rsplab/iolink/internal/adminapi.(*Server).listProducts-fm (4 handlers)
[GIN-debug] POST   /admin/v1/products        --> git.hyhy.fun/rsplab/iolink/internal/adminapi.(*Server).createProduct-fm (4 handlers)
[GIN-debug] GET    /admin/v1/products/:product_id/models --> git.hyhy.fun/rsplab/iolink/internal/adminapi.(*Server).listProductModels-fm (4 handlers)
[GIN-debug] POST   /admin/v1/products/:product_id/models --> git.hyhy.fun/rsplab/iolink/internal/adminapi.(*Server).createProductModel-fm (4 handlers)
[GIN-debug] POST   /admin/v1/products/:product_id/models/:version/publish --> git.hyhy.fun/rsplab/iolink/internal/adminapi.(*Server).publishProductModel-fm (4 handlers)
[GIN-debug] GET    /admin/v1/devices/:device_no/product --> git.hyhy.fun/rsplab/iolink/internal/adminapi.(*Server).getDeviceProduct-fm (4 handlers)
[GIN-debug] PUT    /admin/v1/devices/:device_no/product --> git.hyhy.fun/rsplab/iolink/internal/adminapi.(*Server).assignDeviceProduct-fm (4 handlers)
2026/10/04 17:56:32 INFO http request request_id=RTVAAN2GUXRIXUNXEQ7GQOZ3X5 route=/admin/v1/login method=POST status=200 duration_ms=132 tenant_id=0 actor_id=0
2026/10/04 17:56:32 WARN http request request_id=BEIG77DWGVP3HZPOCYDUGBINDC route=/admin/v1/devices/:device_no/product method=PUT status=403 duration_ms=2 tenant_id=9401 actor_id=9402
    product_revocation_http_test.go:91: http method=PUT path=/admin/v1/devices/v2-permission/product status=403 response={"error":"forbidden"}
=== RUN   TestM6bProductWritesRejectRevocationAfterMiddleware/assign_device/platform_authority
    product_revocation_http_test.go:39: environment real_timescaledb=2.30.0
[GIN-debug] [WARNING] Running in "debug" mode. Switch to "release" mode in production.
 - using env:	export GIN_MODE=release
 - using code:	gin.SetMode(gin.ReleaseMode)

[GIN-debug] POST   /admin/v1/login           --> git.hyhy.fun/rsplab/iolink/internal/adminapi.(*Server).login-fm (2 handlers)
[GIN-debug] GET    /admin/v1/tenants         --> git.hyhy.fun/rsplab/iolink/internal/adminapi.(*Server).listTenants-fm (3 handlers)
[GIN-debug] PUT    /admin/v1/tenants/:id/status --> git.hyhy.fun/rsplab/iolink/internal/adminapi.(*Server).setTenantStatus-fm (3 handlers)
[GIN-debug] GET    /admin/v1/tenants/:id/members --> git.hyhy.fun/rsplab/iolink/internal/adminapi.(*Server).listTenantMembers-fm (3 handlers)
[GIN-debug] PUT    /admin/v1/tenants/:id/members/:user_id --> git.hyhy.fun/rsplab/iolink/internal/adminapi.(*Server).setTenantMember-fm (3 handlers)
[GIN-debug] POST   /admin/v1/password        --> git.hyhy.fun/rsplab/iolink/internal/adminapi.(*Server).changePassword-fm (3 handlers)
[GIN-debug] GET    /admin/v1/farms           --> git.hyhy.fun/rsplab/iolink/internal/adminapi.(*Server).listFarms-fm (4 handlers)
[GIN-debug] POST   /admin/v1/farms           --> git.hyhy.fun/rsplab/iolink/internal/adminapi.(*Server).createFarm-fm (4 handlers)
[GIN-debug] GET    /admin/v1/users           --> git.hyhy.fun/rsplab/iolink/internal/adminapi.(*Server).listUsers-fm (4 handlers)
[GIN-debug] PUT    /admin/v1/farms/:id       --> git.hyhy.fun/rsplab/iolink/internal/adminapi.(*Server).updateFarm-fm (4 handlers)
[GIN-debug] DELETE /admin/v1/farms/:id       --> git.hyhy.fun/rsplab/iolink/internal/adminapi.(*Server).deleteFarm-fm (4 handlers)
[GIN-debug] PUT    /admin/v1/farms/:id/owner --> git.hyhy.fun/rsplab/iolink/internal/adminapi.(*Server).setFarmOwner-fm (4 handlers)
[GIN-debug] GET    /admin/v1/farms/:id/members --> git.hyhy.fun/rsplab/iolink/internal/adminapi.(*Server).listFarmMembers-fm (4 handlers)
[GIN-debug] PUT    /admin/v1/farms/:id/members/:user_id --> git.hyhy.fun/rsplab/iolink/internal/adminapi.(*Server).setFarmMember-fm (4 handlers)
[GIN-debug] GET    /admin/v1/ponds           --> git.hyhy.fun/rsplab/iolink/internal/adminapi.(*Server).listPonds-fm (4 handlers)
[GIN-debug] POST   /admin/v1/ponds           --> git.hyhy.fun/rsplab/iolink/internal/adminapi.(*Server).createPond-fm (4 handlers)
[GIN-debug] PUT    /admin/v1/ponds/:id       --> git.hyhy.fun/rsplab/iolink/internal/adminapi.(*Server).updatePond-fm (4 handlers)
[GIN-debug] DELETE /admin/v1/ponds/:id       --> git.hyhy.fun/rsplab/iolink/internal/adminapi.(*Server).deletePond-fm (4 handlers)
[GIN-debug] GET    /admin/v1/devices         --> git.hyhy.fun/rsplab/iolink/internal/adminapi.(*Server).listDevices-fm (4 handlers)
[GIN-debug] POST   /admin/v1/devices         --> git.hyhy.fun/rsplab/iolink/internal/adminapi.(*Server).registerDevice-fm (4 handlers)
[GIN-debug] GET    /admin/v1/devices/:device_no --> git.hyhy.fun/rsplab/iolink/internal/adminapi.(*Server).getDevice-fm (4 handlers)
[GIN-debug] DELETE /admin/v1/devices/:device_no --> git.hyhy.fun/rsplab/iolink/internal/adminapi.(*Server).deleteDevice-fm (4 handlers)
[GIN-debug] PUT    /admin/v1/devices/:device_no/pond --> git.hyhy.fun/rsplab/iolink/internal/adminapi.(*Server).moveDevice-fm (4 handlers)
[GIN-debug] GET    /admin/v1/alarm-rules     --> git.hyhy.fun/rsplab/iolink/internal/adminapi.(*Server).listRules-fm (4 handlers)
[GIN-debug] POST   /admin/v1/alarm-rules     --> git.hyhy.fun/rsplab/iolink/internal/adminapi.(*Server).createRule-fm (4 handlers)
[GIN-debug] PUT    /admin/v1/alarm-rules/:id --> git.hyhy.fun/rsplab/iolink/internal/adminapi.(*Server).updateRule-fm (4 handlers)
[GIN-debug] DELETE /admin/v1/alarm-rules/:id --> git.hyhy.fun/rsplab/iolink/internal/adminapi.(*Server).deleteRule-fm (4 handlers)
[GIN-debug] GET    /admin/v1/alarms          --> git.hyhy.fun/rsplab/iolink/internal/adminapi.(*Server).listAlarms-fm (4 handlers)
[GIN-debug] POST   /admin/v1/alarms/:id/confirm --> git.hyhy.fun/rsplab/iolink/internal/adminapi.(*Server).confirmAlarm-fm (4 handlers)
[GIN-debug] POST   /admin/v1/alarms/batch-confirm --> git.hyhy.fun/rsplab/iolink/internal/adminapi.(*Server).batchConfirm-fm (4 handlers)
[GIN-debug] GET    /admin/v1/stats           --> git.hyhy.fun/rsplab/iolink/internal/adminapi.(*Server).stats-fm (4 handlers)
[GIN-debug] GET    /admin/v1/products        --> git.hyhy.fun/rsplab/iolink/internal/adminapi.(*Server).listProducts-fm (4 handlers)
[GIN-debug] POST   /admin/v1/products        --> git.hyhy.fun/rsplab/iolink/internal/adminapi.(*Server).createProduct-fm (4 handlers)
[GIN-debug] GET    /admin/v1/products/:product_id/models --> git.hyhy.fun/rsplab/iolink/internal/adminapi.(*Server).listProductModels-fm (4 handlers)
[GIN-debug] POST   /admin/v1/products/:product_id/models --> git.hyhy.fun/rsplab/iolink/internal/adminapi.(*Server).createProductModel-fm (4 handlers)
[GIN-debug] POST   /admin/v1/products/:product_id/models/:version/publish --> git.hyhy.fun/rsplab/iolink/internal/adminapi.(*Server).publishProductModel-fm (4 handlers)
[GIN-debug] GET    /admin/v1/devices/:device_no/product --> git.hyhy.fun/rsplab/iolink/internal/adminapi.(*Server).getDeviceProduct-fm (4 handlers)
[GIN-debug] PUT    /admin/v1/devices/:device_no/product --> git.hyhy.fun/rsplab/iolink/internal/adminapi.(*Server).assignDeviceProduct-fm (4 handlers)
2026/10/04 17:56:32 INFO http request request_id=4CQCIHB63MGCAH4IVHC4SLXNUB route=/admin/v1/login method=POST status=200 duration_ms=130 tenant_id=0 actor_id=0
2026/10/04 17:56:32 WARN http request request_id=VT2GASRA34M64D3CLKZNP2CGDL route=/admin/v1/devices/:device_no/product method=PUT status=403 duration_ms=3 tenant_id=9401 actor_id=9402
    product_revocation_http_test.go:91: http method=PUT path=/admin/v1/devices/v2-permission/product status=403 response={"error":"forbidden"}
=== RUN   TestM6bProductWritesRejectRevocationAfterMiddleware/assign_device/permission_version
    product_revocation_http_test.go:39: environment real_timescaledb=2.30.0
[GIN-debug] [WARNING] Running in "debug" mode. Switch to "release" mode in production.
 - using env:	export GIN_MODE=release
 - using code:	gin.SetMode(gin.ReleaseMode)

[GIN-debug] POST   /admin/v1/login           --> git.hyhy.fun/rsplab/iolink/internal/adminapi.(*Server).login-fm (2 handlers)
[GIN-debug] GET    /admin/v1/tenants         --> git.hyhy.fun/rsplab/iolink/internal/adminapi.(*Server).listTenants-fm (3 handlers)
[GIN-debug] PUT    /admin/v1/tenants/:id/status --> git.hyhy.fun/rsplab/iolink/internal/adminapi.(*Server).setTenantStatus-fm (3 handlers)
[GIN-debug] GET    /admin/v1/tenants/:id/members --> git.hyhy.fun/rsplab/iolink/internal/adminapi.(*Server).listTenantMembers-fm (3 handlers)
[GIN-debug] PUT    /admin/v1/tenants/:id/members/:user_id --> git.hyhy.fun/rsplab/iolink/internal/adminapi.(*Server).setTenantMember-fm (3 handlers)
[GIN-debug] POST   /admin/v1/password        --> git.hyhy.fun/rsplab/iolink/internal/adminapi.(*Server).changePassword-fm (3 handlers)
[GIN-debug] GET    /admin/v1/farms           --> git.hyhy.fun/rsplab/iolink/internal/adminapi.(*Server).listFarms-fm (4 handlers)
[GIN-debug] POST   /admin/v1/farms           --> git.hyhy.fun/rsplab/iolink/internal/adminapi.(*Server).createFarm-fm (4 handlers)
[GIN-debug] GET    /admin/v1/users           --> git.hyhy.fun/rsplab/iolink/internal/adminapi.(*Server).listUsers-fm (4 handlers)
[GIN-debug] PUT    /admin/v1/farms/:id       --> git.hyhy.fun/rsplab/iolink/internal/adminapi.(*Server).updateFarm-fm (4 handlers)
[GIN-debug] DELETE /admin/v1/farms/:id       --> git.hyhy.fun/rsplab/iolink/internal/adminapi.(*Server).deleteFarm-fm (4 handlers)
[GIN-debug] PUT    /admin/v1/farms/:id/owner --> git.hyhy.fun/rsplab/iolink/internal/adminapi.(*Server).setFarmOwner-fm (4 handlers)
[GIN-debug] GET    /admin/v1/farms/:id/members --> git.hyhy.fun/rsplab/iolink/internal/adminapi.(*Server).listFarmMembers-fm (4 handlers)
[GIN-debug] PUT    /admin/v1/farms/:id/members/:user_id --> git.hyhy.fun/rsplab/iolink/internal/adminapi.(*Server).setFarmMember-fm (4 handlers)
[GIN-debug] GET    /admin/v1/ponds           --> git.hyhy.fun/rsplab/iolink/internal/adminapi.(*Server).listPonds-fm (4 handlers)
[GIN-debug] POST   /admin/v1/ponds           --> git.hyhy.fun/rsplab/iolink/internal/adminapi.(*Server).createPond-fm (4 handlers)
[GIN-debug] PUT    /admin/v1/ponds/:id       --> git.hyhy.fun/rsplab/iolink/internal/adminapi.(*Server).updatePond-fm (4 handlers)
[GIN-debug] DELETE /admin/v1/ponds/:id       --> git.hyhy.fun/rsplab/iolink/internal/adminapi.(*Server).deletePond-fm (4 handlers)
[GIN-debug] GET    /admin/v1/devices         --> git.hyhy.fun/rsplab/iolink/internal/adminapi.(*Server).listDevices-fm (4 handlers)
[GIN-debug] POST   /admin/v1/devices         --> git.hyhy.fun/rsplab/iolink/internal/adminapi.(*Server).registerDevice-fm (4 handlers)
[GIN-debug] GET    /admin/v1/devices/:device_no --> git.hyhy.fun/rsplab/iolink/internal/adminapi.(*Server).getDevice-fm (4 handlers)
[GIN-debug] DELETE /admin/v1/devices/:device_no --> git.hyhy.fun/rsplab/iolink/internal/adminapi.(*Server).deleteDevice-fm (4 handlers)
[GIN-debug] PUT    /admin/v1/devices/:device_no/pond --> git.hyhy.fun/rsplab/iolink/internal/adminapi.(*Server).moveDevice-fm (4 handlers)
[GIN-debug] GET    /admin/v1/alarm-rules     --> git.hyhy.fun/rsplab/iolink/internal/adminapi.(*Server).listRules-fm (4 handlers)
[GIN-debug] POST   /admin/v1/alarm-rules     --> git.hyhy.fun/rsplab/iolink/internal/adminapi.(*Server).createRule-fm (4 handlers)
[GIN-debug] PUT    /admin/v1/alarm-rules/:id --> git.hyhy.fun/rsplab/iolink/internal/adminapi.(*Server).updateRule-fm (4 handlers)
[GIN-debug] DELETE /admin/v1/alarm-rules/:id --> git.hyhy.fun/rsplab/iolink/internal/adminapi.(*Server).deleteRule-fm (4 handlers)
[GIN-debug] GET    /admin/v1/alarms          --> git.hyhy.fun/rsplab/iolink/internal/adminapi.(*Server).listAlarms-fm (4 handlers)
[GIN-debug] POST   /admin/v1/alarms/:id/confirm --> git.hyhy.fun/rsplab/iolink/internal/adminapi.(*Server).confirmAlarm-fm (4 handlers)
[GIN-debug] POST   /admin/v1/alarms/batch-confirm --> git.hyhy.fun/rsplab/iolink/internal/adminapi.(*Server).batchConfirm-fm (4 handlers)
[GIN-debug] GET    /admin/v1/stats           --> git.hyhy.fun/rsplab/iolink/internal/adminapi.(*Server).stats-fm (4 handlers)
[GIN-debug] GET    /admin/v1/products        --> git.hyhy.fun/rsplab/iolink/internal/adminapi.(*Server).listProducts-fm (4 handlers)
[GIN-debug] POST   /admin/v1/products        --> git.hyhy.fun/rsplab/iolink/internal/adminapi.(*Server).createProduct-fm (4 handlers)
[GIN-debug] GET    /admin/v1/products/:product_id/models --> git.hyhy.fun/rsplab/iolink/internal/adminapi.(*Server).listProductModels-fm (4 handlers)
[GIN-debug] POST   /admin/v1/products/:product_id/models --> git.hyhy.fun/rsplab/iolink/internal/adminapi.(*Server).createProductModel-fm (4 handlers)
[GIN-debug] POST   /admin/v1/products/:product_id/models/:version/publish --> git.hyhy.fun/rsplab/iolink/internal/adminapi.(*Server).publishProductModel-fm (4 handlers)
[GIN-debug] GET    /admin/v1/devices/:device_no/product --> git.hyhy.fun/rsplab/iolink/internal/adminapi.(*Server).getDeviceProduct-fm (4 handlers)
[GIN-debug] PUT    /admin/v1/devices/:device_no/product --> git.hyhy.fun/rsplab/iolink/internal/adminapi.(*Server).assignDeviceProduct-fm (4 handlers)
2026/10/04 17:56:33 INFO http request request_id=EHMEART7UANFEO5L63PFCISNXA route=/admin/v1/login method=POST status=200 duration_ms=131 tenant_id=0 actor_id=0
2026/10/04 17:56:33 WARN http request request_id=HKKSD65SFGAJBMUJPERMPP6SBY route=/admin/v1/devices/:device_no/product method=PUT status=403 duration_ms=3 tenant_id=9401 actor_id=9402
    product_revocation_http_test.go:91: http method=PUT path=/admin/v1/devices/v2-permission/product status=403 response={"error":"forbidden"}
--- PASS: TestM6bProductWritesRejectRevocationAfterMiddleware (13.84s)
    --- PASS: TestM6bProductWritesRejectRevocationAfterMiddleware/create_product/role (0.70s)
    --- PASS: TestM6bProductWritesRejectRevocationAfterMiddleware/create_product/membership (0.71s)
    --- PASS: TestM6bProductWritesRejectRevocationAfterMiddleware/create_product/tenant (0.67s)
    --- PASS: TestM6bProductWritesRejectRevocationAfterMiddleware/create_product/platform_authority (0.68s)
    --- PASS: TestM6bProductWritesRejectRevocationAfterMiddleware/create_product/permission_version (0.65s)
    --- PASS: TestM6bProductWritesRejectRevocationAfterMiddleware/create_model/role (0.69s)
    --- PASS: TestM6bProductWritesRejectRevocationAfterMiddleware/create_model/membership (0.71s)
    --- PASS: TestM6bProductWritesRejectRevocationAfterMiddleware/create_model/tenant (0.69s)
    --- PASS: TestM6bProductWritesRejectRevocationAfterMiddleware/create_model/platform_authority (0.70s)
    --- PASS: TestM6bProductWritesRejectRevocationAfterMiddleware/create_model/permission_version (0.69s)
    --- PASS: TestM6bProductWritesRejectRevocationAfterMiddleware/publish_model/role (0.70s)
    --- PASS: TestM6bProductWritesRejectRevocationAfterMiddleware/publish_model/membership (0.70s)
    --- PASS: TestM6bProductWritesRejectRevocationAfterMiddleware/publish_model/tenant (0.71s)
    --- PASS: TestM6bProductWritesRejectRevocationAfterMiddleware/publish_model/platform_authority (0.68s)
    --- PASS: TestM6bProductWritesRejectRevocationAfterMiddleware/publish_model/permission_version (0.70s)
    --- PASS: TestM6bProductWritesRejectRevocationAfterMiddleware/assign_device/role (0.69s)
    --- PASS: TestM6bProductWritesRejectRevocationAfterMiddleware/assign_device/membership (0.71s)
    --- PASS: TestM6bProductWritesRejectRevocationAfterMiddleware/assign_device/tenant (0.69s)
    --- PASS: TestM6bProductWritesRejectRevocationAfterMiddleware/assign_device/platform_authority (0.69s)
    --- PASS: TestM6bProductWritesRejectRevocationAfterMiddleware/assign_device/permission_version (0.68s)
PASS
ok  	git.hyhy.fun/rsplab/iolink/internal/core	53.854s
-test.shuffle 1791107740900103511
=== RUN   TestM6bLegacyPlatformOwnerBusinessBoundary
[GIN-debug] [WARNING] Running in "debug" mode. Switch to "release" mode in production.
 - using env:	export GIN_MODE=release
 - using code:	gin.SetMode(gin.ReleaseMode)

[GIN-debug] POST   /admin/v1/login           --> git.hyhy.fun/rsplab/iolink/internal/adminapi.(*Server).login-fm (2 handlers)
[GIN-debug] GET    /admin/v1/tenants         --> git.hyhy.fun/rsplab/iolink/internal/adminapi.(*Server).listTenants-fm (3 handlers)
[GIN-debug] PUT    /admin/v1/tenants/:id/status --> git.hyhy.fun/rsplab/iolink/internal/adminapi.(*Server).setTenantStatus-fm (3 handlers)
[GIN-debug] GET    /admin/v1/tenants/:id/members --> git.hyhy.fun/rsplab/iolink/internal/adminapi.(*Server).listTenantMembers-fm (3 handlers)
[GIN-debug] PUT    /admin/v1/tenants/:id/members/:user_id --> git.hyhy.fun/rsplab/iolink/internal/adminapi.(*Server).setTenantMember-fm (3 handlers)
[GIN-debug] POST   /admin/v1/password        --> git.hyhy.fun/rsplab/iolink/internal/adminapi.(*Server).changePassword-fm (3 handlers)
[GIN-debug] GET    /admin/v1/farms           --> git.hyhy.fun/rsplab/iolink/internal/adminapi.(*Server).listFarms-fm (4 handlers)
[GIN-debug] POST   /admin/v1/farms           --> git.hyhy.fun/rsplab/iolink/internal/adminapi.(*Server).createFarm-fm (4 handlers)
[GIN-debug] GET    /admin/v1/users           --> git.hyhy.fun/rsplab/iolink/internal/adminapi.(*Server).listUsers-fm (4 handlers)
[GIN-debug] PUT    /admin/v1/farms/:id       --> git.hyhy.fun/rsplab/iolink/internal/adminapi.(*Server).updateFarm-fm (4 handlers)
[GIN-debug] DELETE /admin/v1/farms/:id       --> git.hyhy.fun/rsplab/iolink/internal/adminapi.(*Server).deleteFarm-fm (4 handlers)
[GIN-debug] PUT    /admin/v1/farms/:id/owner --> git.hyhy.fun/rsplab/iolink/internal/adminapi.(*Server).setFarmOwner-fm (4 handlers)
[GIN-debug] GET    /admin/v1/farms/:id/members --> git.hyhy.fun/rsplab/iolink/internal/adminapi.(*Server).listFarmMembers-fm (4 handlers)
[GIN-debug] PUT    /admin/v1/farms/:id/members/:user_id --> git.hyhy.fun/rsplab/iolink/internal/adminapi.(*Server).setFarmMember-fm (4 handlers)
[GIN-debug] GET    /admin/v1/ponds           --> git.hyhy.fun/rsplab/iolink/internal/adminapi.(*Server).listPonds-fm (4 handlers)
[GIN-debug] POST   /admin/v1/ponds           --> git.hyhy.fun/rsplab/iolink/internal/adminapi.(*Server).createPond-fm (4 handlers)
[GIN-debug] PUT    /admin/v1/ponds/:id       --> git.hyhy.fun/rsplab/iolink/internal/adminapi.(*Server).updatePond-fm (4 handlers)
[GIN-debug] DELETE /admin/v1/ponds/:id       --> git.hyhy.fun/rsplab/iolink/internal/adminapi.(*Server).deletePond-fm (4 handlers)
[GIN-debug] GET    /admin/v1/devices         --> git.hyhy.fun/rsplab/iolink/internal/adminapi.(*Server).listDevices-fm (4 handlers)
[GIN-debug] POST   /admin/v1/devices         --> git.hyhy.fun/rsplab/iolink/internal/adminapi.(*Server).registerDevice-fm (4 handlers)
[GIN-debug] GET    /admin/v1/devices/:device_no --> git.hyhy.fun/rsplab/iolink/internal/adminapi.(*Server).getDevice-fm (4 handlers)
[GIN-debug] DELETE /admin/v1/devices/:device_no --> git.hyhy.fun/rsplab/iolink/internal/adminapi.(*Server).deleteDevice-fm (4 handlers)
[GIN-debug] PUT    /admin/v1/devices/:device_no/pond --> git.hyhy.fun/rsplab/iolink/internal/adminapi.(*Server).moveDevice-fm (4 handlers)
[GIN-debug] GET    /admin/v1/alarm-rules     --> git.hyhy.fun/rsplab/iolink/internal/adminapi.(*Server).listRules-fm (4 handlers)
[GIN-debug] POST   /admin/v1/alarm-rules     --> git.hyhy.fun/rsplab/iolink/internal/adminapi.(*Server).createRule-fm (4 handlers)
[GIN-debug] PUT    /admin/v1/alarm-rules/:id --> git.hyhy.fun/rsplab/iolink/internal/adminapi.(*Server).updateRule-fm (4 handlers)
[GIN-debug] DELETE /admin/v1/alarm-rules/:id --> git.hyhy.fun/rsplab/iolink/internal/adminapi.(*Server).deleteRule-fm (4 handlers)
[GIN-debug] GET    /admin/v1/alarms          --> git.hyhy.fun/rsplab/iolink/internal/adminapi.(*Server).listAlarms-fm (4 handlers)
[GIN-debug] POST   /admin/v1/alarms/:id/confirm --> git.hyhy.fun/rsplab/iolink/internal/adminapi.(*Server).confirmAlarm-fm (4 handlers)
[GIN-debug] POST   /admin/v1/alarms/batch-confirm --> git.hyhy.fun/rsplab/iolink/internal/adminapi.(*Server).batchConfirm-fm (4 handlers)
[GIN-debug] GET    /admin/v1/stats           --> git.hyhy.fun/rsplab/iolink/internal/adminapi.(*Server).stats-fm (4 handlers)
[GIN-debug] GET    /admin/v1/products        --> git.hyhy.fun/rsplab/iolink/internal/adminapi.(*Server).listProducts-fm (4 handlers)
[GIN-debug] POST   /admin/v1/products        --> git.hyhy.fun/rsplab/iolink/internal/adminapi.(*Server).createProduct-fm (4 handlers)
[GIN-debug] GET    /admin/v1/products/:product_id/models --> git.hyhy.fun/rsplab/iolink/internal/adminapi.(*Server).listProductModels-fm (4 handlers)
[GIN-debug] POST   /admin/v1/products/:product_id/models --> git.hyhy.fun/rsplab/iolink/internal/adminapi.(*Server).createProductModel-fm (4 handlers)
[GIN-debug] POST   /admin/v1/products/:product_id/models/:version/publish --> git.hyhy.fun/rsplab/iolink/internal/adminapi.(*Server).publishProductModel-fm (4 handlers)
[GIN-debug] GET    /admin/v1/devices/:device_no/product --> git.hyhy.fun/rsplab/iolink/internal/adminapi.(*Server).getDeviceProduct-fm (4 handlers)
[GIN-debug] PUT    /admin/v1/devices/:device_no/product --> git.hyhy.fun/rsplab/iolink/internal/adminapi.(*Server).assignDeviceProduct-fm (4 handlers)
2026/10/04 17:55:41 INFO http request request_id=UHCORIRCV3EU4OYO7HKMHURB7O route=/admin/v1/login method=POST status=200 duration_ms=162 tenant_id=0 actor_id=0
    platform_owner_test.go:57: POST /admin/v1/login status=200 expected=200
2026/10/04 17:55:41 WARN http request request_id=MT3X4JFFTDFCS7HCVFMRTCBTGZ route=/admin/v1/farms method=GET status=403 duration_ms=1 tenant_id=0 actor_id=0
    platform_owner_test.go:58: GET /admin/v1/farms status=403 expected=403
    platform_owner_test.go:66: migration platform memberships=0 reconciliation=1 legacy farm/owner preserved=1
2026/10/04 17:55:41 INFO http request request_id=RLMT7ZQQX3EMDPWHZUZNROZCXQ route=/admin/v1/login method=POST status=200 duration_ms=148 tenant_id=0 actor_id=0
    platform_owner_test.go:67: POST /admin/v1/login status=200 expected=200
2026/10/04 17:55:41 INFO http request request_id=4KE7ZCPEJZESLFVKCC65VNSG5L route=/admin/v1/farms method=GET status=200 duration_ms=2 tenant_id=1 actor_id=9202
    platform_owner_test.go:69: GET /admin/v1/farms status=200 expected=200
2026/10/04 17:55:42 INFO http request request_id=TCIBAFYCQWF4X5FDMMDIBXS22I route=/admin/v1/login method=POST status=200 duration_ms=140 tenant_id=0 actor_id=0
    platform_owner_test.go:92: POST /admin/v1/login status=200 expected=200
2026/10/04 17:55:42 INFO http request request_id=VVTB33EGIQRTXHHQLFQWI7HU24 route=/admin/v1/farms method=GET status=200 duration_ms=2 tenant_id=1 actor_id=9201
    platform_owner_test.go:93: GET /admin/v1/farms status=200 expected=200
2026/10/04 17:55:42 WARN http request request_id=LJABI45UWTASFJW6OQ7S5BBMNV route=/admin/v1/farms method=GET status=401 duration_ms=0 tenant_id=0 actor_id=0
    platform_owner_test.go:100: GET /admin/v1/farms status=401 expected=401
2026/10/04 17:55:42 INFO http request request_id=Z5AH4W5VSLFB5DH4C4C6JNYEV7 route=/admin/v1/login method=POST status=200 duration_ms=142 tenant_id=0 actor_id=0
    platform_owner_test.go:101: POST /admin/v1/login status=200 expected=200
2026/10/04 17:55:42 WARN http request request_id=X3GYJ4B4M64O7NB3TYJNGR4UMQ route=/admin/v1/farms method=GET status=403 duration_ms=1 tenant_id=0 actor_id=0
    platform_owner_test.go:102: GET /admin/v1/farms status=403 expected=403
2026/10/04 17:55:42 INFO http request request_id=BWYIELLFSELCYM5Z7ZUNRCGQ56 route=/admin/v1/login method=POST status=200 duration_ms=151 tenant_id=0 actor_id=0
    platform_owner_test.go:106: POST /admin/v1/login status=200 expected=200
2026/10/04 17:55:42 WARN http request request_id=3LRALKVGBO3SIPIVUWZFUJIS4I route=/admin/v1/farms method=GET status=401 duration_ms=0 tenant_id=0 actor_id=0
    platform_owner_test.go:110: GET /admin/v1/farms status=401 expected=401
--- PASS: TestM6bLegacyPlatformOwnerBusinessBoundary (2.08s)
=== RUN   TestLegacyTenantReconciliationAndRollback
--- PASS: TestLegacyTenantReconciliationAndRollback (0.78s)
=== RUN   TestM6bMembershipMigrationRollbackAndLegacyBackfill
--- PASS: TestM6bMembershipMigrationRollbackAndLegacyBackfill (0.65s)
PASS
ok  	git.hyhy.fun/rsplab/iolink/internal/migrate	4.572s
-test.shuffle 1791107740895965629
testing: warning: no tests to run
PASS
ok  	git.hyhy.fun/rsplab/iolink/internal/appapi	1.030s [no tests to run]
-test.shuffle 1791107740898142213
=== RUN   TestPlatformAdminCannotGrantTenantMembership
[GIN-debug] [WARNING] Running in "debug" mode. Switch to "release" mode in production.
 - using env:	export GIN_MODE=release
 - using code:	gin.SetMode(gin.ReleaseMode)

[GIN-debug] POST   /admin/v1/login           --> git.hyhy.fun/rsplab/iolink/internal/adminapi.(*Server).login-fm (2 handlers)
[GIN-debug] GET    /admin/v1/tenants         --> git.hyhy.fun/rsplab/iolink/internal/adminapi.(*Server).listTenants-fm (3 handlers)
[GIN-debug] PUT    /admin/v1/tenants/:id/status --> git.hyhy.fun/rsplab/iolink/internal/adminapi.(*Server).setTenantStatus-fm (3 handlers)
[GIN-debug] GET    /admin/v1/tenants/:id/members --> git.hyhy.fun/rsplab/iolink/internal/adminapi.(*Server).listTenantMembers-fm (3 handlers)
[GIN-debug] PUT    /admin/v1/tenants/:id/members/:user_id --> git.hyhy.fun/rsplab/iolink/internal/adminapi.(*Server).setTenantMember-fm (3 handlers)
[GIN-debug] POST   /admin/v1/password        --> git.hyhy.fun/rsplab/iolink/internal/adminapi.(*Server).changePassword-fm (3 handlers)
[GIN-debug] GET    /admin/v1/farms           --> git.hyhy.fun/rsplab/iolink/internal/adminapi.(*Server).listFarms-fm (4 handlers)
[GIN-debug] POST   /admin/v1/farms           --> git.hyhy.fun/rsplab/iolink/internal/adminapi.(*Server).createFarm-fm (4 handlers)
[GIN-debug] GET    /admin/v1/users           --> git.hyhy.fun/rsplab/iolink/internal/adminapi.(*Server).listUsers-fm (4 handlers)
[GIN-debug] PUT    /admin/v1/farms/:id       --> git.hyhy.fun/rsplab/iolink/internal/adminapi.(*Server).updateFarm-fm (4 handlers)
[GIN-debug] DELETE /admin/v1/farms/:id       --> git.hyhy.fun/rsplab/iolink/internal/adminapi.(*Server).deleteFarm-fm (4 handlers)
[GIN-debug] PUT    /admin/v1/farms/:id/owner --> git.hyhy.fun/rsplab/iolink/internal/adminapi.(*Server).setFarmOwner-fm (4 handlers)
[GIN-debug] GET    /admin/v1/farms/:id/members --> git.hyhy.fun/rsplab/iolink/internal/adminapi.(*Server).listFarmMembers-fm (4 handlers)
[GIN-debug] PUT    /admin/v1/farms/:id/members/:user_id --> git.hyhy.fun/rsplab/iolink/internal/adminapi.(*Server).setFarmMember-fm (4 handlers)
[GIN-debug] GET    /admin/v1/ponds           --> git.hyhy.fun/rsplab/iolink/internal/adminapi.(*Server).listPonds-fm (4 handlers)
[GIN-debug] POST   /admin/v1/ponds           --> git.hyhy.fun/rsplab/iolink/internal/adminapi.(*Server).createPond-fm (4 handlers)
[GIN-debug] PUT    /admin/v1/ponds/:id       --> git.hyhy.fun/rsplab/iolink/internal/adminapi.(*Server).updatePond-fm (4 handlers)
[GIN-debug] DELETE /admin/v1/ponds/:id       --> git.hyhy.fun/rsplab/iolink/internal/adminapi.(*Server).deletePond-fm (4 handlers)
[GIN-debug] GET    /admin/v1/devices         --> git.hyhy.fun/rsplab/iolink/internal/adminapi.(*Server).listDevices-fm (4 handlers)
[GIN-debug] POST   /admin/v1/devices         --> git.hyhy.fun/rsplab/iolink/internal/adminapi.(*Server).registerDevice-fm (4 handlers)
[GIN-debug] GET    /admin/v1/devices/:device_no --> git.hyhy.fun/rsplab/iolink/internal/adminapi.(*Server).getDevice-fm (4 handlers)
[GIN-debug] DELETE /admin/v1/devices/:device_no --> git.hyhy.fun/rsplab/iolink/internal/adminapi.(*Server).deleteDevice-fm (4 handlers)
[GIN-debug] PUT    /admin/v1/devices/:device_no/pond --> git.hyhy.fun/rsplab/iolink/internal/adminapi.(*Server).moveDevice-fm (4 handlers)
[GIN-debug] GET    /admin/v1/alarm-rules     --> git.hyhy.fun/rsplab/iolink/internal/adminapi.(*Server).listRules-fm (4 handlers)
[GIN-debug] POST   /admin/v1/alarm-rules     --> git.hyhy.fun/rsplab/iolink/internal/adminapi.(*Server).createRule-fm (4 handlers)
[GIN-debug] PUT    /admin/v1/alarm-rules/:id --> git.hyhy.fun/rsplab/iolink/internal/adminapi.(*Server).updateRule-fm (4 handlers)
[GIN-debug] DELETE /admin/v1/alarm-rules/:id --> git.hyhy.fun/rsplab/iolink/internal/adminapi.(*Server).deleteRule-fm (4 handlers)
[GIN-debug] GET    /admin/v1/alarms          --> git.hyhy.fun/rsplab/iolink/internal/adminapi.(*Server).listAlarms-fm (4 handlers)
[GIN-debug] POST   /admin/v1/alarms/:id/confirm --> git.hyhy.fun/rsplab/iolink/internal/adminapi.(*Server).confirmAlarm-fm (4 handlers)
[GIN-debug] POST   /admin/v1/alarms/batch-confirm --> git.hyhy.fun/rsplab/iolink/internal/adminapi.(*Server).batchConfirm-fm (4 handlers)
[GIN-debug] GET    /admin/v1/stats           --> git.hyhy.fun/rsplab/iolink/internal/adminapi.(*Server).stats-fm (4 handlers)
[GIN-debug] GET    /admin/v1/products        --> git.hyhy.fun/rsplab/iolink/internal/adminapi.(*Server).listProducts-fm (4 handlers)
[GIN-debug] POST   /admin/v1/products        --> git.hyhy.fun/rsplab/iolink/internal/adminapi.(*Server).createProduct-fm (4 handlers)
[GIN-debug] GET    /admin/v1/products/:product_id/models --> git.hyhy.fun/rsplab/iolink/internal/adminapi.(*Server).listProductModels-fm (4 handlers)
[GIN-debug] POST   /admin/v1/products/:product_id/models --> git.hyhy.fun/rsplab/iolink/internal/adminapi.(*Server).createProductModel-fm (4 handlers)
[GIN-debug] POST   /admin/v1/products/:product_id/models/:version/publish --> git.hyhy.fun/rsplab/iolink/internal/adminapi.(*Server).publishProductModel-fm (4 handlers)
[GIN-debug] GET    /admin/v1/devices/:device_no/product --> git.hyhy.fun/rsplab/iolink/internal/adminapi.(*Server).getDeviceProduct-fm (4 handlers)
[GIN-debug] PUT    /admin/v1/devices/:device_no/product --> git.hyhy.fun/rsplab/iolink/internal/adminapi.(*Server).assignDeviceProduct-fm (4 handlers)
2026/10/04 17:55:41 INFO http request request_id=IJ22RVUGVJRUB7ZVHQMAHTLTGA route=/admin/v1/login method=POST status=200 duration_ms=163 tenant_id=0 actor_id=0
2026/10/04 17:55:41 WARN http request request_id=5OCAKR4XUGBHTKW3DQLOH6WMP4 route=/admin/v1/tenants/:id/members/:user_id method=PUT status=403 duration_ms=0 tenant_id=7 actor_id=9
--- PASS: TestPlatformAdminCannotGrantTenantMembership (0.33s)
=== RUN   TestPlatformAdminCanLoginAfterTenantMembershipExpires
[GIN-debug] [WARNING] Running in "debug" mode. Switch to "release" mode in production.
 - using env:	export GIN_MODE=release
 - using code:	gin.SetMode(gin.ReleaseMode)

[GIN-debug] POST   /admin/v1/login           --> git.hyhy.fun/rsplab/iolink/internal/adminapi.(*Server).login-fm (2 handlers)
[GIN-debug] GET    /admin/v1/tenants         --> git.hyhy.fun/rsplab/iolink/internal/adminapi.(*Server).listTenants-fm (3 handlers)
[GIN-debug] PUT    /admin/v1/tenants/:id/status --> git.hyhy.fun/rsplab/iolink/internal/adminapi.(*Server).setTenantStatus-fm (3 handlers)
[GIN-debug] GET    /admin/v1/tenants/:id/members --> git.hyhy.fun/rsplab/iolink/internal/adminapi.(*Server).listTenantMembers-fm (3 handlers)
[GIN-debug] PUT    /admin/v1/tenants/:id/members/:user_id --> git.hyhy.fun/rsplab/iolink/internal/adminapi.(*Server).setTenantMember-fm (3 handlers)
[GIN-debug] POST   /admin/v1/password        --> git.hyhy.fun/rsplab/iolink/internal/adminapi.(*Server).changePassword-fm (3 handlers)
[GIN-debug] GET    /admin/v1/farms           --> git.hyhy.fun/rsplab/iolink/internal/adminapi.(*Server).listFarms-fm (4 handlers)
[GIN-debug] POST   /admin/v1/farms           --> git.hyhy.fun/rsplab/iolink/internal/adminapi.(*Server).createFarm-fm (4 handlers)
[GIN-debug] GET    /admin/v1/users           --> git.hyhy.fun/rsplab/iolink/internal/adminapi.(*Server).listUsers-fm (4 handlers)
[GIN-debug] PUT    /admin/v1/farms/:id       --> git.hyhy.fun/rsplab/iolink/internal/adminapi.(*Server).updateFarm-fm (4 handlers)
[GIN-debug] DELETE /admin/v1/farms/:id       --> git.hyhy.fun/rsplab/iolink/internal/adminapi.(*Server).deleteFarm-fm (4 handlers)
[GIN-debug] PUT    /admin/v1/farms/:id/owner --> git.hyhy.fun/rsplab/iolink/internal/adminapi.(*Server).setFarmOwner-fm (4 handlers)
[GIN-debug] GET    /admin/v1/farms/:id/members --> git.hyhy.fun/rsplab/iolink/internal/adminapi.(*Server).listFarmMembers-fm (4 handlers)
[GIN-debug] PUT    /admin/v1/farms/:id/members/:user_id --> git.hyhy.fun/rsplab/iolink/internal/adminapi.(*Server).setFarmMember-fm (4 handlers)
[GIN-debug] GET    /admin/v1/ponds           --> git.hyhy.fun/rsplab/iolink/internal/adminapi.(*Server).listPonds-fm (4 handlers)
[GIN-debug] POST   /admin/v1/ponds           --> git.hyhy.fun/rsplab/iolink/internal/adminapi.(*Server).createPond-fm (4 handlers)
[GIN-debug] PUT    /admin/v1/ponds/:id       --> git.hyhy.fun/rsplab/iolink/internal/adminapi.(*Server).updatePond-fm (4 handlers)
[GIN-debug] DELETE /admin/v1/ponds/:id       --> git.hyhy.fun/rsplab/iolink/internal/adminapi.(*Server).deletePond-fm (4 handlers)
[GIN-debug] GET    /admin/v1/devices         --> git.hyhy.fun/rsplab/iolink/internal/adminapi.(*Server).listDevices-fm (4 handlers)
[GIN-debug] POST   /admin/v1/devices         --> git.hyhy.fun/rsplab/iolink/internal/adminapi.(*Server).registerDevice-fm (4 handlers)
[GIN-debug] GET    /admin/v1/devices/:device_no --> git.hyhy.fun/rsplab/iolink/internal/adminapi.(*Server).getDevice-fm (4 handlers)
[GIN-debug] DELETE /admin/v1/devices/:device_no --> git.hyhy.fun/rsplab/iolink/internal/adminapi.(*Server).deleteDevice-fm (4 handlers)
[GIN-debug] PUT    /admin/v1/devices/:device_no/pond --> git.hyhy.fun/rsplab/iolink/internal/adminapi.(*Server).moveDevice-fm (4 handlers)
[GIN-debug] GET    /admin/v1/alarm-rules     --> git.hyhy.fun/rsplab/iolink/internal/adminapi.(*Server).listRules-fm (4 handlers)
[GIN-debug] POST   /admin/v1/alarm-rules     --> git.hyhy.fun/rsplab/iolink/internal/adminapi.(*Server).createRule-fm (4 handlers)
[GIN-debug] PUT    /admin/v1/alarm-rules/:id --> git.hyhy.fun/rsplab/iolink/internal/adminapi.(*Server).updateRule-fm (4 handlers)
[GIN-debug] DELETE /admin/v1/alarm-rules/:id --> git.hyhy.fun/rsplab/iolink/internal/adminapi.(*Server).deleteRule-fm (4 handlers)
[GIN-debug] GET    /admin/v1/alarms          --> git.hyhy.fun/rsplab/iolink/internal/adminapi.(*Server).listAlarms-fm (4 handlers)
[GIN-debug] POST   /admin/v1/alarms/:id/confirm --> git.hyhy.fun/rsplab/iolink/internal/adminapi.(*Server).confirmAlarm-fm (4 handlers)
[GIN-debug] POST   /admin/v1/alarms/batch-confirm --> git.hyhy.fun/rsplab/iolink/internal/adminapi.(*Server).batchConfirm-fm (4 handlers)
[GIN-debug] GET    /admin/v1/stats           --> git.hyhy.fun/rsplab/iolink/internal/adminapi.(*Server).stats-fm (4 handlers)
[GIN-debug] GET    /admin/v1/products        --> git.hyhy.fun/rsplab/iolink/internal/adminapi.(*Server).listProducts-fm (4 handlers)
[GIN-debug] POST   /admin/v1/products        --> git.hyhy.fun/rsplab/iolink/internal/adminapi.(*Server).createProduct-fm (4 handlers)
[GIN-debug] GET    /admin/v1/products/:product_id/models --> git.hyhy.fun/rsplab/iolink/internal/adminapi.(*Server).listProductModels-fm (4 handlers)
[GIN-debug] POST   /admin/v1/products/:product_id/models --> git.hyhy.fun/rsplab/iolink/internal/adminapi.(*Server).createProductModel-fm (4 handlers)
[GIN-debug] POST   /admin/v1/products/:product_id/models/:version/publish --> git.hyhy.fun/rsplab/iolink/internal/adminapi.(*Server).publishProductModel-fm (4 handlers)
[GIN-debug] GET    /admin/v1/devices/:device_no/product --> git.hyhy.fun/rsplab/iolink/internal/adminapi.(*Server).getDeviceProduct-fm (4 handlers)
[GIN-debug] PUT    /admin/v1/devices/:device_no/product --> git.hyhy.fun/rsplab/iolink/internal/adminapi.(*Server).assignDeviceProduct-fm (4 handlers)
2026/10/04 17:55:41 INFO http request request_id=JABYTTUSH25ASINOB42B7TGLNS route=/admin/v1/login method=POST status=200 duration_ms=147 tenant_id=0 actor_id=0
2026/10/04 17:55:41 INFO http request request_id=Z5KS7AZPLRRV5CJ4ZK6NIRHDXA route=/admin/v1/tenants/:id/status method=PUT status=204 duration_ms=0 tenant_id=0 actor_id=0
--- PASS: TestPlatformAdminCanLoginAfterTenantMembershipExpires (0.28s)
PASS
ok  	git.hyhy.fun/rsplab/iolink/internal/adminapi	1.671s

EXIT_CODE=0
