$ go test -race -shuffle=on -count=1 -v ./internal/core ./internal/migrate ./internal/appapi ./internal/adminapi -run Test(M6b|AppResource|AppTelemetry|AppAlarm|TelemetrySubmission|TelemetryHTTP|LegacyTenant|Platform|ProductionMux)
-test.shuffle 1791107395945021703
=== RUN   TestM6bStoredPlatformMembershipFailsClosed
[GIN-debug] [WARNING] Running in "debug" mode. Switch to "release" mode in production.
 - using env:	export GIN_MODE=release
 - using code:	gin.SetMode(gin.ReleaseMode)

[GIN-debug] POST   /admin/v1/login           --> git.hyhy.fun/rsplab/iolink/internal/adminapi.(*Server).login-fm (2 handlers)
[GIN-debug] GET    /admin/v1/tenants         --> git.hyhy.fun/rsplab/iolink/internal/adminapi.(*Server).listTenants-fm (3 handlers)
[GIN-debug] PUT    /admin/v1/tenants/:id/status --> git.hyhy.fun/rsplab/iolink/internal/adminapi.(*Server).setTenantStatus-fm (3 handlers)
[GIN-debug] GET    /admin/v1/tenants/:id/members --> git.hyhy.fun/rsplab/iolink/internal/adminapi.(*Server).listTenantMembers-fm (3 handlers)
[GIN-debug] PUT    /admin/v1/tenants/:id/members/:user_id --> git.hyhy.fun/rsplab/iolink/internal/adminapi.(*Server).setTenantMember-fm (3 handlers)
[GIN-debug] POST   /admin/v1/password        --> git.hyhy.fun/rsplab/iolink/internal/adminapi.(*Server).changePassword-fm (3 handlers)
[GIN-debug] GET    /admin/v1/farms           --> git.hyhy.fun/rsplab/iolink/internal/adminapi.(*Server).listFarms-fm (4 handlers)
[GIN-debug] POST   /admin/v1/farms           --> git.hyhy.fun/rsplab/iolink/internal/adminapi.(*Server).createFarm-fm (4 handlers)
[GIN-debug] GET    /admin/v1/users           --> git.hyhy.fun/rsplab/iolink/internal/adminapi.(*Server).listUsers-fm (4 handlers)
[GIN-debug] PUT    /admin/v1/farms/:id       --> git.hyhy.fun/rsplab/iolink/internal/adminapi.(*Server).updateFarm-fm (4 handlers)
[GIN-debug] DELETE /admin/v1/farms/:id       --> git.hyhy.fun/rsplab/iolink/internal/adminapi.(*Server).deleteFarm-fm (4 handlers)
[GIN-debug] PUT    /admin/v1/farms/:id/owner --> git.hyhy.fun/rsplab/iolink/internal/adminapi.(*Server).setFarmOwner-fm (4 handlers)
[GIN-debug] GET    /admin/v1/farms/:id/members --> git.hyhy.fun/rsplab/iolink/internal/adminapi.(*Server).listFarmMembers-fm (4 handlers)
[GIN-debug] PUT    /admin/v1/farms/:id/members/:user_id --> git.hyhy.fun/rsplab/iolink/internal/adminapi.(*Server).setFarmMember-fm (4 handlers)
[GIN-debug] GET    /admin/v1/ponds           --> git.hyhy.fun/rsplab/iolink/internal/adminapi.(*Server).listPonds-fm (4 handlers)
[GIN-debug] POST   /admin/v1/ponds           --> git.hyhy.fun/rsplab/iolink/internal/adminapi.(*Server).createPond-fm (4 handlers)
[GIN-debug] PUT    /admin/v1/ponds/:id       --> git.hyhy.fun/rsplab/iolink/internal/adminapi.(*Server).updatePond-fm (4 handlers)
[GIN-debug] DELETE /admin/v1/ponds/:id       --> git.hyhy.fun/rsplab/iolink/internal/adminapi.(*Server).deletePond-fm (4 handlers)
[GIN-debug] GET    /admin/v1/devices         --> git.hyhy.fun/rsplab/iolink/internal/adminapi.(*Server).listDevices-fm (4 handlers)
[GIN-debug] POST   /admin/v1/devices         --> git.hyhy.fun/rsplab/iolink/internal/adminapi.(*Server).registerDevice-fm (4 handlers)
[GIN-debug] GET    /admin/v1/devices/:device_no --> git.hyhy.fun/rsplab/iolink/internal/adminapi.(*Server).getDevice-fm (4 handlers)
[GIN-debug] DELETE /admin/v1/devices/:device_no --> git.hyhy.fun/rsplab/iolink/internal/adminapi.(*Server).deleteDevice-fm (4 handlers)
[GIN-debug] PUT    /admin/v1/devices/:device_no/pond --> git.hyhy.fun/rsplab/iolink/internal/adminapi.(*Server).moveDevice-fm (4 handlers)
[GIN-debug] GET    /admin/v1/alarm-rules     --> git.hyhy.fun/rsplab/iolink/internal/adminapi.(*Server).listRules-fm (4 handlers)
[GIN-debug] POST   /admin/v1/alarm-rules     --> git.hyhy.fun/rsplab/iolink/internal/adminapi.(*Server).createRule-fm (4 handlers)
[GIN-debug] PUT    /admin/v1/alarm-rules/:id --> git.hyhy.fun/rsplab/iolink/internal/adminapi.(*Server).updateRule-fm (4 handlers)
[GIN-debug] DELETE /admin/v1/alarm-rules/:id --> git.hyhy.fun/rsplab/iolink/internal/adminapi.(*Server).deleteRule-fm (4 handlers)
[GIN-debug] GET    /admin/v1/alarms          --> git.hyhy.fun/rsplab/iolink/internal/adminapi.(*Server).listAlarms-fm (4 handlers)
[GIN-debug] POST   /admin/v1/alarms/:id/confirm --> git.hyhy.fun/rsplab/iolink/internal/adminapi.(*Server).confirmAlarm-fm (4 handlers)
[GIN-debug] POST   /admin/v1/alarms/batch-confirm --> git.hyhy.fun/rsplab/iolink/internal/adminapi.(*Server).batchConfirm-fm (4 handlers)
[GIN-debug] GET    /admin/v1/stats           --> git.hyhy.fun/rsplab/iolink/internal/adminapi.(*Server).stats-fm (4 handlers)
[GIN-debug] GET    /admin/v1/products        --> git.hyhy.fun/rsplab/iolink/internal/adminapi.(*Server).listProducts-fm (4 handlers)
[GIN-debug] POST   /admin/v1/products        --> git.hyhy.fun/rsplab/iolink/internal/adminapi.(*Server).createProduct-fm (4 handlers)
[GIN-debug] GET    /admin/v1/products/:product_id/models --> git.hyhy.fun/rsplab/iolink/internal/adminapi.(*Server).listProductModels-fm (4 handlers)
[GIN-debug] POST   /admin/v1/products/:product_id/models --> git.hyhy.fun/rsplab/iolink/internal/adminapi.(*Server).createProductModel-fm (4 handlers)
[GIN-debug] POST   /admin/v1/products/:product_id/models/:version/publish --> git.hyhy.fun/rsplab/iolink/internal/adminapi.(*Server).publishProductModel-fm (4 handlers)
[GIN-debug] GET    /admin/v1/devices/:device_no/product --> git.hyhy.fun/rsplab/iolink/internal/adminapi.(*Server).getDeviceProduct-fm (4 handlers)
[GIN-debug] PUT    /admin/v1/devices/:device_no/product --> git.hyhy.fun/rsplab/iolink/internal/adminapi.(*Server).assignDeviceProduct-fm (4 handlers)
=== RUN   TestM6bStoredPlatformMembershipFailsClosed/owner
2026/10/04 17:49:56 WARN http request request_id=2G3RXZQK5FGLGCPW7IOTR5BXH2 route=/admin/v1/farms method=GET status=401 duration_ms=1 tenant_id=0 actor_id=0
2026/10/04 17:49:56 INFO http request request_id=AIUVJSFTDGQAX7RHY3CR2RDA7Q route=/admin/v1/login method=POST status=200 duration_ms=165 tenant_id=0 actor_id=0
2026/10/04 17:49:56 WARN http request request_id=ANTSGNUYYH7VKLNJQHNG6FA7RA route=/admin/v1/farms method=GET status=403 duration_ms=1 tenant_id=0 actor_id=0
    platform_membership_test.go:76: ADMIN stored role=owner old token=401 fresh login business read=403
=== RUN   TestM6bStoredPlatformMembershipFailsClosed/admin
2026/10/04 17:49:56 WARN http request request_id=GLWSOHS3ZWCQF2B2N5O5VEHMNV route=/admin/v1/farms method=GET status=401 duration_ms=0 tenant_id=0 actor_id=0
2026/10/04 17:49:56 INFO http request request_id=7VKGTR3YYXXWR53GLMIRGSKKBN route=/admin/v1/login method=POST status=200 duration_ms=140 tenant_id=0 actor_id=0
2026/10/04 17:49:56 WARN http request request_id=PM22P3CKDXJ7QTP4GJJCT3NKK6 route=/admin/v1/farms method=GET status=403 duration_ms=1 tenant_id=0 actor_id=0
    platform_membership_test.go:76: ADMIN stored role=admin old token=401 fresh login business read=403
=== RUN   TestM6bStoredPlatformMembershipFailsClosed/member
2026/10/04 17:49:56 WARN http request request_id=IHFGE76VBLJNVHPH264525CQ3W route=/admin/v1/farms method=GET status=401 duration_ms=0 tenant_id=0 actor_id=0
2026/10/04 17:49:56 INFO http request request_id=LSH3BJ5BITZEPAMHLZI3D46S7W route=/admin/v1/login method=POST status=200 duration_ms=139 tenant_id=0 actor_id=0
2026/10/04 17:49:56 WARN http request request_id=UNPQH3ROZGTKRIPVWVYPTY652V route=/admin/v1/farms method=GET status=403 duration_ms=0 tenant_id=0 actor_id=0
    platform_membership_test.go:76: ADMIN stored role=member old token=401 fresh login business read=403
=== RUN   TestM6bStoredPlatformMembershipFailsClosed/viewer
2026/10/04 17:49:56 WARN http request request_id=UWFFMO4TGO42T65LI54VYM3MZL route=/admin/v1/farms method=GET status=401 duration_ms=0 tenant_id=0 actor_id=0
2026/10/04 17:49:57 INFO http request request_id=OF74GQYD7EIHOYNJZLYAFCYLV6 route=/admin/v1/login method=POST status=200 duration_ms=138 tenant_id=0 actor_id=0
2026/10/04 17:49:57 WARN http request request_id=4UQHHOQHPBCFMTXW4H4SHLP3CF route=/admin/v1/farms method=GET status=403 duration_ms=0 tenant_id=0 actor_id=0
    platform_membership_test.go:76: ADMIN stored role=viewer old token=401 fresh login business read=403
=== RUN   TestM6bStoredPlatformMembershipFailsClosed/owner_assignment_scoped_false
=== RUN   TestM6bStoredPlatformMembershipFailsClosed/owner_assignment_scoped_true
--- PASS: TestM6bStoredPlatformMembershipFailsClosed (1.46s)
    --- PASS: TestM6bStoredPlatformMembershipFailsClosed/owner (0.18s)
    --- PASS: TestM6bStoredPlatformMembershipFailsClosed/admin (0.15s)
    --- PASS: TestM6bStoredPlatformMembershipFailsClosed/member (0.15s)
    --- PASS: TestM6bStoredPlatformMembershipFailsClosed/viewer (0.14s)
    --- PASS: TestM6bStoredPlatformMembershipFailsClosed/owner_assignment_scoped_false (0.00s)
    --- PASS: TestM6bStoredPlatformMembershipFailsClosed/owner_assignment_scoped_true (0.00s)
=== RUN   TestM6bAdminHTTPAssignedFarmReadsAndBatchConfirmation
[GIN-debug] [WARNING] Running in "debug" mode. Switch to "release" mode in production.
 - using env:	export GIN_MODE=release
 - using code:	gin.SetMode(gin.ReleaseMode)

[GIN-debug] POST   /admin/v1/login           --> git.hyhy.fun/rsplab/iolink/internal/adminapi.(*Server).login-fm (2 handlers)
[GIN-debug] GET    /admin/v1/tenants         --> git.hyhy.fun/rsplab/iolink/internal/adminapi.(*Server).listTenants-fm (3 handlers)
[GIN-debug] PUT    /admin/v1/tenants/:id/status --> git.hyhy.fun/rsplab/iolink/internal/adminapi.(*Server).setTenantStatus-fm (3 handlers)
[GIN-debug] GET    /admin/v1/tenants/:id/members --> git.hyhy.fun/rsplab/iolink/internal/adminapi.(*Server).listTenantMembers-fm (3 handlers)
[GIN-debug] PUT    /admin/v1/tenants/:id/members/:user_id --> git.hyhy.fun/rsplab/iolink/internal/adminapi.(*Server).setTenantMember-fm (3 handlers)
[GIN-debug] POST   /admin/v1/password        --> git.hyhy.fun/rsplab/iolink/internal/adminapi.(*Server).changePassword-fm (3 handlers)
[GIN-debug] GET    /admin/v1/farms           --> git.hyhy.fun/rsplab/iolink/internal/adminapi.(*Server).listFarms-fm (4 handlers)
[GIN-debug] POST   /admin/v1/farms           --> git.hyhy.fun/rsplab/iolink/internal/adminapi.(*Server).createFarm-fm (4 handlers)
[GIN-debug] GET    /admin/v1/users           --> git.hyhy.fun/rsplab/iolink/internal/adminapi.(*Server).listUsers-fm (4 handlers)
[GIN-debug] PUT    /admin/v1/farms/:id       --> git.hyhy.fun/rsplab/iolink/internal/adminapi.(*Server).updateFarm-fm (4 handlers)
[GIN-debug] DELETE /admin/v1/farms/:id       --> git.hyhy.fun/rsplab/iolink/internal/adminapi.(*Server).deleteFarm-fm (4 handlers)
[GIN-debug] PUT    /admin/v1/farms/:id/owner --> git.hyhy.fun/rsplab/iolink/internal/adminapi.(*Server).setFarmOwner-fm (4 handlers)
[GIN-debug] GET    /admin/v1/farms/:id/members --> git.hyhy.fun/rsplab/iolink/internal/adminapi.(*Server).listFarmMembers-fm (4 handlers)
[GIN-debug] PUT    /admin/v1/farms/:id/members/:user_id --> git.hyhy.fun/rsplab/iolink/internal/adminapi.(*Server).setFarmMember-fm (4 handlers)
[GIN-debug] GET    /admin/v1/ponds           --> git.hyhy.fun/rsplab/iolink/internal/adminapi.(*Server).listPonds-fm (4 handlers)
[GIN-debug] POST   /admin/v1/ponds           --> git.hyhy.fun/rsplab/iolink/internal/adminapi.(*Server).createPond-fm (4 handlers)
[GIN-debug] PUT    /admin/v1/ponds/:id       --> git.hyhy.fun/rsplab/iolink/internal/adminapi.(*Server).updatePond-fm (4 handlers)
[GIN-debug] DELETE /admin/v1/ponds/:id       --> git.hyhy.fun/rsplab/iolink/internal/adminapi.(*Server).deletePond-fm (4 handlers)
[GIN-debug] GET    /admin/v1/devices         --> git.hyhy.fun/rsplab/iolink/internal/adminapi.(*Server).listDevices-fm (4 handlers)
[GIN-debug] POST   /admin/v1/devices         --> git.hyhy.fun/rsplab/iolink/internal/adminapi.(*Server).registerDevice-fm (4 handlers)
[GIN-debug] GET    /admin/v1/devices/:device_no --> git.hyhy.fun/rsplab/iolink/internal/adminapi.(*Server).getDevice-fm (4 handlers)
[GIN-debug] DELETE /admin/v1/devices/:device_no --> git.hyhy.fun/rsplab/iolink/internal/adminapi.(*Server).deleteDevice-fm (4 handlers)
[GIN-debug] PUT    /admin/v1/devices/:device_no/pond --> git.hyhy.fun/rsplab/iolink/internal/adminapi.(*Server).moveDevice-fm (4 handlers)
[GIN-debug] GET    /admin/v1/alarm-rules     --> git.hyhy.fun/rsplab/iolink/internal/adminapi.(*Server).listRules-fm (4 handlers)
[GIN-debug] POST   /admin/v1/alarm-rules     --> git.hyhy.fun/rsplab/iolink/internal/adminapi.(*Server).createRule-fm (4 handlers)
[GIN-debug] PUT    /admin/v1/alarm-rules/:id --> git.hyhy.fun/rsplab/iolink/internal/adminapi.(*Server).updateRule-fm (4 handlers)
[GIN-debug] DELETE /admin/v1/alarm-rules/:id --> git.hyhy.fun/rsplab/iolink/internal/adminapi.(*Server).deleteRule-fm (4 handlers)
[GIN-debug] GET    /admin/v1/alarms          --> git.hyhy.fun/rsplab/iolink/internal/adminapi.(*Server).listAlarms-fm (4 handlers)
[GIN-debug] POST   /admin/v1/alarms/:id/confirm --> git.hyhy.fun/rsplab/iolink/internal/adminapi.(*Server).confirmAlarm-fm (4 handlers)
[GIN-debug] POST   /admin/v1/alarms/batch-confirm --> git.hyhy.fun/rsplab/iolink/internal/adminapi.(*Server).batchConfirm-fm (4 handlers)
[GIN-debug] GET    /admin/v1/stats           --> git.hyhy.fun/rsplab/iolink/internal/adminapi.(*Server).stats-fm (4 handlers)
[GIN-debug] GET    /admin/v1/products        --> git.hyhy.fun/rsplab/iolink/internal/adminapi.(*Server).listProducts-fm (4 handlers)
[GIN-debug] POST   /admin/v1/products        --> git.hyhy.fun/rsplab/iolink/internal/adminapi.(*Server).createProduct-fm (4 handlers)
[GIN-debug] GET    /admin/v1/products/:product_id/models --> git.hyhy.fun/rsplab/iolink/internal/adminapi.(*Server).listProductModels-fm (4 handlers)
[GIN-debug] POST   /admin/v1/products/:product_id/models --> git.hyhy.fun/rsplab/iolink/internal/adminapi.(*Server).createProductModel-fm (4 handlers)
[GIN-debug] POST   /admin/v1/products/:product_id/models/:version/publish --> git.hyhy.fun/rsplab/iolink/internal/adminapi.(*Server).publishProductModel-fm (4 handlers)
[GIN-debug] GET    /admin/v1/devices/:device_no/product --> git.hyhy.fun/rsplab/iolink/internal/adminapi.(*Server).getDeviceProduct-fm (4 handlers)
[GIN-debug] PUT    /admin/v1/devices/:device_no/product --> git.hyhy.fun/rsplab/iolink/internal/adminapi.(*Server).assignDeviceProduct-fm (4 handlers)
=== RUN   TestM6bAdminHTTPAssignedFarmReadsAndBatchConfirmation/member
2026/10/04 17:49:58 INFO http request request_id=G54JIYY2DBBBQKRXCOLIIAWQF5 route=/admin/v1/login method=POST status=200 duration_ms=151 tenant_id=0 actor_id=0
2026/10/04 17:49:58 INFO http request request_id=GEZ3M4HU4TP3PGLTQZUUOEZ3PV route=/admin/v1/farms method=GET status=200 duration_ms=2 tenant_id=801 actor_id=802
2026/10/04 17:49:58 INFO http request request_id=YKX4WSZUASPQNCVABPUHEZ62FS route=/admin/v1/ponds method=GET status=200 duration_ms=7 tenant_id=801 actor_id=802
2026/10/04 17:49:58 INFO http request request_id=WDIBAJK7R5HD4CL2UD2N5HVOXC route=/admin/v1/devices method=GET status=200 duration_ms=1 tenant_id=801 actor_id=802
2026/10/04 17:49:58 INFO http request request_id=C7JECLAMARQNRBAFZQND46UAOC route=/admin/v1/alarms method=GET status=200 duration_ms=2 tenant_id=801 actor_id=802
2026/10/04 17:49:58 INFO http request request_id=LGDBYBIEC44SX6JMY6G23IQL2O route=/admin/v1/stats method=GET status=200 duration_ms=3 tenant_id=801 actor_id=802
2026/10/04 17:49:58 WARN http request request_id=DR2DUU4OWGM56CCSZ2YD6IYXHD route=/admin/v1/devices/:device_no method=GET status=404 duration_ms=1 tenant_id=801 actor_id=802
2026/10/04 17:49:58 WARN http request request_id=MUJJCBMPBMSKESSRLCYK2DREMZ route=/admin/v1/devices/:device_no/product method=GET status=404 duration_ms=2 tenant_id=801 actor_id=802
2026/10/04 17:49:58 WARN http request request_id=BGH6LA2V66WVQT6MAOTZXTV44J route=/admin/v1/farms/:id/members method=GET status=403 duration_ms=0 tenant_id=801 actor_id=802
2026/10/04 17:49:58 WARN http request request_id=DHUTKQSE4NMEIE62VKN7LYFK7Z route=/admin/v1/alarms/batch-confirm method=POST status=404 duration_ms=2 tenant_id=801 actor_id=802
2026/10/04 17:49:58 INFO http request request_id=UX3VOYES67HA7H6DCYICT5TIS5 route=/admin/v1/alarms/batch-confirm method=POST status=200 duration_ms=4 tenant_id=801 actor_id=802
2026/10/04 17:49:58 INFO http request request_id=CGQA23CISBOAYES4PO4PF6H6UM route=/admin/v1/alarms/batch-confirm method=POST status=200 duration_ms=3 tenant_id=801 actor_id=802
=== RUN   TestM6bAdminHTTPAssignedFarmReadsAndBatchConfirmation/viewer
2026/10/04 17:49:58 INFO http request request_id=6R4GDDP32VAY2NCOB5ARZKWZR7 route=/admin/v1/login method=POST status=200 duration_ms=156 tenant_id=0 actor_id=0
2026/10/04 17:49:58 INFO http request request_id=UKAPZ2Q2TWN2TQ7I5MKXNQI2AA route=/admin/v1/farms method=GET status=200 duration_ms=2 tenant_id=801 actor_id=802
2026/10/04 17:49:58 INFO http request request_id=XCGF52GJS3GX477TN53YR27UHK route=/admin/v1/ponds method=GET status=200 duration_ms=9 tenant_id=801 actor_id=802
2026/10/04 17:49:58 INFO http request request_id=YXGHIHQWJPGHCH6354WYGGC4U3 route=/admin/v1/devices method=GET status=200 duration_ms=2 tenant_id=801 actor_id=802
2026/10/04 17:49:58 INFO http request request_id=TJPMABJ4JEF3R7SD7OAQKAKYGU route=/admin/v1/alarms method=GET status=200 duration_ms=2 tenant_id=801 actor_id=802
2026/10/04 17:49:58 INFO http request request_id=DXCFDK3V7LT7YFB7LGXZLMBXM3 route=/admin/v1/stats method=GET status=200 duration_ms=3 tenant_id=801 actor_id=802
2026/10/04 17:49:58 WARN http request request_id=NGW4XGLMX5W3E3QIJRXIA7KRRB route=/admin/v1/devices/:device_no method=GET status=404 duration_ms=1 tenant_id=801 actor_id=802
2026/10/04 17:49:58 WARN http request request_id=6ODFOLV4NG5EZMYNBJFXWXCQE2 route=/admin/v1/devices/:device_no/product method=GET status=404 duration_ms=2 tenant_id=801 actor_id=802
2026/10/04 17:49:58 WARN http request request_id=ZLA72YCPFEIWLYTVQINPNNKBZQ route=/admin/v1/farms/:id/members method=GET status=403 duration_ms=1 tenant_id=801 actor_id=802
2026/10/04 17:49:58 WARN http request request_id=5FCL3XG6LS3CEJMTETWQZ5TCQY route=/admin/v1/alarms/batch-confirm method=POST status=403 duration_ms=0 tenant_id=801 actor_id=802
=== RUN   TestM6bAdminHTTPAssignedFarmReadsAndBatchConfirmation/support
2026/10/04 17:49:58 INFO http request request_id=VTMPGZDD33JG5OHEKCYUYRGYJO route=/admin/v1/login method=POST status=200 duration_ms=159 tenant_id=0 actor_id=0
2026/10/04 17:49:58 INFO http request request_id=IEAEJ6Z4V5KGZANA5DZGVYBINK route=/admin/v1/farms method=GET status=200 duration_ms=1 tenant_id=801 actor_id=802
2026/10/04 17:49:58 INFO http request request_id=M7G53AOYYH6S4OIXVY5WBCAALS route=/admin/v1/ponds method=GET status=200 duration_ms=4 tenant_id=801 actor_id=802
2026/10/04 17:49:58 INFO http request request_id=HSBOYM4IR3LJV6XVKM5J5GQEAH route=/admin/v1/devices method=GET status=200 duration_ms=1 tenant_id=801 actor_id=802
2026/10/04 17:49:58 INFO http request request_id=EQ5JJRNPX62HLULV4BUSMFAR54 route=/admin/v1/alarms method=GET status=200 duration_ms=1 tenant_id=801 actor_id=802
2026/10/04 17:49:58 INFO http request request_id=XNNDR5KQWUZKFL3JZMEUOATKO2 route=/admin/v1/stats method=GET status=200 duration_ms=1 tenant_id=801 actor_id=802
2026/10/04 17:49:58 WARN http request request_id=CC26ICCAJC6D6IWNQTH33EXOFT route=/admin/v1/devices/:device_no method=GET status=404 duration_ms=1 tenant_id=801 actor_id=802
2026/10/04 17:49:58 WARN http request request_id=TRWHKRE2YXQBPOQNHMBU5SFBD4 route=/admin/v1/devices/:device_no/product method=GET status=404 duration_ms=1 tenant_id=801 actor_id=802
2026/10/04 17:49:58 WARN http request request_id=ZKOAB23FUPCGAIBMZVZ2PBZBNI route=/admin/v1/farms/:id/members method=GET status=403 duration_ms=0 tenant_id=801 actor_id=802
2026/10/04 17:49:58 WARN http request request_id=23BGI2A4F46EFXQTAYF4B3PYU2 route=/admin/v1/alarms/batch-confirm method=POST status=404 duration_ms=2 tenant_id=801 actor_id=802
2026/10/04 17:49:58 INFO http request request_id=SPIMNBJSM6OMZXNNVYXKCJAYUF route=/admin/v1/alarms/batch-confirm method=POST status=200 duration_ms=4 tenant_id=801 actor_id=802
2026/10/04 17:49:58 INFO http request request_id=N2H5LX7DT26DZ4W4SLOSG5QSEP route=/admin/v1/alarms/batch-confirm method=POST status=200 duration_ms=4 tenant_id=801 actor_id=802
=== RUN   TestM6bAdminHTTPAssignedFarmReadsAndBatchConfirmation/tenant_manager_without_farm_assignment_owner
2026/10/04 17:49:58 INFO http request request_id=IRQXO3Q6HJ6MDIJTH5ZB46CILV route=/admin/v1/login method=POST status=200 duration_ms=144 tenant_id=0 actor_id=0
2026/10/04 17:49:58 INFO http request request_id=XVXTJ64JVRSKEULLS32RTTOIWN route=/admin/v1/alarms/batch-confirm method=POST status=200 duration_ms=4 tenant_id=801 actor_id=802
=== RUN   TestM6bAdminHTTPAssignedFarmReadsAndBatchConfirmation/tenant_manager_without_farm_assignment_admin
2026/10/04 17:49:58 INFO http request request_id=HYIQF6YBIKZKUFERH2WY4PHNPU route=/admin/v1/login method=POST status=200 duration_ms=143 tenant_id=0 actor_id=0
2026/10/04 17:49:58 INFO http request request_id=K6RYT7JXTRROMUWVAO5SAQ5TUD route=/admin/v1/alarms/batch-confirm method=POST status=200 duration_ms=4 tenant_id=801 actor_id=802
--- PASS: TestM6bAdminHTTPAssignedFarmReadsAndBatchConfirmation (1.41s)
    --- PASS: TestM6bAdminHTTPAssignedFarmReadsAndBatchConfirmation/member (0.22s)
    --- PASS: TestM6bAdminHTTPAssignedFarmReadsAndBatchConfirmation/viewer (0.19s)
    --- PASS: TestM6bAdminHTTPAssignedFarmReadsAndBatchConfirmation/support (0.20s)
    --- PASS: TestM6bAdminHTTPAssignedFarmReadsAndBatchConfirmation/tenant_manager_without_farm_assignment_owner (0.15s)
    --- PASS: TestM6bAdminHTTPAssignedFarmReadsAndBatchConfirmation/tenant_manager_without_farm_assignment_admin (0.15s)
=== RUN   TestAppTelemetryWriteWhenTenantManagerHasNoFarmAssignment
=== RUN   TestAppTelemetryWriteWhenTenantManagerHasNoFarmAssignment/owner
    app_resource_scope_test.go:37: environment real_timescaledb=2.30.0
    app_resource_scope_test.go:47: scenario=manager_owner_no_farm_assignment_write result={DeviceNo:v2-hidden ModelVersion:1 Accepted:[temperature] Rejected:[]} error=<nil> before={"alarms": [], "outbox": [], "shadows": [], "telemetry": [], "sensor_data": []} after={"alarms": [], "outbox": [], "shadows": [{"ts": "2026-10-01T00:00:00+00:00", "last": {"temperature": 25}, "signal": null, "pond_id": 9403, "device_no": "v2-hidden", "tenant_id": 9401, "product_id": 1, "timestamps": {"temperature": "2026-10-01T00:00:00Z"}, "model_version": 1}], "telemetry": [{"ts": "2026-10-01T00:00:00+00:00", "pond_id": 9403, "device_no": "v2-hidden", "tenant_id": 9401, "product_id": 1, "properties": {"temperature": 25}, "model_version": 1}], "sensor_data": [{"ph": null, "ts": "2026-10-01T00:00:00+00:00", "signal": null, "battery": null, "pond_id": 9403, "salinity": null, "device_no": "v2-hidden", "tenant_id": 9401, "turbidity": null, "temperature": 25, "dissolved_oxygen": null}]}
=== RUN   TestAppTelemetryWriteWhenTenantManagerHasNoFarmAssignment/admin
    app_resource_scope_test.go:37: environment real_timescaledb=2.30.0
    app_resource_scope_test.go:47: scenario=manager_admin_no_farm_assignment_write result={DeviceNo:v2-hidden ModelVersion:1 Accepted:[temperature] Rejected:[]} error=<nil> before={"alarms": [], "outbox": [], "shadows": [], "telemetry": [], "sensor_data": []} after={"alarms": [], "outbox": [], "shadows": [{"ts": "2026-10-01T00:00:00+00:00", "last": {"temperature": 25}, "signal": null, "pond_id": 9403, "device_no": "v2-hidden", "tenant_id": 9401, "product_id": 1, "timestamps": {"temperature": "2026-10-01T00:00:00Z"}, "model_version": 1}], "telemetry": [{"ts": "2026-10-01T00:00:00+00:00", "pond_id": 9403, "device_no": "v2-hidden", "tenant_id": 9401, "product_id": 1, "properties": {"temperature": 25}, "model_version": 1}], "sensor_data": [{"ph": null, "ts": "2026-10-01T00:00:00+00:00", "signal": null, "battery": null, "pond_id": 9403, "salinity": null, "device_no": "v2-hidden", "tenant_id": 9401, "turbidity": null, "temperature": 25, "dissolved_oxygen": null}]}
--- PASS: TestAppTelemetryWriteWhenTenantManagerHasNoFarmAssignment (0.71s)
    --- PASS: TestAppTelemetryWriteWhenTenantManagerHasNoFarmAssignment/owner (0.35s)
    --- PASS: TestAppTelemetryWriteWhenTenantManagerHasNoFarmAssignment/admin (0.36s)
=== RUN   TestAppTelemetryWriteDeniedWhenTokenRevoked
    telemetry_permission_http_test.go:77: environment real_timescaledb=2.30.0
[GIN-debug] [WARNING] Running in "debug" mode. Switch to "release" mode in production.
 - using env:	export GIN_MODE=release
 - using code:	gin.SetMode(gin.ReleaseMode)

[GIN-debug] POST   /api/v1/auth/login        --> git.hyhy.fun/rsplab/iolink/internal/appapi.(*Server).login-fm (2 handlers)
[GIN-debug] GET    /api/v1/auth/tenants      --> git.hyhy.fun/rsplab/iolink/internal/appapi.(*Server).listTenants-fm (3 handlers)
[GIN-debug] POST   /api/v1/auth/tenant       --> git.hyhy.fun/rsplab/iolink/internal/appapi.(*Server).switchTenant-fm (3 handlers)
[GIN-debug] GET    /api/v1/ponds             --> git.hyhy.fun/rsplab/iolink/internal/appapi.(*Server).listPonds-fm (3 handlers)
[GIN-debug] GET    /api/v1/ponds/:id         --> git.hyhy.fun/rsplab/iolink/internal/appapi.(*Server).getPond-fm (3 handlers)
[GIN-debug] GET    /api/v1/devices           --> git.hyhy.fun/rsplab/iolink/internal/appapi.(*Server).listDevices-fm (3 handlers)
[GIN-debug] GET    /api/v1/devices/:device_no --> git.hyhy.fun/rsplab/iolink/internal/appapi.(*Server).getDevice-fm (3 handlers)
[GIN-debug] GET    /api/v1/water/latest      --> git.hyhy.fun/rsplab/iolink/internal/appapi.(*Server).waterLatest-fm (3 handlers)
[GIN-debug] GET    /api/v1/water/history     --> git.hyhy.fun/rsplab/iolink/internal/appapi.(*Server).waterHistory-fm (3 handlers)
[GIN-debug] GET    /api/v1/alarms            --> git.hyhy.fun/rsplab/iolink/internal/appapi.(*Server).listAlarms-fm (3 handlers)
[GIN-debug] GET    /api/v1/stats/summary     --> git.hyhy.fun/rsplab/iolink/internal/appapi.(*Server).statsSummary-fm (3 handlers)
[GIN-debug] POST   /api/v1/alarms/:id/confirm --> git.hyhy.fun/rsplab/iolink/internal/appapi.(*Server).confirmAlarm-fm (3 handlers)
[GIN-debug] POST   /api/v2/devices/:device_no/telemetry --> git.hyhy.fun/rsplab/iolink/internal/appapi.(*Server).submitTelemetryV2-fm (3 handlers)
[GIN-debug] GET    /api/v2/devices/:device_no/model/latest --> git.hyhy.fun/rsplab/iolink/internal/appapi.(*Server).modelLatestV2-fm (3 handlers)
[GIN-debug] GET    /api/v2/devices/:device_no/history --> git.hyhy.fun/rsplab/iolink/internal/appapi.(*Server).telemetryHistoryV2-fm (3 handlers)
    telemetry_permission_http_test.go:93: scenario=app_revoked post_status=401 response={"error":"tenant membership revoked"} before={"alarms": [], "outbox": [], "shadows": [], "telemetry": [], "sensor_data": []} after={"alarms": [], "outbox": [], "shadows": [], "telemetry": [], "sensor_data": []}
--- PASS: TestAppTelemetryWriteDeniedWhenTokenRevoked (0.35s)
=== RUN   TestM6bTenantMembershipVersionAndRevocation
    m6b_tenant_test.go:187: inactive tenant telemetry error=no rows in result set
--- PASS: TestM6bTenantMembershipVersionAndRevocation (0.37s)
=== RUN   TestAppResourceScopeWhenTenantManagerHasNoFarmAssignment
=== RUN   TestAppResourceScopeWhenTenantManagerHasNoFarmAssignment/owner
    app_resource_scope_test.go:16: environment real_timescaledb=2.30.0
    app_resource_scope_test.go:25: scenario=manager_owner_no_farm_assignment latest={DeviceNo:v2-hidden ProductID:1 ModelVersion:1 Fields:[{Identifier:temperature Type:number Unit:℃ Min:<nil> Max:<nil> Enum:[] Readable:true Writable:false Nullable:true} {Identifier:dissolved_oxygen Type:number Unit:mg/L Min:<nil> Max:<nil> Enum:[] Readable:true Writable:false Nullable:true} {Identifier:ph Type:number Unit: Min:<nil> Max:<nil> Enum:[] Readable:true Writable:false Nullable:true} {Identifier:turbidity Type:number Unit:NTU Min:<nil> Max:<nil> Enum:[] Readable:true Writable:false Nullable:true} {Identifier:salinity Type:number Unit:ppt Min:<nil> Max:<nil> Enum:[] Readable:true Writable:false Nullable:true}] Timestamp:<nil> Properties:map[]} error=<nil>
=== RUN   TestAppResourceScopeWhenTenantManagerHasNoFarmAssignment/admin
    app_resource_scope_test.go:16: environment real_timescaledb=2.30.0
    app_resource_scope_test.go:25: scenario=manager_admin_no_farm_assignment latest={DeviceNo:v2-hidden ProductID:1 ModelVersion:1 Fields:[{Identifier:temperature Type:number Unit:℃ Min:<nil> Max:<nil> Enum:[] Readable:true Writable:false Nullable:true} {Identifier:dissolved_oxygen Type:number Unit:mg/L Min:<nil> Max:<nil> Enum:[] Readable:true Writable:false Nullable:true} {Identifier:ph Type:number Unit: Min:<nil> Max:<nil> Enum:[] Readable:true Writable:false Nullable:true} {Identifier:turbidity Type:number Unit:NTU Min:<nil> Max:<nil> Enum:[] Readable:true Writable:false Nullable:true} {Identifier:salinity Type:number Unit:ppt Min:<nil> Max:<nil> Enum:[] Readable:true Writable:false Nullable:true}] Timestamp:<nil> Properties:map[]} error=<nil>
--- PASS: TestAppResourceScopeWhenTenantManagerHasNoFarmAssignment (0.70s)
    --- PASS: TestAppResourceScopeWhenTenantManagerHasNoFarmAssignment/owner (0.35s)
    --- PASS: TestAppResourceScopeWhenTenantManagerHasNoFarmAssignment/admin (0.35s)
=== RUN   TestM6bScopedReadsAndExistsQueries
--- PASS: TestM6bScopedReadsAndExistsQueries (0.36s)
=== RUN   TestAppTelemetryHTTPWhenManagerFarmAssignmentIsRevoked
=== RUN   TestAppTelemetryHTTPWhenManagerFarmAssignmentIsRevoked/owner
    app_resource_scope_write_http_test.go:13: environment real_timescaledb=2.30.0
[GIN-debug] [WARNING] Running in "debug" mode. Switch to "release" mode in production.
 - using env:	export GIN_MODE=release
 - using code:	gin.SetMode(gin.ReleaseMode)

[GIN-debug] POST   /api/v1/auth/login        --> git.hyhy.fun/rsplab/iolink/internal/appapi.(*Server).login-fm (2 handlers)
[GIN-debug] GET    /api/v1/auth/tenants      --> git.hyhy.fun/rsplab/iolink/internal/appapi.(*Server).listTenants-fm (3 handlers)
[GIN-debug] POST   /api/v1/auth/tenant       --> git.hyhy.fun/rsplab/iolink/internal/appapi.(*Server).switchTenant-fm (3 handlers)
[GIN-debug] GET    /api/v1/ponds             --> git.hyhy.fun/rsplab/iolink/internal/appapi.(*Server).listPonds-fm (3 handlers)
[GIN-debug] GET    /api/v1/ponds/:id         --> git.hyhy.fun/rsplab/iolink/internal/appapi.(*Server).getPond-fm (3 handlers)
[GIN-debug] GET    /api/v1/devices           --> git.hyhy.fun/rsplab/iolink/internal/appapi.(*Server).listDevices-fm (3 handlers)
[GIN-debug] GET    /api/v1/devices/:device_no --> git.hyhy.fun/rsplab/iolink/internal/appapi.(*Server).getDevice-fm (3 handlers)
[GIN-debug] GET    /api/v1/water/latest      --> git.hyhy.fun/rsplab/iolink/internal/appapi.(*Server).waterLatest-fm (3 handlers)
[GIN-debug] GET    /api/v1/water/history     --> git.hyhy.fun/rsplab/iolink/internal/appapi.(*Server).waterHistory-fm (3 handlers)
[GIN-debug] GET    /api/v1/alarms            --> git.hyhy.fun/rsplab/iolink/internal/appapi.(*Server).listAlarms-fm (3 handlers)
[GIN-debug] GET    /api/v1/stats/summary     --> git.hyhy.fun/rsplab/iolink/internal/appapi.(*Server).statsSummary-fm (3 handlers)
[GIN-debug] POST   /api/v1/alarms/:id/confirm --> git.hyhy.fun/rsplab/iolink/internal/appapi.(*Server).confirmAlarm-fm (3 handlers)
[GIN-debug] POST   /api/v2/devices/:device_no/telemetry --> git.hyhy.fun/rsplab/iolink/internal/appapi.(*Server).submitTelemetryV2-fm (3 handlers)
[GIN-debug] GET    /api/v2/devices/:device_no/model/latest --> git.hyhy.fun/rsplab/iolink/internal/appapi.(*Server).modelLatestV2-fm (3 handlers)
[GIN-debug] GET    /api/v2/devices/:device_no/history --> git.hyhy.fun/rsplab/iolink/internal/appapi.(*Server).telemetryHistoryV2-fm (3 handlers)
    app_resource_scope_write_http_test.go:21: http method=POST path=/api/v2/devices/v2-hidden/telemetry status=202 response={"device_no":"v2-hidden","model_version":1,"accepted":["temperature"],"rejected":[]}
    app_resource_scope_write_http_test.go:29: scenario=owner_revoked_farm_assignment status=202 before={"alarms": [], "outbox": [], "shadows": [], "telemetry": [], "sensor_data": []} after={"alarms": [], "outbox": [], "shadows": [{"ts": "2026-10-01T00:00:00+00:00", "last": {"temperature": 25}, "signal": null, "pond_id": 9403, "device_no": "v2-hidden", "tenant_id": 9401, "product_id": 1, "timestamps": {"temperature": "2026-10-01T00:00:00Z"}, "model_version": 1}], "telemetry": [{"ts": "2026-10-01T00:00:00+00:00", "pond_id": 9403, "device_no": "v2-hidden", "tenant_id": 9401, "product_id": 1, "properties": {"temperature": 25}, "model_version": 1}], "sensor_data": [{"ph": null, "ts": "2026-10-01T00:00:00+00:00", "signal": null, "battery": null, "pond_id": 9403, "salinity": null, "device_no": "v2-hidden", "tenant_id": 9401, "turbidity": null, "temperature": 25, "dissolved_oxygen": null}]}
=== RUN   TestAppTelemetryHTTPWhenManagerFarmAssignmentIsRevoked/admin
    app_resource_scope_write_http_test.go:13: environment real_timescaledb=2.30.0
[GIN-debug] [WARNING] Running in "debug" mode. Switch to "release" mode in production.
 - using env:	export GIN_MODE=release
 - using code:	gin.SetMode(gin.ReleaseMode)

[GIN-debug] POST   /api/v1/auth/login        --> git.hyhy.fun/rsplab/iolink/internal/appapi.(*Server).login-fm (2 handlers)
[GIN-debug] GET    /api/v1/auth/tenants      --> git.hyhy.fun/rsplab/iolink/internal/appapi.(*Server).listTenants-fm (3 handlers)
[GIN-debug] POST   /api/v1/auth/tenant       --> git.hyhy.fun/rsplab/iolink/internal/appapi.(*Server).switchTenant-fm (3 handlers)
[GIN-debug] GET    /api/v1/ponds             --> git.hyhy.fun/rsplab/iolink/internal/appapi.(*Server).listPonds-fm (3 handlers)
[GIN-debug] GET    /api/v1/ponds/:id         --> git.hyhy.fun/rsplab/iolink/internal/appapi.(*Server).getPond-fm (3 handlers)
[GIN-debug] GET    /api/v1/devices           --> git.hyhy.fun/rsplab/iolink/internal/appapi.(*Server).listDevices-fm (3 handlers)
[GIN-debug] GET    /api/v1/devices/:device_no --> git.hyhy.fun/rsplab/iolink/internal/appapi.(*Server).getDevice-fm (3 handlers)
[GIN-debug] GET    /api/v1/water/latest      --> git.hyhy.fun/rsplab/iolink/internal/appapi.(*Server).waterLatest-fm (3 handlers)
[GIN-debug] GET    /api/v1/water/history     --> git.hyhy.fun/rsplab/iolink/internal/appapi.(*Server).waterHistory-fm (3 handlers)
[GIN-debug] GET    /api/v1/alarms            --> git.hyhy.fun/rsplab/iolink/internal/appapi.(*Server).listAlarms-fm (3 handlers)
[GIN-debug] GET    /api/v1/stats/summary     --> git.hyhy.fun/rsplab/iolink/internal/appapi.(*Server).statsSummary-fm (3 handlers)
[GIN-debug] POST   /api/v1/alarms/:id/confirm --> git.hyhy.fun/rsplab/iolink/internal/appapi.(*Server).confirmAlarm-fm (3 handlers)
[GIN-debug] POST   /api/v2/devices/:device_no/telemetry --> git.hyhy.fun/rsplab/iolink/internal/appapi.(*Server).submitTelemetryV2-fm (3 handlers)
[GIN-debug] GET    /api/v2/devices/:device_no/model/latest --> git.hyhy.fun/rsplab/iolink/internal/appapi.(*Server).modelLatestV2-fm (3 handlers)
[GIN-debug] GET    /api/v2/devices/:device_no/history --> git.hyhy.fun/rsplab/iolink/internal/appapi.(*Server).telemetryHistoryV2-fm (3 handlers)
    app_resource_scope_write_http_test.go:21: http method=POST path=/api/v2/devices/v2-hidden/telemetry status=202 response={"device_no":"v2-hidden","model_version":1,"accepted":["temperature"],"rejected":[]}
    app_resource_scope_write_http_test.go:29: scenario=admin_revoked_farm_assignment status=202 before={"alarms": [], "outbox": [], "shadows": [], "telemetry": [], "sensor_data": []} after={"alarms": [], "outbox": [], "shadows": [{"ts": "2026-10-01T00:00:00+00:00", "last": {"temperature": 25}, "signal": null, "pond_id": 9403, "device_no": "v2-hidden", "tenant_id": 9401, "product_id": 1, "timestamps": {"temperature": "2026-10-01T00:00:00Z"}, "model_version": 1}], "telemetry": [{"ts": "2026-10-01T00:00:00+00:00", "pond_id": 9403, "device_no": "v2-hidden", "tenant_id": 9401, "product_id": 1, "properties": {"temperature": 25}, "model_version": 1}], "sensor_data": [{"ph": null, "ts": "2026-10-01T00:00:00+00:00", "signal": null, "battery": null, "pond_id": 9403, "salinity": null, "device_no": "v2-hidden", "tenant_id": 9401, "turbidity": null, "temperature": 25, "dissolved_oxygen": null}]}
=== RUN   TestAppTelemetryHTTPWhenManagerFarmAssignmentIsRevoked/member
    app_resource_scope_write_http_test.go:13: environment real_timescaledb=2.30.0
[GIN-debug] [WARNING] Running in "debug" mode. Switch to "release" mode in production.
 - using env:	export GIN_MODE=release
 - using code:	gin.SetMode(gin.ReleaseMode)

[GIN-debug] POST   /api/v1/auth/login        --> git.hyhy.fun/rsplab/iolink/internal/appapi.(*Server).login-fm (2 handlers)
[GIN-debug] GET    /api/v1/auth/tenants      --> git.hyhy.fun/rsplab/iolink/internal/appapi.(*Server).listTenants-fm (3 handlers)
[GIN-debug] POST   /api/v1/auth/tenant       --> git.hyhy.fun/rsplab/iolink/internal/appapi.(*Server).switchTenant-fm (3 handlers)
[GIN-debug] GET    /api/v1/ponds             --> git.hyhy.fun/rsplab/iolink/internal/appapi.(*Server).listPonds-fm (3 handlers)
[GIN-debug] GET    /api/v1/ponds/:id         --> git.hyhy.fun/rsplab/iolink/internal/appapi.(*Server).getPond-fm (3 handlers)
[GIN-debug] GET    /api/v1/devices           --> git.hyhy.fun/rsplab/iolink/internal/appapi.(*Server).listDevices-fm (3 handlers)
[GIN-debug] GET    /api/v1/devices/:device_no --> git.hyhy.fun/rsplab/iolink/internal/appapi.(*Server).getDevice-fm (3 handlers)
[GIN-debug] GET    /api/v1/water/latest      --> git.hyhy.fun/rsplab/iolink/internal/appapi.(*Server).waterLatest-fm (3 handlers)
[GIN-debug] GET    /api/v1/water/history     --> git.hyhy.fun/rsplab/iolink/internal/appapi.(*Server).waterHistory-fm (3 handlers)
[GIN-debug] GET    /api/v1/alarms            --> git.hyhy.fun/rsplab/iolink/internal/appapi.(*Server).listAlarms-fm (3 handlers)
[GIN-debug] GET    /api/v1/stats/summary     --> git.hyhy.fun/rsplab/iolink/internal/appapi.(*Server).statsSummary-fm (3 handlers)
[GIN-debug] POST   /api/v1/alarms/:id/confirm --> git.hyhy.fun/rsplab/iolink/internal/appapi.(*Server).confirmAlarm-fm (3 handlers)
[GIN-debug] POST   /api/v2/devices/:device_no/telemetry --> git.hyhy.fun/rsplab/iolink/internal/appapi.(*Server).submitTelemetryV2-fm (3 handlers)
[GIN-debug] GET    /api/v2/devices/:device_no/model/latest --> git.hyhy.fun/rsplab/iolink/internal/appapi.(*Server).modelLatestV2-fm (3 handlers)
[GIN-debug] GET    /api/v2/devices/:device_no/history --> git.hyhy.fun/rsplab/iolink/internal/appapi.(*Server).telemetryHistoryV2-fm (3 handlers)
    app_resource_scope_write_http_test.go:21: http method=POST path=/api/v2/devices/v2-hidden/telemetry status=404 response={"error":"not_found"}
    app_resource_scope_write_http_test.go:29: scenario=member_revoked_farm_assignment status=404 before={"alarms": [], "outbox": [], "shadows": [], "telemetry": [], "sensor_data": []} after={"alarms": [], "outbox": [], "shadows": [], "telemetry": [], "sensor_data": []}
=== RUN   TestAppTelemetryHTTPWhenManagerFarmAssignmentIsRevoked/viewer
    app_resource_scope_write_http_test.go:13: environment real_timescaledb=2.30.0
[GIN-debug] [WARNING] Running in "debug" mode. Switch to "release" mode in production.
 - using env:	export GIN_MODE=release
 - using code:	gin.SetMode(gin.ReleaseMode)

[GIN-debug] POST   /api/v1/auth/login        --> git.hyhy.fun/rsplab/iolink/internal/appapi.(*Server).login-fm (2 handlers)
[GIN-debug] GET    /api/v1/auth/tenants      --> git.hyhy.fun/rsplab/iolink/internal/appapi.(*Server).listTenants-fm (3 handlers)
[GIN-debug] POST   /api/v1/auth/tenant       --> git.hyhy.fun/rsplab/iolink/internal/appapi.(*Server).switchTenant-fm (3 handlers)
[GIN-debug] GET    /api/v1/ponds             --> git.hyhy.fun/rsplab/iolink/internal/appapi.(*Server).listPonds-fm (3 handlers)
[GIN-debug] GET    /api/v1/ponds/:id         --> git.hyhy.fun/rsplab/iolink/internal/appapi.(*Server).getPond-fm (3 handlers)
[GIN-debug] GET    /api/v1/devices           --> git.hyhy.fun/rsplab/iolink/internal/appapi.(*Server).listDevices-fm (3 handlers)
[GIN-debug] GET    /api/v1/devices/:device_no --> git.hyhy.fun/rsplab/iolink/internal/appapi.(*Server).getDevice-fm (3 handlers)
[GIN-debug] GET    /api/v1/water/latest      --> git.hyhy.fun/rsplab/iolink/internal/appapi.(*Server).waterLatest-fm (3 handlers)
[GIN-debug] GET    /api/v1/water/history     --> git.hyhy.fun/rsplab/iolink/internal/appapi.(*Server).waterHistory-fm (3 handlers)
[GIN-debug] GET    /api/v1/alarms            --> git.hyhy.fun/rsplab/iolink/internal/appapi.(*Server).listAlarms-fm (3 handlers)
[GIN-debug] GET    /api/v1/stats/summary     --> git.hyhy.fun/rsplab/iolink/internal/appapi.(*Server).statsSummary-fm (3 handlers)
[GIN-debug] POST   /api/v1/alarms/:id/confirm --> git.hyhy.fun/rsplab/iolink/internal/appapi.(*Server).confirmAlarm-fm (3 handlers)
[GIN-debug] POST   /api/v2/devices/:device_no/telemetry --> git.hyhy.fun/rsplab/iolink/internal/appapi.(*Server).submitTelemetryV2-fm (3 handlers)
[GIN-debug] GET    /api/v2/devices/:device_no/model/latest --> git.hyhy.fun/rsplab/iolink/internal/appapi.(*Server).modelLatestV2-fm (3 handlers)
[GIN-debug] GET    /api/v2/devices/:device_no/history --> git.hyhy.fun/rsplab/iolink/internal/appapi.(*Server).telemetryHistoryV2-fm (3 handlers)
    app_resource_scope_write_http_test.go:21: http method=POST path=/api/v2/devices/v2-hidden/telemetry status=404 response={"error":"not_found"}
    app_resource_scope_write_http_test.go:29: scenario=viewer_revoked_farm_assignment status=404 before={"alarms": [], "outbox": [], "shadows": [], "telemetry": [], "sensor_data": []} after={"alarms": [], "outbox": [], "shadows": [], "telemetry": [], "sensor_data": []}
=== RUN   TestAppTelemetryHTTPWhenManagerFarmAssignmentIsRevoked/support
    app_resource_scope_write_http_test.go:13: environment real_timescaledb=2.30.0
[GIN-debug] [WARNING] Running in "debug" mode. Switch to "release" mode in production.
 - using env:	export GIN_MODE=release
 - using code:	gin.SetMode(gin.ReleaseMode)

[GIN-debug] POST   /api/v1/auth/login        --> git.hyhy.fun/rsplab/iolink/internal/appapi.(*Server).login-fm (2 handlers)
[GIN-debug] GET    /api/v1/auth/tenants      --> git.hyhy.fun/rsplab/iolink/internal/appapi.(*Server).listTenants-fm (3 handlers)
[GIN-debug] POST   /api/v1/auth/tenant       --> git.hyhy.fun/rsplab/iolink/internal/appapi.(*Server).switchTenant-fm (3 handlers)
[GIN-debug] GET    /api/v1/ponds             --> git.hyhy.fun/rsplab/iolink/internal/appapi.(*Server).listPonds-fm (3 handlers)
[GIN-debug] GET    /api/v1/ponds/:id         --> git.hyhy.fun/rsplab/iolink/internal/appapi.(*Server).getPond-fm (3 handlers)
[GIN-debug] GET    /api/v1/devices           --> git.hyhy.fun/rsplab/iolink/internal/appapi.(*Server).listDevices-fm (3 handlers)
[GIN-debug] GET    /api/v1/devices/:device_no --> git.hyhy.fun/rsplab/iolink/internal/appapi.(*Server).getDevice-fm (3 handlers)
[GIN-debug] GET    /api/v1/water/latest      --> git.hyhy.fun/rsplab/iolink/internal/appapi.(*Server).waterLatest-fm (3 handlers)
[GIN-debug] GET    /api/v1/water/history     --> git.hyhy.fun/rsplab/iolink/internal/appapi.(*Server).waterHistory-fm (3 handlers)
[GIN-debug] GET    /api/v1/alarms            --> git.hyhy.fun/rsplab/iolink/internal/appapi.(*Server).listAlarms-fm (3 handlers)
[GIN-debug] GET    /api/v1/stats/summary     --> git.hyhy.fun/rsplab/iolink/internal/appapi.(*Server).statsSummary-fm (3 handlers)
[GIN-debug] POST   /api/v1/alarms/:id/confirm --> git.hyhy.fun/rsplab/iolink/internal/appapi.(*Server).confirmAlarm-fm (3 handlers)
[GIN-debug] POST   /api/v2/devices/:device_no/telemetry --> git.hyhy.fun/rsplab/iolink/internal/appapi.(*Server).submitTelemetryV2-fm (3 handlers)
[GIN-debug] GET    /api/v2/devices/:device_no/model/latest --> git.hyhy.fun/rsplab/iolink/internal/appapi.(*Server).modelLatestV2-fm (3 handlers)
[GIN-debug] GET    /api/v2/devices/:device_no/history --> git.hyhy.fun/rsplab/iolink/internal/appapi.(*Server).telemetryHistoryV2-fm (3 handlers)
    app_resource_scope_write_http_test.go:21: http method=POST path=/api/v2/devices/v2-hidden/telemetry status=404 response={"error":"not_found"}
    app_resource_scope_write_http_test.go:29: scenario=support_revoked_farm_assignment status=404 before={"alarms": [], "outbox": [], "shadows": [], "telemetry": [], "sensor_data": []} after={"alarms": [], "outbox": [], "shadows": [], "telemetry": [], "sensor_data": []}
--- PASS: TestAppTelemetryHTTPWhenManagerFarmAssignmentIsRevoked (1.78s)
    --- PASS: TestAppTelemetryHTTPWhenManagerFarmAssignmentIsRevoked/owner (0.37s)
    --- PASS: TestAppTelemetryHTTPWhenManagerFarmAssignmentIsRevoked/admin (0.36s)
    --- PASS: TestAppTelemetryHTTPWhenManagerFarmAssignmentIsRevoked/member (0.36s)
    --- PASS: TestAppTelemetryHTTPWhenManagerFarmAssignmentIsRevoked/viewer (0.34s)
    --- PASS: TestAppTelemetryHTTPWhenManagerFarmAssignmentIsRevoked/support (0.35s)
=== RUN   TestM6bFakeExecutorPropagatesScopeAndRejectsRevocation
    fake_executor_m6b_test.go:36: environment real_timescaledb=2.30.0
=== RUN   TestM6bFakeExecutorPropagatesScopeAndRejectsRevocation/preserves_tenant_actor_context
=== RUN   TestM6bFakeExecutorPropagatesScopeAndRejectsRevocation/rejects_committed_role_revocation_before_side_effect
=== RUN   TestM6bFakeExecutorPropagatesScopeAndRejectsRevocation/rejects_committed_permission_version_revocation_before_side_effect
--- PASS: TestM6bFakeExecutorPropagatesScopeAndRejectsRevocation (0.34s)
    --- PASS: TestM6bFakeExecutorPropagatesScopeAndRejectsRevocation/preserves_tenant_actor_context (0.00s)
    --- PASS: TestM6bFakeExecutorPropagatesScopeAndRejectsRevocation/rejects_committed_role_revocation_before_side_effect (0.00s)
    --- PASS: TestM6bFakeExecutorPropagatesScopeAndRejectsRevocation/rejects_committed_permission_version_revocation_before_side_effect (0.00s)
=== RUN   TestAppResourceHTTPWhenRoleDeterminesFarmScope
=== RUN   TestAppResourceHTTPWhenRoleDeterminesFarmScope/owner
    app_resource_scope_http_test.go:72: environment real_timescaledb=2.30.0
[GIN-debug] [WARNING] Running in "debug" mode. Switch to "release" mode in production.
 - using env:	export GIN_MODE=release
 - using code:	gin.SetMode(gin.ReleaseMode)

[GIN-debug] POST   /api/v1/auth/login        --> git.hyhy.fun/rsplab/iolink/internal/appapi.(*Server).login-fm (2 handlers)
[GIN-debug] GET    /api/v1/auth/tenants      --> git.hyhy.fun/rsplab/iolink/internal/appapi.(*Server).listTenants-fm (3 handlers)
[GIN-debug] POST   /api/v1/auth/tenant       --> git.hyhy.fun/rsplab/iolink/internal/appapi.(*Server).switchTenant-fm (3 handlers)
[GIN-debug] GET    /api/v1/ponds             --> git.hyhy.fun/rsplab/iolink/internal/appapi.(*Server).listPonds-fm (3 handlers)
[GIN-debug] GET    /api/v1/ponds/:id         --> git.hyhy.fun/rsplab/iolink/internal/appapi.(*Server).getPond-fm (3 handlers)
[GIN-debug] GET    /api/v1/devices           --> git.hyhy.fun/rsplab/iolink/internal/appapi.(*Server).listDevices-fm (3 handlers)
[GIN-debug] GET    /api/v1/devices/:device_no --> git.hyhy.fun/rsplab/iolink/internal/appapi.(*Server).getDevice-fm (3 handlers)
[GIN-debug] GET    /api/v1/water/latest      --> git.hyhy.fun/rsplab/iolink/internal/appapi.(*Server).waterLatest-fm (3 handlers)
[GIN-debug] GET    /api/v1/water/history     --> git.hyhy.fun/rsplab/iolink/internal/appapi.(*Server).waterHistory-fm (3 handlers)
[GIN-debug] GET    /api/v1/alarms            --> git.hyhy.fun/rsplab/iolink/internal/appapi.(*Server).listAlarms-fm (3 handlers)
[GIN-debug] GET    /api/v1/stats/summary     --> git.hyhy.fun/rsplab/iolink/internal/appapi.(*Server).statsSummary-fm (3 handlers)
[GIN-debug] POST   /api/v1/alarms/:id/confirm --> git.hyhy.fun/rsplab/iolink/internal/appapi.(*Server).confirmAlarm-fm (3 handlers)
[GIN-debug] POST   /api/v2/devices/:device_no/telemetry --> git.hyhy.fun/rsplab/iolink/internal/appapi.(*Server).submitTelemetryV2-fm (3 handlers)
[GIN-debug] GET    /api/v2/devices/:device_no/model/latest --> git.hyhy.fun/rsplab/iolink/internal/appapi.(*Server).modelLatestV2-fm (3 handlers)
[GIN-debug] GET    /api/v2/devices/:device_no/history --> git.hyhy.fun/rsplab/iolink/internal/appapi.(*Server).telemetryHistoryV2-fm (3 handlers)
=== RUN   TestAppResourceHTTPWhenRoleDeterminesFarmScope/owner//api/v1/ponds
    app_resource_scope_http_test.go:89: http method=GET path=/api/v1/ponds status=200 response=[{"device_count":1,"latest":{"device_no":"v2-permission","dissolved_oxygen":null,"ph":null,"pond_id":9401,"report_interval":60,"salinity":null,"signal":null,"temperature":25,"timestamps":{"dissolved_oxygen":null,"ph":null,"salinity":null,"signal":null,"temperature":"2026-10-04T09:49:03.74055765Z","turbidity":null},"ts":"2026-10-04T17:49:03.740557+08:00","turbidity":null},"pond_id":9401,"pond_name":"v2-pond","status":"warning"},{"device_count":1,"latest":{"device_no":"v2-hidden","dissolved_oxygen":null,"ph":null,"pond_id":9403,"report_interval":60,"salinity":null,"signal":null,"temperature":25,"timestamps":{"dissolved_oxygen":null,"ph":null,"salinity":null,"signal":null,"temperature":"2026-10-04T09:49:03.749270196Z","turbidity":null},"ts":"2026-10-04T17:49:03.74927+08:00","turbidity":null},"pond_id":9403,"pond_name":"hidden","status":"warning"}]
=== RUN   TestAppResourceHTTPWhenRoleDeterminesFarmScope/owner//api/v1/devices
    app_resource_scope_http_test.go:89: http method=GET path=/api/v1/devices status=200 response=[{"created_at":"2026-10-04T17:50:03.732495+08:00","device_no":"v2-permission","disabled_at":null,"id":1,"last_seen_at":null,"model":"","name":"","pond_id":9401,"report_interval":60,"status":"offline"},{"created_at":"2026-10-04T17:50:03.732495+08:00","device_no":"v2-hidden","disabled_at":null,"id":3,"last_seen_at":null,"model":"","name":"","pond_id":9403,"report_interval":60,"status":"offline"}]
=== RUN   TestAppResourceHTTPWhenRoleDeterminesFarmScope/owner//api/v1/alarms
    app_resource_scope_http_test.go:89: http method=GET path=/api/v1/alarms status=200 response=[{"confirmed_at":null,"created_at":"2026-10-04T17:49:03.74927+08:00","current_value":25,"device_no":"v2-hidden","id":2,"level":"warning","message":"temperature 高于阈值 20","metric":"temperature","pond_id":9403,"threshold":20},{"confirmed_at":null,"created_at":"2026-10-04T17:49:03.740557+08:00","current_value":25,"device_no":"v2-permission","id":1,"level":"warning","message":"temperature 高于阈值 20","metric":"temperature","pond_id":9401,"threshold":20}]
=== RUN   TestAppResourceHTTPWhenRoleDeterminesFarmScope/owner/stats
    app_resource_scope_http_test.go:98: http method=GET path=/api/v1/stats/summary status=200 response={"alarm_devices":2,"offline_devices":2,"online_devices":0,"ponds":[{"pond_id":9401,"pond_name":"v2-pond","status":"warning"},{"pond_id":9403,"pond_name":"hidden","status":"warning"}]}
=== RUN   TestAppResourceHTTPWhenRoleDeterminesFarmScope/owner//api/v1/ponds/9401
    app_resource_scope_http_test.go:127: http method=GET path=/api/v1/ponds/9401 status=200 response={"device_count":1,"latest":{"device_no":"v2-permission","dissolved_oxygen":null,"ph":null,"pond_id":9401,"report_interval":60,"salinity":null,"signal":null,"temperature":25,"timestamps":{"dissolved_oxygen":null,"ph":null,"salinity":null,"signal":null,"temperature":"2026-10-04T09:49:03.74055765Z","turbidity":null},"ts":"2026-10-04T17:49:03.740557+08:00","turbidity":null},"pond_id":9401,"pond_name":"v2-pond","status":"warning"}
=== RUN   TestAppResourceHTTPWhenRoleDeterminesFarmScope/owner//api/v1/devices?pond_id=9401
    app_resource_scope_http_test.go:127: http method=GET path=/api/v1/devices?pond_id=9401 status=200 response=[{"created_at":"2026-10-04T17:50:03.732495+08:00","device_no":"v2-permission","disabled_at":null,"id":1,"last_seen_at":null,"model":"","name":"","pond_id":9401,"report_interval":60,"status":"offline"}]
=== RUN   TestAppResourceHTTPWhenRoleDeterminesFarmScope/owner//api/v1/devices/v2-permission
    app_resource_scope_http_test.go:127: http method=GET path=/api/v1/devices/v2-permission status=200 response={"created_at":"2026-10-04T17:50:03.732495+08:00","device_no":"v2-permission","disabled_at":null,"id":1,"last_seen_at":null,"latest":{"device_no":"v2-permission","dissolved_oxygen":null,"ph":null,"pond_id":9401,"report_interval":60,"salinity":null,"signal":null,"temperature":25,"timestamps":{"dissolved_oxygen":null,"ph":null,"salinity":null,"signal":null,"temperature":"2026-10-04T09:49:03.74055765Z","turbidity":null},"ts":"2026-10-04T17:49:03.740557+08:00","turbidity":null},"model":"","name":"","pond_id":9401,"report_interval":60,"status":"offline"}
=== RUN   TestAppResourceHTTPWhenRoleDeterminesFarmScope/owner//api/v1/water/latest?device_no=v2-permission
    app_resource_scope_http_test.go:127: http method=GET path=/api/v1/water/latest?device_no=v2-permission status=200 response={"device_no":"v2-permission","dissolved_oxygen":null,"ph":null,"pond_id":9401,"report_interval":60,"salinity":null,"signal":null,"temperature":25,"timestamps":{"dissolved_oxygen":null,"ph":null,"salinity":null,"signal":null,"temperature":"2026-10-04T09:49:03.74055765Z","turbidity":null},"ts":"2026-10-04T17:49:03.740557+08:00","turbidity":null}
=== RUN   TestAppResourceHTTPWhenRoleDeterminesFarmScope/owner//api/v1/water/history?device_no=v2-permission&metric=temperature&range=30d
    app_resource_scope_http_test.go:127: http method=GET path=/api/v1/water/history?device_no=v2-permission&metric=temperature&range=30d status=200 response={"metric":"temperature","points":[{"ts":"2026-10-04T14:14:03.791161+08:00","value":25}],"unit":"℃"}
=== RUN   TestAppResourceHTTPWhenRoleDeterminesFarmScope/owner//api/v2/devices/v2-permission/model/latest
    app_resource_scope_http_test.go:127: http method=GET path=/api/v2/devices/v2-permission/model/latest status=200 response={"device_no":"v2-permission","product_id":1,"model_version":1,"fields":[{"identifier":"temperature","type":"number","unit":"℃","minimum":null,"maximum":null,"enum_values":null,"readable":true,"writable":false,"nullable":true},{"identifier":"dissolved_oxygen","type":"number","unit":"mg/L","minimum":null,"maximum":null,"enum_values":null,"readable":true,"writable":false,"nullable":true},{"identifier":"ph","type":"number","unit":"","minimum":null,"maximum":null,"enum_values":null,"readable":true,"writable":false,"nullable":true},{"identifier":"turbidity","type":"number","unit":"NTU","minimum":null,"maximum":null,"enum_values":null,"readable":true,"writable":false,"nullable":true},{"identifier":"salinity","type":"number","unit":"ppt","minimum":null,"maximum":null,"enum_values":null,"readable":true,"writable":false,"nullable":true}],"ts":"2026-10-04T17:49:03.740557+08:00","properties":{"temperature":25}}
=== RUN   TestAppResourceHTTPWhenRoleDeterminesFarmScope/owner//api/v2/devices/v2-permission/history?metric=temperature
    app_resource_scope_http_test.go:127: http method=GET path=/api/v2/devices/v2-permission/history?metric=temperature status=200 response={"device_no":"v2-permission","metric":"temperature","points":[{"ts":"2026-10-04T17:49:03.740557+08:00","value":25,"model_version":1,"unit":"℃"}],"unit":"℃"}
=== RUN   TestAppResourceHTTPWhenRoleDeterminesFarmScope/owner//api/v1/ponds/9403
    app_resource_scope_http_test.go:127: http method=GET path=/api/v1/ponds/9403 status=200 response={"device_count":1,"latest":{"device_no":"v2-hidden","dissolved_oxygen":null,"ph":null,"pond_id":9403,"report_interval":60,"salinity":null,"signal":null,"temperature":25,"timestamps":{"dissolved_oxygen":null,"ph":null,"salinity":null,"signal":null,"temperature":"2026-10-04T09:49:03.749270196Z","turbidity":null},"ts":"2026-10-04T17:49:03.74927+08:00","turbidity":null},"pond_id":9403,"pond_name":"hidden","status":"warning"}
=== RUN   TestAppResourceHTTPWhenRoleDeterminesFarmScope/owner//api/v1/devices?pond_id=9403
    app_resource_scope_http_test.go:127: http method=GET path=/api/v1/devices?pond_id=9403 status=200 response=[{"created_at":"2026-10-04T17:50:03.732495+08:00","device_no":"v2-hidden","disabled_at":null,"id":3,"last_seen_at":null,"model":"","name":"","pond_id":9403,"report_interval":60,"status":"offline"}]
=== RUN   TestAppResourceHTTPWhenRoleDeterminesFarmScope/owner//api/v1/devices/v2-hidden
    app_resource_scope_http_test.go:127: http method=GET path=/api/v1/devices/v2-hidden status=200 response={"created_at":"2026-10-04T17:50:03.732495+08:00","device_no":"v2-hidden","disabled_at":null,"id":3,"last_seen_at":null,"latest":{"device_no":"v2-hidden","dissolved_oxygen":null,"ph":null,"pond_id":9403,"report_interval":60,"salinity":null,"signal":null,"temperature":25,"timestamps":{"dissolved_oxygen":null,"ph":null,"salinity":null,"signal":null,"temperature":"2026-10-04T09:49:03.749270196Z","turbidity":null},"ts":"2026-10-04T17:49:03.74927+08:00","turbidity":null},"model":"","name":"","pond_id":9403,"report_interval":60,"status":"offline"}
=== RUN   TestAppResourceHTTPWhenRoleDeterminesFarmScope/owner//api/v1/water/latest?device_no=v2-hidden
    app_resource_scope_http_test.go:127: http method=GET path=/api/v1/water/latest?device_no=v2-hidden status=200 response={"device_no":"v2-hidden","dissolved_oxygen":null,"ph":null,"pond_id":9403,"report_interval":60,"salinity":null,"signal":null,"temperature":25,"timestamps":{"dissolved_oxygen":null,"ph":null,"salinity":null,"signal":null,"temperature":"2026-10-04T09:49:03.749270196Z","turbidity":null},"ts":"2026-10-04T17:49:03.74927+08:00","turbidity":null}
=== RUN   TestAppResourceHTTPWhenRoleDeterminesFarmScope/owner//api/v1/water/history?device_no=v2-hidden&metric=temperature&range=30d
    app_resource_scope_http_test.go:127: http method=GET path=/api/v1/water/history?device_no=v2-hidden&metric=temperature&range=30d status=200 response={"metric":"temperature","points":[{"ts":"2026-10-04T14:14:03.813353+08:00","value":25}],"unit":"℃"}
=== RUN   TestAppResourceHTTPWhenRoleDeterminesFarmScope/owner//api/v2/devices/v2-hidden/model/latest
    app_resource_scope_http_test.go:127: http method=GET path=/api/v2/devices/v2-hidden/model/latest status=200 response={"device_no":"v2-hidden","product_id":1,"model_version":1,"fields":[{"identifier":"temperature","type":"number","unit":"℃","minimum":null,"maximum":null,"enum_values":null,"readable":true,"writable":false,"nullable":true},{"identifier":"dissolved_oxygen","type":"number","unit":"mg/L","minimum":null,"maximum":null,"enum_values":null,"readable":true,"writable":false,"nullable":true},{"identifier":"ph","type":"number","unit":"","minimum":null,"maximum":null,"enum_values":null,"readable":true,"writable":false,"nullable":true},{"identifier":"turbidity","type":"number","unit":"NTU","minimum":null,"maximum":null,"enum_values":null,"readable":true,"writable":false,"nullable":true},{"identifier":"salinity","type":"number","unit":"ppt","minimum":null,"maximum":null,"enum_values":null,"readable":true,"writable":false,"nullable":true}],"ts":"2026-10-04T17:49:03.74927+08:00","properties":{"temperature":25}}
=== RUN   TestAppResourceHTTPWhenRoleDeterminesFarmScope/owner//api/v2/devices/v2-hidden/history?metric=temperature
    app_resource_scope_http_test.go:127: http method=GET path=/api/v2/devices/v2-hidden/history?metric=temperature status=200 response={"device_no":"v2-hidden","metric":"temperature","points":[{"ts":"2026-10-04T17:49:03.74927+08:00","value":25,"model_version":1,"unit":"℃"}],"unit":"℃"}
=== RUN   TestAppResourceHTTPWhenRoleDeterminesFarmScope/owner//api/v1/ponds/9402
    app_resource_scope_http_test.go:127: http method=GET path=/api/v1/ponds/9402 status=404 response={"error":"pond not found"}
=== RUN   TestAppResourceHTTPWhenRoleDeterminesFarmScope/owner//api/v1/devices?pond_id=9402
    app_resource_scope_http_test.go:127: http method=GET path=/api/v1/devices?pond_id=9402 status=404 response={"error":"pond not found"}
=== RUN   TestAppResourceHTTPWhenRoleDeterminesFarmScope/owner//api/v1/devices/v2-foreign
    app_resource_scope_http_test.go:127: http method=GET path=/api/v1/devices/v2-foreign status=404 response={"error":"device not found"}
=== RUN   TestAppResourceHTTPWhenRoleDeterminesFarmScope/owner//api/v1/water/latest?device_no=v2-foreign
    app_resource_scope_http_test.go:127: http method=GET path=/api/v1/water/latest?device_no=v2-foreign status=404 response={"error":"no data"}
=== RUN   TestAppResourceHTTPWhenRoleDeterminesFarmScope/owner//api/v1/water/history?device_no=v2-foreign&metric=temperature&range=30d
    app_resource_scope_http_test.go:127: http method=GET path=/api/v1/water/history?device_no=v2-foreign&metric=temperature&range=30d status=404 response={"error":"device not found"}
=== RUN   TestAppResourceHTTPWhenRoleDeterminesFarmScope/owner//api/v2/devices/v2-foreign/model/latest
    app_resource_scope_http_test.go:127: http method=GET path=/api/v2/devices/v2-foreign/model/latest status=404 response={"error":"not_found"}
=== RUN   TestAppResourceHTTPWhenRoleDeterminesFarmScope/owner//api/v2/devices/v2-foreign/history?metric=temperature
    app_resource_scope_http_test.go:127: http method=GET path=/api/v2/devices/v2-foreign/history?metric=temperature status=404 response={"error":"not_found"}
=== NAME  TestAppResourceHTTPWhenRoleDeterminesFarmScope/owner
    app_resource_scope_http_test.go:149: http method=POST path=/api/v1/alarms/2/confirm status=204 response=
    app_resource_scope_http_test.go:158: scenario=owner_hidden_alarm_confirm before={"alarms": [{"id": 1, "level": "warning", "metric": "temperature", "message": "temperature 高于阈值 20", "pond_id": 9401, "device_no": "v2-permission", "threshold": 20, "created_at": "2026-10-04T09:49:03.740557+00:00", "product_id": 1, "confirmed_at": null, "current_value": 25}, {"id": 2, "level": "warning", "metric": "temperature", "message": "temperature 高于阈值 20", "pond_id": 9403, "device_no": "v2-hidden", "threshold": 20, "created_at": "2026-10-04T09:49:03.74927+00:00", "product_id": 1, "confirmed_at": null, "current_value": 25}], "outbox": [{"id": 1, "status": "pending", "next_at": "2026-10-04T09:50:03.740601+00:00", "alarm_id": 1, "attempts": 0, "created_at": "2026-10-04T09:50:03.740601+00:00", "last_error": null, "updated_at": "2026-10-04T09:50:03.740601+00:00", "lease_owner": null, "leased_until": null, "recipient_open_id": null}, {"id": 2, "status": "pending", "next_at": "2026-10-04T09:50:03.749309+00:00", "alarm_id": 2, "attempts": 0, "created_at": "2026-10-04T09:50:03.749309+00:00", "last_error": null, "updated_at": "2026-10-04T09:50:03.749309+00:00", "lease_owner": null, "leased_until": null, "recipient_open_id": null}], "shadows": [{"ts": "2026-10-04T09:49:03.74927+00:00", "last": {"temperature": 25}, "signal": null, "pond_id": 9403, "device_no": "v2-hidden", "tenant_id": 9401, "product_id": 1, "timestamps": {"temperature": "2026-10-04T09:49:03.749270196Z"}, "model_version": 1}, {"ts": "2026-10-04T09:49:03.740557+00:00", "last": {"temperature": 25}, "signal": null, "pond_id": 9401, "device_no": "v2-permission", "tenant_id": 9401, "product_id": 1, "timestamps": {"temperature": "2026-10-04T09:49:03.74055765Z"}, "model_version": 1}], "telemetry": [{"ts": "2026-10-04T09:49:03.740557+00:00", "pond_id": 9401, "device_no": "v2-permission", "tenant_id": 9401, "product_id": 1, "properties": {"temperature": 25}, "model_version": 1}, {"ts": "2026-10-04T09:49:03.74927+00:00", "pond_id": 9403, "device_no": "v2-hidden", "tenant_id": 9401, "product_id": 1, "properties": {"temperature": 25}, "model_version": 1}], "sensor_data": [{"ph": null, "ts": "2026-10-04T09:49:03.740557+00:00", "signal": null, "battery": null, "pond_id": 9401, "salinity": null, "device_no": "v2-permission", "tenant_id": 9401, "turbidity": null, "temperature": 25, "dissolved_oxygen": null}, {"ph": null, "ts": "2026-10-04T09:49:03.74927+00:00", "signal": null, "battery": null, "pond_id": 9403, "salinity": null, "device_no": "v2-hidden", "tenant_id": 9401, "turbidity": null, "temperature": 25, "dissolved_oxygen": null}]} after={"alarms": [{"id": 1, "level": "warning", "metric": "temperature", "message": "temperature 高于阈值 20", "pond_id": 9401, "device_no": "v2-permission", "threshold": 20, "created_at": "2026-10-04T09:49:03.740557+00:00", "product_id": 1, "confirmed_at": null, "current_value": 25}, {"id": 2, "level": "warning", "metric": "temperature", "message": "temperature 高于阈值 20", "pond_id": 9403, "device_no": "v2-hidden", "threshold": 20, "created_at": "2026-10-04T09:49:03.74927+00:00", "product_id": 1, "confirmed_at": "2026-10-04T09:50:03.834487+00:00", "current_value": 25}], "outbox": [{"id": 1, "status": "pending", "next_at": "2026-10-04T09:50:03.740601+00:00", "alarm_id": 1, "attempts": 0, "created_at": "2026-10-04T09:50:03.740601+00:00", "last_error": null, "updated_at": "2026-10-04T09:50:03.740601+00:00", "lease_owner": null, "leased_until": null, "recipient_open_id": null}, {"id": 2, "status": "pending", "next_at": "2026-10-04T09:50:03.749309+00:00", "alarm_id": 2, "attempts": 0, "created_at": "2026-10-04T09:50:03.749309+00:00", "last_error": null, "updated_at": "2026-10-04T09:50:03.749309+00:00", "lease_owner": null, "leased_until": null, "recipient_open_id": null}], "shadows": [{"ts": "2026-10-04T09:49:03.74927+00:00", "last": {"temperature": 25}, "signal": null, "pond_id": 9403, "device_no": "v2-hidden", "tenant_id": 9401, "product_id": 1, "timestamps": {"temperature": "2026-10-04T09:49:03.749270196Z"}, "model_version": 1}, {"ts": "2026-10-04T09:49:03.740557+00:00", "last": {"temperature": 25}, "signal": null, "pond_id": 9401, "device_no": "v2-permission", "tenant_id": 9401, "product_id": 1, "timestamps": {"temperature": "2026-10-04T09:49:03.74055765Z"}, "model_version": 1}], "telemetry": [{"ts": "2026-10-04T09:49:03.740557+00:00", "pond_id": 9401, "device_no": "v2-permission", "tenant_id": 9401, "product_id": 1, "properties": {"temperature": 25}, "model_version": 1}, {"ts": "2026-10-04T09:49:03.74927+00:00", "pond_id": 9403, "device_no": "v2-hidden", "tenant_id": 9401, "product_id": 1, "properties": {"temperature": 25}, "model_version": 1}], "sensor_data": [{"ph": null, "ts": "2026-10-04T09:49:03.740557+00:00", "signal": null, "battery": null, "pond_id": 9401, "salinity": null, "device_no": "v2-permission", "tenant_id": 9401, "turbidity": null, "temperature": 25, "dissolved_oxygen": null}, {"ph": null, "ts": "2026-10-04T09:49:03.74927+00:00", "signal": null, "battery": null, "pond_id": 9403, "salinity": null, "device_no": "v2-hidden", "tenant_id": 9401, "turbidity": null, "temperature": 25, "dissolved_oxygen": null}]}
=== RUN   TestAppResourceHTTPWhenRoleDeterminesFarmScope/admin
    app_resource_scope_http_test.go:72: environment real_timescaledb=2.30.0
[GIN-debug] [WARNING] Running in "debug" mode. Switch to "release" mode in production.
 - using env:	export GIN_MODE=release
 - using code:	gin.SetMode(gin.ReleaseMode)

[GIN-debug] POST   /api/v1/auth/login        --> git.hyhy.fun/rsplab/iolink/internal/appapi.(*Server).login-fm (2 handlers)
[GIN-debug] GET    /api/v1/auth/tenants      --> git.hyhy.fun/rsplab/iolink/internal/appapi.(*Server).listTenants-fm (3 handlers)
[GIN-debug] POST   /api/v1/auth/tenant       --> git.hyhy.fun/rsplab/iolink/internal/appapi.(*Server).switchTenant-fm (3 handlers)
[GIN-debug] GET    /api/v1/ponds             --> git.hyhy.fun/rsplab/iolink/internal/appapi.(*Server).listPonds-fm (3 handlers)
[GIN-debug] GET    /api/v1/ponds/:id         --> git.hyhy.fun/rsplab/iolink/internal/appapi.(*Server).getPond-fm (3 handlers)
[GIN-debug] GET    /api/v1/devices           --> git.hyhy.fun/rsplab/iolink/internal/appapi.(*Server).listDevices-fm (3 handlers)
[GIN-debug] GET    /api/v1/devices/:device_no --> git.hyhy.fun/rsplab/iolink/internal/appapi.(*Server).getDevice-fm (3 handlers)
[GIN-debug] GET    /api/v1/water/latest      --> git.hyhy.fun/rsplab/iolink/internal/appapi.(*Server).waterLatest-fm (3 handlers)
[GIN-debug] GET    /api/v1/water/history     --> git.hyhy.fun/rsplab/iolink/internal/appapi.(*Server).waterHistory-fm (3 handlers)
[GIN-debug] GET    /api/v1/alarms            --> git.hyhy.fun/rsplab/iolink/internal/appapi.(*Server).listAlarms-fm (3 handlers)
[GIN-debug] GET    /api/v1/stats/summary     --> git.hyhy.fun/rsplab/iolink/internal/appapi.(*Server).statsSummary-fm (3 handlers)
[GIN-debug] POST   /api/v1/alarms/:id/confirm --> git.hyhy.fun/rsplab/iolink/internal/appapi.(*Server).confirmAlarm-fm (3 handlers)
[GIN-debug] POST   /api/v2/devices/:device_no/telemetry --> git.hyhy.fun/rsplab/iolink/internal/appapi.(*Server).submitTelemetryV2-fm (3 handlers)
[GIN-debug] GET    /api/v2/devices/:device_no/model/latest --> git.hyhy.fun/rsplab/iolink/internal/appapi.(*Server).modelLatestV2-fm (3 handlers)
[GIN-debug] GET    /api/v2/devices/:device_no/history --> git.hyhy.fun/rsplab/iolink/internal/appapi.(*Server).telemetryHistoryV2-fm (3 handlers)
=== RUN   TestAppResourceHTTPWhenRoleDeterminesFarmScope/admin//api/v1/ponds
    app_resource_scope_http_test.go:89: http method=GET path=/api/v1/ponds status=200 response=[{"device_count":1,"latest":{"device_no":"v2-permission","dissolved_oxygen":null,"ph":null,"pond_id":9401,"report_interval":60,"salinity":null,"signal":null,"temperature":25,"timestamps":{"dissolved_oxygen":null,"ph":null,"salinity":null,"signal":null,"temperature":"2026-10-04T09:49:04.173802828Z","turbidity":null},"ts":"2026-10-04T17:49:04.173802+08:00","turbidity":null},"pond_id":9401,"pond_name":"v2-pond","status":"warning"},{"device_count":1,"latest":{"device_no":"v2-hidden","dissolved_oxygen":null,"ph":null,"pond_id":9403,"report_interval":60,"salinity":null,"signal":null,"temperature":25,"timestamps":{"dissolved_oxygen":null,"ph":null,"salinity":null,"signal":null,"temperature":"2026-10-04T09:49:04.182172507Z","turbidity":null},"ts":"2026-10-04T17:49:04.182172+08:00","turbidity":null},"pond_id":9403,"pond_name":"hidden","status":"warning"}]
=== RUN   TestAppResourceHTTPWhenRoleDeterminesFarmScope/admin//api/v1/devices
    app_resource_scope_http_test.go:89: http method=GET path=/api/v1/devices status=200 response=[{"created_at":"2026-10-04T17:50:04.165431+08:00","device_no":"v2-permission","disabled_at":null,"id":1,"last_seen_at":null,"model":"","name":"","pond_id":9401,"report_interval":60,"status":"offline"},{"created_at":"2026-10-04T17:50:04.165431+08:00","device_no":"v2-hidden","disabled_at":null,"id":3,"last_seen_at":null,"model":"","name":"","pond_id":9403,"report_interval":60,"status":"offline"}]
=== RUN   TestAppResourceHTTPWhenRoleDeterminesFarmScope/admin//api/v1/alarms
    app_resource_scope_http_test.go:89: http method=GET path=/api/v1/alarms status=200 response=[{"confirmed_at":null,"created_at":"2026-10-04T17:49:04.182172+08:00","current_value":25,"device_no":"v2-hidden","id":2,"level":"warning","message":"temperature 高于阈值 20","metric":"temperature","pond_id":9403,"threshold":20},{"confirmed_at":null,"created_at":"2026-10-04T17:49:04.173802+08:00","current_value":25,"device_no":"v2-permission","id":1,"level":"warning","message":"temperature 高于阈值 20","metric":"temperature","pond_id":9401,"threshold":20}]
=== RUN   TestAppResourceHTTPWhenRoleDeterminesFarmScope/admin/stats
    app_resource_scope_http_test.go:98: http method=GET path=/api/v1/stats/summary status=200 response={"alarm_devices":2,"offline_devices":2,"online_devices":0,"ponds":[{"pond_id":9401,"pond_name":"v2-pond","status":"warning"},{"pond_id":9403,"pond_name":"hidden","status":"warning"}]}
=== RUN   TestAppResourceHTTPWhenRoleDeterminesFarmScope/admin//api/v1/ponds/9401
    app_resource_scope_http_test.go:127: http method=GET path=/api/v1/ponds/9401 status=200 response={"device_count":1,"latest":{"device_no":"v2-permission","dissolved_oxygen":null,"ph":null,"pond_id":9401,"report_interval":60,"salinity":null,"signal":null,"temperature":25,"timestamps":{"dissolved_oxygen":null,"ph":null,"salinity":null,"signal":null,"temperature":"2026-10-04T09:49:04.173802828Z","turbidity":null},"ts":"2026-10-04T17:49:04.173802+08:00","turbidity":null},"pond_id":9401,"pond_name":"v2-pond","status":"warning"}
=== RUN   TestAppResourceHTTPWhenRoleDeterminesFarmScope/admin//api/v1/devices?pond_id=9401
    app_resource_scope_http_test.go:127: http method=GET path=/api/v1/devices?pond_id=9401 status=200 response=[{"created_at":"2026-10-04T17:50:04.165431+08:00","device_no":"v2-permission","disabled_at":null,"id":1,"last_seen_at":null,"model":"","name":"","pond_id":9401,"report_interval":60,"status":"offline"}]
=== RUN   TestAppResourceHTTPWhenRoleDeterminesFarmScope/admin//api/v1/devices/v2-permission
    app_resource_scope_http_test.go:127: http method=GET path=/api/v1/devices/v2-permission status=200 response={"created_at":"2026-10-04T17:50:04.165431+08:00","device_no":"v2-permission","disabled_at":null,"id":1,"last_seen_at":null,"latest":{"device_no":"v2-permission","dissolved_oxygen":null,"ph":null,"pond_id":9401,"report_interval":60,"salinity":null,"signal":null,"temperature":25,"timestamps":{"dissolved_oxygen":null,"ph":null,"salinity":null,"signal":null,"temperature":"2026-10-04T09:49:04.173802828Z","turbidity":null},"ts":"2026-10-04T17:49:04.173802+08:00","turbidity":null},"model":"","name":"","pond_id":9401,"report_interval":60,"status":"offline"}
=== RUN   TestAppResourceHTTPWhenRoleDeterminesFarmScope/admin//api/v1/water/latest?device_no=v2-permission
    app_resource_scope_http_test.go:127: http method=GET path=/api/v1/water/latest?device_no=v2-permission status=200 response={"device_no":"v2-permission","dissolved_oxygen":null,"ph":null,"pond_id":9401,"report_interval":60,"salinity":null,"signal":null,"temperature":25,"timestamps":{"dissolved_oxygen":null,"ph":null,"salinity":null,"signal":null,"temperature":"2026-10-04T09:49:04.173802828Z","turbidity":null},"ts":"2026-10-04T17:49:04.173802+08:00","turbidity":null}
=== RUN   TestAppResourceHTTPWhenRoleDeterminesFarmScope/admin//api/v1/water/history?device_no=v2-permission&metric=temperature&range=30d
    app_resource_scope_http_test.go:127: http method=GET path=/api/v1/water/history?device_no=v2-permission&metric=temperature&range=30d status=200 response={"metric":"temperature","points":[{"ts":"2026-10-04T14:14:04.224597+08:00","value":25}],"unit":"℃"}
=== RUN   TestAppResourceHTTPWhenRoleDeterminesFarmScope/admin//api/v2/devices/v2-permission/model/latest
    app_resource_scope_http_test.go:127: http method=GET path=/api/v2/devices/v2-permission/model/latest status=200 response={"device_no":"v2-permission","product_id":1,"model_version":1,"fields":[{"identifier":"temperature","type":"number","unit":"℃","minimum":null,"maximum":null,"enum_values":null,"readable":true,"writable":false,"nullable":true},{"identifier":"dissolved_oxygen","type":"number","unit":"mg/L","minimum":null,"maximum":null,"enum_values":null,"readable":true,"writable":false,"nullable":true},{"identifier":"ph","type":"number","unit":"","minimum":null,"maximum":null,"enum_values":null,"readable":true,"writable":false,"nullable":true},{"identifier":"turbidity","type":"number","unit":"NTU","minimum":null,"maximum":null,"enum_values":null,"readable":true,"writable":false,"nullable":true},{"identifier":"salinity","type":"number","unit":"ppt","minimum":null,"maximum":null,"enum_values":null,"readable":true,"writable":false,"nullable":true}],"ts":"2026-10-04T17:49:04.173802+08:00","properties":{"temperature":25}}
=== RUN   TestAppResourceHTTPWhenRoleDeterminesFarmScope/admin//api/v2/devices/v2-permission/history?metric=temperature
    app_resource_scope_http_test.go:127: http method=GET path=/api/v2/devices/v2-permission/history?metric=temperature status=200 response={"device_no":"v2-permission","metric":"temperature","points":[{"ts":"2026-10-04T17:49:04.173802+08:00","value":25,"model_version":1,"unit":"℃"}],"unit":"℃"}
=== RUN   TestAppResourceHTTPWhenRoleDeterminesFarmScope/admin//api/v1/ponds/9403
    app_resource_scope_http_test.go:127: http method=GET path=/api/v1/ponds/9403 status=200 response={"device_count":1,"latest":{"device_no":"v2-hidden","dissolved_oxygen":null,"ph":null,"pond_id":9403,"report_interval":60,"salinity":null,"signal":null,"temperature":25,"timestamps":{"dissolved_oxygen":null,"ph":null,"salinity":null,"signal":null,"temperature":"2026-10-04T09:49:04.182172507Z","turbidity":null},"ts":"2026-10-04T17:49:04.182172+08:00","turbidity":null},"pond_id":9403,"pond_name":"hidden","status":"warning"}
=== RUN   TestAppResourceHTTPWhenRoleDeterminesFarmScope/admin//api/v1/devices?pond_id=9403
    app_resource_scope_http_test.go:127: http method=GET path=/api/v1/devices?pond_id=9403 status=200 response=[{"created_at":"2026-10-04T17:50:04.165431+08:00","device_no":"v2-hidden","disabled_at":null,"id":3,"last_seen_at":null,"model":"","name":"","pond_id":9403,"report_interval":60,"status":"offline"}]
=== RUN   TestAppResourceHTTPWhenRoleDeterminesFarmScope/admin//api/v1/devices/v2-hidden
    app_resource_scope_http_test.go:127: http method=GET path=/api/v1/devices/v2-hidden status=200 response={"created_at":"2026-10-04T17:50:04.165431+08:00","device_no":"v2-hidden","disabled_at":null,"id":3,"last_seen_at":null,"latest":{"device_no":"v2-hidden","dissolved_oxygen":null,"ph":null,"pond_id":9403,"report_interval":60,"salinity":null,"signal":null,"temperature":25,"timestamps":{"dissolved_oxygen":null,"ph":null,"salinity":null,"signal":null,"temperature":"2026-10-04T09:49:04.182172507Z","turbidity":null},"ts":"2026-10-04T17:49:04.182172+08:00","turbidity":null},"model":"","name":"","pond_id":9403,"report_interval":60,"status":"offline"}
=== RUN   TestAppResourceHTTPWhenRoleDeterminesFarmScope/admin//api/v1/water/latest?device_no=v2-hidden
    app_resource_scope_http_test.go:127: http method=GET path=/api/v1/water/latest?device_no=v2-hidden status=200 response={"device_no":"v2-hidden","dissolved_oxygen":null,"ph":null,"pond_id":9403,"report_interval":60,"salinity":null,"signal":null,"temperature":25,"timestamps":{"dissolved_oxygen":null,"ph":null,"salinity":null,"signal":null,"temperature":"2026-10-04T09:49:04.182172507Z","turbidity":null},"ts":"2026-10-04T17:49:04.182172+08:00","turbidity":null}
=== RUN   TestAppResourceHTTPWhenRoleDeterminesFarmScope/admin//api/v1/water/history?device_no=v2-hidden&metric=temperature&range=30d
    app_resource_scope_http_test.go:127: http method=GET path=/api/v1/water/history?device_no=v2-hidden&metric=temperature&range=30d status=200 response={"metric":"temperature","points":[{"ts":"2026-10-04T14:14:04.2476+08:00","value":25}],"unit":"℃"}
=== RUN   TestAppResourceHTTPWhenRoleDeterminesFarmScope/admin//api/v2/devices/v2-hidden/model/latest
    app_resource_scope_http_test.go:127: http method=GET path=/api/v2/devices/v2-hidden/model/latest status=200 response={"device_no":"v2-hidden","product_id":1,"model_version":1,"fields":[{"identifier":"temperature","type":"number","unit":"℃","minimum":null,"maximum":null,"enum_values":null,"readable":true,"writable":false,"nullable":true},{"identifier":"dissolved_oxygen","type":"number","unit":"mg/L","minimum":null,"maximum":null,"enum_values":null,"readable":true,"writable":false,"nullable":true},{"identifier":"ph","type":"number","unit":"","minimum":null,"maximum":null,"enum_values":null,"readable":true,"writable":false,"nullable":true},{"identifier":"turbidity","type":"number","unit":"NTU","minimum":null,"maximum":null,"enum_values":null,"readable":true,"writable":false,"nullable":true},{"identifier":"salinity","type":"number","unit":"ppt","minimum":null,"maximum":null,"enum_values":null,"readable":true,"writable":false,"nullable":true}],"ts":"2026-10-04T17:49:04.182172+08:00","properties":{"temperature":25}}
=== RUN   TestAppResourceHTTPWhenRoleDeterminesFarmScope/admin//api/v2/devices/v2-hidden/history?metric=temperature
    app_resource_scope_http_test.go:127: http method=GET path=/api/v2/devices/v2-hidden/history?metric=temperature status=200 response={"device_no":"v2-hidden","metric":"temperature","points":[{"ts":"2026-10-04T17:49:04.182172+08:00","value":25,"model_version":1,"unit":"℃"}],"unit":"℃"}
=== RUN   TestAppResourceHTTPWhenRoleDeterminesFarmScope/admin//api/v1/ponds/9402
    app_resource_scope_http_test.go:127: http method=GET path=/api/v1/ponds/9402 status=404 response={"error":"pond not found"}
=== RUN   TestAppResourceHTTPWhenRoleDeterminesFarmScope/admin//api/v1/devices?pond_id=9402
    app_resource_scope_http_test.go:127: http method=GET path=/api/v1/devices?pond_id=9402 status=404 response={"error":"pond not found"}
=== RUN   TestAppResourceHTTPWhenRoleDeterminesFarmScope/admin//api/v1/devices/v2-foreign
    app_resource_scope_http_test.go:127: http method=GET path=/api/v1/devices/v2-foreign status=404 response={"error":"device not found"}
=== RUN   TestAppResourceHTTPWhenRoleDeterminesFarmScope/admin//api/v1/water/latest?device_no=v2-foreign
    app_resource_scope_http_test.go:127: http method=GET path=/api/v1/water/latest?device_no=v2-foreign status=404 response={"error":"no data"}
=== RUN   TestAppResourceHTTPWhenRoleDeterminesFarmScope/admin//api/v1/water/history?device_no=v2-foreign&metric=temperature&range=30d
    app_resource_scope_http_test.go:127: http method=GET path=/api/v1/water/history?device_no=v2-foreign&metric=temperature&range=30d status=404 response={"error":"device not found"}
=== RUN   TestAppResourceHTTPWhenRoleDeterminesFarmScope/admin//api/v2/devices/v2-foreign/model/latest
    app_resource_scope_http_test.go:127: http method=GET path=/api/v2/devices/v2-foreign/model/latest status=404 response={"error":"not_found"}
=== RUN   TestAppResourceHTTPWhenRoleDeterminesFarmScope/admin//api/v2/devices/v2-foreign/history?metric=temperature
    app_resource_scope_http_test.go:127: http method=GET path=/api/v2/devices/v2-foreign/history?metric=temperature status=404 response={"error":"not_found"}
=== NAME  TestAppResourceHTTPWhenRoleDeterminesFarmScope/admin
    app_resource_scope_http_test.go:149: http method=POST path=/api/v1/alarms/2/confirm status=204 response=
    app_resource_scope_http_test.go:158: scenario=admin_hidden_alarm_confirm before={"alarms": [{"id": 1, "level": "warning", "metric": "temperature", "message": "temperature 高于阈值 20", "pond_id": 9401, "device_no": "v2-permission", "threshold": 20, "created_at": "2026-10-04T09:49:04.173802+00:00", "product_id": 1, "confirmed_at": null, "current_value": 25}, {"id": 2, "level": "warning", "metric": "temperature", "message": "temperature 高于阈值 20", "pond_id": 9403, "device_no": "v2-hidden", "threshold": 20, "created_at": "2026-10-04T09:49:04.182172+00:00", "product_id": 1, "confirmed_at": null, "current_value": 25}], "outbox": [{"id": 1, "status": "pending", "next_at": "2026-10-04T09:50:04.173837+00:00", "alarm_id": 1, "attempts": 0, "created_at": "2026-10-04T09:50:04.173837+00:00", "last_error": null, "updated_at": "2026-10-04T09:50:04.173837+00:00", "lease_owner": null, "leased_until": null, "recipient_open_id": null}, {"id": 2, "status": "pending", "next_at": "2026-10-04T09:50:04.18221+00:00", "alarm_id": 2, "attempts": 0, "created_at": "2026-10-04T09:50:04.18221+00:00", "last_error": null, "updated_at": "2026-10-04T09:50:04.18221+00:00", "lease_owner": null, "leased_until": null, "recipient_open_id": null}], "shadows": [{"ts": "2026-10-04T09:49:04.182172+00:00", "last": {"temperature": 25}, "signal": null, "pond_id": 9403, "device_no": "v2-hidden", "tenant_id": 9401, "product_id": 1, "timestamps": {"temperature": "2026-10-04T09:49:04.182172507Z"}, "model_version": 1}, {"ts": "2026-10-04T09:49:04.173802+00:00", "last": {"temperature": 25}, "signal": null, "pond_id": 9401, "device_no": "v2-permission", "tenant_id": 9401, "product_id": 1, "timestamps": {"temperature": "2026-10-04T09:49:04.173802828Z"}, "model_version": 1}], "telemetry": [{"ts": "2026-10-04T09:49:04.173802+00:00", "pond_id": 9401, "device_no": "v2-permission", "tenant_id": 9401, "product_id": 1, "properties": {"temperature": 25}, "model_version": 1}, {"ts": "2026-10-04T09:49:04.182172+00:00", "pond_id": 9403, "device_no": "v2-hidden", "tenant_id": 9401, "product_id": 1, "properties": {"temperature": 25}, "model_version": 1}], "sensor_data": [{"ph": null, "ts": "2026-10-04T09:49:04.173802+00:00", "signal": null, "battery": null, "pond_id": 9401, "salinity": null, "device_no": "v2-permission", "tenant_id": 9401, "turbidity": null, "temperature": 25, "dissolved_oxygen": null}, {"ph": null, "ts": "2026-10-04T09:49:04.182172+00:00", "signal": null, "battery": null, "pond_id": 9403, "salinity": null, "device_no": "v2-hidden", "tenant_id": 9401, "turbidity": null, "temperature": 25, "dissolved_oxygen": null}]} after={"alarms": [{"id": 1, "level": "warning", "metric": "temperature", "message": "temperature 高于阈值 20", "pond_id": 9401, "device_no": "v2-permission", "threshold": 20, "created_at": "2026-10-04T09:49:04.173802+00:00", "product_id": 1, "confirmed_at": null, "current_value": 25}, {"id": 2, "level": "warning", "metric": "temperature", "message": "temperature 高于阈值 20", "pond_id": 9403, "device_no": "v2-hidden", "threshold": 20, "created_at": "2026-10-04T09:49:04.182172+00:00", "product_id": 1, "confirmed_at": "2026-10-04T09:50:04.269597+00:00", "current_value": 25}], "outbox": [{"id": 1, "status": "pending", "next_at": "2026-10-04T09:50:04.173837+00:00", "alarm_id": 1, "attempts": 0, "created_at": "2026-10-04T09:50:04.173837+00:00", "last_error": null, "updated_at": "2026-10-04T09:50:04.173837+00:00", "lease_owner": null, "leased_until": null, "recipient_open_id": null}, {"id": 2, "status": "pending", "next_at": "2026-10-04T09:50:04.18221+00:00", "alarm_id": 2, "attempts": 0, "created_at": "2026-10-04T09:50:04.18221+00:00", "last_error": null, "updated_at": "2026-10-04T09:50:04.18221+00:00", "lease_owner": null, "leased_until": null, "recipient_open_id": null}], "shadows": [{"ts": "2026-10-04T09:49:04.182172+00:00", "last": {"temperature": 25}, "signal": null, "pond_id": 9403, "device_no": "v2-hidden", "tenant_id": 9401, "product_id": 1, "timestamps": {"temperature": "2026-10-04T09:49:04.182172507Z"}, "model_version": 1}, {"ts": "2026-10-04T09:49:04.173802+00:00", "last": {"temperature": 25}, "signal": null, "pond_id": 9401, "device_no": "v2-permission", "tenant_id": 9401, "product_id": 1, "timestamps": {"temperature": "2026-10-04T09:49:04.173802828Z"}, "model_version": 1}], "telemetry": [{"ts": "2026-10-04T09:49:04.173802+00:00", "pond_id": 9401, "device_no": "v2-permission", "tenant_id": 9401, "product_id": 1, "properties": {"temperature": 25}, "model_version": 1}, {"ts": "2026-10-04T09:49:04.182172+00:00", "pond_id": 9403, "device_no": "v2-hidden", "tenant_id": 9401, "product_id": 1, "properties": {"temperature": 25}, "model_version": 1}], "sensor_data": [{"ph": null, "ts": "2026-10-04T09:49:04.173802+00:00", "signal": null, "battery": null, "pond_id": 9401, "salinity": null, "device_no": "v2-permission", "tenant_id": 9401, "turbidity": null, "temperature": 25, "dissolved_oxygen": null}, {"ph": null, "ts": "2026-10-04T09:49:04.182172+00:00", "signal": null, "battery": null, "pond_id": 9403, "salinity": null, "device_no": "v2-hidden", "tenant_id": 9401, "turbidity": null, "temperature": 25, "dissolved_oxygen": null}]}
=== RUN   TestAppResourceHTTPWhenRoleDeterminesFarmScope/member
    app_resource_scope_http_test.go:72: environment real_timescaledb=2.30.0
[GIN-debug] [WARNING] Running in "debug" mode. Switch to "release" mode in production.
 - using env:	export GIN_MODE=release
 - using code:	gin.SetMode(gin.ReleaseMode)

[GIN-debug] POST   /api/v1/auth/login        --> git.hyhy.fun/rsplab/iolink/internal/appapi.(*Server).login-fm (2 handlers)
[GIN-debug] GET    /api/v1/auth/tenants      --> git.hyhy.fun/rsplab/iolink/internal/appapi.(*Server).listTenants-fm (3 handlers)
[GIN-debug] POST   /api/v1/auth/tenant       --> git.hyhy.fun/rsplab/iolink/internal/appapi.(*Server).switchTenant-fm (3 handlers)
[GIN-debug] GET    /api/v1/ponds             --> git.hyhy.fun/rsplab/iolink/internal/appapi.(*Server).listPonds-fm (3 handlers)
[GIN-debug] GET    /api/v1/ponds/:id         --> git.hyhy.fun/rsplab/iolink/internal/appapi.(*Server).getPond-fm (3 handlers)
[GIN-debug] GET    /api/v1/devices           --> git.hyhy.fun/rsplab/iolink/internal/appapi.(*Server).listDevices-fm (3 handlers)
[GIN-debug] GET    /api/v1/devices/:device_no --> git.hyhy.fun/rsplab/iolink/internal/appapi.(*Server).getDevice-fm (3 handlers)
[GIN-debug] GET    /api/v1/water/latest      --> git.hyhy.fun/rsplab/iolink/internal/appapi.(*Server).waterLatest-fm (3 handlers)
[GIN-debug] GET    /api/v1/water/history     --> git.hyhy.fun/rsplab/iolink/internal/appapi.(*Server).waterHistory-fm (3 handlers)
[GIN-debug] GET    /api/v1/alarms            --> git.hyhy.fun/rsplab/iolink/internal/appapi.(*Server).listAlarms-fm (3 handlers)
[GIN-debug] GET    /api/v1/stats/summary     --> git.hyhy.fun/rsplab/iolink/internal/appapi.(*Server).statsSummary-fm (3 handlers)
[GIN-debug] POST   /api/v1/alarms/:id/confirm --> git.hyhy.fun/rsplab/iolink/internal/appapi.(*Server).confirmAlarm-fm (3 handlers)
[GIN-debug] POST   /api/v2/devices/:device_no/telemetry --> git.hyhy.fun/rsplab/iolink/internal/appapi.(*Server).submitTelemetryV2-fm (3 handlers)
[GIN-debug] GET    /api/v2/devices/:device_no/model/latest --> git.hyhy.fun/rsplab/iolink/internal/appapi.(*Server).modelLatestV2-fm (3 handlers)
[GIN-debug] GET    /api/v2/devices/:device_no/history --> git.hyhy.fun/rsplab/iolink/internal/appapi.(*Server).telemetryHistoryV2-fm (3 handlers)
=== RUN   TestAppResourceHTTPWhenRoleDeterminesFarmScope/member//api/v1/ponds
    app_resource_scope_http_test.go:89: http method=GET path=/api/v1/ponds status=200 response=[{"device_count":1,"latest":{"device_no":"v2-permission","dissolved_oxygen":null,"ph":null,"pond_id":9401,"report_interval":60,"salinity":null,"signal":null,"temperature":25,"timestamps":{"dissolved_oxygen":null,"ph":null,"salinity":null,"signal":null,"temperature":"2026-10-04T09:49:04.609451868Z","turbidity":null},"ts":"2026-10-04T17:49:04.609451+08:00","turbidity":null},"pond_id":9401,"pond_name":"v2-pond","status":"warning"}]
=== RUN   TestAppResourceHTTPWhenRoleDeterminesFarmScope/member//api/v1/devices
    app_resource_scope_http_test.go:89: http method=GET path=/api/v1/devices status=200 response=[{"created_at":"2026-10-04T17:50:04.599887+08:00","device_no":"v2-permission","disabled_at":null,"id":1,"last_seen_at":null,"model":"","name":"","pond_id":9401,"report_interval":60,"status":"offline"}]
=== RUN   TestAppResourceHTTPWhenRoleDeterminesFarmScope/member//api/v1/alarms
    app_resource_scope_http_test.go:89: http method=GET path=/api/v1/alarms status=200 response=[{"confirmed_at":null,"created_at":"2026-10-04T17:49:04.609451+08:00","current_value":25,"device_no":"v2-permission","id":1,"level":"warning","message":"temperature 高于阈值 20","metric":"temperature","pond_id":9401,"threshold":20}]
=== RUN   TestAppResourceHTTPWhenRoleDeterminesFarmScope/member/stats
    app_resource_scope_http_test.go:98: http method=GET path=/api/v1/stats/summary status=200 response={"alarm_devices":1,"offline_devices":1,"online_devices":0,"ponds":[{"pond_id":9401,"pond_name":"v2-pond","status":"warning"}]}
=== RUN   TestAppResourceHTTPWhenRoleDeterminesFarmScope/member//api/v1/ponds/9401
    app_resource_scope_http_test.go:127: http method=GET path=/api/v1/ponds/9401 status=200 response={"device_count":1,"latest":{"device_no":"v2-permission","dissolved_oxygen":null,"ph":null,"pond_id":9401,"report_interval":60,"salinity":null,"signal":null,"temperature":25,"timestamps":{"dissolved_oxygen":null,"ph":null,"salinity":null,"signal":null,"temperature":"2026-10-04T09:49:04.609451868Z","turbidity":null},"ts":"2026-10-04T17:49:04.609451+08:00","turbidity":null},"pond_id":9401,"pond_name":"v2-pond","status":"warning"}
=== RUN   TestAppResourceHTTPWhenRoleDeterminesFarmScope/member//api/v1/devices?pond_id=9401
    app_resource_scope_http_test.go:127: http method=GET path=/api/v1/devices?pond_id=9401 status=200 response=[{"created_at":"2026-10-04T17:50:04.599887+08:00","device_no":"v2-permission","disabled_at":null,"id":1,"last_seen_at":null,"model":"","name":"","pond_id":9401,"report_interval":60,"status":"offline"}]
=== RUN   TestAppResourceHTTPWhenRoleDeterminesFarmScope/member//api/v1/devices/v2-permission
    app_resource_scope_http_test.go:127: http method=GET path=/api/v1/devices/v2-permission status=200 response={"created_at":"2026-10-04T17:50:04.599887+08:00","device_no":"v2-permission","disabled_at":null,"id":1,"last_seen_at":null,"latest":{"device_no":"v2-permission","dissolved_oxygen":null,"ph":null,"pond_id":9401,"report_interval":60,"salinity":null,"signal":null,"temperature":25,"timestamps":{"dissolved_oxygen":null,"ph":null,"salinity":null,"signal":null,"temperature":"2026-10-04T09:49:04.609451868Z","turbidity":null},"ts":"2026-10-04T17:49:04.609451+08:00","turbidity":null},"model":"","name":"","pond_id":9401,"report_interval":60,"status":"offline"}
=== RUN   TestAppResourceHTTPWhenRoleDeterminesFarmScope/member//api/v1/water/latest?device_no=v2-permission
    app_resource_scope_http_test.go:127: http method=GET path=/api/v1/water/latest?device_no=v2-permission status=200 response={"device_no":"v2-permission","dissolved_oxygen":null,"ph":null,"pond_id":9401,"report_interval":60,"salinity":null,"signal":null,"temperature":25,"timestamps":{"dissolved_oxygen":null,"ph":null,"salinity":null,"signal":null,"temperature":"2026-10-04T09:49:04.609451868Z","turbidity":null},"ts":"2026-10-04T17:49:04.609451+08:00","turbidity":null}
=== RUN   TestAppResourceHTTPWhenRoleDeterminesFarmScope/member//api/v1/water/history?device_no=v2-permission&metric=temperature&range=30d
    app_resource_scope_http_test.go:127: http method=GET path=/api/v1/water/history?device_no=v2-permission&metric=temperature&range=30d status=200 response={"metric":"temperature","points":[{"ts":"2026-10-04T14:14:04.659265+08:00","value":25}],"unit":"℃"}
=== RUN   TestAppResourceHTTPWhenRoleDeterminesFarmScope/member//api/v2/devices/v2-permission/model/latest
    app_resource_scope_http_test.go:127: http method=GET path=/api/v2/devices/v2-permission/model/latest status=200 response={"device_no":"v2-permission","product_id":1,"model_version":1,"fields":[{"identifier":"temperature","type":"number","unit":"℃","minimum":null,"maximum":null,"enum_values":null,"readable":true,"writable":false,"nullable":true},{"identifier":"dissolved_oxygen","type":"number","unit":"mg/L","minimum":null,"maximum":null,"enum_values":null,"readable":true,"writable":false,"nullable":true},{"identifier":"ph","type":"number","unit":"","minimum":null,"maximum":null,"enum_values":null,"readable":true,"writable":false,"nullable":true},{"identifier":"turbidity","type":"number","unit":"NTU","minimum":null,"maximum":null,"enum_values":null,"readable":true,"writable":false,"nullable":true},{"identifier":"salinity","type":"number","unit":"ppt","minimum":null,"maximum":null,"enum_values":null,"readable":true,"writable":false,"nullable":true}],"ts":"2026-10-04T17:49:04.609451+08:00","properties":{"temperature":25}}
=== RUN   TestAppResourceHTTPWhenRoleDeterminesFarmScope/member//api/v2/devices/v2-permission/history?metric=temperature
    app_resource_scope_http_test.go:127: http method=GET path=/api/v2/devices/v2-permission/history?metric=temperature status=200 response={"device_no":"v2-permission","metric":"temperature","points":[{"ts":"2026-10-04T17:49:04.609451+08:00","value":25,"model_version":1,"unit":"℃"}],"unit":"℃"}
=== RUN   TestAppResourceHTTPWhenRoleDeterminesFarmScope/member//api/v1/ponds/9403
    app_resource_scope_http_test.go:127: http method=GET path=/api/v1/ponds/9403 status=404 response={"error":"pond not found"}
=== RUN   TestAppResourceHTTPWhenRoleDeterminesFarmScope/member//api/v1/devices?pond_id=9403
    app_resource_scope_http_test.go:127: http method=GET path=/api/v1/devices?pond_id=9403 status=404 response={"error":"pond not found"}
=== RUN   TestAppResourceHTTPWhenRoleDeterminesFarmScope/member//api/v1/devices/v2-hidden
    app_resource_scope_http_test.go:127: http method=GET path=/api/v1/devices/v2-hidden status=404 response={"error":"device not found"}
=== RUN   TestAppResourceHTTPWhenRoleDeterminesFarmScope/member//api/v1/water/latest?device_no=v2-hidden
    app_resource_scope_http_test.go:127: http method=GET path=/api/v1/water/latest?device_no=v2-hidden status=404 response={"error":"no data"}
=== RUN   TestAppResourceHTTPWhenRoleDeterminesFarmScope/member//api/v1/water/history?device_no=v2-hidden&metric=temperature&range=30d
    app_resource_scope_http_test.go:127: http method=GET path=/api/v1/water/history?device_no=v2-hidden&metric=temperature&range=30d status=404 response={"error":"device not found"}
=== RUN   TestAppResourceHTTPWhenRoleDeterminesFarmScope/member//api/v2/devices/v2-hidden/model/latest
    app_resource_scope_http_test.go:127: http method=GET path=/api/v2/devices/v2-hidden/model/latest status=404 response={"error":"not_found"}
=== RUN   TestAppResourceHTTPWhenRoleDeterminesFarmScope/member//api/v2/devices/v2-hidden/history?metric=temperature
    app_resource_scope_http_test.go:127: http method=GET path=/api/v2/devices/v2-hidden/history?metric=temperature status=404 response={"error":"not_found"}
=== RUN   TestAppResourceHTTPWhenRoleDeterminesFarmScope/member//api/v1/ponds/9402
    app_resource_scope_http_test.go:127: http method=GET path=/api/v1/ponds/9402 status=404 response={"error":"pond not found"}
=== RUN   TestAppResourceHTTPWhenRoleDeterminesFarmScope/member//api/v1/devices?pond_id=9402
    app_resource_scope_http_test.go:127: http method=GET path=/api/v1/devices?pond_id=9402 status=404 response={"error":"pond not found"}
=== RUN   TestAppResourceHTTPWhenRoleDeterminesFarmScope/member//api/v1/devices/v2-foreign
    app_resource_scope_http_test.go:127: http method=GET path=/api/v1/devices/v2-foreign status=404 response={"error":"device not found"}
=== RUN   TestAppResourceHTTPWhenRoleDeterminesFarmScope/member//api/v1/water/latest?device_no=v2-foreign
    app_resource_scope_http_test.go:127: http method=GET path=/api/v1/water/latest?device_no=v2-foreign status=404 response={"error":"no data"}
=== RUN   TestAppResourceHTTPWhenRoleDeterminesFarmScope/member//api/v1/water/history?device_no=v2-foreign&metric=temperature&range=30d
    app_resource_scope_http_test.go:127: http method=GET path=/api/v1/water/history?device_no=v2-foreign&metric=temperature&range=30d status=404 response={"error":"device not found"}
=== RUN   TestAppResourceHTTPWhenRoleDeterminesFarmScope/member//api/v2/devices/v2-foreign/model/latest
    app_resource_scope_http_test.go:127: http method=GET path=/api/v2/devices/v2-foreign/model/latest status=404 response={"error":"not_found"}
=== RUN   TestAppResourceHTTPWhenRoleDeterminesFarmScope/member//api/v2/devices/v2-foreign/history?metric=temperature
    app_resource_scope_http_test.go:127: http method=GET path=/api/v2/devices/v2-foreign/history?metric=temperature status=404 response={"error":"not_found"}
=== NAME  TestAppResourceHTTPWhenRoleDeterminesFarmScope/member
    app_resource_scope_http_test.go:149: http method=POST path=/api/v1/alarms/2/confirm status=404 response={"error":"alarm not found"}
    app_resource_scope_http_test.go:158: scenario=member_hidden_alarm_confirm before={"alarms": [{"id": 1, "level": "warning", "metric": "temperature", "message": "temperature 高于阈值 20", "pond_id": 9401, "device_no": "v2-permission", "threshold": 20, "created_at": "2026-10-04T09:49:04.609451+00:00", "product_id": 1, "confirmed_at": null, "current_value": 25}, {"id": 2, "level": "warning", "metric": "temperature", "message": "temperature 高于阈值 20", "pond_id": 9403, "device_no": "v2-hidden", "threshold": 20, "created_at": "2026-10-04T09:49:04.618814+00:00", "product_id": 1, "confirmed_at": null, "current_value": 25}], "outbox": [{"id": 1, "status": "pending", "next_at": "2026-10-04T09:50:04.609489+00:00", "alarm_id": 1, "attempts": 0, "created_at": "2026-10-04T09:50:04.609489+00:00", "last_error": null, "updated_at": "2026-10-04T09:50:04.609489+00:00", "lease_owner": null, "leased_until": null, "recipient_open_id": null}, {"id": 2, "status": "pending", "next_at": "2026-10-04T09:50:04.618846+00:00", "alarm_id": 2, "attempts": 0, "created_at": "2026-10-04T09:50:04.618846+00:00", "last_error": null, "updated_at": "2026-10-04T09:50:04.618846+00:00", "lease_owner": null, "leased_until": null, "recipient_open_id": null}], "shadows": [{"ts": "2026-10-04T09:49:04.618814+00:00", "last": {"temperature": 25}, "signal": null, "pond_id": 9403, "device_no": "v2-hidden", "tenant_id": 9401, "product_id": 1, "timestamps": {"temperature": "2026-10-04T09:49:04.61881499Z"}, "model_version": 1}, {"ts": "2026-10-04T09:49:04.609451+00:00", "last": {"temperature": 25}, "signal": null, "pond_id": 9401, "device_no": "v2-permission", "tenant_id": 9401, "product_id": 1, "timestamps": {"temperature": "2026-10-04T09:49:04.609451868Z"}, "model_version": 1}], "telemetry": [{"ts": "2026-10-04T09:49:04.609451+00:00", "pond_id": 9401, "device_no": "v2-permission", "tenant_id": 9401, "product_id": 1, "properties": {"temperature": 25}, "model_version": 1}, {"ts": "2026-10-04T09:49:04.618814+00:00", "pond_id": 9403, "device_no": "v2-hidden", "tenant_id": 9401, "product_id": 1, "properties": {"temperature": 25}, "model_version": 1}], "sensor_data": [{"ph": null, "ts": "2026-10-04T09:49:04.609451+00:00", "signal": null, "battery": null, "pond_id": 9401, "salinity": null, "device_no": "v2-permission", "tenant_id": 9401, "turbidity": null, "temperature": 25, "dissolved_oxygen": null}, {"ph": null, "ts": "2026-10-04T09:49:04.618814+00:00", "signal": null, "battery": null, "pond_id": 9403, "salinity": null, "device_no": "v2-hidden", "tenant_id": 9401, "turbidity": null, "temperature": 25, "dissolved_oxygen": null}]} after={"alarms": [{"id": 1, "level": "warning", "metric": "temperature", "message": "temperature 高于阈值 20", "pond_id": 9401, "device_no": "v2-permission", "threshold": 20, "created_at": "2026-10-04T09:49:04.609451+00:00", "product_id": 1, "confirmed_at": null, "current_value": 25}, {"id": 2, "level": "warning", "metric": "temperature", "message": "temperature 高于阈值 20", "pond_id": 9403, "device_no": "v2-hidden", "threshold": 20, "created_at": "2026-10-04T09:49:04.618814+00:00", "product_id": 1, "confirmed_at": null, "current_value": 25}], "outbox": [{"id": 1, "status": "pending", "next_at": "2026-10-04T09:50:04.609489+00:00", "alarm_id": 1, "attempts": 0, "created_at": "2026-10-04T09:50:04.609489+00:00", "last_error": null, "updated_at": "2026-10-04T09:50:04.609489+00:00", "lease_owner": null, "leased_until": null, "recipient_open_id": null}, {"id": 2, "status": "pending", "next_at": "2026-10-04T09:50:04.618846+00:00", "alarm_id": 2, "attempts": 0, "created_at": "2026-10-04T09:50:04.618846+00:00", "last_error": null, "updated_at": "2026-10-04T09:50:04.618846+00:00", "lease_owner": null, "leased_until": null, "recipient_open_id": null}], "shadows": [{"ts": "2026-10-04T09:49:04.618814+00:00", "last": {"temperature": 25}, "signal": null, "pond_id": 9403, "device_no": "v2-hidden", "tenant_id": 9401, "product_id": 1, "timestamps": {"temperature": "2026-10-04T09:49:04.61881499Z"}, "model_version": 1}, {"ts": "2026-10-04T09:49:04.609451+00:00", "last": {"temperature": 25}, "signal": null, "pond_id": 9401, "device_no": "v2-permission", "tenant_id": 9401, "product_id": 1, "timestamps": {"temperature": "2026-10-04T09:49:04.609451868Z"}, "model_version": 1}], "telemetry": [{"ts": "2026-10-04T09:49:04.609451+00:00", "pond_id": 9401, "device_no": "v2-permission", "tenant_id": 9401, "product_id": 1, "properties": {"temperature": 25}, "model_version": 1}, {"ts": "2026-10-04T09:49:04.618814+00:00", "pond_id": 9403, "device_no": "v2-hidden", "tenant_id": 9401, "product_id": 1, "properties": {"temperature": 25}, "model_version": 1}], "sensor_data": [{"ph": null, "ts": "2026-10-04T09:49:04.609451+00:00", "signal": null, "battery": null, "pond_id": 9401, "salinity": null, "device_no": "v2-permission", "tenant_id": 9401, "turbidity": null, "temperature": 25, "dissolved_oxygen": null}, {"ph": null, "ts": "2026-10-04T09:49:04.618814+00:00", "signal": null, "battery": null, "pond_id": 9403, "salinity": null, "device_no": "v2-hidden", "tenant_id": 9401, "turbidity": null, "temperature": 25, "dissolved_oxygen": null}]}
=== RUN   TestAppResourceHTTPWhenRoleDeterminesFarmScope/viewer
    app_resource_scope_http_test.go:72: environment real_timescaledb=2.30.0
[GIN-debug] [WARNING] Running in "debug" mode. Switch to "release" mode in production.
 - using env:	export GIN_MODE=release
 - using code:	gin.SetMode(gin.ReleaseMode)

[GIN-debug] POST   /api/v1/auth/login        --> git.hyhy.fun/rsplab/iolink/internal/appapi.(*Server).login-fm (2 handlers)
[GIN-debug] GET    /api/v1/auth/tenants      --> git.hyhy.fun/rsplab/iolink/internal/appapi.(*Server).listTenants-fm (3 handlers)
[GIN-debug] POST   /api/v1/auth/tenant       --> git.hyhy.fun/rsplab/iolink/internal/appapi.(*Server).switchTenant-fm (3 handlers)
[GIN-debug] GET    /api/v1/ponds             --> git.hyhy.fun/rsplab/iolink/internal/appapi.(*Server).listPonds-fm (3 handlers)
[GIN-debug] GET    /api/v1/ponds/:id         --> git.hyhy.fun/rsplab/iolink/internal/appapi.(*Server).getPond-fm (3 handlers)
[GIN-debug] GET    /api/v1/devices           --> git.hyhy.fun/rsplab/iolink/internal/appapi.(*Server).listDevices-fm (3 handlers)
[GIN-debug] GET    /api/v1/devices/:device_no --> git.hyhy.fun/rsplab/iolink/internal/appapi.(*Server).getDevice-fm (3 handlers)
[GIN-debug] GET    /api/v1/water/latest      --> git.hyhy.fun/rsplab/iolink/internal/appapi.(*Server).waterLatest-fm (3 handlers)
[GIN-debug] GET    /api/v1/water/history     --> git.hyhy.fun/rsplab/iolink/internal/appapi.(*Server).waterHistory-fm (3 handlers)
[GIN-debug] GET    /api/v1/alarms            --> git.hyhy.fun/rsplab/iolink/internal/appapi.(*Server).listAlarms-fm (3 handlers)
[GIN-debug] GET    /api/v1/stats/summary     --> git.hyhy.fun/rsplab/iolink/internal/appapi.(*Server).statsSummary-fm (3 handlers)
[GIN-debug] POST   /api/v1/alarms/:id/confirm --> git.hyhy.fun/rsplab/iolink/internal/appapi.(*Server).confirmAlarm-fm (3 handlers)
[GIN-debug] POST   /api/v2/devices/:device_no/telemetry --> git.hyhy.fun/rsplab/iolink/internal/appapi.(*Server).submitTelemetryV2-fm (3 handlers)
[GIN-debug] GET    /api/v2/devices/:device_no/model/latest --> git.hyhy.fun/rsplab/iolink/internal/appapi.(*Server).modelLatestV2-fm (3 handlers)
[GIN-debug] GET    /api/v2/devices/:device_no/history --> git.hyhy.fun/rsplab/iolink/internal/appapi.(*Server).telemetryHistoryV2-fm (3 handlers)
=== RUN   TestAppResourceHTTPWhenRoleDeterminesFarmScope/viewer//api/v1/ponds
    app_resource_scope_http_test.go:89: http method=GET path=/api/v1/ponds status=200 response=[{"device_count":1,"latest":{"device_no":"v2-permission","dissolved_oxygen":null,"ph":null,"pond_id":9401,"report_interval":60,"salinity":null,"signal":null,"temperature":25,"timestamps":{"dissolved_oxygen":null,"ph":null,"salinity":null,"signal":null,"temperature":"2026-10-04T09:49:05.043172702Z","turbidity":null},"ts":"2026-10-04T17:49:05.043172+08:00","turbidity":null},"pond_id":9401,"pond_name":"v2-pond","status":"warning"}]
=== RUN   TestAppResourceHTTPWhenRoleDeterminesFarmScope/viewer//api/v1/devices
    app_resource_scope_http_test.go:89: http method=GET path=/api/v1/devices status=200 response=[{"created_at":"2026-10-04T17:50:05.034893+08:00","device_no":"v2-permission","disabled_at":null,"id":1,"last_seen_at":null,"model":"","name":"","pond_id":9401,"report_interval":60,"status":"offline"}]
=== RUN   TestAppResourceHTTPWhenRoleDeterminesFarmScope/viewer//api/v1/alarms
    app_resource_scope_http_test.go:89: http method=GET path=/api/v1/alarms status=200 response=[{"confirmed_at":null,"created_at":"2026-10-04T17:49:05.043172+08:00","current_value":25,"device_no":"v2-permission","id":1,"level":"warning","message":"temperature 高于阈值 20","metric":"temperature","pond_id":9401,"threshold":20}]
=== RUN   TestAppResourceHTTPWhenRoleDeterminesFarmScope/viewer/stats
    app_resource_scope_http_test.go:98: http method=GET path=/api/v1/stats/summary status=200 response={"alarm_devices":1,"offline_devices":1,"online_devices":0,"ponds":[{"pond_id":9401,"pond_name":"v2-pond","status":"warning"}]}
=== RUN   TestAppResourceHTTPWhenRoleDeterminesFarmScope/viewer//api/v1/ponds/9401
    app_resource_scope_http_test.go:127: http method=GET path=/api/v1/ponds/9401 status=200 response={"device_count":1,"latest":{"device_no":"v2-permission","dissolved_oxygen":null,"ph":null,"pond_id":9401,"report_interval":60,"salinity":null,"signal":null,"temperature":25,"timestamps":{"dissolved_oxygen":null,"ph":null,"salinity":null,"signal":null,"temperature":"2026-10-04T09:49:05.043172702Z","turbidity":null},"ts":"2026-10-04T17:49:05.043172+08:00","turbidity":null},"pond_id":9401,"pond_name":"v2-pond","status":"warning"}
=== RUN   TestAppResourceHTTPWhenRoleDeterminesFarmScope/viewer//api/v1/devices?pond_id=9401
    app_resource_scope_http_test.go:127: http method=GET path=/api/v1/devices?pond_id=9401 status=200 response=[{"created_at":"2026-10-04T17:50:05.034893+08:00","device_no":"v2-permission","disabled_at":null,"id":1,"last_seen_at":null,"model":"","name":"","pond_id":9401,"report_interval":60,"status":"offline"}]
=== RUN   TestAppResourceHTTPWhenRoleDeterminesFarmScope/viewer//api/v1/devices/v2-permission
    app_resource_scope_http_test.go:127: http method=GET path=/api/v1/devices/v2-permission status=200 response={"created_at":"2026-10-04T17:50:05.034893+08:00","device_no":"v2-permission","disabled_at":null,"id":1,"last_seen_at":null,"latest":{"device_no":"v2-permission","dissolved_oxygen":null,"ph":null,"pond_id":9401,"report_interval":60,"salinity":null,"signal":null,"temperature":25,"timestamps":{"dissolved_oxygen":null,"ph":null,"salinity":null,"signal":null,"temperature":"2026-10-04T09:49:05.043172702Z","turbidity":null},"ts":"2026-10-04T17:49:05.043172+08:00","turbidity":null},"model":"","name":"","pond_id":9401,"report_interval":60,"status":"offline"}
=== RUN   TestAppResourceHTTPWhenRoleDeterminesFarmScope/viewer//api/v1/water/latest?device_no=v2-permission
    app_resource_scope_http_test.go:127: http method=GET path=/api/v1/water/latest?device_no=v2-permission status=200 response={"device_no":"v2-permission","dissolved_oxygen":null,"ph":null,"pond_id":9401,"report_interval":60,"salinity":null,"signal":null,"temperature":25,"timestamps":{"dissolved_oxygen":null,"ph":null,"salinity":null,"signal":null,"temperature":"2026-10-04T09:49:05.043172702Z","turbidity":null},"ts":"2026-10-04T17:49:05.043172+08:00","turbidity":null}
=== RUN   TestAppResourceHTTPWhenRoleDeterminesFarmScope/viewer//api/v1/water/history?device_no=v2-permission&metric=temperature&range=30d
    app_resource_scope_http_test.go:127: http method=GET path=/api/v1/water/history?device_no=v2-permission&metric=temperature&range=30d status=200 response={"metric":"temperature","points":[{"ts":"2026-10-04T14:14:05.091172+08:00","value":25}],"unit":"℃"}
=== RUN   TestAppResourceHTTPWhenRoleDeterminesFarmScope/viewer//api/v2/devices/v2-permission/model/latest
    app_resource_scope_http_test.go:127: http method=GET path=/api/v2/devices/v2-permission/model/latest status=200 response={"device_no":"v2-permission","product_id":1,"model_version":1,"fields":[{"identifier":"temperature","type":"number","unit":"℃","minimum":null,"maximum":null,"enum_values":null,"readable":true,"writable":false,"nullable":true},{"identifier":"dissolved_oxygen","type":"number","unit":"mg/L","minimum":null,"maximum":null,"enum_values":null,"readable":true,"writable":false,"nullable":true},{"identifier":"ph","type":"number","unit":"","minimum":null,"maximum":null,"enum_values":null,"readable":true,"writable":false,"nullable":true},{"identifier":"turbidity","type":"number","unit":"NTU","minimum":null,"maximum":null,"enum_values":null,"readable":true,"writable":false,"nullable":true},{"identifier":"salinity","type":"number","unit":"ppt","minimum":null,"maximum":null,"enum_values":null,"readable":true,"writable":false,"nullable":true}],"ts":"2026-10-04T17:49:05.043172+08:00","properties":{"temperature":25}}
=== RUN   TestAppResourceHTTPWhenRoleDeterminesFarmScope/viewer//api/v2/devices/v2-permission/history?metric=temperature
    app_resource_scope_http_test.go:127: http method=GET path=/api/v2/devices/v2-permission/history?metric=temperature status=200 response={"device_no":"v2-permission","metric":"temperature","points":[{"ts":"2026-10-04T17:49:05.043172+08:00","value":25,"model_version":1,"unit":"℃"}],"unit":"℃"}
=== RUN   TestAppResourceHTTPWhenRoleDeterminesFarmScope/viewer//api/v1/ponds/9403
    app_resource_scope_http_test.go:127: http method=GET path=/api/v1/ponds/9403 status=404 response={"error":"pond not found"}
=== RUN   TestAppResourceHTTPWhenRoleDeterminesFarmScope/viewer//api/v1/devices?pond_id=9403
    app_resource_scope_http_test.go:127: http method=GET path=/api/v1/devices?pond_id=9403 status=404 response={"error":"pond not found"}
=== RUN   TestAppResourceHTTPWhenRoleDeterminesFarmScope/viewer//api/v1/devices/v2-hidden
    app_resource_scope_http_test.go:127: http method=GET path=/api/v1/devices/v2-hidden status=404 response={"error":"device not found"}
=== RUN   TestAppResourceHTTPWhenRoleDeterminesFarmScope/viewer//api/v1/water/latest?device_no=v2-hidden
    app_resource_scope_http_test.go:127: http method=GET path=/api/v1/water/latest?device_no=v2-hidden status=404 response={"error":"no data"}
=== RUN   TestAppResourceHTTPWhenRoleDeterminesFarmScope/viewer//api/v1/water/history?device_no=v2-hidden&metric=temperature&range=30d
    app_resource_scope_http_test.go:127: http method=GET path=/api/v1/water/history?device_no=v2-hidden&metric=temperature&range=30d status=404 response={"error":"device not found"}
=== RUN   TestAppResourceHTTPWhenRoleDeterminesFarmScope/viewer//api/v2/devices/v2-hidden/model/latest
    app_resource_scope_http_test.go:127: http method=GET path=/api/v2/devices/v2-hidden/model/latest status=404 response={"error":"not_found"}
=== RUN   TestAppResourceHTTPWhenRoleDeterminesFarmScope/viewer//api/v2/devices/v2-hidden/history?metric=temperature
    app_resource_scope_http_test.go:127: http method=GET path=/api/v2/devices/v2-hidden/history?metric=temperature status=404 response={"error":"not_found"}
=== RUN   TestAppResourceHTTPWhenRoleDeterminesFarmScope/viewer//api/v1/ponds/9402
    app_resource_scope_http_test.go:127: http method=GET path=/api/v1/ponds/9402 status=404 response={"error":"pond not found"}
=== RUN   TestAppResourceHTTPWhenRoleDeterminesFarmScope/viewer//api/v1/devices?pond_id=9402
    app_resource_scope_http_test.go:127: http method=GET path=/api/v1/devices?pond_id=9402 status=404 response={"error":"pond not found"}
=== RUN   TestAppResourceHTTPWhenRoleDeterminesFarmScope/viewer//api/v1/devices/v2-foreign
    app_resource_scope_http_test.go:127: http method=GET path=/api/v1/devices/v2-foreign status=404 response={"error":"device not found"}
=== RUN   TestAppResourceHTTPWhenRoleDeterminesFarmScope/viewer//api/v1/water/latest?device_no=v2-foreign
    app_resource_scope_http_test.go:127: http method=GET path=/api/v1/water/latest?device_no=v2-foreign status=404 response={"error":"no data"}
=== RUN   TestAppResourceHTTPWhenRoleDeterminesFarmScope/viewer//api/v1/water/history?device_no=v2-foreign&metric=temperature&range=30d
    app_resource_scope_http_test.go:127: http method=GET path=/api/v1/water/history?device_no=v2-foreign&metric=temperature&range=30d status=404 response={"error":"device not found"}
=== RUN   TestAppResourceHTTPWhenRoleDeterminesFarmScope/viewer//api/v2/devices/v2-foreign/model/latest
    app_resource_scope_http_test.go:127: http method=GET path=/api/v2/devices/v2-foreign/model/latest status=404 response={"error":"not_found"}
=== RUN   TestAppResourceHTTPWhenRoleDeterminesFarmScope/viewer//api/v2/devices/v2-foreign/history?metric=temperature
    app_resource_scope_http_test.go:127: http method=GET path=/api/v2/devices/v2-foreign/history?metric=temperature status=404 response={"error":"not_found"}
=== NAME  TestAppResourceHTTPWhenRoleDeterminesFarmScope/viewer
    app_resource_scope_http_test.go:149: http method=POST path=/api/v1/alarms/2/confirm status=403 response={"error":"forbidden"}
    app_resource_scope_http_test.go:158: scenario=viewer_hidden_alarm_confirm before={"alarms": [{"id": 1, "level": "warning", "metric": "temperature", "message": "temperature 高于阈值 20", "pond_id": 9401, "device_no": "v2-permission", "threshold": 20, "created_at": "2026-10-04T09:49:05.043172+00:00", "product_id": 1, "confirmed_at": null, "current_value": 25}, {"id": 2, "level": "warning", "metric": "temperature", "message": "temperature 高于阈值 20", "pond_id": 9403, "device_no": "v2-hidden", "threshold": 20, "created_at": "2026-10-04T09:49:05.052327+00:00", "product_id": 1, "confirmed_at": null, "current_value": 25}], "outbox": [{"id": 1, "status": "pending", "next_at": "2026-10-04T09:50:05.043209+00:00", "alarm_id": 1, "attempts": 0, "created_at": "2026-10-04T09:50:05.043209+00:00", "last_error": null, "updated_at": "2026-10-04T09:50:05.043209+00:00", "lease_owner": null, "leased_until": null, "recipient_open_id": null}, {"id": 2, "status": "pending", "next_at": "2026-10-04T09:50:05.052373+00:00", "alarm_id": 2, "attempts": 0, "created_at": "2026-10-04T09:50:05.052373+00:00", "last_error": null, "updated_at": "2026-10-04T09:50:05.052373+00:00", "lease_owner": null, "leased_until": null, "recipient_open_id": null}], "shadows": [{"ts": "2026-10-04T09:49:05.052327+00:00", "last": {"temperature": 25}, "signal": null, "pond_id": 9403, "device_no": "v2-hidden", "tenant_id": 9401, "product_id": 1, "timestamps": {"temperature": "2026-10-04T09:49:05.052327372Z"}, "model_version": 1}, {"ts": "2026-10-04T09:49:05.043172+00:00", "last": {"temperature": 25}, "signal": null, "pond_id": 9401, "device_no": "v2-permission", "tenant_id": 9401, "product_id": 1, "timestamps": {"temperature": "2026-10-04T09:49:05.043172702Z"}, "model_version": 1}], "telemetry": [{"ts": "2026-10-04T09:49:05.043172+00:00", "pond_id": 9401, "device_no": "v2-permission", "tenant_id": 9401, "product_id": 1, "properties": {"temperature": 25}, "model_version": 1}, {"ts": "2026-10-04T09:49:05.052327+00:00", "pond_id": 9403, "device_no": "v2-hidden", "tenant_id": 9401, "product_id": 1, "properties": {"temperature": 25}, "model_version": 1}], "sensor_data": [{"ph": null, "ts": "2026-10-04T09:49:05.043172+00:00", "signal": null, "battery": null, "pond_id": 9401, "salinity": null, "device_no": "v2-permission", "tenant_id": 9401, "turbidity": null, "temperature": 25, "dissolved_oxygen": null}, {"ph": null, "ts": "2026-10-04T09:49:05.052327+00:00", "signal": null, "battery": null, "pond_id": 9403, "salinity": null, "device_no": "v2-hidden", "tenant_id": 9401, "turbidity": null, "temperature": 25, "dissolved_oxygen": null}]} after={"alarms": [{"id": 1, "level": "warning", "metric": "temperature", "message": "temperature 高于阈值 20", "pond_id": 9401, "device_no": "v2-permission", "threshold": 20, "created_at": "2026-10-04T09:49:05.043172+00:00", "product_id": 1, "confirmed_at": null, "current_value": 25}, {"id": 2, "level": "warning", "metric": "temperature", "message": "temperature 高于阈值 20", "pond_id": 9403, "device_no": "v2-hidden", "threshold": 20, "created_at": "2026-10-04T09:49:05.052327+00:00", "product_id": 1, "confirmed_at": null, "current_value": 25}], "outbox": [{"id": 1, "status": "pending", "next_at": "2026-10-04T09:50:05.043209+00:00", "alarm_id": 1, "attempts": 0, "created_at": "2026-10-04T09:50:05.043209+00:00", "last_error": null, "updated_at": "2026-10-04T09:50:05.043209+00:00", "lease_owner": null, "leased_until": null, "recipient_open_id": null}, {"id": 2, "status": "pending", "next_at": "2026-10-04T09:50:05.052373+00:00", "alarm_id": 2, "attempts": 0, "created_at": "2026-10-04T09:50:05.052373+00:00", "last_error": null, "updated_at": "2026-10-04T09:50:05.052373+00:00", "lease_owner": null, "leased_until": null, "recipient_open_id": null}], "shadows": [{"ts": "2026-10-04T09:49:05.052327+00:00", "last": {"temperature": 25}, "signal": null, "pond_id": 9403, "device_no": "v2-hidden", "tenant_id": 9401, "product_id": 1, "timestamps": {"temperature": "2026-10-04T09:49:05.052327372Z"}, "model_version": 1}, {"ts": "2026-10-04T09:49:05.043172+00:00", "last": {"temperature": 25}, "signal": null, "pond_id": 9401, "device_no": "v2-permission", "tenant_id": 9401, "product_id": 1, "timestamps": {"temperature": "2026-10-04T09:49:05.043172702Z"}, "model_version": 1}], "telemetry": [{"ts": "2026-10-04T09:49:05.043172+00:00", "pond_id": 9401, "device_no": "v2-permission", "tenant_id": 9401, "product_id": 1, "properties": {"temperature": 25}, "model_version": 1}, {"ts": "2026-10-04T09:49:05.052327+00:00", "pond_id": 9403, "device_no": "v2-hidden", "tenant_id": 9401, "product_id": 1, "properties": {"temperature": 25}, "model_version": 1}], "sensor_data": [{"ph": null, "ts": "2026-10-04T09:49:05.043172+00:00", "signal": null, "battery": null, "pond_id": 9401, "salinity": null, "device_no": "v2-permission", "tenant_id": 9401, "turbidity": null, "temperature": 25, "dissolved_oxygen": null}, {"ph": null, "ts": "2026-10-04T09:49:05.052327+00:00", "signal": null, "battery": null, "pond_id": 9403, "salinity": null, "device_no": "v2-hidden", "tenant_id": 9401, "turbidity": null, "temperature": 25, "dissolved_oxygen": null}]}
=== RUN   TestAppResourceHTTPWhenRoleDeterminesFarmScope/support
    app_resource_scope_http_test.go:72: environment real_timescaledb=2.30.0
[GIN-debug] [WARNING] Running in "debug" mode. Switch to "release" mode in production.
 - using env:	export GIN_MODE=release
 - using code:	gin.SetMode(gin.ReleaseMode)

[GIN-debug] POST   /api/v1/auth/login        --> git.hyhy.fun/rsplab/iolink/internal/appapi.(*Server).login-fm (2 handlers)
[GIN-debug] GET    /api/v1/auth/tenants      --> git.hyhy.fun/rsplab/iolink/internal/appapi.(*Server).listTenants-fm (3 handlers)
[GIN-debug] POST   /api/v1/auth/tenant       --> git.hyhy.fun/rsplab/iolink/internal/appapi.(*Server).switchTenant-fm (3 handlers)
[GIN-debug] GET    /api/v1/ponds             --> git.hyhy.fun/rsplab/iolink/internal/appapi.(*Server).listPonds-fm (3 handlers)
[GIN-debug] GET    /api/v1/ponds/:id         --> git.hyhy.fun/rsplab/iolink/internal/appapi.(*Server).getPond-fm (3 handlers)
[GIN-debug] GET    /api/v1/devices           --> git.hyhy.fun/rsplab/iolink/internal/appapi.(*Server).listDevices-fm (3 handlers)
[GIN-debug] GET    /api/v1/devices/:device_no --> git.hyhy.fun/rsplab/iolink/internal/appapi.(*Server).getDevice-fm (3 handlers)
[GIN-debug] GET    /api/v1/water/latest      --> git.hyhy.fun/rsplab/iolink/internal/appapi.(*Server).waterLatest-fm (3 handlers)
[GIN-debug] GET    /api/v1/water/history     --> git.hyhy.fun/rsplab/iolink/internal/appapi.(*Server).waterHistory-fm (3 handlers)
[GIN-debug] GET    /api/v1/alarms            --> git.hyhy.fun/rsplab/iolink/internal/appapi.(*Server).listAlarms-fm (3 handlers)
[GIN-debug] GET    /api/v1/stats/summary     --> git.hyhy.fun/rsplab/iolink/internal/appapi.(*Server).statsSummary-fm (3 handlers)
[GIN-debug] POST   /api/v1/alarms/:id/confirm --> git.hyhy.fun/rsplab/iolink/internal/appapi.(*Server).confirmAlarm-fm (3 handlers)
[GIN-debug] POST   /api/v2/devices/:device_no/telemetry --> git.hyhy.fun/rsplab/iolink/internal/appapi.(*Server).submitTelemetryV2-fm (3 handlers)
[GIN-debug] GET    /api/v2/devices/:device_no/model/latest --> git.hyhy.fun/rsplab/iolink/internal/appapi.(*Server).modelLatestV2-fm (3 handlers)
[GIN-debug] GET    /api/v2/devices/:device_no/history --> git.hyhy.fun/rsplab/iolink/internal/appapi.(*Server).telemetryHistoryV2-fm (3 handlers)
=== RUN   TestAppResourceHTTPWhenRoleDeterminesFarmScope/support//api/v1/ponds
    app_resource_scope_http_test.go:89: http method=GET path=/api/v1/ponds status=200 response=[{"device_count":1,"latest":{"device_no":"v2-permission","dissolved_oxygen":null,"ph":null,"pond_id":9401,"report_interval":60,"salinity":null,"signal":null,"temperature":25,"timestamps":{"dissolved_oxygen":null,"ph":null,"salinity":null,"signal":null,"temperature":"2026-10-04T09:49:05.46725195Z","turbidity":null},"ts":"2026-10-04T17:49:05.467251+08:00","turbidity":null},"pond_id":9401,"pond_name":"v2-pond","status":"warning"}]
=== RUN   TestAppResourceHTTPWhenRoleDeterminesFarmScope/support//api/v1/devices
    app_resource_scope_http_test.go:89: http method=GET path=/api/v1/devices status=200 response=[{"created_at":"2026-10-04T17:50:05.45873+08:00","device_no":"v2-permission","disabled_at":null,"id":1,"last_seen_at":null,"model":"","name":"","pond_id":9401,"report_interval":60,"status":"offline"}]
=== RUN   TestAppResourceHTTPWhenRoleDeterminesFarmScope/support//api/v1/alarms
    app_resource_scope_http_test.go:89: http method=GET path=/api/v1/alarms status=200 response=[{"confirmed_at":null,"created_at":"2026-10-04T17:49:05.467251+08:00","current_value":25,"device_no":"v2-permission","id":1,"level":"warning","message":"temperature 高于阈值 20","metric":"temperature","pond_id":9401,"threshold":20}]
=== RUN   TestAppResourceHTTPWhenRoleDeterminesFarmScope/support/stats
    app_resource_scope_http_test.go:98: http method=GET path=/api/v1/stats/summary status=200 response={"alarm_devices":1,"offline_devices":1,"online_devices":0,"ponds":[{"pond_id":9401,"pond_name":"v2-pond","status":"warning"}]}
=== RUN   TestAppResourceHTTPWhenRoleDeterminesFarmScope/support//api/v1/ponds/9401
    app_resource_scope_http_test.go:127: http method=GET path=/api/v1/ponds/9401 status=200 response={"device_count":1,"latest":{"device_no":"v2-permission","dissolved_oxygen":null,"ph":null,"pond_id":9401,"report_interval":60,"salinity":null,"signal":null,"temperature":25,"timestamps":{"dissolved_oxygen":null,"ph":null,"salinity":null,"signal":null,"temperature":"2026-10-04T09:49:05.46725195Z","turbidity":null},"ts":"2026-10-04T17:49:05.467251+08:00","turbidity":null},"pond_id":9401,"pond_name":"v2-pond","status":"warning"}
=== RUN   TestAppResourceHTTPWhenRoleDeterminesFarmScope/support//api/v1/devices?pond_id=9401
    app_resource_scope_http_test.go:127: http method=GET path=/api/v1/devices?pond_id=9401 status=200 response=[{"created_at":"2026-10-04T17:50:05.45873+08:00","device_no":"v2-permission","disabled_at":null,"id":1,"last_seen_at":null,"model":"","name":"","pond_id":9401,"report_interval":60,"status":"offline"}]
=== RUN   TestAppResourceHTTPWhenRoleDeterminesFarmScope/support//api/v1/devices/v2-permission
    app_resource_scope_http_test.go:127: http method=GET path=/api/v1/devices/v2-permission status=200 response={"created_at":"2026-10-04T17:50:05.45873+08:00","device_no":"v2-permission","disabled_at":null,"id":1,"last_seen_at":null,"latest":{"device_no":"v2-permission","dissolved_oxygen":null,"ph":null,"pond_id":9401,"report_interval":60,"salinity":null,"signal":null,"temperature":25,"timestamps":{"dissolved_oxygen":null,"ph":null,"salinity":null,"signal":null,"temperature":"2026-10-04T09:49:05.46725195Z","turbidity":null},"ts":"2026-10-04T17:49:05.467251+08:00","turbidity":null},"model":"","name":"","pond_id":9401,"report_interval":60,"status":"offline"}
=== RUN   TestAppResourceHTTPWhenRoleDeterminesFarmScope/support//api/v1/water/latest?device_no=v2-permission
    app_resource_scope_http_test.go:127: http method=GET path=/api/v1/water/latest?device_no=v2-permission status=200 response={"device_no":"v2-permission","dissolved_oxygen":null,"ph":null,"pond_id":9401,"report_interval":60,"salinity":null,"signal":null,"temperature":25,"timestamps":{"dissolved_oxygen":null,"ph":null,"salinity":null,"signal":null,"temperature":"2026-10-04T09:49:05.46725195Z","turbidity":null},"ts":"2026-10-04T17:49:05.467251+08:00","turbidity":null}
=== RUN   TestAppResourceHTTPWhenRoleDeterminesFarmScope/support//api/v1/water/history?device_no=v2-permission&metric=temperature&range=30d
    app_resource_scope_http_test.go:127: http method=GET path=/api/v1/water/history?device_no=v2-permission&metric=temperature&range=30d status=200 response={"metric":"temperature","points":[{"ts":"2026-10-04T14:14:05.516705+08:00","value":25}],"unit":"℃"}
=== RUN   TestAppResourceHTTPWhenRoleDeterminesFarmScope/support//api/v2/devices/v2-permission/model/latest
    app_resource_scope_http_test.go:127: http method=GET path=/api/v2/devices/v2-permission/model/latest status=200 response={"device_no":"v2-permission","product_id":1,"model_version":1,"fields":[{"identifier":"temperature","type":"number","unit":"℃","minimum":null,"maximum":null,"enum_values":null,"readable":true,"writable":false,"nullable":true},{"identifier":"dissolved_oxygen","type":"number","unit":"mg/L","minimum":null,"maximum":null,"enum_values":null,"readable":true,"writable":false,"nullable":true},{"identifier":"ph","type":"number","unit":"","minimum":null,"maximum":null,"enum_values":null,"readable":true,"writable":false,"nullable":true},{"identifier":"turbidity","type":"number","unit":"NTU","minimum":null,"maximum":null,"enum_values":null,"readable":true,"writable":false,"nullable":true},{"identifier":"salinity","type":"number","unit":"ppt","minimum":null,"maximum":null,"enum_values":null,"readable":true,"writable":false,"nullable":true}],"ts":"2026-10-04T17:49:05.467251+08:00","properties":{"temperature":25}}
=== RUN   TestAppResourceHTTPWhenRoleDeterminesFarmScope/support//api/v2/devices/v2-permission/history?metric=temperature
    app_resource_scope_http_test.go:127: http method=GET path=/api/v2/devices/v2-permission/history?metric=temperature status=200 response={"device_no":"v2-permission","metric":"temperature","points":[{"ts":"2026-10-04T17:49:05.467251+08:00","value":25,"model_version":1,"unit":"℃"}],"unit":"℃"}
=== RUN   TestAppResourceHTTPWhenRoleDeterminesFarmScope/support//api/v1/ponds/9403
    app_resource_scope_http_test.go:127: http method=GET path=/api/v1/ponds/9403 status=404 response={"error":"pond not found"}
=== RUN   TestAppResourceHTTPWhenRoleDeterminesFarmScope/support//api/v1/devices?pond_id=9403
    app_resource_scope_http_test.go:127: http method=GET path=/api/v1/devices?pond_id=9403 status=404 response={"error":"pond not found"}
=== RUN   TestAppResourceHTTPWhenRoleDeterminesFarmScope/support//api/v1/devices/v2-hidden
    app_resource_scope_http_test.go:127: http method=GET path=/api/v1/devices/v2-hidden status=404 response={"error":"device not found"}
=== RUN   TestAppResourceHTTPWhenRoleDeterminesFarmScope/support//api/v1/water/latest?device_no=v2-hidden
    app_resource_scope_http_test.go:127: http method=GET path=/api/v1/water/latest?device_no=v2-hidden status=404 response={"error":"no data"}
=== RUN   TestAppResourceHTTPWhenRoleDeterminesFarmScope/support//api/v1/water/history?device_no=v2-hidden&metric=temperature&range=30d
    app_resource_scope_http_test.go:127: http method=GET path=/api/v1/water/history?device_no=v2-hidden&metric=temperature&range=30d status=404 response={"error":"device not found"}
=== RUN   TestAppResourceHTTPWhenRoleDeterminesFarmScope/support//api/v2/devices/v2-hidden/model/latest
    app_resource_scope_http_test.go:127: http method=GET path=/api/v2/devices/v2-hidden/model/latest status=404 response={"error":"not_found"}
=== RUN   TestAppResourceHTTPWhenRoleDeterminesFarmScope/support//api/v2/devices/v2-hidden/history?metric=temperature
    app_resource_scope_http_test.go:127: http method=GET path=/api/v2/devices/v2-hidden/history?metric=temperature status=404 response={"error":"not_found"}
=== RUN   TestAppResourceHTTPWhenRoleDeterminesFarmScope/support//api/v1/ponds/9402
    app_resource_scope_http_test.go:127: http method=GET path=/api/v1/ponds/9402 status=404 response={"error":"pond not found"}
=== RUN   TestAppResourceHTTPWhenRoleDeterminesFarmScope/support//api/v1/devices?pond_id=9402
    app_resource_scope_http_test.go:127: http method=GET path=/api/v1/devices?pond_id=9402 status=404 response={"error":"pond not found"}
=== RUN   TestAppResourceHTTPWhenRoleDeterminesFarmScope/support//api/v1/devices/v2-foreign
    app_resource_scope_http_test.go:127: http method=GET path=/api/v1/devices/v2-foreign status=404 response={"error":"device not found"}
=== RUN   TestAppResourceHTTPWhenRoleDeterminesFarmScope/support//api/v1/water/latest?device_no=v2-foreign
    app_resource_scope_http_test.go:127: http method=GET path=/api/v1/water/latest?device_no=v2-foreign status=404 response={"error":"no data"}
=== RUN   TestAppResourceHTTPWhenRoleDeterminesFarmScope/support//api/v1/water/history?device_no=v2-foreign&metric=temperature&range=30d
    app_resource_scope_http_test.go:127: http method=GET path=/api/v1/water/history?device_no=v2-foreign&metric=temperature&range=30d status=404 response={"error":"device not found"}
=== RUN   TestAppResourceHTTPWhenRoleDeterminesFarmScope/support//api/v2/devices/v2-foreign/model/latest
    app_resource_scope_http_test.go:127: http method=GET path=/api/v2/devices/v2-foreign/model/latest status=404 response={"error":"not_found"}
=== RUN   TestAppResourceHTTPWhenRoleDeterminesFarmScope/support//api/v2/devices/v2-foreign/history?metric=temperature
    app_resource_scope_http_test.go:127: http method=GET path=/api/v2/devices/v2-foreign/history?metric=temperature status=404 response={"error":"not_found"}
=== NAME  TestAppResourceHTTPWhenRoleDeterminesFarmScope/support
    app_resource_scope_http_test.go:149: http method=POST path=/api/v1/alarms/2/confirm status=404 response={"error":"alarm not found"}
    app_resource_scope_http_test.go:158: scenario=support_hidden_alarm_confirm before={"alarms": [{"id": 1, "level": "warning", "metric": "temperature", "message": "temperature 高于阈值 20", "pond_id": 9401, "device_no": "v2-permission", "threshold": 20, "created_at": "2026-10-04T09:49:05.467251+00:00", "product_id": 1, "confirmed_at": null, "current_value": 25}, {"id": 2, "level": "warning", "metric": "temperature", "message": "temperature 高于阈值 20", "pond_id": 9403, "device_no": "v2-hidden", "threshold": 20, "created_at": "2026-10-04T09:49:05.476328+00:00", "product_id": 1, "confirmed_at": null, "current_value": 25}], "outbox": [{"id": 1, "status": "pending", "next_at": "2026-10-04T09:50:05.467287+00:00", "alarm_id": 1, "attempts": 0, "created_at": "2026-10-04T09:50:05.467287+00:00", "last_error": null, "updated_at": "2026-10-04T09:50:05.467287+00:00", "lease_owner": null, "leased_until": null, "recipient_open_id": null}, {"id": 2, "status": "pending", "next_at": "2026-10-04T09:50:05.47636+00:00", "alarm_id": 2, "attempts": 0, "created_at": "2026-10-04T09:50:05.47636+00:00", "last_error": null, "updated_at": "2026-10-04T09:50:05.47636+00:00", "lease_owner": null, "leased_until": null, "recipient_open_id": null}], "shadows": [{"ts": "2026-10-04T09:49:05.476328+00:00", "last": {"temperature": 25}, "signal": null, "pond_id": 9403, "device_no": "v2-hidden", "tenant_id": 9401, "product_id": 1, "timestamps": {"temperature": "2026-10-04T09:49:05.476328793Z"}, "model_version": 1}, {"ts": "2026-10-04T09:49:05.467251+00:00", "last": {"temperature": 25}, "signal": null, "pond_id": 9401, "device_no": "v2-permission", "tenant_id": 9401, "product_id": 1, "timestamps": {"temperature": "2026-10-04T09:49:05.46725195Z"}, "model_version": 1}], "telemetry": [{"ts": "2026-10-04T09:49:05.467251+00:00", "pond_id": 9401, "device_no": "v2-permission", "tenant_id": 9401, "product_id": 1, "properties": {"temperature": 25}, "model_version": 1}, {"ts": "2026-10-04T09:49:05.476328+00:00", "pond_id": 9403, "device_no": "v2-hidden", "tenant_id": 9401, "product_id": 1, "properties": {"temperature": 25}, "model_version": 1}], "sensor_data": [{"ph": null, "ts": "2026-10-04T09:49:05.467251+00:00", "signal": null, "battery": null, "pond_id": 9401, "salinity": null, "device_no": "v2-permission", "tenant_id": 9401, "turbidity": null, "temperature": 25, "dissolved_oxygen": null}, {"ph": null, "ts": "2026-10-04T09:49:05.476328+00:00", "signal": null, "battery": null, "pond_id": 9403, "salinity": null, "device_no": "v2-hidden", "tenant_id": 9401, "turbidity": null, "temperature": 25, "dissolved_oxygen": null}]} after={"alarms": [{"id": 1, "level": "warning", "metric": "temperature", "message": "temperature 高于阈值 20", "pond_id": 9401, "device_no": "v2-permission", "threshold": 20, "created_at": "2026-10-04T09:49:05.467251+00:00", "product_id": 1, "confirmed_at": null, "current_value": 25}, {"id": 2, "level": "warning", "metric": "temperature", "message": "temperature 高于阈值 20", "pond_id": 9403, "device_no": "v2-hidden", "threshold": 20, "created_at": "2026-10-04T09:49:05.476328+00:00", "product_id": 1, "confirmed_at": null, "current_value": 25}], "outbox": [{"id": 1, "status": "pending", "next_at": "2026-10-04T09:50:05.467287+00:00", "alarm_id": 1, "attempts": 0, "created_at": "2026-10-04T09:50:05.467287+00:00", "last_error": null, "updated_at": "2026-10-04T09:50:05.467287+00:00", "lease_owner": null, "leased_until": null, "recipient_open_id": null}, {"id": 2, "status": "pending", "next_at": "2026-10-04T09:50:05.47636+00:00", "alarm_id": 2, "attempts": 0, "created_at": "2026-10-04T09:50:05.47636+00:00", "last_error": null, "updated_at": "2026-10-04T09:50:05.47636+00:00", "lease_owner": null, "leased_until": null, "recipient_open_id": null}], "shadows": [{"ts": "2026-10-04T09:49:05.476328+00:00", "last": {"temperature": 25}, "signal": null, "pond_id": 9403, "device_no": "v2-hidden", "tenant_id": 9401, "product_id": 1, "timestamps": {"temperature": "2026-10-04T09:49:05.476328793Z"}, "model_version": 1}, {"ts": "2026-10-04T09:49:05.467251+00:00", "last": {"temperature": 25}, "signal": null, "pond_id": 9401, "device_no": "v2-permission", "tenant_id": 9401, "product_id": 1, "timestamps": {"temperature": "2026-10-04T09:49:05.46725195Z"}, "model_version": 1}], "telemetry": [{"ts": "2026-10-04T09:49:05.467251+00:00", "pond_id": 9401, "device_no": "v2-permission", "tenant_id": 9401, "product_id": 1, "properties": {"temperature": 25}, "model_version": 1}, {"ts": "2026-10-04T09:49:05.476328+00:00", "pond_id": 9403, "device_no": "v2-hidden", "tenant_id": 9401, "product_id": 1, "properties": {"temperature": 25}, "model_version": 1}], "sensor_data": [{"ph": null, "ts": "2026-10-04T09:49:05.467251+00:00", "signal": null, "battery": null, "pond_id": 9401, "salinity": null, "device_no": "v2-permission", "tenant_id": 9401, "turbidity": null, "temperature": 25, "dissolved_oxygen": null}, {"ph": null, "ts": "2026-10-04T09:49:05.476328+00:00", "signal": null, "battery": null, "pond_id": 9403, "salinity": null, "device_no": "v2-hidden", "tenant_id": 9401, "turbidity": null, "temperature": 25, "dissolved_oxygen": null}]}
--- PASS: TestAppResourceHTTPWhenRoleDeterminesFarmScope (2.15s)
    --- PASS: TestAppResourceHTTPWhenRoleDeterminesFarmScope/owner (0.43s)
        --- PASS: TestAppResourceHTTPWhenRoleDeterminesFarmScope/owner//api/v1/ponds (0.01s)
        --- PASS: TestAppResourceHTTPWhenRoleDeterminesFarmScope/owner//api/v1/devices (0.00s)
        --- PASS: TestAppResourceHTTPWhenRoleDeterminesFarmScope/owner//api/v1/alarms (0.00s)
        --- PASS: TestAppResourceHTTPWhenRoleDeterminesFarmScope/owner/stats (0.00s)
        --- PASS: TestAppResourceHTTPWhenRoleDeterminesFarmScope/owner//api/v1/ponds/9401 (0.00s)
        --- PASS: TestAppResourceHTTPWhenRoleDeterminesFarmScope/owner//api/v1/devices?pond_id=9401 (0.00s)
        --- PASS: TestAppResourceHTTPWhenRoleDeterminesFarmScope/owner//api/v1/devices/v2-permission (0.00s)
        --- PASS: TestAppResourceHTTPWhenRoleDeterminesFarmScope/owner//api/v1/water/latest?device_no=v2-permission (0.00s)
        --- PASS: TestAppResourceHTTPWhenRoleDeterminesFarmScope/owner//api/v1/water/history?device_no=v2-permission&metric=temperature&range=30d (0.00s)
        --- PASS: TestAppResourceHTTPWhenRoleDeterminesFarmScope/owner//api/v2/devices/v2-permission/model/latest (0.00s)
        --- PASS: TestAppResourceHTTPWhenRoleDeterminesFarmScope/owner//api/v2/devices/v2-permission/history?metric=temperature (0.01s)
        --- PASS: TestAppResourceHTTPWhenRoleDeterminesFarmScope/owner//api/v1/ponds/9403 (0.00s)
        --- PASS: TestAppResourceHTTPWhenRoleDeterminesFarmScope/owner//api/v1/devices?pond_id=9403 (0.00s)
        --- PASS: TestAppResourceHTTPWhenRoleDeterminesFarmScope/owner//api/v1/devices/v2-hidden (0.00s)
        --- PASS: TestAppResourceHTTPWhenRoleDeterminesFarmScope/owner//api/v1/water/latest?device_no=v2-hidden (0.00s)
        --- PASS: TestAppResourceHTTPWhenRoleDeterminesFarmScope/owner//api/v1/water/history?device_no=v2-hidden&metric=temperature&range=30d (0.00s)
        --- PASS: TestAppResourceHTTPWhenRoleDeterminesFarmScope/owner//api/v2/devices/v2-hidden/model/latest (0.00s)
        --- PASS: TestAppResourceHTTPWhenRoleDeterminesFarmScope/owner//api/v2/devices/v2-hidden/history?metric=temperature (0.00s)
        --- PASS: TestAppResourceHTTPWhenRoleDeterminesFarmScope/owner//api/v1/ponds/9402 (0.00s)
        --- PASS: TestAppResourceHTTPWhenRoleDeterminesFarmScope/owner//api/v1/devices?pond_id=9402 (0.00s)
        --- PASS: TestAppResourceHTTPWhenRoleDeterminesFarmScope/owner//api/v1/devices/v2-foreign (0.00s)
        --- PASS: TestAppResourceHTTPWhenRoleDeterminesFarmScope/owner//api/v1/water/latest?device_no=v2-foreign (0.00s)
        --- PASS: TestAppResourceHTTPWhenRoleDeterminesFarmScope/owner//api/v1/water/history?device_no=v2-foreign&metric=temperature&range=30d (0.00s)
        --- PASS: TestAppResourceHTTPWhenRoleDeterminesFarmScope/owner//api/v2/devices/v2-foreign/model/latest (0.00s)
        --- PASS: TestAppResourceHTTPWhenRoleDeterminesFarmScope/owner//api/v2/devices/v2-foreign/history?metric=temperature (0.00s)
    --- PASS: TestAppResourceHTTPWhenRoleDeterminesFarmScope/admin (0.44s)
        --- PASS: TestAppResourceHTTPWhenRoleDeterminesFarmScope/admin//api/v1/ponds (0.01s)
        --- PASS: TestAppResourceHTTPWhenRoleDeterminesFarmScope/admin//api/v1/devices (0.00s)
        --- PASS: TestAppResourceHTTPWhenRoleDeterminesFarmScope/admin//api/v1/alarms (0.00s)
        --- PASS: TestAppResourceHTTPWhenRoleDeterminesFarmScope/admin/stats (0.00s)
        --- PASS: TestAppResourceHTTPWhenRoleDeterminesFarmScope/admin//api/v1/ponds/9401 (0.00s)
        --- PASS: TestAppResourceHTTPWhenRoleDeterminesFarmScope/admin//api/v1/devices?pond_id=9401 (0.00s)
        --- PASS: TestAppResourceHTTPWhenRoleDeterminesFarmScope/admin//api/v1/devices/v2-permission (0.00s)
        --- PASS: TestAppResourceHTTPWhenRoleDeterminesFarmScope/admin//api/v1/water/latest?device_no=v2-permission (0.00s)
        --- PASS: TestAppResourceHTTPWhenRoleDeterminesFarmScope/admin//api/v1/water/history?device_no=v2-permission&metric=temperature&range=30d (0.00s)
        --- PASS: TestAppResourceHTTPWhenRoleDeterminesFarmScope/admin//api/v2/devices/v2-permission/model/latest (0.00s)
        --- PASS: TestAppResourceHTTPWhenRoleDeterminesFarmScope/admin//api/v2/devices/v2-permission/history?metric=temperature (0.01s)
        --- PASS: TestAppResourceHTTPWhenRoleDeterminesFarmScope/admin//api/v1/ponds/9403 (0.00s)
        --- PASS: TestAppResourceHTTPWhenRoleDeterminesFarmScope/admin//api/v1/devices?pond_id=9403 (0.00s)
        --- PASS: TestAppResourceHTTPWhenRoleDeterminesFarmScope/admin//api/v1/devices/v2-hidden (0.00s)
        --- PASS: TestAppResourceHTTPWhenRoleDeterminesFarmScope/admin//api/v1/water/latest?device_no=v2-hidden (0.00s)
        --- PASS: TestAppResourceHTTPWhenRoleDeterminesFarmScope/admin//api/v1/water/history?device_no=v2-hidden&metric=temperature&range=30d (0.00s)
        --- PASS: TestAppResourceHTTPWhenRoleDeterminesFarmScope/admin//api/v2/devices/v2-hidden/model/latest (0.00s)
        --- PASS: TestAppResourceHTTPWhenRoleDeterminesFarmScope/admin//api/v2/devices/v2-hidden/history?metric=temperature (0.00s)
        --- PASS: TestAppResourceHTTPWhenRoleDeterminesFarmScope/admin//api/v1/ponds/9402 (0.00s)
        --- PASS: TestAppResourceHTTPWhenRoleDeterminesFarmScope/admin//api/v1/devices?pond_id=9402 (0.00s)
        --- PASS: TestAppResourceHTTPWhenRoleDeterminesFarmScope/admin//api/v1/devices/v2-foreign (0.00s)
        --- PASS: TestAppResourceHTTPWhenRoleDeterminesFarmScope/admin//api/v1/water/latest?device_no=v2-foreign (0.00s)
        --- PASS: TestAppResourceHTTPWhenRoleDeterminesFarmScope/admin//api/v1/water/history?device_no=v2-foreign&metric=temperature&range=30d (0.00s)
        --- PASS: TestAppResourceHTTPWhenRoleDeterminesFarmScope/admin//api/v2/devices/v2-foreign/model/latest (0.00s)
        --- PASS: TestAppResourceHTTPWhenRoleDeterminesFarmScope/admin//api/v2/devices/v2-foreign/history?metric=temperature (0.00s)
    --- PASS: TestAppResourceHTTPWhenRoleDeterminesFarmScope/member (0.43s)
        --- PASS: TestAppResourceHTTPWhenRoleDeterminesFarmScope/member//api/v1/ponds (0.01s)
        --- PASS: TestAppResourceHTTPWhenRoleDeterminesFarmScope/member//api/v1/devices (0.00s)
        --- PASS: TestAppResourceHTTPWhenRoleDeterminesFarmScope/member//api/v1/alarms (0.00s)
        --- PASS: TestAppResourceHTTPWhenRoleDeterminesFarmScope/member/stats (0.00s)
        --- PASS: TestAppResourceHTTPWhenRoleDeterminesFarmScope/member//api/v1/ponds/9401 (0.00s)
        --- PASS: TestAppResourceHTTPWhenRoleDeterminesFarmScope/member//api/v1/devices?pond_id=9401 (0.00s)
        --- PASS: TestAppResourceHTTPWhenRoleDeterminesFarmScope/member//api/v1/devices/v2-permission (0.00s)
        --- PASS: TestAppResourceHTTPWhenRoleDeterminesFarmScope/member//api/v1/water/latest?device_no=v2-permission (0.00s)
        --- PASS: TestAppResourceHTTPWhenRoleDeterminesFarmScope/member//api/v1/water/history?device_no=v2-permission&metric=temperature&range=30d (0.00s)
        --- PASS: TestAppResourceHTTPWhenRoleDeterminesFarmScope/member//api/v2/devices/v2-permission/model/latest (0.00s)
        --- PASS: TestAppResourceHTTPWhenRoleDeterminesFarmScope/member//api/v2/devices/v2-permission/history?metric=temperature (0.01s)
        --- PASS: TestAppResourceHTTPWhenRoleDeterminesFarmScope/member//api/v1/ponds/9403 (0.00s)
        --- PASS: TestAppResourceHTTPWhenRoleDeterminesFarmScope/member//api/v1/devices?pond_id=9403 (0.00s)
        --- PASS: TestAppResourceHTTPWhenRoleDeterminesFarmScope/member//api/v1/devices/v2-hidden (0.00s)
        --- PASS: TestAppResourceHTTPWhenRoleDeterminesFarmScope/member//api/v1/water/latest?device_no=v2-hidden (0.00s)
        --- PASS: TestAppResourceHTTPWhenRoleDeterminesFarmScope/member//api/v1/water/history?device_no=v2-hidden&metric=temperature&range=30d (0.00s)
        --- PASS: TestAppResourceHTTPWhenRoleDeterminesFarmScope/member//api/v2/devices/v2-hidden/model/latest (0.00s)
        --- PASS: TestAppResourceHTTPWhenRoleDeterminesFarmScope/member//api/v2/devices/v2-hidden/history?metric=temperature (0.00s)
        --- PASS: TestAppResourceHTTPWhenRoleDeterminesFarmScope/member//api/v1/ponds/9402 (0.00s)
        --- PASS: TestAppResourceHTTPWhenRoleDeterminesFarmScope/member//api/v1/devices?pond_id=9402 (0.00s)
        --- PASS: TestAppResourceHTTPWhenRoleDeterminesFarmScope/member//api/v1/devices/v2-foreign (0.00s)
        --- PASS: TestAppResourceHTTPWhenRoleDeterminesFarmScope/member//api/v1/water/latest?device_no=v2-foreign (0.00s)
        --- PASS: TestAppResourceHTTPWhenRoleDeterminesFarmScope/member//api/v1/water/history?device_no=v2-foreign&metric=temperature&range=30d (0.00s)
        --- PASS: TestAppResourceHTTPWhenRoleDeterminesFarmScope/member//api/v2/devices/v2-foreign/model/latest (0.00s)
        --- PASS: TestAppResourceHTTPWhenRoleDeterminesFarmScope/member//api/v2/devices/v2-foreign/history?metric=temperature (0.00s)
    --- PASS: TestAppResourceHTTPWhenRoleDeterminesFarmScope/viewer (0.42s)
        --- PASS: TestAppResourceHTTPWhenRoleDeterminesFarmScope/viewer//api/v1/ponds (0.01s)
        --- PASS: TestAppResourceHTTPWhenRoleDeterminesFarmScope/viewer//api/v1/devices (0.00s)
        --- PASS: TestAppResourceHTTPWhenRoleDeterminesFarmScope/viewer//api/v1/alarms (0.00s)
        --- PASS: TestAppResourceHTTPWhenRoleDeterminesFarmScope/viewer/stats (0.00s)
        --- PASS: TestAppResourceHTTPWhenRoleDeterminesFarmScope/viewer//api/v1/ponds/9401 (0.00s)
        --- PASS: TestAppResourceHTTPWhenRoleDeterminesFarmScope/viewer//api/v1/devices?pond_id=9401 (0.00s)
        --- PASS: TestAppResourceHTTPWhenRoleDeterminesFarmScope/viewer//api/v1/devices/v2-permission (0.00s)
        --- PASS: TestAppResourceHTTPWhenRoleDeterminesFarmScope/viewer//api/v1/water/latest?device_no=v2-permission (0.00s)
        --- PASS: TestAppResourceHTTPWhenRoleDeterminesFarmScope/viewer//api/v1/water/history?device_no=v2-permission&metric=temperature&range=30d (0.00s)
        --- PASS: TestAppResourceHTTPWhenRoleDeterminesFarmScope/viewer//api/v2/devices/v2-permission/model/latest (0.00s)
        --- PASS: TestAppResourceHTTPWhenRoleDeterminesFarmScope/viewer//api/v2/devices/v2-permission/history?metric=temperature (0.01s)
        --- PASS: TestAppResourceHTTPWhenRoleDeterminesFarmScope/viewer//api/v1/ponds/9403 (0.00s)
        --- PASS: TestAppResourceHTTPWhenRoleDeterminesFarmScope/viewer//api/v1/devices?pond_id=9403 (0.00s)
        --- PASS: TestAppResourceHTTPWhenRoleDeterminesFarmScope/viewer//api/v1/devices/v2-hidden (0.00s)
        --- PASS: TestAppResourceHTTPWhenRoleDeterminesFarmScope/viewer//api/v1/water/latest?device_no=v2-hidden (0.00s)
        --- PASS: TestAppResourceHTTPWhenRoleDeterminesFarmScope/viewer//api/v1/water/history?device_no=v2-hidden&metric=temperature&range=30d (0.00s)
        --- PASS: TestAppResourceHTTPWhenRoleDeterminesFarmScope/viewer//api/v2/devices/v2-hidden/model/latest (0.00s)
        --- PASS: TestAppResourceHTTPWhenRoleDeterminesFarmScope/viewer//api/v2/devices/v2-hidden/history?metric=temperature (0.00s)
        --- PASS: TestAppResourceHTTPWhenRoleDeterminesFarmScope/viewer//api/v1/ponds/9402 (0.00s)
        --- PASS: TestAppResourceHTTPWhenRoleDeterminesFarmScope/viewer//api/v1/devices?pond_id=9402 (0.00s)
        --- PASS: TestAppResourceHTTPWhenRoleDeterminesFarmScope/viewer//api/v1/devices/v2-foreign (0.00s)
        --- PASS: TestAppResourceHTTPWhenRoleDeterminesFarmScope/viewer//api/v1/water/latest?device_no=v2-foreign (0.00s)
        --- PASS: TestAppResourceHTTPWhenRoleDeterminesFarmScope/viewer//api/v1/water/history?device_no=v2-foreign&metric=temperature&range=30d (0.00s)
        --- PASS: TestAppResourceHTTPWhenRoleDeterminesFarmScope/viewer//api/v2/devices/v2-foreign/model/latest (0.00s)
        --- PASS: TestAppResourceHTTPWhenRoleDeterminesFarmScope/viewer//api/v2/devices/v2-foreign/history?metric=temperature (0.00s)
    --- PASS: TestAppResourceHTTPWhenRoleDeterminesFarmScope/support (0.43s)
        --- PASS: TestAppResourceHTTPWhenRoleDeterminesFarmScope/support//api/v1/ponds (0.01s)
        --- PASS: TestAppResourceHTTPWhenRoleDeterminesFarmScope/support//api/v1/devices (0.00s)
        --- PASS: TestAppResourceHTTPWhenRoleDeterminesFarmScope/support//api/v1/alarms (0.00s)
        --- PASS: TestAppResourceHTTPWhenRoleDeterminesFarmScope/support/stats (0.00s)
        --- PASS: TestAppResourceHTTPWhenRoleDeterminesFarmScope/support//api/v1/ponds/9401 (0.00s)
        --- PASS: TestAppResourceHTTPWhenRoleDeterminesFarmScope/support//api/v1/devices?pond_id=9401 (0.00s)
        --- PASS: TestAppResourceHTTPWhenRoleDeterminesFarmScope/support//api/v1/devices/v2-permission (0.00s)
        --- PASS: TestAppResourceHTTPWhenRoleDeterminesFarmScope/support//api/v1/water/latest?device_no=v2-permission (0.00s)
        --- PASS: TestAppResourceHTTPWhenRoleDeterminesFarmScope/support//api/v1/water/history?device_no=v2-permission&metric=temperature&range=30d (0.00s)
        --- PASS: TestAppResourceHTTPWhenRoleDeterminesFarmScope/support//api/v2/devices/v2-permission/model/latest (0.00s)
        --- PASS: TestAppResourceHTTPWhenRoleDeterminesFarmScope/support//api/v2/devices/v2-permission/history?metric=temperature (0.01s)
        --- PASS: TestAppResourceHTTPWhenRoleDeterminesFarmScope/support//api/v1/ponds/9403 (0.00s)
        --- PASS: TestAppResourceHTTPWhenRoleDeterminesFarmScope/support//api/v1/devices?pond_id=9403 (0.00s)
        --- PASS: TestAppResourceHTTPWhenRoleDeterminesFarmScope/support//api/v1/devices/v2-hidden (0.00s)
        --- PASS: TestAppResourceHTTPWhenRoleDeterminesFarmScope/support//api/v1/water/latest?device_no=v2-hidden (0.00s)
        --- PASS: TestAppResourceHTTPWhenRoleDeterminesFarmScope/support//api/v1/water/history?device_no=v2-hidden&metric=temperature&range=30d (0.00s)
        --- PASS: TestAppResourceHTTPWhenRoleDeterminesFarmScope/support//api/v2/devices/v2-hidden/model/latest (0.00s)
        --- PASS: TestAppResourceHTTPWhenRoleDeterminesFarmScope/support//api/v2/devices/v2-hidden/history?metric=temperature (0.00s)
        --- PASS: TestAppResourceHTTPWhenRoleDeterminesFarmScope/support//api/v1/ponds/9402 (0.00s)
        --- PASS: TestAppResourceHTTPWhenRoleDeterminesFarmScope/support//api/v1/devices?pond_id=9402 (0.00s)
        --- PASS: TestAppResourceHTTPWhenRoleDeterminesFarmScope/support//api/v1/devices/v2-foreign (0.00s)
        --- PASS: TestAppResourceHTTPWhenRoleDeterminesFarmScope/support//api/v1/water/latest?device_no=v2-foreign (0.00s)
        --- PASS: TestAppResourceHTTPWhenRoleDeterminesFarmScope/support//api/v1/water/history?device_no=v2-foreign&metric=temperature&range=30d (0.00s)
        --- PASS: TestAppResourceHTTPWhenRoleDeterminesFarmScope/support//api/v2/devices/v2-foreign/model/latest (0.00s)
        --- PASS: TestAppResourceHTTPWhenRoleDeterminesFarmScope/support//api/v2/devices/v2-foreign/history?metric=temperature (0.00s)
=== RUN   TestAppResourceHTTPWhenManagerTokenLosesAuthority
=== RUN   TestAppResourceHTTPWhenManagerTokenLosesAuthority/role
    app_resource_scope_http_test.go:170: environment real_timescaledb=2.30.0
[GIN-debug] [WARNING] Running in "debug" mode. Switch to "release" mode in production.
 - using env:	export GIN_MODE=release
 - using code:	gin.SetMode(gin.ReleaseMode)

[GIN-debug] POST   /api/v1/auth/login        --> git.hyhy.fun/rsplab/iolink/internal/appapi.(*Server).login-fm (2 handlers)
[GIN-debug] GET    /api/v1/auth/tenants      --> git.hyhy.fun/rsplab/iolink/internal/appapi.(*Server).listTenants-fm (3 handlers)
[GIN-debug] POST   /api/v1/auth/tenant       --> git.hyhy.fun/rsplab/iolink/internal/appapi.(*Server).switchTenant-fm (3 handlers)
[GIN-debug] GET    /api/v1/ponds             --> git.hyhy.fun/rsplab/iolink/internal/appapi.(*Server).listPonds-fm (3 handlers)
[GIN-debug] GET    /api/v1/ponds/:id         --> git.hyhy.fun/rsplab/iolink/internal/appapi.(*Server).getPond-fm (3 handlers)
[GIN-debug] GET    /api/v1/devices           --> git.hyhy.fun/rsplab/iolink/internal/appapi.(*Server).listDevices-fm (3 handlers)
[GIN-debug] GET    /api/v1/devices/:device_no --> git.hyhy.fun/rsplab/iolink/internal/appapi.(*Server).getDevice-fm (3 handlers)
[GIN-debug] GET    /api/v1/water/latest      --> git.hyhy.fun/rsplab/iolink/internal/appapi.(*Server).waterLatest-fm (3 handlers)
[GIN-debug] GET    /api/v1/water/history     --> git.hyhy.fun/rsplab/iolink/internal/appapi.(*Server).waterHistory-fm (3 handlers)
[GIN-debug] GET    /api/v1/alarms            --> git.hyhy.fun/rsplab/iolink/internal/appapi.(*Server).listAlarms-fm (3 handlers)
[GIN-debug] GET    /api/v1/stats/summary     --> git.hyhy.fun/rsplab/iolink/internal/appapi.(*Server).statsSummary-fm (3 handlers)
[GIN-debug] POST   /api/v1/alarms/:id/confirm --> git.hyhy.fun/rsplab/iolink/internal/appapi.(*Server).confirmAlarm-fm (3 handlers)
[GIN-debug] POST   /api/v2/devices/:device_no/telemetry --> git.hyhy.fun/rsplab/iolink/internal/appapi.(*Server).submitTelemetryV2-fm (3 handlers)
[GIN-debug] GET    /api/v2/devices/:device_no/model/latest --> git.hyhy.fun/rsplab/iolink/internal/appapi.(*Server).modelLatestV2-fm (3 handlers)
[GIN-debug] GET    /api/v2/devices/:device_no/history --> git.hyhy.fun/rsplab/iolink/internal/appapi.(*Server).telemetryHistoryV2-fm (3 handlers)
    app_resource_scope_http_test.go:187: http method=GET path=/api/v2/devices/v2-hidden/model/latest status=401 response={"error":"tenant membership revoked"}
    app_resource_scope_http_test.go:190: scenario=role_revocation status=401 before={"alarms": [], "outbox": [], "shadows": [], "telemetry": [], "sensor_data": []} after={"alarms": [], "outbox": [], "shadows": [], "telemetry": [], "sensor_data": []}
    app_resource_scope_http_test.go:187: http method=POST path=/api/v2/devices/v2-hidden/telemetry status=401 response={"error":"tenant membership revoked"}
    app_resource_scope_http_test.go:190: scenario=role_revocation status=401 before={"alarms": [], "outbox": [], "shadows": [], "telemetry": [], "sensor_data": []} after={"alarms": [], "outbox": [], "shadows": [], "telemetry": [], "sensor_data": []}
=== RUN   TestAppResourceHTTPWhenManagerTokenLosesAuthority/membership
    app_resource_scope_http_test.go:170: environment real_timescaledb=2.30.0
[GIN-debug] [WARNING] Running in "debug" mode. Switch to "release" mode in production.
 - using env:	export GIN_MODE=release
 - using code:	gin.SetMode(gin.ReleaseMode)

[GIN-debug] POST   /api/v1/auth/login        --> git.hyhy.fun/rsplab/iolink/internal/appapi.(*Server).login-fm (2 handlers)
[GIN-debug] GET    /api/v1/auth/tenants      --> git.hyhy.fun/rsplab/iolink/internal/appapi.(*Server).listTenants-fm (3 handlers)
[GIN-debug] POST   /api/v1/auth/tenant       --> git.hyhy.fun/rsplab/iolink/internal/appapi.(*Server).switchTenant-fm (3 handlers)
[GIN-debug] GET    /api/v1/ponds             --> git.hyhy.fun/rsplab/iolink/internal/appapi.(*Server).listPonds-fm (3 handlers)
[GIN-debug] GET    /api/v1/ponds/:id         --> git.hyhy.fun/rsplab/iolink/internal/appapi.(*Server).getPond-fm (3 handlers)
[GIN-debug] GET    /api/v1/devices           --> git.hyhy.fun/rsplab/iolink/internal/appapi.(*Server).listDevices-fm (3 handlers)
[GIN-debug] GET    /api/v1/devices/:device_no --> git.hyhy.fun/rsplab/iolink/internal/appapi.(*Server).getDevice-fm (3 handlers)
[GIN-debug] GET    /api/v1/water/latest      --> git.hyhy.fun/rsplab/iolink/internal/appapi.(*Server).waterLatest-fm (3 handlers)
[GIN-debug] GET    /api/v1/water/history     --> git.hyhy.fun/rsplab/iolink/internal/appapi.(*Server).waterHistory-fm (3 handlers)
[GIN-debug] GET    /api/v1/alarms            --> git.hyhy.fun/rsplab/iolink/internal/appapi.(*Server).listAlarms-fm (3 handlers)
[GIN-debug] GET    /api/v1/stats/summary     --> git.hyhy.fun/rsplab/iolink/internal/appapi.(*Server).statsSummary-fm (3 handlers)
[GIN-debug] POST   /api/v1/alarms/:id/confirm --> git.hyhy.fun/rsplab/iolink/internal/appapi.(*Server).confirmAlarm-fm (3 handlers)
[GIN-debug] POST   /api/v2/devices/:device_no/telemetry --> git.hyhy.fun/rsplab/iolink/internal/appapi.(*Server).submitTelemetryV2-fm (3 handlers)
[GIN-debug] GET    /api/v2/devices/:device_no/model/latest --> git.hyhy.fun/rsplab/iolink/internal/appapi.(*Server).modelLatestV2-fm (3 handlers)
[GIN-debug] GET    /api/v2/devices/:device_no/history --> git.hyhy.fun/rsplab/iolink/internal/appapi.(*Server).telemetryHistoryV2-fm (3 handlers)
    app_resource_scope_http_test.go:187: http method=GET path=/api/v2/devices/v2-hidden/model/latest status=401 response={"error":"tenant membership revoked"}
    app_resource_scope_http_test.go:190: scenario=membership_revocation status=401 before={"alarms": [], "outbox": [], "shadows": [], "telemetry": [], "sensor_data": []} after={"alarms": [], "outbox": [], "shadows": [], "telemetry": [], "sensor_data": []}
    app_resource_scope_http_test.go:187: http method=POST path=/api/v2/devices/v2-hidden/telemetry status=401 response={"error":"tenant membership revoked"}
    app_resource_scope_http_test.go:190: scenario=membership_revocation status=401 before={"alarms": [], "outbox": [], "shadows": [], "telemetry": [], "sensor_data": []} after={"alarms": [], "outbox": [], "shadows": [], "telemetry": [], "sensor_data": []}
=== RUN   TestAppResourceHTTPWhenManagerTokenLosesAuthority/platform_authority
    app_resource_scope_http_test.go:170: environment real_timescaledb=2.30.0
[GIN-debug] [WARNING] Running in "debug" mode. Switch to "release" mode in production.
 - using env:	export GIN_MODE=release
 - using code:	gin.SetMode(gin.ReleaseMode)

[GIN-debug] POST   /api/v1/auth/login        --> git.hyhy.fun/rsplab/iolink/internal/appapi.(*Server).login-fm (2 handlers)
[GIN-debug] GET    /api/v1/auth/tenants      --> git.hyhy.fun/rsplab/iolink/internal/appapi.(*Server).listTenants-fm (3 handlers)
[GIN-debug] POST   /api/v1/auth/tenant       --> git.hyhy.fun/rsplab/iolink/internal/appapi.(*Server).switchTenant-fm (3 handlers)
[GIN-debug] GET    /api/v1/ponds             --> git.hyhy.fun/rsplab/iolink/internal/appapi.(*Server).listPonds-fm (3 handlers)
[GIN-debug] GET    /api/v1/ponds/:id         --> git.hyhy.fun/rsplab/iolink/internal/appapi.(*Server).getPond-fm (3 handlers)
[GIN-debug] GET    /api/v1/devices           --> git.hyhy.fun/rsplab/iolink/internal/appapi.(*Server).listDevices-fm (3 handlers)
[GIN-debug] GET    /api/v1/devices/:device_no --> git.hyhy.fun/rsplab/iolink/internal/appapi.(*Server).getDevice-fm (3 handlers)
[GIN-debug] GET    /api/v1/water/latest      --> git.hyhy.fun/rsplab/iolink/internal/appapi.(*Server).waterLatest-fm (3 handlers)
[GIN-debug] GET    /api/v1/water/history     --> git.hyhy.fun/rsplab/iolink/internal/appapi.(*Server).waterHistory-fm (3 handlers)
[GIN-debug] GET    /api/v1/alarms            --> git.hyhy.fun/rsplab/iolink/internal/appapi.(*Server).listAlarms-fm (3 handlers)
[GIN-debug] GET    /api/v1/stats/summary     --> git.hyhy.fun/rsplab/iolink/internal/appapi.(*Server).statsSummary-fm (3 handlers)
[GIN-debug] POST   /api/v1/alarms/:id/confirm --> git.hyhy.fun/rsplab/iolink/internal/appapi.(*Server).confirmAlarm-fm (3 handlers)
[GIN-debug] POST   /api/v2/devices/:device_no/telemetry --> git.hyhy.fun/rsplab/iolink/internal/appapi.(*Server).submitTelemetryV2-fm (3 handlers)
[GIN-debug] GET    /api/v2/devices/:device_no/model/latest --> git.hyhy.fun/rsplab/iolink/internal/appapi.(*Server).modelLatestV2-fm (3 handlers)
[GIN-debug] GET    /api/v2/devices/:device_no/history --> git.hyhy.fun/rsplab/iolink/internal/appapi.(*Server).telemetryHistoryV2-fm (3 handlers)
    app_resource_scope_http_test.go:187: http method=GET path=/api/v2/devices/v2-hidden/model/latest status=401 response={"error":"token revoked"}
    app_resource_scope_http_test.go:190: scenario=platform_authority_revocation status=401 before={"alarms": [], "outbox": [], "shadows": [], "telemetry": [], "sensor_data": []} after={"alarms": [], "outbox": [], "shadows": [], "telemetry": [], "sensor_data": []}
    app_resource_scope_http_test.go:187: http method=POST path=/api/v2/devices/v2-hidden/telemetry status=401 response={"error":"token revoked"}
    app_resource_scope_http_test.go:190: scenario=platform_authority_revocation status=401 before={"alarms": [], "outbox": [], "shadows": [], "telemetry": [], "sensor_data": []} after={"alarms": [], "outbox": [], "shadows": [], "telemetry": [], "sensor_data": []}
--- PASS: TestAppResourceHTTPWhenManagerTokenLosesAuthority (1.05s)
    --- PASS: TestAppResourceHTTPWhenManagerTokenLosesAuthority/role (0.35s)
    --- PASS: TestAppResourceHTTPWhenManagerTokenLosesAuthority/membership (0.35s)
    --- PASS: TestAppResourceHTTPWhenManagerTokenLosesAuthority/platform_authority (0.35s)
=== RUN   TestAppTelemetryWriteRoleBoundary
=== RUN   TestAppTelemetryWriteRoleBoundary/owner
    telemetry_permission_http_test.go:26: environment real_timescaledb=2.30.0
[GIN-debug] [WARNING] Running in "debug" mode. Switch to "release" mode in production.
 - using env:	export GIN_MODE=release
 - using code:	gin.SetMode(gin.ReleaseMode)

[GIN-debug] POST   /api/v1/auth/login        --> git.hyhy.fun/rsplab/iolink/internal/appapi.(*Server).login-fm (2 handlers)
[GIN-debug] GET    /api/v1/auth/tenants      --> git.hyhy.fun/rsplab/iolink/internal/appapi.(*Server).listTenants-fm (3 handlers)
[GIN-debug] POST   /api/v1/auth/tenant       --> git.hyhy.fun/rsplab/iolink/internal/appapi.(*Server).switchTenant-fm (3 handlers)
[GIN-debug] GET    /api/v1/ponds             --> git.hyhy.fun/rsplab/iolink/internal/appapi.(*Server).listPonds-fm (3 handlers)
[GIN-debug] GET    /api/v1/ponds/:id         --> git.hyhy.fun/rsplab/iolink/internal/appapi.(*Server).getPond-fm (3 handlers)
[GIN-debug] GET    /api/v1/devices           --> git.hyhy.fun/rsplab/iolink/internal/appapi.(*Server).listDevices-fm (3 handlers)
[GIN-debug] GET    /api/v1/devices/:device_no --> git.hyhy.fun/rsplab/iolink/internal/appapi.(*Server).getDevice-fm (3 handlers)
[GIN-debug] GET    /api/v1/water/latest      --> git.hyhy.fun/rsplab/iolink/internal/appapi.(*Server).waterLatest-fm (3 handlers)
[GIN-debug] GET    /api/v1/water/history     --> git.hyhy.fun/rsplab/iolink/internal/appapi.(*Server).waterHistory-fm (3 handlers)
[GIN-debug] GET    /api/v1/alarms            --> git.hyhy.fun/rsplab/iolink/internal/appapi.(*Server).listAlarms-fm (3 handlers)
[GIN-debug] GET    /api/v1/stats/summary     --> git.hyhy.fun/rsplab/iolink/internal/appapi.(*Server).statsSummary-fm (3 handlers)
[GIN-debug] POST   /api/v1/alarms/:id/confirm --> git.hyhy.fun/rsplab/iolink/internal/appapi.(*Server).confirmAlarm-fm (3 handlers)
[GIN-debug] POST   /api/v2/devices/:device_no/telemetry --> git.hyhy.fun/rsplab/iolink/internal/appapi.(*Server).submitTelemetryV2-fm (3 handlers)
[GIN-debug] GET    /api/v2/devices/:device_no/model/latest --> git.hyhy.fun/rsplab/iolink/internal/appapi.(*Server).modelLatestV2-fm (3 handlers)
[GIN-debug] GET    /api/v2/devices/:device_no/history --> git.hyhy.fun/rsplab/iolink/internal/appapi.(*Server).telemetryHistoryV2-fm (3 handlers)
    telemetry_permission_http_test.go:45: scenario=app_owner_v2-foreign post_status=404 response={"error":"not_found"}
    telemetry_permission_http_test.go:53: scenario=app_owner login_status=200 post_status=202 response={"device_no":"v2-permission","model_version":1,"accepted":["temperature"],"rejected":[]} before={"alarms": [], "outbox": [], "shadows": [], "telemetry": [], "sensor_data": []} after={"alarms": [{"id": 1, "level": "warning", "metric": "temperature", "message": "temperature 高于阈值 20", "pond_id": 9401, "device_no": "v2-permission", "threshold": 20, "created_at": "2026-10-01T00:00:00+00:00", "product_id": 1, "confirmed_at": null, "current_value": 25}], "outbox": [{"id": 1, "status": "pending", "next_at": "2026-10-04T09:50:06.95805+00:00", "alarm_id": 1, "attempts": 0, "created_at": "2026-10-04T09:50:06.95805+00:00", "last_error": null, "updated_at": "2026-10-04T09:50:06.95805+00:00", "lease_owner": null, "leased_until": null, "recipient_open_id": null}], "shadows": [{"ts": "2026-10-01T00:00:00+00:00", "last": {"temperature": 25}, "signal": null, "pond_id": 9401, "device_no": "v2-permission", "tenant_id": 9401, "product_id": 1, "timestamps": {"temperature": "2026-10-01T00:00:00Z"}, "model_version": 1}], "telemetry": [{"ts": "2026-10-01T00:00:00+00:00", "pond_id": 9401, "device_no": "v2-permission", "tenant_id": 9401, "product_id": 1, "properties": {"temperature": 25}, "model_version": 1}], "sensor_data": [{"ph": null, "ts": "2026-10-01T00:00:00+00:00", "signal": null, "battery": null, "pond_id": 9401, "salinity": null, "device_no": "v2-permission", "tenant_id": 9401, "turbidity": null, "temperature": 25, "dissolved_oxygen": null}]}
    telemetry_permission_http_test.go:66: scenario=app_owner_live_downgrade post_status=401 response={"error":"tenant membership revoked"} before={"alarms": [{"id": 1, "level": "warning", "metric": "temperature", "message": "temperature 高于阈值 20", "pond_id": 9401, "device_no": "v2-permission", "threshold": 20, "created_at": "2026-10-01T00:00:00+00:00", "product_id": 1, "confirmed_at": null, "current_value": 25}], "outbox": [{"id": 1, "status": "pending", "next_at": "2026-10-04T09:50:06.95805+00:00", "alarm_id": 1, "attempts": 0, "created_at": "2026-10-04T09:50:06.95805+00:00", "last_error": null, "updated_at": "2026-10-04T09:50:06.95805+00:00", "lease_owner": null, "leased_until": null, "recipient_open_id": null}], "shadows": [{"ts": "2026-10-01T00:00:00+00:00", "last": {"temperature": 25}, "signal": null, "pond_id": 9401, "device_no": "v2-permission", "tenant_id": 9401, "product_id": 1, "timestamps": {"temperature": "2026-10-01T00:00:00Z"}, "model_version": 1}], "telemetry": [{"ts": "2026-10-01T00:00:00+00:00", "pond_id": 9401, "device_no": "v2-permission", "tenant_id": 9401, "product_id": 1, "properties": {"temperature": 25}, "model_version": 1}], "sensor_data": [{"ph": null, "ts": "2026-10-01T00:00:00+00:00", "signal": null, "battery": null, "pond_id": 9401, "salinity": null, "device_no": "v2-permission", "tenant_id": 9401, "turbidity": null, "temperature": 25, "dissolved_oxygen": null}]} after={"alarms": [{"id": 1, "level": "warning", "metric": "temperature", "message": "temperature 高于阈值 20", "pond_id": 9401, "device_no": "v2-permission", "threshold": 20, "created_at": "2026-10-01T00:00:00+00:00", "product_id": 1, "confirmed_at": null, "current_value": 25}], "outbox": [{"id": 1, "status": "pending", "next_at": "2026-10-04T09:50:06.95805+00:00", "alarm_id": 1, "attempts": 0, "created_at": "2026-10-04T09:50:06.95805+00:00", "last_error": null, "updated_at": "2026-10-04T09:50:06.95805+00:00", "lease_owner": null, "leased_until": null, "recipient_open_id": null}], "shadows": [{"ts": "2026-10-01T00:00:00+00:00", "last": {"temperature": 25}, "signal": null, "pond_id": 9401, "device_no": "v2-permission", "tenant_id": 9401, "product_id": 1, "timestamps": {"temperature": "2026-10-01T00:00:00Z"}, "model_version": 1}], "telemetry": [{"ts": "2026-10-01T00:00:00+00:00", "pond_id": 9401, "device_no": "v2-permission", "tenant_id": 9401, "product_id": 1, "properties": {"temperature": 25}, "model_version": 1}], "sensor_data": [{"ph": null, "ts": "2026-10-01T00:00:00+00:00", "signal": null, "battery": null, "pond_id": 9401, "salinity": null, "device_no": "v2-permission", "tenant_id": 9401, "turbidity": null, "temperature": 25, "dissolved_oxygen": null}]}
=== RUN   TestAppTelemetryWriteRoleBoundary/admin
    telemetry_permission_http_test.go:26: environment real_timescaledb=2.30.0
[GIN-debug] [WARNING] Running in "debug" mode. Switch to "release" mode in production.
 - using env:	export GIN_MODE=release
 - using code:	gin.SetMode(gin.ReleaseMode)

[GIN-debug] POST   /api/v1/auth/login        --> git.hyhy.fun/rsplab/iolink/internal/appapi.(*Server).login-fm (2 handlers)
[GIN-debug] GET    /api/v1/auth/tenants      --> git.hyhy.fun/rsplab/iolink/internal/appapi.(*Server).listTenants-fm (3 handlers)
[GIN-debug] POST   /api/v1/auth/tenant       --> git.hyhy.fun/rsplab/iolink/internal/appapi.(*Server).switchTenant-fm (3 handlers)
[GIN-debug] GET    /api/v1/ponds             --> git.hyhy.fun/rsplab/iolink/internal/appapi.(*Server).listPonds-fm (3 handlers)
[GIN-debug] GET    /api/v1/ponds/:id         --> git.hyhy.fun/rsplab/iolink/internal/appapi.(*Server).getPond-fm (3 handlers)
[GIN-debug] GET    /api/v1/devices           --> git.hyhy.fun/rsplab/iolink/internal/appapi.(*Server).listDevices-fm (3 handlers)
[GIN-debug] GET    /api/v1/devices/:device_no --> git.hyhy.fun/rsplab/iolink/internal/appapi.(*Server).getDevice-fm (3 handlers)
[GIN-debug] GET    /api/v1/water/latest      --> git.hyhy.fun/rsplab/iolink/internal/appapi.(*Server).waterLatest-fm (3 handlers)
[GIN-debug] GET    /api/v1/water/history     --> git.hyhy.fun/rsplab/iolink/internal/appapi.(*Server).waterHistory-fm (3 handlers)
[GIN-debug] GET    /api/v1/alarms            --> git.hyhy.fun/rsplab/iolink/internal/appapi.(*Server).listAlarms-fm (3 handlers)
[GIN-debug] GET    /api/v1/stats/summary     --> git.hyhy.fun/rsplab/iolink/internal/appapi.(*Server).statsSummary-fm (3 handlers)
[GIN-debug] POST   /api/v1/alarms/:id/confirm --> git.hyhy.fun/rsplab/iolink/internal/appapi.(*Server).confirmAlarm-fm (3 handlers)
[GIN-debug] POST   /api/v2/devices/:device_no/telemetry --> git.hyhy.fun/rsplab/iolink/internal/appapi.(*Server).submitTelemetryV2-fm (3 handlers)
[GIN-debug] GET    /api/v2/devices/:device_no/model/latest --> git.hyhy.fun/rsplab/iolink/internal/appapi.(*Server).modelLatestV2-fm (3 handlers)
[GIN-debug] GET    /api/v2/devices/:device_no/history --> git.hyhy.fun/rsplab/iolink/internal/appapi.(*Server).telemetryHistoryV2-fm (3 handlers)
    telemetry_permission_http_test.go:45: scenario=app_admin_v2-foreign post_status=404 response={"error":"not_found"}
    telemetry_permission_http_test.go:53: scenario=app_admin login_status=200 post_status=202 response={"device_no":"v2-permission","model_version":1,"accepted":["temperature"],"rejected":[]} before={"alarms": [], "outbox": [], "shadows": [], "telemetry": [], "sensor_data": []} after={"alarms": [{"id": 1, "level": "warning", "metric": "temperature", "message": "temperature 高于阈值 20", "pond_id": 9401, "device_no": "v2-permission", "threshold": 20, "created_at": "2026-10-01T00:00:00+00:00", "product_id": 1, "confirmed_at": null, "current_value": 25}], "outbox": [{"id": 1, "status": "pending", "next_at": "2026-10-04T09:50:07.319368+00:00", "alarm_id": 1, "attempts": 0, "created_at": "2026-10-04T09:50:07.319368+00:00", "last_error": null, "updated_at": "2026-10-04T09:50:07.319368+00:00", "lease_owner": null, "leased_until": null, "recipient_open_id": null}], "shadows": [{"ts": "2026-10-01T00:00:00+00:00", "last": {"temperature": 25}, "signal": null, "pond_id": 9401, "device_no": "v2-permission", "tenant_id": 9401, "product_id": 1, "timestamps": {"temperature": "2026-10-01T00:00:00Z"}, "model_version": 1}], "telemetry": [{"ts": "2026-10-01T00:00:00+00:00", "pond_id": 9401, "device_no": "v2-permission", "tenant_id": 9401, "product_id": 1, "properties": {"temperature": 25}, "model_version": 1}], "sensor_data": [{"ph": null, "ts": "2026-10-01T00:00:00+00:00", "signal": null, "battery": null, "pond_id": 9401, "salinity": null, "device_no": "v2-permission", "tenant_id": 9401, "turbidity": null, "temperature": 25, "dissolved_oxygen": null}]}
    telemetry_permission_http_test.go:66: scenario=app_admin_live_downgrade post_status=401 response={"error":"tenant membership revoked"} before={"alarms": [{"id": 1, "level": "warning", "metric": "temperature", "message": "temperature 高于阈值 20", "pond_id": 9401, "device_no": "v2-permission", "threshold": 20, "created_at": "2026-10-01T00:00:00+00:00", "product_id": 1, "confirmed_at": null, "current_value": 25}], "outbox": [{"id": 1, "status": "pending", "next_at": "2026-10-04T09:50:07.319368+00:00", "alarm_id": 1, "attempts": 0, "created_at": "2026-10-04T09:50:07.319368+00:00", "last_error": null, "updated_at": "2026-10-04T09:50:07.319368+00:00", "lease_owner": null, "leased_until": null, "recipient_open_id": null}], "shadows": [{"ts": "2026-10-01T00:00:00+00:00", "last": {"temperature": 25}, "signal": null, "pond_id": 9401, "device_no": "v2-permission", "tenant_id": 9401, "product_id": 1, "timestamps": {"temperature": "2026-10-01T00:00:00Z"}, "model_version": 1}], "telemetry": [{"ts": "2026-10-01T00:00:00+00:00", "pond_id": 9401, "device_no": "v2-permission", "tenant_id": 9401, "product_id": 1, "properties": {"temperature": 25}, "model_version": 1}], "sensor_data": [{"ph": null, "ts": "2026-10-01T00:00:00+00:00", "signal": null, "battery": null, "pond_id": 9401, "salinity": null, "device_no": "v2-permission", "tenant_id": 9401, "turbidity": null, "temperature": 25, "dissolved_oxygen": null}]} after={"alarms": [{"id": 1, "level": "warning", "metric": "temperature", "message": "temperature 高于阈值 20", "pond_id": 9401, "device_no": "v2-permission", "threshold": 20, "created_at": "2026-10-01T00:00:00+00:00", "product_id": 1, "confirmed_at": null, "current_value": 25}], "outbox": [{"id": 1, "status": "pending", "next_at": "2026-10-04T09:50:07.319368+00:00", "alarm_id": 1, "attempts": 0, "created_at": "2026-10-04T09:50:07.319368+00:00", "last_error": null, "updated_at": "2026-10-04T09:50:07.319368+00:00", "lease_owner": null, "leased_until": null, "recipient_open_id": null}], "shadows": [{"ts": "2026-10-01T00:00:00+00:00", "last": {"temperature": 25}, "signal": null, "pond_id": 9401, "device_no": "v2-permission", "tenant_id": 9401, "product_id": 1, "timestamps": {"temperature": "2026-10-01T00:00:00Z"}, "model_version": 1}], "telemetry": [{"ts": "2026-10-01T00:00:00+00:00", "pond_id": 9401, "device_no": "v2-permission", "tenant_id": 9401, "product_id": 1, "properties": {"temperature": 25}, "model_version": 1}], "sensor_data": [{"ph": null, "ts": "2026-10-01T00:00:00+00:00", "signal": null, "battery": null, "pond_id": 9401, "salinity": null, "device_no": "v2-permission", "tenant_id": 9401, "turbidity": null, "temperature": 25, "dissolved_oxygen": null}]}
=== RUN   TestAppTelemetryWriteRoleBoundary/viewer
    telemetry_permission_http_test.go:26: environment real_timescaledb=2.30.0
[GIN-debug] [WARNING] Running in "debug" mode. Switch to "release" mode in production.
 - using env:	export GIN_MODE=release
 - using code:	gin.SetMode(gin.ReleaseMode)

[GIN-debug] POST   /api/v1/auth/login        --> git.hyhy.fun/rsplab/iolink/internal/appapi.(*Server).login-fm (2 handlers)
[GIN-debug] GET    /api/v1/auth/tenants      --> git.hyhy.fun/rsplab/iolink/internal/appapi.(*Server).listTenants-fm (3 handlers)
[GIN-debug] POST   /api/v1/auth/tenant       --> git.hyhy.fun/rsplab/iolink/internal/appapi.(*Server).switchTenant-fm (3 handlers)
[GIN-debug] GET    /api/v1/ponds             --> git.hyhy.fun/rsplab/iolink/internal/appapi.(*Server).listPonds-fm (3 handlers)
[GIN-debug] GET    /api/v1/ponds/:id         --> git.hyhy.fun/rsplab/iolink/internal/appapi.(*Server).getPond-fm (3 handlers)
[GIN-debug] GET    /api/v1/devices           --> git.hyhy.fun/rsplab/iolink/internal/appapi.(*Server).listDevices-fm (3 handlers)
[GIN-debug] GET    /api/v1/devices/:device_no --> git.hyhy.fun/rsplab/iolink/internal/appapi.(*Server).getDevice-fm (3 handlers)
[GIN-debug] GET    /api/v1/water/latest      --> git.hyhy.fun/rsplab/iolink/internal/appapi.(*Server).waterLatest-fm (3 handlers)
[GIN-debug] GET    /api/v1/water/history     --> git.hyhy.fun/rsplab/iolink/internal/appapi.(*Server).waterHistory-fm (3 handlers)
[GIN-debug] GET    /api/v1/alarms            --> git.hyhy.fun/rsplab/iolink/internal/appapi.(*Server).listAlarms-fm (3 handlers)
[GIN-debug] GET    /api/v1/stats/summary     --> git.hyhy.fun/rsplab/iolink/internal/appapi.(*Server).statsSummary-fm (3 handlers)
[GIN-debug] POST   /api/v1/alarms/:id/confirm --> git.hyhy.fun/rsplab/iolink/internal/appapi.(*Server).confirmAlarm-fm (3 handlers)
[GIN-debug] POST   /api/v2/devices/:device_no/telemetry --> git.hyhy.fun/rsplab/iolink/internal/appapi.(*Server).submitTelemetryV2-fm (3 handlers)
[GIN-debug] GET    /api/v2/devices/:device_no/model/latest --> git.hyhy.fun/rsplab/iolink/internal/appapi.(*Server).modelLatestV2-fm (3 handlers)
[GIN-debug] GET    /api/v2/devices/:device_no/history --> git.hyhy.fun/rsplab/iolink/internal/appapi.(*Server).telemetryHistoryV2-fm (3 handlers)
    telemetry_permission_http_test.go:45: scenario=app_viewer_v2-foreign post_status=404 response={"error":"not_found"}
    telemetry_permission_http_test.go:45: scenario=app_viewer_v2-hidden post_status=404 response={"error":"not_found"}
    telemetry_permission_http_test.go:53: scenario=app_viewer login_status=200 post_status=403 response={"error":"forbidden"} before={"alarms": [], "outbox": [], "shadows": [], "telemetry": [], "sensor_data": []} after={"alarms": [], "outbox": [], "shadows": [], "telemetry": [], "sensor_data": []}
=== RUN   TestAppTelemetryWriteRoleBoundary/member
    telemetry_permission_http_test.go:26: environment real_timescaledb=2.30.0
[GIN-debug] [WARNING] Running in "debug" mode. Switch to "release" mode in production.
 - using env:	export GIN_MODE=release
 - using code:	gin.SetMode(gin.ReleaseMode)

[GIN-debug] POST   /api/v1/auth/login        --> git.hyhy.fun/rsplab/iolink/internal/appapi.(*Server).login-fm (2 handlers)
[GIN-debug] GET    /api/v1/auth/tenants      --> git.hyhy.fun/rsplab/iolink/internal/appapi.(*Server).listTenants-fm (3 handlers)
[GIN-debug] POST   /api/v1/auth/tenant       --> git.hyhy.fun/rsplab/iolink/internal/appapi.(*Server).switchTenant-fm (3 handlers)
[GIN-debug] GET    /api/v1/ponds             --> git.hyhy.fun/rsplab/iolink/internal/appapi.(*Server).listPonds-fm (3 handlers)
[GIN-debug] GET    /api/v1/ponds/:id         --> git.hyhy.fun/rsplab/iolink/internal/appapi.(*Server).getPond-fm (3 handlers)
[GIN-debug] GET    /api/v1/devices           --> git.hyhy.fun/rsplab/iolink/internal/appapi.(*Server).listDevices-fm (3 handlers)
[GIN-debug] GET    /api/v1/devices/:device_no --> git.hyhy.fun/rsplab/iolink/internal/appapi.(*Server).getDevice-fm (3 handlers)
[GIN-debug] GET    /api/v1/water/latest      --> git.hyhy.fun/rsplab/iolink/internal/appapi.(*Server).waterLatest-fm (3 handlers)
[GIN-debug] GET    /api/v1/water/history     --> git.hyhy.fun/rsplab/iolink/internal/appapi.(*Server).waterHistory-fm (3 handlers)
[GIN-debug] GET    /api/v1/alarms            --> git.hyhy.fun/rsplab/iolink/internal/appapi.(*Server).listAlarms-fm (3 handlers)
[GIN-debug] GET    /api/v1/stats/summary     --> git.hyhy.fun/rsplab/iolink/internal/appapi.(*Server).statsSummary-fm (3 handlers)
[GIN-debug] POST   /api/v1/alarms/:id/confirm --> git.hyhy.fun/rsplab/iolink/internal/appapi.(*Server).confirmAlarm-fm (3 handlers)
[GIN-debug] POST   /api/v2/devices/:device_no/telemetry --> git.hyhy.fun/rsplab/iolink/internal/appapi.(*Server).submitTelemetryV2-fm (3 handlers)
[GIN-debug] GET    /api/v2/devices/:device_no/model/latest --> git.hyhy.fun/rsplab/iolink/internal/appapi.(*Server).modelLatestV2-fm (3 handlers)
[GIN-debug] GET    /api/v2/devices/:device_no/history --> git.hyhy.fun/rsplab/iolink/internal/appapi.(*Server).telemetryHistoryV2-fm (3 handlers)
    telemetry_permission_http_test.go:45: scenario=app_member_v2-foreign post_status=404 response={"error":"not_found"}
    telemetry_permission_http_test.go:45: scenario=app_member_v2-hidden post_status=404 response={"error":"not_found"}
    telemetry_permission_http_test.go:53: scenario=app_member login_status=200 post_status=403 response={"error":"forbidden"} before={"alarms": [], "outbox": [], "shadows": [], "telemetry": [], "sensor_data": []} after={"alarms": [], "outbox": [], "shadows": [], "telemetry": [], "sensor_data": []}
=== RUN   TestAppTelemetryWriteRoleBoundary/support
    telemetry_permission_http_test.go:26: environment real_timescaledb=2.30.0
[GIN-debug] [WARNING] Running in "debug" mode. Switch to "release" mode in production.
 - using env:	export GIN_MODE=release
 - using code:	gin.SetMode(gin.ReleaseMode)

[GIN-debug] POST   /api/v1/auth/login        --> git.hyhy.fun/rsplab/iolink/internal/appapi.(*Server).login-fm (2 handlers)
[GIN-debug] GET    /api/v1/auth/tenants      --> git.hyhy.fun/rsplab/iolink/internal/appapi.(*Server).listTenants-fm (3 handlers)
[GIN-debug] POST   /api/v1/auth/tenant       --> git.hyhy.fun/rsplab/iolink/internal/appapi.(*Server).switchTenant-fm (3 handlers)
[GIN-debug] GET    /api/v1/ponds             --> git.hyhy.fun/rsplab/iolink/internal/appapi.(*Server).listPonds-fm (3 handlers)
[GIN-debug] GET    /api/v1/ponds/:id         --> git.hyhy.fun/rsplab/iolink/internal/appapi.(*Server).getPond-fm (3 handlers)
[GIN-debug] GET    /api/v1/devices           --> git.hyhy.fun/rsplab/iolink/internal/appapi.(*Server).listDevices-fm (3 handlers)
[GIN-debug] GET    /api/v1/devices/:device_no --> git.hyhy.fun/rsplab/iolink/internal/appapi.(*Server).getDevice-fm (3 handlers)
[GIN-debug] GET    /api/v1/water/latest      --> git.hyhy.fun/rsplab/iolink/internal/appapi.(*Server).waterLatest-fm (3 handlers)
[GIN-debug] GET    /api/v1/water/history     --> git.hyhy.fun/rsplab/iolink/internal/appapi.(*Server).waterHistory-fm (3 handlers)
[GIN-debug] GET    /api/v1/alarms            --> git.hyhy.fun/rsplab/iolink/internal/appapi.(*Server).listAlarms-fm (3 handlers)
[GIN-debug] GET    /api/v1/stats/summary     --> git.hyhy.fun/rsplab/iolink/internal/appapi.(*Server).statsSummary-fm (3 handlers)
[GIN-debug] POST   /api/v1/alarms/:id/confirm --> git.hyhy.fun/rsplab/iolink/internal/appapi.(*Server).confirmAlarm-fm (3 handlers)
[GIN-debug] POST   /api/v2/devices/:device_no/telemetry --> git.hyhy.fun/rsplab/iolink/internal/appapi.(*Server).submitTelemetryV2-fm (3 handlers)
[GIN-debug] GET    /api/v2/devices/:device_no/model/latest --> git.hyhy.fun/rsplab/iolink/internal/appapi.(*Server).modelLatestV2-fm (3 handlers)
[GIN-debug] GET    /api/v2/devices/:device_no/history --> git.hyhy.fun/rsplab/iolink/internal/appapi.(*Server).telemetryHistoryV2-fm (3 handlers)
    telemetry_permission_http_test.go:45: scenario=app_support_v2-foreign post_status=404 response={"error":"not_found"}
    telemetry_permission_http_test.go:45: scenario=app_support_v2-hidden post_status=404 response={"error":"not_found"}
    telemetry_permission_http_test.go:53: scenario=app_support login_status=200 post_status=403 response={"error":"forbidden"} before={"alarms": [], "outbox": [], "shadows": [], "telemetry": [], "sensor_data": []} after={"alarms": [], "outbox": [], "shadows": [], "telemetry": [], "sensor_data": []}
--- PASS: TestAppTelemetryWriteRoleBoundary (1.81s)
    --- PASS: TestAppTelemetryWriteRoleBoundary/owner (0.36s)
    --- PASS: TestAppTelemetryWriteRoleBoundary/admin (0.36s)
    --- PASS: TestAppTelemetryWriteRoleBoundary/viewer (0.36s)
    --- PASS: TestAppTelemetryWriteRoleBoundary/member (0.36s)
    --- PASS: TestAppTelemetryWriteRoleBoundary/support (0.37s)
=== RUN   TestM6bAlarmHTTPRejectsRevocationAfterAuthentication
=== RUN   TestM6bAlarmHTTPRejectsRevocationAfterAuthentication/batch_role
    alarm_revocation_http_test.go:43: environment real_timescaledb=2.30.0
[GIN-debug] [WARNING] Running in "debug" mode. Switch to "release" mode in production.
 - using env:	export GIN_MODE=release
 - using code:	gin.SetMode(gin.ReleaseMode)

[GIN-debug] POST   /admin/v1/login           --> git.hyhy.fun/rsplab/iolink/internal/adminapi.(*Server).login-fm (2 handlers)
[GIN-debug] GET    /admin/v1/tenants         --> git.hyhy.fun/rsplab/iolink/internal/adminapi.(*Server).listTenants-fm (3 handlers)
[GIN-debug] PUT    /admin/v1/tenants/:id/status --> git.hyhy.fun/rsplab/iolink/internal/adminapi.(*Server).setTenantStatus-fm (3 handlers)
[GIN-debug] GET    /admin/v1/tenants/:id/members --> git.hyhy.fun/rsplab/iolink/internal/adminapi.(*Server).listTenantMembers-fm (3 handlers)
[GIN-debug] PUT    /admin/v1/tenants/:id/members/:user_id --> git.hyhy.fun/rsplab/iolink/internal/adminapi.(*Server).setTenantMember-fm (3 handlers)
[GIN-debug] POST   /admin/v1/password        --> git.hyhy.fun/rsplab/iolink/internal/adminapi.(*Server).changePassword-fm (3 handlers)
[GIN-debug] GET    /admin/v1/farms           --> git.hyhy.fun/rsplab/iolink/internal/adminapi.(*Server).listFarms-fm (4 handlers)
[GIN-debug] POST   /admin/v1/farms           --> git.hyhy.fun/rsplab/iolink/internal/adminapi.(*Server).createFarm-fm (4 handlers)
[GIN-debug] GET    /admin/v1/users           --> git.hyhy.fun/rsplab/iolink/internal/adminapi.(*Server).listUsers-fm (4 handlers)
[GIN-debug] PUT    /admin/v1/farms/:id       --> git.hyhy.fun/rsplab/iolink/internal/adminapi.(*Server).updateFarm-fm (4 handlers)
[GIN-debug] DELETE /admin/v1/farms/:id       --> git.hyhy.fun/rsplab/iolink/internal/adminapi.(*Server).deleteFarm-fm (4 handlers)
[GIN-debug] PUT    /admin/v1/farms/:id/owner --> git.hyhy.fun/rsplab/iolink/internal/adminapi.(*Server).setFarmOwner-fm (4 handlers)
[GIN-debug] GET    /admin/v1/farms/:id/members --> git.hyhy.fun/rsplab/iolink/internal/adminapi.(*Server).listFarmMembers-fm (4 handlers)
[GIN-debug] PUT    /admin/v1/farms/:id/members/:user_id --> git.hyhy.fun/rsplab/iolink/internal/adminapi.(*Server).setFarmMember-fm (4 handlers)
[GIN-debug] GET    /admin/v1/ponds           --> git.hyhy.fun/rsplab/iolink/internal/adminapi.(*Server).listPonds-fm (4 handlers)
[GIN-debug] POST   /admin/v1/ponds           --> git.hyhy.fun/rsplab/iolink/internal/adminapi.(*Server).createPond-fm (4 handlers)
[GIN-debug] PUT    /admin/v1/ponds/:id       --> git.hyhy.fun/rsplab/iolink/internal/adminapi.(*Server).updatePond-fm (4 handlers)
[GIN-debug] DELETE /admin/v1/ponds/:id       --> git.hyhy.fun/rsplab/iolink/internal/adminapi.(*Server).deletePond-fm (4 handlers)
[GIN-debug] GET    /admin/v1/devices         --> git.hyhy.fun/rsplab/iolink/internal/adminapi.(*Server).listDevices-fm (4 handlers)
[GIN-debug] POST   /admin/v1/devices         --> git.hyhy.fun/rsplab/iolink/internal/adminapi.(*Server).registerDevice-fm (4 handlers)
[GIN-debug] GET    /admin/v1/devices/:device_no --> git.hyhy.fun/rsplab/iolink/internal/adminapi.(*Server).getDevice-fm (4 handlers)
[GIN-debug] DELETE /admin/v1/devices/:device_no --> git.hyhy.fun/rsplab/iolink/internal/adminapi.(*Server).deleteDevice-fm (4 handlers)
[GIN-debug] PUT    /admin/v1/devices/:device_no/pond --> git.hyhy.fun/rsplab/iolink/internal/adminapi.(*Server).moveDevice-fm (4 handlers)
[GIN-debug] GET    /admin/v1/alarm-rules     --> git.hyhy.fun/rsplab/iolink/internal/adminapi.(*Server).listRules-fm (4 handlers)
[GIN-debug] POST   /admin/v1/alarm-rules     --> git.hyhy.fun/rsplab/iolink/internal/adminapi.(*Server).createRule-fm (4 handlers)
[GIN-debug] PUT    /admin/v1/alarm-rules/:id --> git.hyhy.fun/rsplab/iolink/internal/adminapi.(*Server).updateRule-fm (4 handlers)
[GIN-debug] DELETE /admin/v1/alarm-rules/:id --> git.hyhy.fun/rsplab/iolink/internal/adminapi.(*Server).deleteRule-fm (4 handlers)
[GIN-debug] GET    /admin/v1/alarms          --> git.hyhy.fun/rsplab/iolink/internal/adminapi.(*Server).listAlarms-fm (4 handlers)
[GIN-debug] POST   /admin/v1/alarms/:id/confirm --> git.hyhy.fun/rsplab/iolink/internal/adminapi.(*Server).confirmAlarm-fm (4 handlers)
[GIN-debug] POST   /admin/v1/alarms/batch-confirm --> git.hyhy.fun/rsplab/iolink/internal/adminapi.(*Server).batchConfirm-fm (4 handlers)
[GIN-debug] GET    /admin/v1/stats           --> git.hyhy.fun/rsplab/iolink/internal/adminapi.(*Server).stats-fm (4 handlers)
[GIN-debug] GET    /admin/v1/products        --> git.hyhy.fun/rsplab/iolink/internal/adminapi.(*Server).listProducts-fm (4 handlers)
[GIN-debug] POST   /admin/v1/products        --> git.hyhy.fun/rsplab/iolink/internal/adminapi.(*Server).createProduct-fm (4 handlers)
[GIN-debug] GET    /admin/v1/products/:product_id/models --> git.hyhy.fun/rsplab/iolink/internal/adminapi.(*Server).listProductModels-fm (4 handlers)
[GIN-debug] POST   /admin/v1/products/:product_id/models --> git.hyhy.fun/rsplab/iolink/internal/adminapi.(*Server).createProductModel-fm (4 handlers)
[GIN-debug] POST   /admin/v1/products/:product_id/models/:version/publish --> git.hyhy.fun/rsplab/iolink/internal/adminapi.(*Server).publishProductModel-fm (4 handlers)
[GIN-debug] GET    /admin/v1/devices/:device_no/product --> git.hyhy.fun/rsplab/iolink/internal/adminapi.(*Server).getDeviceProduct-fm (4 handlers)
[GIN-debug] PUT    /admin/v1/devices/:device_no/product --> git.hyhy.fun/rsplab/iolink/internal/adminapi.(*Server).assignDeviceProduct-fm (4 handlers)
2026/10/04 17:50:09 INFO http request request_id=HC26OKGKTRL5LA5NJA3Q6INHVQ route=/admin/v1/login method=POST status=200 duration_ms=148 tenant_id=0 actor_id=0
2026/10/04 17:50:09 WARN http request request_id=IN4DEV6CVKJNM3UCMKL6HQN2U6 route=/admin/v1/alarms/batch-confirm method=POST status=404 duration_ms=4 tenant_id=9401 actor_id=9402
    alarm_revocation_http_test.go:95: operation=batch revocation=role injected=true status=404 response={"error":"alarm not found"} unchanged=true
=== RUN   TestM6bAlarmHTTPRejectsRevocationAfterAuthentication/batch_membership
    alarm_revocation_http_test.go:43: environment real_timescaledb=2.30.0
[GIN-debug] [WARNING] Running in "debug" mode. Switch to "release" mode in production.
 - using env:	export GIN_MODE=release
 - using code:	gin.SetMode(gin.ReleaseMode)

[GIN-debug] POST   /admin/v1/login           --> git.hyhy.fun/rsplab/iolink/internal/adminapi.(*Server).login-fm (2 handlers)
[GIN-debug] GET    /admin/v1/tenants         --> git.hyhy.fun/rsplab/iolink/internal/adminapi.(*Server).listTenants-fm (3 handlers)
[GIN-debug] PUT    /admin/v1/tenants/:id/status --> git.hyhy.fun/rsplab/iolink/internal/adminapi.(*Server).setTenantStatus-fm (3 handlers)
[GIN-debug] GET    /admin/v1/tenants/:id/members --> git.hyhy.fun/rsplab/iolink/internal/adminapi.(*Server).listTenantMembers-fm (3 handlers)
[GIN-debug] PUT    /admin/v1/tenants/:id/members/:user_id --> git.hyhy.fun/rsplab/iolink/internal/adminapi.(*Server).setTenantMember-fm (3 handlers)
[GIN-debug] POST   /admin/v1/password        --> git.hyhy.fun/rsplab/iolink/internal/adminapi.(*Server).changePassword-fm (3 handlers)
[GIN-debug] GET    /admin/v1/farms           --> git.hyhy.fun/rsplab/iolink/internal/adminapi.(*Server).listFarms-fm (4 handlers)
[GIN-debug] POST   /admin/v1/farms           --> git.hyhy.fun/rsplab/iolink/internal/adminapi.(*Server).createFarm-fm (4 handlers)
[GIN-debug] GET    /admin/v1/users           --> git.hyhy.fun/rsplab/iolink/internal/adminapi.(*Server).listUsers-fm (4 handlers)
[GIN-debug] PUT    /admin/v1/farms/:id       --> git.hyhy.fun/rsplab/iolink/internal/adminapi.(*Server).updateFarm-fm (4 handlers)
[GIN-debug] DELETE /admin/v1/farms/:id       --> git.hyhy.fun/rsplab/iolink/internal/adminapi.(*Server).deleteFarm-fm (4 handlers)
[GIN-debug] PUT    /admin/v1/farms/:id/owner --> git.hyhy.fun/rsplab/iolink/internal/adminapi.(*Server).setFarmOwner-fm (4 handlers)
[GIN-debug] GET    /admin/v1/farms/:id/members --> git.hyhy.fun/rsplab/iolink/internal/adminapi.(*Server).listFarmMembers-fm (4 handlers)
[GIN-debug] PUT    /admin/v1/farms/:id/members/:user_id --> git.hyhy.fun/rsplab/iolink/internal/adminapi.(*Server).setFarmMember-fm (4 handlers)
[GIN-debug] GET    /admin/v1/ponds           --> git.hyhy.fun/rsplab/iolink/internal/adminapi.(*Server).listPonds-fm (4 handlers)
[GIN-debug] POST   /admin/v1/ponds           --> git.hyhy.fun/rsplab/iolink/internal/adminapi.(*Server).createPond-fm (4 handlers)
[GIN-debug] PUT    /admin/v1/ponds/:id       --> git.hyhy.fun/rsplab/iolink/internal/adminapi.(*Server).updatePond-fm (4 handlers)
[GIN-debug] DELETE /admin/v1/ponds/:id       --> git.hyhy.fun/rsplab/iolink/internal/adminapi.(*Server).deletePond-fm (4 handlers)
[GIN-debug] GET    /admin/v1/devices         --> git.hyhy.fun/rsplab/iolink/internal/adminapi.(*Server).listDevices-fm (4 handlers)
[GIN-debug] POST   /admin/v1/devices         --> git.hyhy.fun/rsplab/iolink/internal/adminapi.(*Server).registerDevice-fm (4 handlers)
[GIN-debug] GET    /admin/v1/devices/:device_no --> git.hyhy.fun/rsplab/iolink/internal/adminapi.(*Server).getDevice-fm (4 handlers)
[GIN-debug] DELETE /admin/v1/devices/:device_no --> git.hyhy.fun/rsplab/iolink/internal/adminapi.(*Server).deleteDevice-fm (4 handlers)
[GIN-debug] PUT    /admin/v1/devices/:device_no/pond --> git.hyhy.fun/rsplab/iolink/internal/adminapi.(*Server).moveDevice-fm (4 handlers)
[GIN-debug] GET    /admin/v1/alarm-rules     --> git.hyhy.fun/rsplab/iolink/internal/adminapi.(*Server).listRules-fm (4 handlers)
[GIN-debug] POST   /admin/v1/alarm-rules     --> git.hyhy.fun/rsplab/iolink/internal/adminapi.(*Server).createRule-fm (4 handlers)
[GIN-debug] PUT    /admin/v1/alarm-rules/:id --> git.hyhy.fun/rsplab/iolink/internal/adminapi.(*Server).updateRule-fm (4 handlers)
[GIN-debug] DELETE /admin/v1/alarm-rules/:id --> git.hyhy.fun/rsplab/iolink/internal/adminapi.(*Server).deleteRule-fm (4 handlers)
[GIN-debug] GET    /admin/v1/alarms          --> git.hyhy.fun/rsplab/iolink/internal/adminapi.(*Server).listAlarms-fm (4 handlers)
[GIN-debug] POST   /admin/v1/alarms/:id/confirm --> git.hyhy.fun/rsplab/iolink/internal/adminapi.(*Server).confirmAlarm-fm (4 handlers)
[GIN-debug] POST   /admin/v1/alarms/batch-confirm --> git.hyhy.fun/rsplab/iolink/internal/adminapi.(*Server).batchConfirm-fm (4 handlers)
[GIN-debug] GET    /admin/v1/stats           --> git.hyhy.fun/rsplab/iolink/internal/adminapi.(*Server).stats-fm (4 handlers)
[GIN-debug] GET    /admin/v1/products        --> git.hyhy.fun/rsplab/iolink/internal/adminapi.(*Server).listProducts-fm (4 handlers)
[GIN-debug] POST   /admin/v1/products        --> git.hyhy.fun/rsplab/iolink/internal/adminapi.(*Server).createProduct-fm (4 handlers)
[GIN-debug] GET    /admin/v1/products/:product_id/models --> git.hyhy.fun/rsplab/iolink/internal/adminapi.(*Server).listProductModels-fm (4 handlers)
[GIN-debug] POST   /admin/v1/products/:product_id/models --> git.hyhy.fun/rsplab/iolink/internal/adminapi.(*Server).createProductModel-fm (4 handlers)
[GIN-debug] POST   /admin/v1/products/:product_id/models/:version/publish --> git.hyhy.fun/rsplab/iolink/internal/adminapi.(*Server).publishProductModel-fm (4 handlers)
[GIN-debug] GET    /admin/v1/devices/:device_no/product --> git.hyhy.fun/rsplab/iolink/internal/adminapi.(*Server).getDeviceProduct-fm (4 handlers)
[GIN-debug] PUT    /admin/v1/devices/:device_no/product --> git.hyhy.fun/rsplab/iolink/internal/adminapi.(*Server).assignDeviceProduct-fm (4 handlers)
2026/10/04 17:50:09 INFO http request request_id=KMPUXUFSWTD66ZFXTIGYO7AKI7 route=/admin/v1/login method=POST status=200 duration_ms=150 tenant_id=0 actor_id=0
2026/10/04 17:50:09 WARN http request request_id=NICHI36ZT4RUDK5GDZECJNLSXC route=/admin/v1/alarms/batch-confirm method=POST status=404 duration_ms=4 tenant_id=9401 actor_id=9402
    alarm_revocation_http_test.go:95: operation=batch revocation=membership injected=true status=404 response={"error":"alarm not found"} unchanged=true
=== RUN   TestM6bAlarmHTTPRejectsRevocationAfterAuthentication/batch_tenant
    alarm_revocation_http_test.go:43: environment real_timescaledb=2.30.0
[GIN-debug] [WARNING] Running in "debug" mode. Switch to "release" mode in production.
 - using env:	export GIN_MODE=release
 - using code:	gin.SetMode(gin.ReleaseMode)

[GIN-debug] POST   /admin/v1/login           --> git.hyhy.fun/rsplab/iolink/internal/adminapi.(*Server).login-fm (2 handlers)
[GIN-debug] GET    /admin/v1/tenants         --> git.hyhy.fun/rsplab/iolink/internal/adminapi.(*Server).listTenants-fm (3 handlers)
[GIN-debug] PUT    /admin/v1/tenants/:id/status --> git.hyhy.fun/rsplab/iolink/internal/adminapi.(*Server).setTenantStatus-fm (3 handlers)
[GIN-debug] GET    /admin/v1/tenants/:id/members --> git.hyhy.fun/rsplab/iolink/internal/adminapi.(*Server).listTenantMembers-fm (3 handlers)
[GIN-debug] PUT    /admin/v1/tenants/:id/members/:user_id --> git.hyhy.fun/rsplab/iolink/internal/adminapi.(*Server).setTenantMember-fm (3 handlers)
[GIN-debug] POST   /admin/v1/password        --> git.hyhy.fun/rsplab/iolink/internal/adminapi.(*Server).changePassword-fm (3 handlers)
[GIN-debug] GET    /admin/v1/farms           --> git.hyhy.fun/rsplab/iolink/internal/adminapi.(*Server).listFarms-fm (4 handlers)
[GIN-debug] POST   /admin/v1/farms           --> git.hyhy.fun/rsplab/iolink/internal/adminapi.(*Server).createFarm-fm (4 handlers)
[GIN-debug] GET    /admin/v1/users           --> git.hyhy.fun/rsplab/iolink/internal/adminapi.(*Server).listUsers-fm (4 handlers)
[GIN-debug] PUT    /admin/v1/farms/:id       --> git.hyhy.fun/rsplab/iolink/internal/adminapi.(*Server).updateFarm-fm (4 handlers)
[GIN-debug] DELETE /admin/v1/farms/:id       --> git.hyhy.fun/rsplab/iolink/internal/adminapi.(*Server).deleteFarm-fm (4 handlers)
[GIN-debug] PUT    /admin/v1/farms/:id/owner --> git.hyhy.fun/rsplab/iolink/internal/adminapi.(*Server).setFarmOwner-fm (4 handlers)
[GIN-debug] GET    /admin/v1/farms/:id/members --> git.hyhy.fun/rsplab/iolink/internal/adminapi.(*Server).listFarmMembers-fm (4 handlers)
[GIN-debug] PUT    /admin/v1/farms/:id/members/:user_id --> git.hyhy.fun/rsplab/iolink/internal/adminapi.(*Server).setFarmMember-fm (4 handlers)
[GIN-debug] GET    /admin/v1/ponds           --> git.hyhy.fun/rsplab/iolink/internal/adminapi.(*Server).listPonds-fm (4 handlers)
[GIN-debug] POST   /admin/v1/ponds           --> git.hyhy.fun/rsplab/iolink/internal/adminapi.(*Server).createPond-fm (4 handlers)
[GIN-debug] PUT    /admin/v1/ponds/:id       --> git.hyhy.fun/rsplab/iolink/internal/adminapi.(*Server).updatePond-fm (4 handlers)
[GIN-debug] DELETE /admin/v1/ponds/:id       --> git.hyhy.fun/rsplab/iolink/internal/adminapi.(*Server).deletePond-fm (4 handlers)
[GIN-debug] GET    /admin/v1/devices         --> git.hyhy.fun/rsplab/iolink/internal/adminapi.(*Server).listDevices-fm (4 handlers)
[GIN-debug] POST   /admin/v1/devices         --> git.hyhy.fun/rsplab/iolink/internal/adminapi.(*Server).registerDevice-fm (4 handlers)
[GIN-debug] GET    /admin/v1/devices/:device_no --> git.hyhy.fun/rsplab/iolink/internal/adminapi.(*Server).getDevice-fm (4 handlers)
[GIN-debug] DELETE /admin/v1/devices/:device_no --> git.hyhy.fun/rsplab/iolink/internal/adminapi.(*Server).deleteDevice-fm (4 handlers)
[GIN-debug] PUT    /admin/v1/devices/:device_no/pond --> git.hyhy.fun/rsplab/iolink/internal/adminapi.(*Server).moveDevice-fm (4 handlers)
[GIN-debug] GET    /admin/v1/alarm-rules     --> git.hyhy.fun/rsplab/iolink/internal/adminapi.(*Server).listRules-fm (4 handlers)
[GIN-debug] POST   /admin/v1/alarm-rules     --> git.hyhy.fun/rsplab/iolink/internal/adminapi.(*Server).createRule-fm (4 handlers)
[GIN-debug] PUT    /admin/v1/alarm-rules/:id --> git.hyhy.fun/rsplab/iolink/internal/adminapi.(*Server).updateRule-fm (4 handlers)
[GIN-debug] DELETE /admin/v1/alarm-rules/:id --> git.hyhy.fun/rsplab/iolink/internal/adminapi.(*Server).deleteRule-fm (4 handlers)
[GIN-debug] GET    /admin/v1/alarms          --> git.hyhy.fun/rsplab/iolink/internal/adminapi.(*Server).listAlarms-fm (4 handlers)
[GIN-debug] POST   /admin/v1/alarms/:id/confirm --> git.hyhy.fun/rsplab/iolink/internal/adminapi.(*Server).confirmAlarm-fm (4 handlers)
[GIN-debug] POST   /admin/v1/alarms/batch-confirm --> git.hyhy.fun/rsplab/iolink/internal/adminapi.(*Server).batchConfirm-fm (4 handlers)
[GIN-debug] GET    /admin/v1/stats           --> git.hyhy.fun/rsplab/iolink/internal/adminapi.(*Server).stats-fm (4 handlers)
[GIN-debug] GET    /admin/v1/products        --> git.hyhy.fun/rsplab/iolink/internal/adminapi.(*Server).listProducts-fm (4 handlers)
[GIN-debug] POST   /admin/v1/products        --> git.hyhy.fun/rsplab/iolink/internal/adminapi.(*Server).createProduct-fm (4 handlers)
[GIN-debug] GET    /admin/v1/products/:product_id/models --> git.hyhy.fun/rsplab/iolink/internal/adminapi.(*Server).listProductModels-fm (4 handlers)
[GIN-debug] POST   /admin/v1/products/:product_id/models --> git.hyhy.fun/rsplab/iolink/internal/adminapi.(*Server).createProductModel-fm (4 handlers)
[GIN-debug] POST   /admin/v1/products/:product_id/models/:version/publish --> git.hyhy.fun/rsplab/iolink/internal/adminapi.(*Server).publishProductModel-fm (4 handlers)
[GIN-debug] GET    /admin/v1/devices/:device_no/product --> git.hyhy.fun/rsplab/iolink/internal/adminapi.(*Server).getDeviceProduct-fm (4 handlers)
[GIN-debug] PUT    /admin/v1/devices/:device_no/product --> git.hyhy.fun/rsplab/iolink/internal/adminapi.(*Server).assignDeviceProduct-fm (4 handlers)
2026/10/04 17:50:10 INFO http request request_id=PR3TJHS5OHU37D3J4BFQHB4LJ6 route=/admin/v1/login method=POST status=200 duration_ms=148 tenant_id=0 actor_id=0
2026/10/04 17:50:10 WARN http request request_id=WUJ4CF6YSY6GNG2WCGMD42SJJF route=/admin/v1/alarms/batch-confirm method=POST status=404 duration_ms=4 tenant_id=9401 actor_id=9402
    alarm_revocation_http_test.go:95: operation=batch revocation=tenant injected=true status=404 response={"error":"alarm not found"} unchanged=true
=== RUN   TestM6bAlarmHTTPRejectsRevocationAfterAuthentication/batch_platform_authority
    alarm_revocation_http_test.go:43: environment real_timescaledb=2.30.0
[GIN-debug] [WARNING] Running in "debug" mode. Switch to "release" mode in production.
 - using env:	export GIN_MODE=release
 - using code:	gin.SetMode(gin.ReleaseMode)

[GIN-debug] POST   /admin/v1/login           --> git.hyhy.fun/rsplab/iolink/internal/adminapi.(*Server).login-fm (2 handlers)
[GIN-debug] GET    /admin/v1/tenants         --> git.hyhy.fun/rsplab/iolink/internal/adminapi.(*Server).listTenants-fm (3 handlers)
[GIN-debug] PUT    /admin/v1/tenants/:id/status --> git.hyhy.fun/rsplab/iolink/internal/adminapi.(*Server).setTenantStatus-fm (3 handlers)
[GIN-debug] GET    /admin/v1/tenants/:id/members --> git.hyhy.fun/rsplab/iolink/internal/adminapi.(*Server).listTenantMembers-fm (3 handlers)
[GIN-debug] PUT    /admin/v1/tenants/:id/members/:user_id --> git.hyhy.fun/rsplab/iolink/internal/adminapi.(*Server).setTenantMember-fm (3 handlers)
[GIN-debug] POST   /admin/v1/password        --> git.hyhy.fun/rsplab/iolink/internal/adminapi.(*Server).changePassword-fm (3 handlers)
[GIN-debug] GET    /admin/v1/farms           --> git.hyhy.fun/rsplab/iolink/internal/adminapi.(*Server).listFarms-fm (4 handlers)
[GIN-debug] POST   /admin/v1/farms           --> git.hyhy.fun/rsplab/iolink/internal/adminapi.(*Server).createFarm-fm (4 handlers)
[GIN-debug] GET    /admin/v1/users           --> git.hyhy.fun/rsplab/iolink/internal/adminapi.(*Server).listUsers-fm (4 handlers)
[GIN-debug] PUT    /admin/v1/farms/:id       --> git.hyhy.fun/rsplab/iolink/internal/adminapi.(*Server).updateFarm-fm (4 handlers)
[GIN-debug] DELETE /admin/v1/farms/:id       --> git.hyhy.fun/rsplab/iolink/internal/adminapi.(*Server).deleteFarm-fm (4 handlers)
[GIN-debug] PUT    /admin/v1/farms/:id/owner --> git.hyhy.fun/rsplab/iolink/internal/adminapi.(*Server).setFarmOwner-fm (4 handlers)
[GIN-debug] GET    /admin/v1/farms/:id/members --> git.hyhy.fun/rsplab/iolink/internal/adminapi.(*Server).listFarmMembers-fm (4 handlers)
[GIN-debug] PUT    /admin/v1/farms/:id/members/:user_id --> git.hyhy.fun/rsplab/iolink/internal/adminapi.(*Server).setFarmMember-fm (4 handlers)
[GIN-debug] GET    /admin/v1/ponds           --> git.hyhy.fun/rsplab/iolink/internal/adminapi.(*Server).listPonds-fm (4 handlers)
[GIN-debug] POST   /admin/v1/ponds           --> git.hyhy.fun/rsplab/iolink/internal/adminapi.(*Server).createPond-fm (4 handlers)
[GIN-debug] PUT    /admin/v1/ponds/:id       --> git.hyhy.fun/rsplab/iolink/internal/adminapi.(*Server).updatePond-fm (4 handlers)
[GIN-debug] DELETE /admin/v1/ponds/:id       --> git.hyhy.fun/rsplab/iolink/internal/adminapi.(*Server).deletePond-fm (4 handlers)
[GIN-debug] GET    /admin/v1/devices         --> git.hyhy.fun/rsplab/iolink/internal/adminapi.(*Server).listDevices-fm (4 handlers)
[GIN-debug] POST   /admin/v1/devices         --> git.hyhy.fun/rsplab/iolink/internal/adminapi.(*Server).registerDevice-fm (4 handlers)
[GIN-debug] GET    /admin/v1/devices/:device_no --> git.hyhy.fun/rsplab/iolink/internal/adminapi.(*Server).getDevice-fm (4 handlers)
[GIN-debug] DELETE /admin/v1/devices/:device_no --> git.hyhy.fun/rsplab/iolink/internal/adminapi.(*Server).deleteDevice-fm (4 handlers)
[GIN-debug] PUT    /admin/v1/devices/:device_no/pond --> git.hyhy.fun/rsplab/iolink/internal/adminapi.(*Server).moveDevice-fm (4 handlers)
[GIN-debug] GET    /admin/v1/alarm-rules     --> git.hyhy.fun/rsplab/iolink/internal/adminapi.(*Server).listRules-fm (4 handlers)
[GIN-debug] POST   /admin/v1/alarm-rules     --> git.hyhy.fun/rsplab/iolink/internal/adminapi.(*Server).createRule-fm (4 handlers)
[GIN-debug] PUT    /admin/v1/alarm-rules/:id --> git.hyhy.fun/rsplab/iolink/internal/adminapi.(*Server).updateRule-fm (4 handlers)
[GIN-debug] DELETE /admin/v1/alarm-rules/:id --> git.hyhy.fun/rsplab/iolink/internal/adminapi.(*Server).deleteRule-fm (4 handlers)
[GIN-debug] GET    /admin/v1/alarms          --> git.hyhy.fun/rsplab/iolink/internal/adminapi.(*Server).listAlarms-fm (4 handlers)
[GIN-debug] POST   /admin/v1/alarms/:id/confirm --> git.hyhy.fun/rsplab/iolink/internal/adminapi.(*Server).confirmAlarm-fm (4 handlers)
[GIN-debug] POST   /admin/v1/alarms/batch-confirm --> git.hyhy.fun/rsplab/iolink/internal/adminapi.(*Server).batchConfirm-fm (4 handlers)
[GIN-debug] GET    /admin/v1/stats           --> git.hyhy.fun/rsplab/iolink/internal/adminapi.(*Server).stats-fm (4 handlers)
[GIN-debug] GET    /admin/v1/products        --> git.hyhy.fun/rsplab/iolink/internal/adminapi.(*Server).listProducts-fm (4 handlers)
[GIN-debug] POST   /admin/v1/products        --> git.hyhy.fun/rsplab/iolink/internal/adminapi.(*Server).createProduct-fm (4 handlers)
[GIN-debug] GET    /admin/v1/products/:product_id/models --> git.hyhy.fun/rsplab/iolink/internal/adminapi.(*Server).listProductModels-fm (4 handlers)
[GIN-debug] POST   /admin/v1/products/:product_id/models --> git.hyhy.fun/rsplab/iolink/internal/adminapi.(*Server).createProductModel-fm (4 handlers)
[GIN-debug] POST   /admin/v1/products/:product_id/models/:version/publish --> git.hyhy.fun/rsplab/iolink/internal/adminapi.(*Server).publishProductModel-fm (4 handlers)
[GIN-debug] GET    /admin/v1/devices/:device_no/product --> git.hyhy.fun/rsplab/iolink/internal/adminapi.(*Server).getDeviceProduct-fm (4 handlers)
[GIN-debug] PUT    /admin/v1/devices/:device_no/product --> git.hyhy.fun/rsplab/iolink/internal/adminapi.(*Server).assignDeviceProduct-fm (4 handlers)
2026/10/04 17:50:11 INFO http request request_id=SPACWLLIAM3IP6M3GCHBGNPIUG route=/admin/v1/login method=POST status=200 duration_ms=144 tenant_id=0 actor_id=0
2026/10/04 17:50:11 WARN http request request_id=5XSFY7CWJ7VH4FQHI7MYRQWPZG route=/admin/v1/alarms/batch-confirm method=POST status=404 duration_ms=4 tenant_id=9401 actor_id=9402
    alarm_revocation_http_test.go:95: operation=batch revocation=platform_authority injected=true status=404 response={"error":"alarm not found"} unchanged=true
=== RUN   TestM6bAlarmHTTPRejectsRevocationAfterAuthentication/batch_permission_version
    alarm_revocation_http_test.go:43: environment real_timescaledb=2.30.0
[GIN-debug] [WARNING] Running in "debug" mode. Switch to "release" mode in production.
 - using env:	export GIN_MODE=release
 - using code:	gin.SetMode(gin.ReleaseMode)

[GIN-debug] POST   /admin/v1/login           --> git.hyhy.fun/rsplab/iolink/internal/adminapi.(*Server).login-fm (2 handlers)
[GIN-debug] GET    /admin/v1/tenants         --> git.hyhy.fun/rsplab/iolink/internal/adminapi.(*Server).listTenants-fm (3 handlers)
[GIN-debug] PUT    /admin/v1/tenants/:id/status --> git.hyhy.fun/rsplab/iolink/internal/adminapi.(*Server).setTenantStatus-fm (3 handlers)
[GIN-debug] GET    /admin/v1/tenants/:id/members --> git.hyhy.fun/rsplab/iolink/internal/adminapi.(*Server).listTenantMembers-fm (3 handlers)
[GIN-debug] PUT    /admin/v1/tenants/:id/members/:user_id --> git.hyhy.fun/rsplab/iolink/internal/adminapi.(*Server).setTenantMember-fm (3 handlers)
[GIN-debug] POST   /admin/v1/password        --> git.hyhy.fun/rsplab/iolink/internal/adminapi.(*Server).changePassword-fm (3 handlers)
[GIN-debug] GET    /admin/v1/farms           --> git.hyhy.fun/rsplab/iolink/internal/adminapi.(*Server).listFarms-fm (4 handlers)
[GIN-debug] POST   /admin/v1/farms           --> git.hyhy.fun/rsplab/iolink/internal/adminapi.(*Server).createFarm-fm (4 handlers)
[GIN-debug] GET    /admin/v1/users           --> git.hyhy.fun/rsplab/iolink/internal/adminapi.(*Server).listUsers-fm (4 handlers)
[GIN-debug] PUT    /admin/v1/farms/:id       --> git.hyhy.fun/rsplab/iolink/internal/adminapi.(*Server).updateFarm-fm (4 handlers)
[GIN-debug] DELETE /admin/v1/farms/:id       --> git.hyhy.fun/rsplab/iolink/internal/adminapi.(*Server).deleteFarm-fm (4 handlers)
[GIN-debug] PUT    /admin/v1/farms/:id/owner --> git.hyhy.fun/rsplab/iolink/internal/adminapi.(*Server).setFarmOwner-fm (4 handlers)
[GIN-debug] GET    /admin/v1/farms/:id/members --> git.hyhy.fun/rsplab/iolink/internal/adminapi.(*Server).listFarmMembers-fm (4 handlers)
[GIN-debug] PUT    /admin/v1/farms/:id/members/:user_id --> git.hyhy.fun/rsplab/iolink/internal/adminapi.(*Server).setFarmMember-fm (4 handlers)
[GIN-debug] GET    /admin/v1/ponds           --> git.hyhy.fun/rsplab/iolink/internal/adminapi.(*Server).listPonds-fm (4 handlers)
[GIN-debug] POST   /admin/v1/ponds           --> git.hyhy.fun/rsplab/iolink/internal/adminapi.(*Server).createPond-fm (4 handlers)
[GIN-debug] PUT    /admin/v1/ponds/:id       --> git.hyhy.fun/rsplab/iolink/internal/adminapi.(*Server).updatePond-fm (4 handlers)
[GIN-debug] DELETE /admin/v1/ponds/:id       --> git.hyhy.fun/rsplab/iolink/internal/adminapi.(*Server).deletePond-fm (4 handlers)
[GIN-debug] GET    /admin/v1/devices         --> git.hyhy.fun/rsplab/iolink/internal/adminapi.(*Server).listDevices-fm (4 handlers)
[GIN-debug] POST   /admin/v1/devices         --> git.hyhy.fun/rsplab/iolink/internal/adminapi.(*Server).registerDevice-fm (4 handlers)
[GIN-debug] GET    /admin/v1/devices/:device_no --> git.hyhy.fun/rsplab/iolink/internal/adminapi.(*Server).getDevice-fm (4 handlers)
[GIN-debug] DELETE /admin/v1/devices/:device_no --> git.hyhy.fun/rsplab/iolink/internal/adminapi.(*Server).deleteDevice-fm (4 handlers)
[GIN-debug] PUT    /admin/v1/devices/:device_no/pond --> git.hyhy.fun/rsplab/iolink/internal/adminapi.(*Server).moveDevice-fm (4 handlers)
[GIN-debug] GET    /admin/v1/alarm-rules     --> git.hyhy.fun/rsplab/iolink/internal/adminapi.(*Server).listRules-fm (4 handlers)
[GIN-debug] POST   /admin/v1/alarm-rules     --> git.hyhy.fun/rsplab/iolink/internal/adminapi.(*Server).createRule-fm (4 handlers)
[GIN-debug] PUT    /admin/v1/alarm-rules/:id --> git.hyhy.fun/rsplab/iolink/internal/adminapi.(*Server).updateRule-fm (4 handlers)
[GIN-debug] DELETE /admin/v1/alarm-rules/:id --> git.hyhy.fun/rsplab/iolink/internal/adminapi.(*Server).deleteRule-fm (4 handlers)
[GIN-debug] GET    /admin/v1/alarms          --> git.hyhy.fun/rsplab/iolink/internal/adminapi.(*Server).listAlarms-fm (4 handlers)
[GIN-debug] POST   /admin/v1/alarms/:id/confirm --> git.hyhy.fun/rsplab/iolink/internal/adminapi.(*Server).confirmAlarm-fm (4 handlers)
[GIN-debug] POST   /admin/v1/alarms/batch-confirm --> git.hyhy.fun/rsplab/iolink/internal/adminapi.(*Server).batchConfirm-fm (4 handlers)
[GIN-debug] GET    /admin/v1/stats           --> git.hyhy.fun/rsplab/iolink/internal/adminapi.(*Server).stats-fm (4 handlers)
[GIN-debug] GET    /admin/v1/products        --> git.hyhy.fun/rsplab/iolink/internal/adminapi.(*Server).listProducts-fm (4 handlers)
[GIN-debug] POST   /admin/v1/products        --> git.hyhy.fun/rsplab/iolink/internal/adminapi.(*Server).createProduct-fm (4 handlers)
[GIN-debug] GET    /admin/v1/products/:product_id/models --> git.hyhy.fun/rsplab/iolink/internal/adminapi.(*Server).listProductModels-fm (4 handlers)
[GIN-debug] POST   /admin/v1/products/:product_id/models --> git.hyhy.fun/rsplab/iolink/internal/adminapi.(*Server).createProductModel-fm (4 handlers)
[GIN-debug] POST   /admin/v1/products/:product_id/models/:version/publish --> git.hyhy.fun/rsplab/iolink/internal/adminapi.(*Server).publishProductModel-fm (4 handlers)
[GIN-debug] GET    /admin/v1/devices/:device_no/product --> git.hyhy.fun/rsplab/iolink/internal/adminapi.(*Server).getDeviceProduct-fm (4 handlers)
[GIN-debug] PUT    /admin/v1/devices/:device_no/product --> git.hyhy.fun/rsplab/iolink/internal/adminapi.(*Server).assignDeviceProduct-fm (4 handlers)
2026/10/04 17:50:11 INFO http request request_id=EUW52HHREBTFPVNINDAUWAK7IW route=/admin/v1/login method=POST status=200 duration_ms=146 tenant_id=0 actor_id=0
2026/10/04 17:50:11 WARN http request request_id=3F6KVIEMUX546F4C2DKSUAYEJG route=/admin/v1/alarms/batch-confirm method=POST status=404 duration_ms=4 tenant_id=9401 actor_id=9402
    alarm_revocation_http_test.go:95: operation=batch revocation=permission_version injected=true status=404 response={"error":"alarm not found"} unchanged=true
=== RUN   TestM6bAlarmHTTPRejectsRevocationAfterAuthentication/singular_role
    alarm_revocation_http_test.go:43: environment real_timescaledb=2.30.0
[GIN-debug] [WARNING] Running in "debug" mode. Switch to "release" mode in production.
 - using env:	export GIN_MODE=release
 - using code:	gin.SetMode(gin.ReleaseMode)

[GIN-debug] POST   /admin/v1/login           --> git.hyhy.fun/rsplab/iolink/internal/adminapi.(*Server).login-fm (2 handlers)
[GIN-debug] GET    /admin/v1/tenants         --> git.hyhy.fun/rsplab/iolink/internal/adminapi.(*Server).listTenants-fm (3 handlers)
[GIN-debug] PUT    /admin/v1/tenants/:id/status --> git.hyhy.fun/rsplab/iolink/internal/adminapi.(*Server).setTenantStatus-fm (3 handlers)
[GIN-debug] GET    /admin/v1/tenants/:id/members --> git.hyhy.fun/rsplab/iolink/internal/adminapi.(*Server).listTenantMembers-fm (3 handlers)
[GIN-debug] PUT    /admin/v1/tenants/:id/members/:user_id --> git.hyhy.fun/rsplab/iolink/internal/adminapi.(*Server).setTenantMember-fm (3 handlers)
[GIN-debug] POST   /admin/v1/password        --> git.hyhy.fun/rsplab/iolink/internal/adminapi.(*Server).changePassword-fm (3 handlers)
[GIN-debug] GET    /admin/v1/farms           --> git.hyhy.fun/rsplab/iolink/internal/adminapi.(*Server).listFarms-fm (4 handlers)
[GIN-debug] POST   /admin/v1/farms           --> git.hyhy.fun/rsplab/iolink/internal/adminapi.(*Server).createFarm-fm (4 handlers)
[GIN-debug] GET    /admin/v1/users           --> git.hyhy.fun/rsplab/iolink/internal/adminapi.(*Server).listUsers-fm (4 handlers)
[GIN-debug] PUT    /admin/v1/farms/:id       --> git.hyhy.fun/rsplab/iolink/internal/adminapi.(*Server).updateFarm-fm (4 handlers)
[GIN-debug] DELETE /admin/v1/farms/:id       --> git.hyhy.fun/rsplab/iolink/internal/adminapi.(*Server).deleteFarm-fm (4 handlers)
[GIN-debug] PUT    /admin/v1/farms/:id/owner --> git.hyhy.fun/rsplab/iolink/internal/adminapi.(*Server).setFarmOwner-fm (4 handlers)
[GIN-debug] GET    /admin/v1/farms/:id/members --> git.hyhy.fun/rsplab/iolink/internal/adminapi.(*Server).listFarmMembers-fm (4 handlers)
[GIN-debug] PUT    /admin/v1/farms/:id/members/:user_id --> git.hyhy.fun/rsplab/iolink/internal/adminapi.(*Server).setFarmMember-fm (4 handlers)
[GIN-debug] GET    /admin/v1/ponds           --> git.hyhy.fun/rsplab/iolink/internal/adminapi.(*Server).listPonds-fm (4 handlers)
[GIN-debug] POST   /admin/v1/ponds           --> git.hyhy.fun/rsplab/iolink/internal/adminapi.(*Server).createPond-fm (4 handlers)
[GIN-debug] PUT    /admin/v1/ponds/:id       --> git.hyhy.fun/rsplab/iolink/internal/adminapi.(*Server).updatePond-fm (4 handlers)
[GIN-debug] DELETE /admin/v1/ponds/:id       --> git.hyhy.fun/rsplab/iolink/internal/adminapi.(*Server).deletePond-fm (4 handlers)
[GIN-debug] GET    /admin/v1/devices         --> git.hyhy.fun/rsplab/iolink/internal/adminapi.(*Server).listDevices-fm (4 handlers)
[GIN-debug] POST   /admin/v1/devices         --> git.hyhy.fun/rsplab/iolink/internal/adminapi.(*Server).registerDevice-fm (4 handlers)
[GIN-debug] GET    /admin/v1/devices/:device_no --> git.hyhy.fun/rsplab/iolink/internal/adminapi.(*Server).getDevice-fm (4 handlers)
[GIN-debug] DELETE /admin/v1/devices/:device_no --> git.hyhy.fun/rsplab/iolink/internal/adminapi.(*Server).deleteDevice-fm (4 handlers)
[GIN-debug] PUT    /admin/v1/devices/:device_no/pond --> git.hyhy.fun/rsplab/iolink/internal/adminapi.(*Server).moveDevice-fm (4 handlers)
[GIN-debug] GET    /admin/v1/alarm-rules     --> git.hyhy.fun/rsplab/iolink/internal/adminapi.(*Server).listRules-fm (4 handlers)
[GIN-debug] POST   /admin/v1/alarm-rules     --> git.hyhy.fun/rsplab/iolink/internal/adminapi.(*Server).createRule-fm (4 handlers)
[GIN-debug] PUT    /admin/v1/alarm-rules/:id --> git.hyhy.fun/rsplab/iolink/internal/adminapi.(*Server).updateRule-fm (4 handlers)
[GIN-debug] DELETE /admin/v1/alarm-rules/:id --> git.hyhy.fun/rsplab/iolink/internal/adminapi.(*Server).deleteRule-fm (4 handlers)
[GIN-debug] GET    /admin/v1/alarms          --> git.hyhy.fun/rsplab/iolink/internal/adminapi.(*Server).listAlarms-fm (4 handlers)
[GIN-debug] POST   /admin/v1/alarms/:id/confirm --> git.hyhy.fun/rsplab/iolink/internal/adminapi.(*Server).confirmAlarm-fm (4 handlers)
[GIN-debug] POST   /admin/v1/alarms/batch-confirm --> git.hyhy.fun/rsplab/iolink/internal/adminapi.(*Server).batchConfirm-fm (4 handlers)
[GIN-debug] GET    /admin/v1/stats           --> git.hyhy.fun/rsplab/iolink/internal/adminapi.(*Server).stats-fm (4 handlers)
[GIN-debug] GET    /admin/v1/products        --> git.hyhy.fun/rsplab/iolink/internal/adminapi.(*Server).listProducts-fm (4 handlers)
[GIN-debug] POST   /admin/v1/products        --> git.hyhy.fun/rsplab/iolink/internal/adminapi.(*Server).createProduct-fm (4 handlers)
[GIN-debug] GET    /admin/v1/products/:product_id/models --> git.hyhy.fun/rsplab/iolink/internal/adminapi.(*Server).listProductModels-fm (4 handlers)
[GIN-debug] POST   /admin/v1/products/:product_id/models --> git.hyhy.fun/rsplab/iolink/internal/adminapi.(*Server).createProductModel-fm (4 handlers)
[GIN-debug] POST   /admin/v1/products/:product_id/models/:version/publish --> git.hyhy.fun/rsplab/iolink/internal/adminapi.(*Server).publishProductModel-fm (4 handlers)
[GIN-debug] GET    /admin/v1/devices/:device_no/product --> git.hyhy.fun/rsplab/iolink/internal/adminapi.(*Server).getDeviceProduct-fm (4 handlers)
[GIN-debug] PUT    /admin/v1/devices/:device_no/product --> git.hyhy.fun/rsplab/iolink/internal/adminapi.(*Server).assignDeviceProduct-fm (4 handlers)
2026/10/04 17:50:12 INFO http request request_id=JMBMXORULHSFTQXVOSD5HIYOGP route=/admin/v1/login method=POST status=200 duration_ms=151 tenant_id=0 actor_id=0
2026/10/04 17:50:12 WARN http request request_id=H3UJA546WGSXX3B3TAYB4MVPGS route=/admin/v1/alarms/:id/confirm method=POST status=404 duration_ms=5 tenant_id=9401 actor_id=9402
    alarm_revocation_http_test.go:95: operation=singular revocation=role injected=true status=404 response={"error":"alarm not found"} unchanged=true
=== RUN   TestM6bAlarmHTTPRejectsRevocationAfterAuthentication/singular_membership
    alarm_revocation_http_test.go:43: environment real_timescaledb=2.30.0
[GIN-debug] [WARNING] Running in "debug" mode. Switch to "release" mode in production.
 - using env:	export GIN_MODE=release
 - using code:	gin.SetMode(gin.ReleaseMode)

[GIN-debug] POST   /admin/v1/login           --> git.hyhy.fun/rsplab/iolink/internal/adminapi.(*Server).login-fm (2 handlers)
[GIN-debug] GET    /admin/v1/tenants         --> git.hyhy.fun/rsplab/iolink/internal/adminapi.(*Server).listTenants-fm (3 handlers)
[GIN-debug] PUT    /admin/v1/tenants/:id/status --> git.hyhy.fun/rsplab/iolink/internal/adminapi.(*Server).setTenantStatus-fm (3 handlers)
[GIN-debug] GET    /admin/v1/tenants/:id/members --> git.hyhy.fun/rsplab/iolink/internal/adminapi.(*Server).listTenantMembers-fm (3 handlers)
[GIN-debug] PUT    /admin/v1/tenants/:id/members/:user_id --> git.hyhy.fun/rsplab/iolink/internal/adminapi.(*Server).setTenantMember-fm (3 handlers)
[GIN-debug] POST   /admin/v1/password        --> git.hyhy.fun/rsplab/iolink/internal/adminapi.(*Server).changePassword-fm (3 handlers)
[GIN-debug] GET    /admin/v1/farms           --> git.hyhy.fun/rsplab/iolink/internal/adminapi.(*Server).listFarms-fm (4 handlers)
[GIN-debug] POST   /admin/v1/farms           --> git.hyhy.fun/rsplab/iolink/internal/adminapi.(*Server).createFarm-fm (4 handlers)
[GIN-debug] GET    /admin/v1/users           --> git.hyhy.fun/rsplab/iolink/internal/adminapi.(*Server).listUsers-fm (4 handlers)
[GIN-debug] PUT    /admin/v1/farms/:id       --> git.hyhy.fun/rsplab/iolink/internal/adminapi.(*Server).updateFarm-fm (4 handlers)
[GIN-debug] DELETE /admin/v1/farms/:id       --> git.hyhy.fun/rsplab/iolink/internal/adminapi.(*Server).deleteFarm-fm (4 handlers)
[GIN-debug] PUT    /admin/v1/farms/:id/owner --> git.hyhy.fun/rsplab/iolink/internal/adminapi.(*Server).setFarmOwner-fm (4 handlers)
[GIN-debug] GET    /admin/v1/farms/:id/members --> git.hyhy.fun/rsplab/iolink/internal/adminapi.(*Server).listFarmMembers-fm (4 handlers)
[GIN-debug] PUT    /admin/v1/farms/:id/members/:user_id --> git.hyhy.fun/rsplab/iolink/internal/adminapi.(*Server).setFarmMember-fm (4 handlers)
[GIN-debug] GET    /admin/v1/ponds           --> git.hyhy.fun/rsplab/iolink/internal/adminapi.(*Server).listPonds-fm (4 handlers)
[GIN-debug] POST   /admin/v1/ponds           --> git.hyhy.fun/rsplab/iolink/internal/adminapi.(*Server).createPond-fm (4 handlers)
[GIN-debug] PUT    /admin/v1/ponds/:id       --> git.hyhy.fun/rsplab/iolink/internal/adminapi.(*Server).updatePond-fm (4 handlers)
[GIN-debug] DELETE /admin/v1/ponds/:id       --> git.hyhy.fun/rsplab/iolink/internal/adminapi.(*Server).deletePond-fm (4 handlers)
[GIN-debug] GET    /admin/v1/devices         --> git.hyhy.fun/rsplab/iolink/internal/adminapi.(*Server).listDevices-fm (4 handlers)
[GIN-debug] POST   /admin/v1/devices         --> git.hyhy.fun/rsplab/iolink/internal/adminapi.(*Server).registerDevice-fm (4 handlers)
[GIN-debug] GET    /admin/v1/devices/:device_no --> git.hyhy.fun/rsplab/iolink/internal/adminapi.(*Server).getDevice-fm (4 handlers)
[GIN-debug] DELETE /admin/v1/devices/:device_no --> git.hyhy.fun/rsplab/iolink/internal/adminapi.(*Server).deleteDevice-fm (4 handlers)
[GIN-debug] PUT    /admin/v1/devices/:device_no/pond --> git.hyhy.fun/rsplab/iolink/internal/adminapi.(*Server).moveDevice-fm (4 handlers)
[GIN-debug] GET    /admin/v1/alarm-rules     --> git.hyhy.fun/rsplab/iolink/internal/adminapi.(*Server).listRules-fm (4 handlers)
[GIN-debug] POST   /admin/v1/alarm-rules     --> git.hyhy.fun/rsplab/iolink/internal/adminapi.(*Server).createRule-fm (4 handlers)
[GIN-debug] PUT    /admin/v1/alarm-rules/:id --> git.hyhy.fun/rsplab/iolink/internal/adminapi.(*Server).updateRule-fm (4 handlers)
[GIN-debug] DELETE /admin/v1/alarm-rules/:id --> git.hyhy.fun/rsplab/iolink/internal/adminapi.(*Server).deleteRule-fm (4 handlers)
[GIN-debug] GET    /admin/v1/alarms          --> git.hyhy.fun/rsplab/iolink/internal/adminapi.(*Server).listAlarms-fm (4 handlers)
[GIN-debug] POST   /admin/v1/alarms/:id/confirm --> git.hyhy.fun/rsplab/iolink/internal/adminapi.(*Server).confirmAlarm-fm (4 handlers)
[GIN-debug] POST   /admin/v1/alarms/batch-confirm --> git.hyhy.fun/rsplab/iolink/internal/adminapi.(*Server).batchConfirm-fm (4 handlers)
[GIN-debug] GET    /admin/v1/stats           --> git.hyhy.fun/rsplab/iolink/internal/adminapi.(*Server).stats-fm (4 handlers)
[GIN-debug] GET    /admin/v1/products        --> git.hyhy.fun/rsplab/iolink/internal/adminapi.(*Server).listProducts-fm (4 handlers)
[GIN-debug] POST   /admin/v1/products        --> git.hyhy.fun/rsplab/iolink/internal/adminapi.(*Server).createProduct-fm (4 handlers)
[GIN-debug] GET    /admin/v1/products/:product_id/models --> git.hyhy.fun/rsplab/iolink/internal/adminapi.(*Server).listProductModels-fm (4 handlers)
[GIN-debug] POST   /admin/v1/products/:product_id/models --> git.hyhy.fun/rsplab/iolink/internal/adminapi.(*Server).createProductModel-fm (4 handlers)
[GIN-debug] POST   /admin/v1/products/:product_id/models/:version/publish --> git.hyhy.fun/rsplab/iolink/internal/adminapi.(*Server).publishProductModel-fm (4 handlers)
[GIN-debug] GET    /admin/v1/devices/:device_no/product --> git.hyhy.fun/rsplab/iolink/internal/adminapi.(*Server).getDeviceProduct-fm (4 handlers)
[GIN-debug] PUT    /admin/v1/devices/:device_no/product --> git.hyhy.fun/rsplab/iolink/internal/adminapi.(*Server).assignDeviceProduct-fm (4 handlers)
2026/10/04 17:50:13 INFO http request request_id=OJ4GYVIZZ2PHXGOLG4K4QFKAKQ route=/admin/v1/login method=POST status=200 duration_ms=154 tenant_id=0 actor_id=0
2026/10/04 17:50:13 WARN http request request_id=VAOXQQPN5OQNDCBQKSCBY66CJ5 route=/admin/v1/alarms/:id/confirm method=POST status=404 duration_ms=5 tenant_id=9401 actor_id=9402
    alarm_revocation_http_test.go:95: operation=singular revocation=membership injected=true status=404 response={"error":"alarm not found"} unchanged=true
=== RUN   TestM6bAlarmHTTPRejectsRevocationAfterAuthentication/singular_tenant
    alarm_revocation_http_test.go:43: environment real_timescaledb=2.30.0
[GIN-debug] [WARNING] Running in "debug" mode. Switch to "release" mode in production.
 - using env:	export GIN_MODE=release
 - using code:	gin.SetMode(gin.ReleaseMode)

[GIN-debug] POST   /admin/v1/login           --> git.hyhy.fun/rsplab/iolink/internal/adminapi.(*Server).login-fm (2 handlers)
[GIN-debug] GET    /admin/v1/tenants         --> git.hyhy.fun/rsplab/iolink/internal/adminapi.(*Server).listTenants-fm (3 handlers)
[GIN-debug] PUT    /admin/v1/tenants/:id/status --> git.hyhy.fun/rsplab/iolink/internal/adminapi.(*Server).setTenantStatus-fm (3 handlers)
[GIN-debug] GET    /admin/v1/tenants/:id/members --> git.hyhy.fun/rsplab/iolink/internal/adminapi.(*Server).listTenantMembers-fm (3 handlers)
[GIN-debug] PUT    /admin/v1/tenants/:id/members/:user_id --> git.hyhy.fun/rsplab/iolink/internal/adminapi.(*Server).setTenantMember-fm (3 handlers)
[GIN-debug] POST   /admin/v1/password        --> git.hyhy.fun/rsplab/iolink/internal/adminapi.(*Server).changePassword-fm (3 handlers)
[GIN-debug] GET    /admin/v1/farms           --> git.hyhy.fun/rsplab/iolink/internal/adminapi.(*Server).listFarms-fm (4 handlers)
[GIN-debug] POST   /admin/v1/farms           --> git.hyhy.fun/rsplab/iolink/internal/adminapi.(*Server).createFarm-fm (4 handlers)
[GIN-debug] GET    /admin/v1/users           --> git.hyhy.fun/rsplab/iolink/internal/adminapi.(*Server).listUsers-fm (4 handlers)
[GIN-debug] PUT    /admin/v1/farms/:id       --> git.hyhy.fun/rsplab/iolink/internal/adminapi.(*Server).updateFarm-fm (4 handlers)
[GIN-debug] DELETE /admin/v1/farms/:id       --> git.hyhy.fun/rsplab/iolink/internal/adminapi.(*Server).deleteFarm-fm (4 handlers)
[GIN-debug] PUT    /admin/v1/farms/:id/owner --> git.hyhy.fun/rsplab/iolink/internal/adminapi.(*Server).setFarmOwner-fm (4 handlers)
[GIN-debug] GET    /admin/v1/farms/:id/members --> git.hyhy.fun/rsplab/iolink/internal/adminapi.(*Server).listFarmMembers-fm (4 handlers)
[GIN-debug] PUT    /admin/v1/farms/:id/members/:user_id --> git.hyhy.fun/rsplab/iolink/internal/adminapi.(*Server).setFarmMember-fm (4 handlers)
[GIN-debug] GET    /admin/v1/ponds           --> git.hyhy.fun/rsplab/iolink/internal/adminapi.(*Server).listPonds-fm (4 handlers)
[GIN-debug] POST   /admin/v1/ponds           --> git.hyhy.fun/rsplab/iolink/internal/adminapi.(*Server).createPond-fm (4 handlers)
[GIN-debug] PUT    /admin/v1/ponds/:id       --> git.hyhy.fun/rsplab/iolink/internal/adminapi.(*Server).updatePond-fm (4 handlers)
[GIN-debug] DELETE /admin/v1/ponds/:id       --> git.hyhy.fun/rsplab/iolink/internal/adminapi.(*Server).deletePond-fm (4 handlers)
[GIN-debug] GET    /admin/v1/devices         --> git.hyhy.fun/rsplab/iolink/internal/adminapi.(*Server).listDevices-fm (4 handlers)
[GIN-debug] POST   /admin/v1/devices         --> git.hyhy.fun/rsplab/iolink/internal/adminapi.(*Server).registerDevice-fm (4 handlers)
[GIN-debug] GET    /admin/v1/devices/:device_no --> git.hyhy.fun/rsplab/iolink/internal/adminapi.(*Server).getDevice-fm (4 handlers)
[GIN-debug] DELETE /admin/v1/devices/:device_no --> git.hyhy.fun/rsplab/iolink/internal/adminapi.(*Server).deleteDevice-fm (4 handlers)
[GIN-debug] PUT    /admin/v1/devices/:device_no/pond --> git.hyhy.fun/rsplab/iolink/internal/adminapi.(*Server).moveDevice-fm (4 handlers)
[GIN-debug] GET    /admin/v1/alarm-rules     --> git.hyhy.fun/rsplab/iolink/internal/adminapi.(*Server).listRules-fm (4 handlers)
[GIN-debug] POST   /admin/v1/alarm-rules     --> git.hyhy.fun/rsplab/iolink/internal/adminapi.(*Server).createRule-fm (4 handlers)
[GIN-debug] PUT    /admin/v1/alarm-rules/:id --> git.hyhy.fun/rsplab/iolink/internal/adminapi.(*Server).updateRule-fm (4 handlers)
[GIN-debug] DELETE /admin/v1/alarm-rules/:id --> git.hyhy.fun/rsplab/iolink/internal/adminapi.(*Server).deleteRule-fm (4 handlers)
[GIN-debug] GET    /admin/v1/alarms          --> git.hyhy.fun/rsplab/iolink/internal/adminapi.(*Server).listAlarms-fm (4 handlers)
[GIN-debug] POST   /admin/v1/alarms/:id/confirm --> git.hyhy.fun/rsplab/iolink/internal/adminapi.(*Server).confirmAlarm-fm (4 handlers)
[GIN-debug] POST   /admin/v1/alarms/batch-confirm --> git.hyhy.fun/rsplab/iolink/internal/adminapi.(*Server).batchConfirm-fm (4 handlers)
[GIN-debug] GET    /admin/v1/stats           --> git.hyhy.fun/rsplab/iolink/internal/adminapi.(*Server).stats-fm (4 handlers)
[GIN-debug] GET    /admin/v1/products        --> git.hyhy.fun/rsplab/iolink/internal/adminapi.(*Server).listProducts-fm (4 handlers)
[GIN-debug] POST   /admin/v1/products        --> git.hyhy.fun/rsplab/iolink/internal/adminapi.(*Server).createProduct-fm (4 handlers)
[GIN-debug] GET    /admin/v1/products/:product_id/models --> git.hyhy.fun/rsplab/iolink/internal/adminapi.(*Server).listProductModels-fm (4 handlers)
[GIN-debug] POST   /admin/v1/products/:product_id/models --> git.hyhy.fun/rsplab/iolink/internal/adminapi.(*Server).createProductModel-fm (4 handlers)
[GIN-debug] POST   /admin/v1/products/:product_id/models/:version/publish --> git.hyhy.fun/rsplab/iolink/internal/adminapi.(*Server).publishProductModel-fm (4 handlers)
[GIN-debug] GET    /admin/v1/devices/:device_no/product --> git.hyhy.fun/rsplab/iolink/internal/adminapi.(*Server).getDeviceProduct-fm (4 handlers)
[GIN-debug] PUT    /admin/v1/devices/:device_no/product --> git.hyhy.fun/rsplab/iolink/internal/adminapi.(*Server).assignDeviceProduct-fm (4 handlers)
2026/10/04 17:50:13 INFO http request request_id=HWYEA3S77UUXEFENWXSUC3D6QA route=/admin/v1/login method=POST status=200 duration_ms=148 tenant_id=0 actor_id=0
2026/10/04 17:50:13 WARN http request request_id=AXCLEGII76P2SDQAAEOGWASJ3L route=/admin/v1/alarms/:id/confirm method=POST status=404 duration_ms=5 tenant_id=9401 actor_id=9402
    alarm_revocation_http_test.go:95: operation=singular revocation=tenant injected=true status=404 response={"error":"alarm not found"} unchanged=true
=== RUN   TestM6bAlarmHTTPRejectsRevocationAfterAuthentication/singular_platform_authority
    alarm_revocation_http_test.go:43: environment real_timescaledb=2.30.0
[GIN-debug] [WARNING] Running in "debug" mode. Switch to "release" mode in production.
 - using env:	export GIN_MODE=release
 - using code:	gin.SetMode(gin.ReleaseMode)

[GIN-debug] POST   /admin/v1/login           --> git.hyhy.fun/rsplab/iolink/internal/adminapi.(*Server).login-fm (2 handlers)
[GIN-debug] GET    /admin/v1/tenants         --> git.hyhy.fun/rsplab/iolink/internal/adminapi.(*Server).listTenants-fm (3 handlers)
[GIN-debug] PUT    /admin/v1/tenants/:id/status --> git.hyhy.fun/rsplab/iolink/internal/adminapi.(*Server).setTenantStatus-fm (3 handlers)
[GIN-debug] GET    /admin/v1/tenants/:id/members --> git.hyhy.fun/rsplab/iolink/internal/adminapi.(*Server).listTenantMembers-fm (3 handlers)
[GIN-debug] PUT    /admin/v1/tenants/:id/members/:user_id --> git.hyhy.fun/rsplab/iolink/internal/adminapi.(*Server).setTenantMember-fm (3 handlers)
[GIN-debug] POST   /admin/v1/password        --> git.hyhy.fun/rsplab/iolink/internal/adminapi.(*Server).changePassword-fm (3 handlers)
[GIN-debug] GET    /admin/v1/farms           --> git.hyhy.fun/rsplab/iolink/internal/adminapi.(*Server).listFarms-fm (4 handlers)
[GIN-debug] POST   /admin/v1/farms           --> git.hyhy.fun/rsplab/iolink/internal/adminapi.(*Server).createFarm-fm (4 handlers)
[GIN-debug] GET    /admin/v1/users           --> git.hyhy.fun/rsplab/iolink/internal/adminapi.(*Server).listUsers-fm (4 handlers)
[GIN-debug] PUT    /admin/v1/farms/:id       --> git.hyhy.fun/rsplab/iolink/internal/adminapi.(*Server).updateFarm-fm (4 handlers)
[GIN-debug] DELETE /admin/v1/farms/:id       --> git.hyhy.fun/rsplab/iolink/internal/adminapi.(*Server).deleteFarm-fm (4 handlers)
[GIN-debug] PUT    /admin/v1/farms/:id/owner --> git.hyhy.fun/rsplab/iolink/internal/adminapi.(*Server).setFarmOwner-fm (4 handlers)
[GIN-debug] GET    /admin/v1/farms/:id/members --> git.hyhy.fun/rsplab/iolink/internal/adminapi.(*Server).listFarmMembers-fm (4 handlers)
[GIN-debug] PUT    /admin/v1/farms/:id/members/:user_id --> git.hyhy.fun/rsplab/iolink/internal/adminapi.(*Server).setFarmMember-fm (4 handlers)
[GIN-debug] GET    /admin/v1/ponds           --> git.hyhy.fun/rsplab/iolink/internal/adminapi.(*Server).listPonds-fm (4 handlers)
[GIN-debug] POST   /admin/v1/ponds           --> git.hyhy.fun/rsplab/iolink/internal/adminapi.(*Server).createPond-fm (4 handlers)
[GIN-debug] PUT    /admin/v1/ponds/:id       --> git.hyhy.fun/rsplab/iolink/internal/adminapi.(*Server).updatePond-fm (4 handlers)
[GIN-debug] DELETE /admin/v1/ponds/:id       --> git.hyhy.fun/rsplab/iolink/internal/adminapi.(*Server).deletePond-fm (4 handlers)
[GIN-debug] GET    /admin/v1/devices         --> git.hyhy.fun/rsplab/iolink/internal/adminapi.(*Server).listDevices-fm (4 handlers)
[GIN-debug] POST   /admin/v1/devices         --> git.hyhy.fun/rsplab/iolink/internal/adminapi.(*Server).registerDevice-fm (4 handlers)
[GIN-debug] GET    /admin/v1/devices/:device_no --> git.hyhy.fun/rsplab/iolink/internal/adminapi.(*Server).getDevice-fm (4 handlers)
[GIN-debug] DELETE /admin/v1/devices/:device_no --> git.hyhy.fun/rsplab/iolink/internal/adminapi.(*Server).deleteDevice-fm (4 handlers)
[GIN-debug] PUT    /admin/v1/devices/:device_no/pond --> git.hyhy.fun/rsplab/iolink/internal/adminapi.(*Server).moveDevice-fm (4 handlers)
[GIN-debug] GET    /admin/v1/alarm-rules     --> git.hyhy.fun/rsplab/iolink/internal/adminapi.(*Server).listRules-fm (4 handlers)
[GIN-debug] POST   /admin/v1/alarm-rules     --> git.hyhy.fun/rsplab/iolink/internal/adminapi.(*Server).createRule-fm (4 handlers)
[GIN-debug] PUT    /admin/v1/alarm-rules/:id --> git.hyhy.fun/rsplab/iolink/internal/adminapi.(*Server).updateRule-fm (4 handlers)
[GIN-debug] DELETE /admin/v1/alarm-rules/:id --> git.hyhy.fun/rsplab/iolink/internal/adminapi.(*Server).deleteRule-fm (4 handlers)
[GIN-debug] GET    /admin/v1/alarms          --> git.hyhy.fun/rsplab/iolink/internal/adminapi.(*Server).listAlarms-fm (4 handlers)
[GIN-debug] POST   /admin/v1/alarms/:id/confirm --> git.hyhy.fun/rsplab/iolink/internal/adminapi.(*Server).confirmAlarm-fm (4 handlers)
[GIN-debug] POST   /admin/v1/alarms/batch-confirm --> git.hyhy.fun/rsplab/iolink/internal/adminapi.(*Server).batchConfirm-fm (4 handlers)
[GIN-debug] GET    /admin/v1/stats           --> git.hyhy.fun/rsplab/iolink/internal/adminapi.(*Server).stats-fm (4 handlers)
[GIN-debug] GET    /admin/v1/products        --> git.hyhy.fun/rsplab/iolink/internal/adminapi.(*Server).listProducts-fm (4 handlers)
[GIN-debug] POST   /admin/v1/products        --> git.hyhy.fun/rsplab/iolink/internal/adminapi.(*Server).createProduct-fm (4 handlers)
[GIN-debug] GET    /admin/v1/products/:product_id/models --> git.hyhy.fun/rsplab/iolink/internal/adminapi.(*Server).listProductModels-fm (4 handlers)
[GIN-debug] POST   /admin/v1/products/:product_id/models --> git.hyhy.fun/rsplab/iolink/internal/adminapi.(*Server).createProductModel-fm (4 handlers)
[GIN-debug] POST   /admin/v1/products/:product_id/models/:version/publish --> git.hyhy.fun/rsplab/iolink/internal/adminapi.(*Server).publishProductModel-fm (4 handlers)
[GIN-debug] GET    /admin/v1/devices/:device_no/product --> git.hyhy.fun/rsplab/iolink/internal/adminapi.(*Server).getDeviceProduct-fm (4 handlers)
[GIN-debug] PUT    /admin/v1/devices/:device_no/product --> git.hyhy.fun/rsplab/iolink/internal/adminapi.(*Server).assignDeviceProduct-fm (4 handlers)
2026/10/04 17:50:14 INFO http request request_id=Y4YPN346NPJYXX3C2JK3JI3XIW route=/admin/v1/login method=POST status=200 duration_ms=154 tenant_id=0 actor_id=0
2026/10/04 17:50:14 WARN http request request_id=VQHCP46MDNFMYLONG7AHFJFATJ route=/admin/v1/alarms/:id/confirm method=POST status=404 duration_ms=5 tenant_id=9401 actor_id=9402
    alarm_revocation_http_test.go:95: operation=singular revocation=platform_authority injected=true status=404 response={"error":"alarm not found"} unchanged=true
=== RUN   TestM6bAlarmHTTPRejectsRevocationAfterAuthentication/singular_permission_version
    alarm_revocation_http_test.go:43: environment real_timescaledb=2.30.0
[GIN-debug] [WARNING] Running in "debug" mode. Switch to "release" mode in production.
 - using env:	export GIN_MODE=release
 - using code:	gin.SetMode(gin.ReleaseMode)

[GIN-debug] POST   /admin/v1/login           --> git.hyhy.fun/rsplab/iolink/internal/adminapi.(*Server).login-fm (2 handlers)
[GIN-debug] GET    /admin/v1/tenants         --> git.hyhy.fun/rsplab/iolink/internal/adminapi.(*Server).listTenants-fm (3 handlers)
[GIN-debug] PUT    /admin/v1/tenants/:id/status --> git.hyhy.fun/rsplab/iolink/internal/adminapi.(*Server).setTenantStatus-fm (3 handlers)
[GIN-debug] GET    /admin/v1/tenants/:id/members --> git.hyhy.fun/rsplab/iolink/internal/adminapi.(*Server).listTenantMembers-fm (3 handlers)
[GIN-debug] PUT    /admin/v1/tenants/:id/members/:user_id --> git.hyhy.fun/rsplab/iolink/internal/adminapi.(*Server).setTenantMember-fm (3 handlers)
[GIN-debug] POST   /admin/v1/password        --> git.hyhy.fun/rsplab/iolink/internal/adminapi.(*Server).changePassword-fm (3 handlers)
[GIN-debug] GET    /admin/v1/farms           --> git.hyhy.fun/rsplab/iolink/internal/adminapi.(*Server).listFarms-fm (4 handlers)
[GIN-debug] POST   /admin/v1/farms           --> git.hyhy.fun/rsplab/iolink/internal/adminapi.(*Server).createFarm-fm (4 handlers)
[GIN-debug] GET    /admin/v1/users           --> git.hyhy.fun/rsplab/iolink/internal/adminapi.(*Server).listUsers-fm (4 handlers)
[GIN-debug] PUT    /admin/v1/farms/:id       --> git.hyhy.fun/rsplab/iolink/internal/adminapi.(*Server).updateFarm-fm (4 handlers)
[GIN-debug] DELETE /admin/v1/farms/:id       --> git.hyhy.fun/rsplab/iolink/internal/adminapi.(*Server).deleteFarm-fm (4 handlers)
[GIN-debug] PUT    /admin/v1/farms/:id/owner --> git.hyhy.fun/rsplab/iolink/internal/adminapi.(*Server).setFarmOwner-fm (4 handlers)
[GIN-debug] GET    /admin/v1/farms/:id/members --> git.hyhy.fun/rsplab/iolink/internal/adminapi.(*Server).listFarmMembers-fm (4 handlers)
[GIN-debug] PUT    /admin/v1/farms/:id/members/:user_id --> git.hyhy.fun/rsplab/iolink/internal/adminapi.(*Server).setFarmMember-fm (4 handlers)
[GIN-debug] GET    /admin/v1/ponds           --> git.hyhy.fun/rsplab/iolink/internal/adminapi.(*Server).listPonds-fm (4 handlers)
[GIN-debug] POST   /admin/v1/ponds           --> git.hyhy.fun/rsplab/iolink/internal/adminapi.(*Server).createPond-fm (4 handlers)
[GIN-debug] PUT    /admin/v1/ponds/:id       --> git.hyhy.fun/rsplab/iolink/internal/adminapi.(*Server).updatePond-fm (4 handlers)
[GIN-debug] DELETE /admin/v1/ponds/:id       --> git.hyhy.fun/rsplab/iolink/internal/adminapi.(*Server).deletePond-fm (4 handlers)
[GIN-debug] GET    /admin/v1/devices         --> git.hyhy.fun/rsplab/iolink/internal/adminapi.(*Server).listDevices-fm (4 handlers)
[GIN-debug] POST   /admin/v1/devices         --> git.hyhy.fun/rsplab/iolink/internal/adminapi.(*Server).registerDevice-fm (4 handlers)
[GIN-debug] GET    /admin/v1/devices/:device_no --> git.hyhy.fun/rsplab/iolink/internal/adminapi.(*Server).getDevice-fm (4 handlers)
[GIN-debug] DELETE /admin/v1/devices/:device_no --> git.hyhy.fun/rsplab/iolink/internal/adminapi.(*Server).deleteDevice-fm (4 handlers)
[GIN-debug] PUT    /admin/v1/devices/:device_no/pond --> git.hyhy.fun/rsplab/iolink/internal/adminapi.(*Server).moveDevice-fm (4 handlers)
[GIN-debug] GET    /admin/v1/alarm-rules     --> git.hyhy.fun/rsplab/iolink/internal/adminapi.(*Server).listRules-fm (4 handlers)
[GIN-debug] POST   /admin/v1/alarm-rules     --> git.hyhy.fun/rsplab/iolink/internal/adminapi.(*Server).createRule-fm (4 handlers)
[GIN-debug] PUT    /admin/v1/alarm-rules/:id --> git.hyhy.fun/rsplab/iolink/internal/adminapi.(*Server).updateRule-fm (4 handlers)
[GIN-debug] DELETE /admin/v1/alarm-rules/:id --> git.hyhy.fun/rsplab/iolink/internal/adminapi.(*Server).deleteRule-fm (4 handlers)
[GIN-debug] GET    /admin/v1/alarms          --> git.hyhy.fun/rsplab/iolink/internal/adminapi.(*Server).listAlarms-fm (4 handlers)
[GIN-debug] POST   /admin/v1/alarms/:id/confirm --> git.hyhy.fun/rsplab/iolink/internal/adminapi.(*Server).confirmAlarm-fm (4 handlers)
[GIN-debug] POST   /admin/v1/alarms/batch-confirm --> git.hyhy.fun/rsplab/iolink/internal/adminapi.(*Server).batchConfirm-fm (4 handlers)
[GIN-debug] GET    /admin/v1/stats           --> git.hyhy.fun/rsplab/iolink/internal/adminapi.(*Server).stats-fm (4 handlers)
[GIN-debug] GET    /admin/v1/products        --> git.hyhy.fun/rsplab/iolink/internal/adminapi.(*Server).listProducts-fm (4 handlers)
[GIN-debug] POST   /admin/v1/products        --> git.hyhy.fun/rsplab/iolink/internal/adminapi.(*Server).createProduct-fm (4 handlers)
[GIN-debug] GET    /admin/v1/products/:product_id/models --> git.hyhy.fun/rsplab/iolink/internal/adminapi.(*Server).listProductModels-fm (4 handlers)
[GIN-debug] POST   /admin/v1/products/:product_id/models --> git.hyhy.fun/rsplab/iolink/internal/adminapi.(*Server).createProductModel-fm (4 handlers)
[GIN-debug] POST   /admin/v1/products/:product_id/models/:version/publish --> git.hyhy.fun/rsplab/iolink/internal/adminapi.(*Server).publishProductModel-fm (4 handlers)
[GIN-debug] GET    /admin/v1/devices/:device_no/product --> git.hyhy.fun/rsplab/iolink/internal/adminapi.(*Server).getDeviceProduct-fm (4 handlers)
[GIN-debug] PUT    /admin/v1/devices/:device_no/product --> git.hyhy.fun/rsplab/iolink/internal/adminapi.(*Server).assignDeviceProduct-fm (4 handlers)
2026/10/04 17:50:15 INFO http request request_id=W3O4K6N5IMMZOO5EKOGWLXPQ4H route=/admin/v1/login method=POST status=200 duration_ms=153 tenant_id=0 actor_id=0
2026/10/04 17:50:15 WARN http request request_id=36KXARU4QPXBWOZSLUUFS3BVDE route=/admin/v1/alarms/:id/confirm method=POST status=404 duration_ms=5 tenant_id=9401 actor_id=9402
    alarm_revocation_http_test.go:95: operation=singular revocation=permission_version injected=true status=404 response={"error":"alarm not found"} unchanged=true
--- PASS: TestM6bAlarmHTTPRejectsRevocationAfterAuthentication (6.65s)
    --- PASS: TestM6bAlarmHTTPRejectsRevocationAfterAuthentication/batch_role (0.67s)
    --- PASS: TestM6bAlarmHTTPRejectsRevocationAfterAuthentication/batch_membership (0.66s)
    --- PASS: TestM6bAlarmHTTPRejectsRevocationAfterAuthentication/batch_tenant (0.67s)
    --- PASS: TestM6bAlarmHTTPRejectsRevocationAfterAuthentication/batch_platform_authority (0.66s)
    --- PASS: TestM6bAlarmHTTPRejectsRevocationAfterAuthentication/batch_permission_version (0.66s)
    --- PASS: TestM6bAlarmHTTPRejectsRevocationAfterAuthentication/singular_role (0.66s)
    --- PASS: TestM6bAlarmHTTPRejectsRevocationAfterAuthentication/singular_membership (0.67s)
    --- PASS: TestM6bAlarmHTTPRejectsRevocationAfterAuthentication/singular_tenant (0.67s)
    --- PASS: TestM6bAlarmHTTPRejectsRevocationAfterAuthentication/singular_platform_authority (0.66s)
    --- PASS: TestM6bAlarmHTTPRejectsRevocationAfterAuthentication/singular_permission_version (0.67s)
=== RUN   TestM6bManagerBatchRejectsLiveRevocation
=== RUN   TestM6bManagerBatchRejectsLiveRevocation/role_batch
    alarm_batch_revocation_test.go:19: environment real_timescaledb=2.30.0
    alarm_batch_revocation_test.go:45: revocation=role actor_entry=false confirmed=0 error=not found unchanged=true
=== RUN   TestM6bManagerBatchRejectsLiveRevocation/role_batch_by_actor
    alarm_batch_revocation_test.go:19: environment real_timescaledb=2.30.0
    alarm_batch_revocation_test.go:45: revocation=role actor_entry=true confirmed=0 error=not found unchanged=true
=== RUN   TestM6bManagerBatchRejectsLiveRevocation/membership_batch
    alarm_batch_revocation_test.go:19: environment real_timescaledb=2.30.0
    alarm_batch_revocation_test.go:45: revocation=membership actor_entry=false confirmed=0 error=not found unchanged=true
=== RUN   TestM6bManagerBatchRejectsLiveRevocation/membership_batch_by_actor
    alarm_batch_revocation_test.go:19: environment real_timescaledb=2.30.0
    alarm_batch_revocation_test.go:45: revocation=membership actor_entry=true confirmed=0 error=not found unchanged=true
=== RUN   TestM6bManagerBatchRejectsLiveRevocation/tenant_batch
    alarm_batch_revocation_test.go:19: environment real_timescaledb=2.30.0
    alarm_batch_revocation_test.go:45: revocation=tenant actor_entry=false confirmed=0 error=not found unchanged=true
=== RUN   TestM6bManagerBatchRejectsLiveRevocation/tenant_batch_by_actor
    alarm_batch_revocation_test.go:19: environment real_timescaledb=2.30.0
    alarm_batch_revocation_test.go:45: revocation=tenant actor_entry=true confirmed=0 error=not found unchanged=true
=== RUN   TestM6bManagerBatchRejectsLiveRevocation/platform_authority_batch
    alarm_batch_revocation_test.go:19: environment real_timescaledb=2.30.0
    alarm_batch_revocation_test.go:45: revocation=platform_authority actor_entry=false confirmed=0 error=not found unchanged=true
=== RUN   TestM6bManagerBatchRejectsLiveRevocation/platform_authority_batch_by_actor
    alarm_batch_revocation_test.go:19: environment real_timescaledb=2.30.0
    alarm_batch_revocation_test.go:45: revocation=platform_authority actor_entry=true confirmed=0 error=not found unchanged=true
--- PASS: TestM6bManagerBatchRejectsLiveRevocation (2.90s)
    --- PASS: TestM6bManagerBatchRejectsLiveRevocation/role_batch (0.35s)
    --- PASS: TestM6bManagerBatchRejectsLiveRevocation/role_batch_by_actor (0.36s)
    --- PASS: TestM6bManagerBatchRejectsLiveRevocation/membership_batch (0.36s)
    --- PASS: TestM6bManagerBatchRejectsLiveRevocation/membership_batch_by_actor (0.37s)
    --- PASS: TestM6bManagerBatchRejectsLiveRevocation/tenant_batch (0.37s)
    --- PASS: TestM6bManagerBatchRejectsLiveRevocation/tenant_batch_by_actor (0.36s)
    --- PASS: TestM6bManagerBatchRejectsLiveRevocation/platform_authority_batch (0.37s)
    --- PASS: TestM6bManagerBatchRejectsLiveRevocation/platform_authority_batch_by_actor (0.36s)
=== RUN   TestM6bAlarmMutationsRejectPartialTenantContext
=== RUN   TestM6bAlarmMutationsRejectPartialTenantContext/singular_open
    alarm_partial_context_test.go:15: environment real_timescaledb=2.30.0
    alarm_partial_context_test.go:41: operation=singular already_confirmed=false err=forbidden unchanged=true
    alarm_partial_context_test.go:41: operation=singular already_confirmed=false err=forbidden unchanged=true
    alarm_partial_context_test.go:41: operation=singular already_confirmed=false err=forbidden unchanged=true
    alarm_partial_context_test.go:41: operation=singular already_confirmed=false err=forbidden unchanged=true
    alarm_partial_context_test.go:41: operation=singular already_confirmed=false err=forbidden unchanged=true
=== RUN   TestM6bAlarmMutationsRejectPartialTenantContext/singular_confirmed
    alarm_partial_context_test.go:15: environment real_timescaledb=2.30.0
    alarm_partial_context_test.go:41: operation=singular already_confirmed=true err=forbidden unchanged=true
    alarm_partial_context_test.go:41: operation=singular already_confirmed=true err=forbidden unchanged=true
    alarm_partial_context_test.go:41: operation=singular already_confirmed=true err=forbidden unchanged=true
    alarm_partial_context_test.go:41: operation=singular already_confirmed=true err=forbidden unchanged=true
    alarm_partial_context_test.go:41: operation=singular already_confirmed=true err=forbidden unchanged=true
=== RUN   TestM6bAlarmMutationsRejectPartialTenantContext/batch_open
    alarm_partial_context_test.go:15: environment real_timescaledb=2.30.0
    alarm_partial_context_test.go:41: operation=batch already_confirmed=false err=forbidden unchanged=true
    alarm_partial_context_test.go:41: operation=batch already_confirmed=false err=forbidden unchanged=true
    alarm_partial_context_test.go:41: operation=batch already_confirmed=false err=forbidden unchanged=true
    alarm_partial_context_test.go:41: operation=batch already_confirmed=false err=forbidden unchanged=true
    alarm_partial_context_test.go:41: operation=batch already_confirmed=false err=forbidden unchanged=true
=== RUN   TestM6bAlarmMutationsRejectPartialTenantContext/batch_confirmed
    alarm_partial_context_test.go:15: environment real_timescaledb=2.30.0
    alarm_partial_context_test.go:41: operation=batch already_confirmed=true err=forbidden unchanged=true
    alarm_partial_context_test.go:41: operation=batch already_confirmed=true err=forbidden unchanged=true
    alarm_partial_context_test.go:41: operation=batch already_confirmed=true err=forbidden unchanged=true
    alarm_partial_context_test.go:41: operation=batch already_confirmed=true err=forbidden unchanged=true
    alarm_partial_context_test.go:41: operation=batch already_confirmed=true err=forbidden unchanged=true
--- PASS: TestM6bAlarmMutationsRejectPartialTenantContext (1.42s)
    --- PASS: TestM6bAlarmMutationsRejectPartialTenantContext/singular_open (0.37s)
    --- PASS: TestM6bAlarmMutationsRejectPartialTenantContext/singular_confirmed (0.37s)
    --- PASS: TestM6bAlarmMutationsRejectPartialTenantContext/batch_open (0.35s)
    --- PASS: TestM6bAlarmMutationsRejectPartialTenantContext/batch_confirmed (0.33s)
=== RUN   TestM6bTelemetryRejectsVersionRevocationAfterAuthentication
    telemetry_version_revocation_http_test.go:34: environment real_timescaledb=2.30.0
[GIN-debug] [WARNING] Running in "debug" mode. Switch to "release" mode in production.
 - using env:	export GIN_MODE=release
 - using code:	gin.SetMode(gin.ReleaseMode)

[GIN-debug] POST   /api/v1/auth/login        --> git.hyhy.fun/rsplab/iolink/internal/appapi.(*Server).login-fm (2 handlers)
[GIN-debug] GET    /api/v1/auth/tenants      --> git.hyhy.fun/rsplab/iolink/internal/appapi.(*Server).listTenants-fm (3 handlers)
[GIN-debug] POST   /api/v1/auth/tenant       --> git.hyhy.fun/rsplab/iolink/internal/appapi.(*Server).switchTenant-fm (3 handlers)
[GIN-debug] GET    /api/v1/ponds             --> git.hyhy.fun/rsplab/iolink/internal/appapi.(*Server).listPonds-fm (3 handlers)
[GIN-debug] GET    /api/v1/ponds/:id         --> git.hyhy.fun/rsplab/iolink/internal/appapi.(*Server).getPond-fm (3 handlers)
[GIN-debug] GET    /api/v1/devices           --> git.hyhy.fun/rsplab/iolink/internal/appapi.(*Server).listDevices-fm (3 handlers)
[GIN-debug] GET    /api/v1/devices/:device_no --> git.hyhy.fun/rsplab/iolink/internal/appapi.(*Server).getDevice-fm (3 handlers)
[GIN-debug] GET    /api/v1/water/latest      --> git.hyhy.fun/rsplab/iolink/internal/appapi.(*Server).waterLatest-fm (3 handlers)
[GIN-debug] GET    /api/v1/water/history     --> git.hyhy.fun/rsplab/iolink/internal/appapi.(*Server).waterHistory-fm (3 handlers)
[GIN-debug] GET    /api/v1/alarms            --> git.hyhy.fun/rsplab/iolink/internal/appapi.(*Server).listAlarms-fm (3 handlers)
[GIN-debug] GET    /api/v1/stats/summary     --> git.hyhy.fun/rsplab/iolink/internal/appapi.(*Server).statsSummary-fm (3 handlers)
[GIN-debug] POST   /api/v1/alarms/:id/confirm --> git.hyhy.fun/rsplab/iolink/internal/appapi.(*Server).confirmAlarm-fm (3 handlers)
[GIN-debug] POST   /api/v2/devices/:device_no/telemetry --> git.hyhy.fun/rsplab/iolink/internal/appapi.(*Server).submitTelemetryV2-fm (3 handlers)
[GIN-debug] GET    /api/v2/devices/:device_no/model/latest --> git.hyhy.fun/rsplab/iolink/internal/appapi.(*Server).modelLatestV2-fm (3 handlers)
[GIN-debug] GET    /api/v2/devices/:device_no/history --> git.hyhy.fun/rsplab/iolink/internal/appapi.(*Server).telemetryHistoryV2-fm (3 handlers)
    telemetry_version_revocation_http_test.go:50: revoked_after_authentication=true status=403 unchanged=true response={"error":"forbidden"}
--- PASS: TestM6bTelemetryRejectsVersionRevocationAfterAuthentication (0.33s)
=== RUN   TestAppResourceScopeWhenTenantManagerRoleRevoked
    app_resource_scope_test.go:62: environment real_timescaledb=2.30.0
    app_resource_scope_test.go:74: scenario=manager_role_revoked error=not found before={"alarms": [], "outbox": [], "shadows": [], "telemetry": [], "sensor_data": []} after={"alarms": [], "outbox": [], "shadows": [], "telemetry": [], "sensor_data": []}
--- PASS: TestAppResourceScopeWhenTenantManagerRoleRevoked (0.33s)
=== RUN   TestAppAlarmBatchConfirmAllowsTenantManagerWithoutFarmAssignment
=== RUN   TestAppAlarmBatchConfirmAllowsTenantManagerWithoutFarmAssignment/owner
    app_resource_scope_test.go:146: environment real_timescaledb=2.30.0
    app_resource_scope_test.go:174: scenario=batch_confirm_manager_owner confirmed=2 error=<nil> before={"alarms": [{"id": 1, "level": "warning", "metric": "temperature", "message": "temperature 高于阈值 20", "pond_id": 9401, "device_no": "v2-permission", "threshold": 20, "created_at": "2026-10-04T09:49:20.388044+00:00", "product_id": 1, "confirmed_at": null, "current_value": 25}, {"id": 2, "level": "warning", "metric": "temperature", "message": "temperature 高于阈值 20", "pond_id": 9403, "device_no": "v2-hidden", "threshold": 20, "created_at": "2026-10-04T09:49:20.396768+00:00", "product_id": 1, "confirmed_at": null, "current_value": 25}], "outbox": [{"id": 1, "status": "pending", "next_at": "2026-10-04T09:50:20.388086+00:00", "alarm_id": 1, "attempts": 0, "created_at": "2026-10-04T09:50:20.388086+00:00", "last_error": null, "updated_at": "2026-10-04T09:50:20.388086+00:00", "lease_owner": null, "leased_until": null, "recipient_open_id": null}, {"id": 2, "status": "pending", "next_at": "2026-10-04T09:50:20.396834+00:00", "alarm_id": 2, "attempts": 0, "created_at": "2026-10-04T09:50:20.396834+00:00", "last_error": null, "updated_at": "2026-10-04T09:50:20.396834+00:00", "lease_owner": null, "leased_until": null, "recipient_open_id": null}], "shadows": [{"ts": "2026-10-04T09:49:20.396768+00:00", "last": {"temperature": 25}, "signal": null, "pond_id": 9403, "device_no": "v2-hidden", "tenant_id": 9401, "product_id": 1, "timestamps": {"temperature": "2026-10-04T09:49:20.396768069Z"}, "model_version": 1}, {"ts": "2026-10-04T09:49:20.388044+00:00", "last": {"temperature": 25}, "signal": null, "pond_id": 9401, "device_no": "v2-permission", "tenant_id": 9401, "product_id": 1, "timestamps": {"temperature": "2026-10-04T09:49:20.388044963Z"}, "model_version": 1}], "telemetry": [{"ts": "2026-10-04T09:49:20.388044+00:00", "pond_id": 9401, "device_no": "v2-permission", "tenant_id": 9401, "product_id": 1, "properties": {"temperature": 25}, "model_version": 1}, {"ts": "2026-10-04T09:49:20.396768+00:00", "pond_id": 9403, "device_no": "v2-hidden", "tenant_id": 9401, "product_id": 1, "properties": {"temperature": 25}, "model_version": 1}], "sensor_data": [{"ph": null, "ts": "2026-10-04T09:49:20.388044+00:00", "signal": null, "battery": null, "pond_id": 9401, "salinity": null, "device_no": "v2-permission", "tenant_id": 9401, "turbidity": null, "temperature": 25, "dissolved_oxygen": null}, {"ph": null, "ts": "2026-10-04T09:49:20.396768+00:00", "signal": null, "battery": null, "pond_id": 9403, "salinity": null, "device_no": "v2-hidden", "tenant_id": 9401, "turbidity": null, "temperature": 25, "dissolved_oxygen": null}]} after={"alarms": [{"id": 1, "level": "warning", "metric": "temperature", "message": "temperature 高于阈值 20", "pond_id": 9401, "device_no": "v2-permission", "threshold": 20, "created_at": "2026-10-04T09:49:20.388044+00:00", "product_id": 1, "confirmed_at": "2026-10-04T09:50:20.404206+00:00", "current_value": 25}, {"id": 2, "level": "warning", "metric": "temperature", "message": "temperature 高于阈值 20", "pond_id": 9403, "device_no": "v2-hidden", "threshold": 20, "created_at": "2026-10-04T09:49:20.396768+00:00", "product_id": 1, "confirmed_at": "2026-10-04T09:50:20.404206+00:00", "current_value": 25}], "outbox": [{"id": 1, "status": "pending", "next_at": "2026-10-04T09:50:20.388086+00:00", "alarm_id": 1, "attempts": 0, "created_at": "2026-10-04T09:50:20.388086+00:00", "last_error": null, "updated_at": "2026-10-04T09:50:20.388086+00:00", "lease_owner": null, "leased_until": null, "recipient_open_id": null}, {"id": 2, "status": "pending", "next_at": "2026-10-04T09:50:20.396834+00:00", "alarm_id": 2, "attempts": 0, "created_at": "2026-10-04T09:50:20.396834+00:00", "last_error": null, "updated_at": "2026-10-04T09:50:20.396834+00:00", "lease_owner": null, "leased_until": null, "recipient_open_id": null}], "shadows": [{"ts": "2026-10-04T09:49:20.396768+00:00", "last": {"temperature": 25}, "signal": null, "pond_id": 9403, "device_no": "v2-hidden", "tenant_id": 9401, "product_id": 1, "timestamps": {"temperature": "2026-10-04T09:49:20.396768069Z"}, "model_version": 1}, {"ts": "2026-10-04T09:49:20.388044+00:00", "last": {"temperature": 25}, "signal": null, "pond_id": 9401, "device_no": "v2-permission", "tenant_id": 9401, "product_id": 1, "timestamps": {"temperature": "2026-10-04T09:49:20.388044963Z"}, "model_version": 1}], "telemetry": [{"ts": "2026-10-04T09:49:20.388044+00:00", "pond_id": 9401, "device_no": "v2-permission", "tenant_id": 9401, "product_id": 1, "properties": {"temperature": 25}, "model_version": 1}, {"ts": "2026-10-04T09:49:20.396768+00:00", "pond_id": 9403, "device_no": "v2-hidden", "tenant_id": 9401, "product_id": 1, "properties": {"temperature": 25}, "model_version": 1}], "sensor_data": [{"ph": null, "ts": "2026-10-04T09:49:20.388044+00:00", "signal": null, "battery": null, "pond_id": 9401, "salinity": null, "device_no": "v2-permission", "tenant_id": 9401, "turbidity": null, "temperature": 25, "dissolved_oxygen": null}, {"ph": null, "ts": "2026-10-04T09:49:20.396768+00:00", "signal": null, "battery": null, "pond_id": 9403, "salinity": null, "device_no": "v2-hidden", "tenant_id": 9401, "turbidity": null, "temperature": 25, "dissolved_oxygen": null}]}
=== RUN   TestAppAlarmBatchConfirmAllowsTenantManagerWithoutFarmAssignment/admin
    app_resource_scope_test.go:146: environment real_timescaledb=2.30.0
    app_resource_scope_test.go:174: scenario=batch_confirm_manager_admin confirmed=2 error=<nil> before={"alarms": [{"id": 1, "level": "warning", "metric": "temperature", "message": "temperature 高于阈值 20", "pond_id": 9401, "device_no": "v2-permission", "threshold": 20, "created_at": "2026-10-04T09:49:20.725107+00:00", "product_id": 1, "confirmed_at": null, "current_value": 25}, {"id": 2, "level": "warning", "metric": "temperature", "message": "temperature 高于阈值 20", "pond_id": 9403, "device_no": "v2-hidden", "threshold": 20, "created_at": "2026-10-04T09:49:20.733251+00:00", "product_id": 1, "confirmed_at": null, "current_value": 25}], "outbox": [{"id": 1, "status": "pending", "next_at": "2026-10-04T09:50:20.725138+00:00", "alarm_id": 1, "attempts": 0, "created_at": "2026-10-04T09:50:20.725138+00:00", "last_error": null, "updated_at": "2026-10-04T09:50:20.725138+00:00", "lease_owner": null, "leased_until": null, "recipient_open_id": null}, {"id": 2, "status": "pending", "next_at": "2026-10-04T09:50:20.7333+00:00", "alarm_id": 2, "attempts": 0, "created_at": "2026-10-04T09:50:20.7333+00:00", "last_error": null, "updated_at": "2026-10-04T09:50:20.7333+00:00", "lease_owner": null, "leased_until": null, "recipient_open_id": null}], "shadows": [{"ts": "2026-10-04T09:49:20.733251+00:00", "last": {"temperature": 25}, "signal": null, "pond_id": 9403, "device_no": "v2-hidden", "tenant_id": 9401, "product_id": 1, "timestamps": {"temperature": "2026-10-04T09:49:20.733251423Z"}, "model_version": 1}, {"ts": "2026-10-04T09:49:20.725107+00:00", "last": {"temperature": 25}, "signal": null, "pond_id": 9401, "device_no": "v2-permission", "tenant_id": 9401, "product_id": 1, "timestamps": {"temperature": "2026-10-04T09:49:20.7251077Z"}, "model_version": 1}], "telemetry": [{"ts": "2026-10-04T09:49:20.725107+00:00", "pond_id": 9401, "device_no": "v2-permission", "tenant_id": 9401, "product_id": 1, "properties": {"temperature": 25}, "model_version": 1}, {"ts": "2026-10-04T09:49:20.733251+00:00", "pond_id": 9403, "device_no": "v2-hidden", "tenant_id": 9401, "product_id": 1, "properties": {"temperature": 25}, "model_version": 1}], "sensor_data": [{"ph": null, "ts": "2026-10-04T09:49:20.725107+00:00", "signal": null, "battery": null, "pond_id": 9401, "salinity": null, "device_no": "v2-permission", "tenant_id": 9401, "turbidity": null, "temperature": 25, "dissolved_oxygen": null}, {"ph": null, "ts": "2026-10-04T09:49:20.733251+00:00", "signal": null, "battery": null, "pond_id": 9403, "salinity": null, "device_no": "v2-hidden", "tenant_id": 9401, "turbidity": null, "temperature": 25, "dissolved_oxygen": null}]} after={"alarms": [{"id": 1, "level": "warning", "metric": "temperature", "message": "temperature 高于阈值 20", "pond_id": 9401, "device_no": "v2-permission", "threshold": 20, "created_at": "2026-10-04T09:49:20.725107+00:00", "product_id": 1, "confirmed_at": "2026-10-04T09:50:20.740356+00:00", "current_value": 25}, {"id": 2, "level": "warning", "metric": "temperature", "message": "temperature 高于阈值 20", "pond_id": 9403, "device_no": "v2-hidden", "threshold": 20, "created_at": "2026-10-04T09:49:20.733251+00:00", "product_id": 1, "confirmed_at": "2026-10-04T09:50:20.740356+00:00", "current_value": 25}], "outbox": [{"id": 1, "status": "pending", "next_at": "2026-10-04T09:50:20.725138+00:00", "alarm_id": 1, "attempts": 0, "created_at": "2026-10-04T09:50:20.725138+00:00", "last_error": null, "updated_at": "2026-10-04T09:50:20.725138+00:00", "lease_owner": null, "leased_until": null, "recipient_open_id": null}, {"id": 2, "status": "pending", "next_at": "2026-10-04T09:50:20.7333+00:00", "alarm_id": 2, "attempts": 0, "created_at": "2026-10-04T09:50:20.7333+00:00", "last_error": null, "updated_at": "2026-10-04T09:50:20.7333+00:00", "lease_owner": null, "leased_until": null, "recipient_open_id": null}], "shadows": [{"ts": "2026-10-04T09:49:20.733251+00:00", "last": {"temperature": 25}, "signal": null, "pond_id": 9403, "device_no": "v2-hidden", "tenant_id": 9401, "product_id": 1, "timestamps": {"temperature": "2026-10-04T09:49:20.733251423Z"}, "model_version": 1}, {"ts": "2026-10-04T09:49:20.725107+00:00", "last": {"temperature": 25}, "signal": null, "pond_id": 9401, "device_no": "v2-permission", "tenant_id": 9401, "product_id": 1, "timestamps": {"temperature": "2026-10-04T09:49:20.7251077Z"}, "model_version": 1}], "telemetry": [{"ts": "2026-10-04T09:49:20.725107+00:00", "pond_id": 9401, "device_no": "v2-permission", "tenant_id": 9401, "product_id": 1, "properties": {"temperature": 25}, "model_version": 1}, {"ts": "2026-10-04T09:49:20.733251+00:00", "pond_id": 9403, "device_no": "v2-hidden", "tenant_id": 9401, "product_id": 1, "properties": {"temperature": 25}, "model_version": 1}], "sensor_data": [{"ph": null, "ts": "2026-10-04T09:49:20.725107+00:00", "signal": null, "battery": null, "pond_id": 9401, "salinity": null, "device_no": "v2-permission", "tenant_id": 9401, "turbidity": null, "temperature": 25, "dissolved_oxygen": null}, {"ph": null, "ts": "2026-10-04T09:49:20.733251+00:00", "signal": null, "battery": null, "pond_id": 9403, "salinity": null, "device_no": "v2-hidden", "tenant_id": 9401, "turbidity": null, "temperature": 25, "dissolved_oxygen": null}]}
--- PASS: TestAppAlarmBatchConfirmAllowsTenantManagerWithoutFarmAssignment (0.70s)
    --- PASS: TestAppAlarmBatchConfirmAllowsTenantManagerWithoutFarmAssignment/owner (0.36s)
    --- PASS: TestAppAlarmBatchConfirmAllowsTenantManagerWithoutFarmAssignment/admin (0.34s)
=== RUN   TestAppResourceScopeWhenManagerContextIsForged
=== RUN   TestAppResourceScopeWhenManagerContextIsForged/actor
    app_resource_scope_test.go:84: environment real_timescaledb=2.30.0
    app_resource_scope_test.go:107: scenario=manager_actor error=not found
=== RUN   TestAppResourceScopeWhenManagerContextIsForged/role
    app_resource_scope_test.go:84: environment real_timescaledb=2.30.0
    app_resource_scope_test.go:107: scenario=manager_role error=not found
=== RUN   TestAppResourceScopeWhenManagerContextIsForged/membership
    app_resource_scope_test.go:84: environment real_timescaledb=2.30.0
    app_resource_scope_test.go:107: scenario=manager_membership error=not found
=== RUN   TestAppResourceScopeWhenManagerContextIsForged/platform_authority
    app_resource_scope_test.go:84: environment real_timescaledb=2.30.0
    app_resource_scope_test.go:107: scenario=manager_platform_authority error=not found
=== RUN   TestAppResourceScopeWhenManagerContextIsForged/missing_actor
    app_resource_scope_test.go:84: environment real_timescaledb=2.30.0
    app_resource_scope_test.go:107: scenario=manager_missing_actor error=not found
--- PASS: TestAppResourceScopeWhenManagerContextIsForged (1.63s)
    --- PASS: TestAppResourceScopeWhenManagerContextIsForged/actor (0.32s)
    --- PASS: TestAppResourceScopeWhenManagerContextIsForged/role (0.32s)
    --- PASS: TestAppResourceScopeWhenManagerContextIsForged/membership (0.33s)
    --- PASS: TestAppResourceScopeWhenManagerContextIsForged/platform_authority (0.32s)
    --- PASS: TestAppResourceScopeWhenManagerContextIsForged/missing_actor (0.33s)
=== RUN   TestM6bEnsurePlatformUserDoesNotCreateOrdinaryMembership
--- PASS: TestM6bEnsurePlatformUserDoesNotCreateOrdinaryMembership (0.32s)
=== RUN   TestAppAlarmConfirmDeniedWhenLiveRoleCannotConfirm
=== RUN   TestAppAlarmConfirmDeniedWhenLiveRoleCannotConfirm/viewer
    app_resource_scope_test.go:119: environment real_timescaledb=2.30.0
    app_resource_scope_test.go:134: scenario=confirm_viewer error=not found before={"alarms": [{"id": 1, "level": "warning", "metric": "temperature", "message": "temperature 高于阈值 20", "pond_id": 9401, "device_no": "v2-permission", "threshold": 20, "created_at": "2026-10-04T09:49:23.005292+00:00", "product_id": 1, "confirmed_at": null, "current_value": 25}, {"id": 2, "level": "warning", "metric": "temperature", "message": "temperature 高于阈值 20", "pond_id": 9403, "device_no": "v2-hidden", "threshold": 20, "created_at": "2026-10-04T09:49:23.013629+00:00", "product_id": 1, "confirmed_at": null, "current_value": 25}], "outbox": [{"id": 1, "status": "pending", "next_at": "2026-10-04T09:50:23.005323+00:00", "alarm_id": 1, "attempts": 0, "created_at": "2026-10-04T09:50:23.005323+00:00", "last_error": null, "updated_at": "2026-10-04T09:50:23.005323+00:00", "lease_owner": null, "leased_until": null, "recipient_open_id": null}, {"id": 2, "status": "pending", "next_at": "2026-10-04T09:50:23.013661+00:00", "alarm_id": 2, "attempts": 0, "created_at": "2026-10-04T09:50:23.013661+00:00", "last_error": null, "updated_at": "2026-10-04T09:50:23.013661+00:00", "lease_owner": null, "leased_until": null, "recipient_open_id": null}], "shadows": [{"ts": "2026-10-04T09:49:23.013629+00:00", "last": {"temperature": 25}, "signal": null, "pond_id": 9403, "device_no": "v2-hidden", "tenant_id": 9401, "product_id": 1, "timestamps": {"temperature": "2026-10-04T09:49:23.013629802Z"}, "model_version": 1}, {"ts": "2026-10-04T09:49:23.005292+00:00", "last": {"temperature": 25}, "signal": null, "pond_id": 9401, "device_no": "v2-permission", "tenant_id": 9401, "product_id": 1, "timestamps": {"temperature": "2026-10-04T09:49:23.005292614Z"}, "model_version": 1}], "telemetry": [{"ts": "2026-10-04T09:49:23.005292+00:00", "pond_id": 9401, "device_no": "v2-permission", "tenant_id": 9401, "product_id": 1, "properties": {"temperature": 25}, "model_version": 1}, {"ts": "2026-10-04T09:49:23.013629+00:00", "pond_id": 9403, "device_no": "v2-hidden", "tenant_id": 9401, "product_id": 1, "properties": {"temperature": 25}, "model_version": 1}], "sensor_data": [{"ph": null, "ts": "2026-10-04T09:49:23.005292+00:00", "signal": null, "battery": null, "pond_id": 9401, "salinity": null, "device_no": "v2-permission", "tenant_id": 9401, "turbidity": null, "temperature": 25, "dissolved_oxygen": null}, {"ph": null, "ts": "2026-10-04T09:49:23.013629+00:00", "signal": null, "battery": null, "pond_id": 9403, "salinity": null, "device_no": "v2-hidden", "tenant_id": 9401, "turbidity": null, "temperature": 25, "dissolved_oxygen": null}]} after={"alarms": [{"id": 1, "level": "warning", "metric": "temperature", "message": "temperature 高于阈值 20", "pond_id": 9401, "device_no": "v2-permission", "threshold": 20, "created_at": "2026-10-04T09:49:23.005292+00:00", "product_id": 1, "confirmed_at": null, "current_value": 25}, {"id": 2, "level": "warning", "metric": "temperature", "message": "temperature 高于阈值 20", "pond_id": 9403, "device_no": "v2-hidden", "threshold": 20, "created_at": "2026-10-04T09:49:23.013629+00:00", "product_id": 1, "confirmed_at": null, "current_value": 25}], "outbox": [{"id": 1, "status": "pending", "next_at": "2026-10-04T09:50:23.005323+00:00", "alarm_id": 1, "attempts": 0, "created_at": "2026-10-04T09:50:23.005323+00:00", "last_error": null, "updated_at": "2026-10-04T09:50:23.005323+00:00", "lease_owner": null, "leased_until": null, "recipient_open_id": null}, {"id": 2, "status": "pending", "next_at": "2026-10-04T09:50:23.013661+00:00", "alarm_id": 2, "attempts": 0, "created_at": "2026-10-04T09:50:23.013661+00:00", "last_error": null, "updated_at": "2026-10-04T09:50:23.013661+00:00", "lease_owner": null, "leased_until": null, "recipient_open_id": null}], "shadows": [{"ts": "2026-10-04T09:49:23.013629+00:00", "last": {"temperature": 25}, "signal": null, "pond_id": 9403, "device_no": "v2-hidden", "tenant_id": 9401, "product_id": 1, "timestamps": {"temperature": "2026-10-04T09:49:23.013629802Z"}, "model_version": 1}, {"ts": "2026-10-04T09:49:23.005292+00:00", "last": {"temperature": 25}, "signal": null, "pond_id": 9401, "device_no": "v2-permission", "tenant_id": 9401, "product_id": 1, "timestamps": {"temperature": "2026-10-04T09:49:23.005292614Z"}, "model_version": 1}], "telemetry": [{"ts": "2026-10-04T09:49:23.005292+00:00", "pond_id": 9401, "device_no": "v2-permission", "tenant_id": 9401, "product_id": 1, "properties": {"temperature": 25}, "model_version": 1}, {"ts": "2026-10-04T09:49:23.013629+00:00", "pond_id": 9403, "device_no": "v2-hidden", "tenant_id": 9401, "product_id": 1, "properties": {"temperature": 25}, "model_version": 1}], "sensor_data": [{"ph": null, "ts": "2026-10-04T09:49:23.005292+00:00", "signal": null, "battery": null, "pond_id": 9401, "salinity": null, "device_no": "v2-permission", "tenant_id": 9401, "turbidity": null, "temperature": 25, "dissolved_oxygen": null}, {"ph": null, "ts": "2026-10-04T09:49:23.013629+00:00", "signal": null, "battery": null, "pond_id": 9403, "salinity": null, "device_no": "v2-hidden", "tenant_id": 9401, "turbidity": null, "temperature": 25, "dissolved_oxygen": null}]}
=== RUN   TestAppAlarmConfirmDeniedWhenLiveRoleCannotConfirm/revoked_admin
    app_resource_scope_test.go:119: environment real_timescaledb=2.30.0
    app_resource_scope_test.go:134: scenario=confirm_revoked_admin error=not found before={"alarms": [{"id": 1, "level": "warning", "metric": "temperature", "message": "temperature 高于阈值 20", "pond_id": 9401, "device_no": "v2-permission", "threshold": 20, "created_at": "2026-10-04T09:49:23.352172+00:00", "product_id": 1, "confirmed_at": null, "current_value": 25}, {"id": 2, "level": "warning", "metric": "temperature", "message": "temperature 高于阈值 20", "pond_id": 9403, "device_no": "v2-hidden", "threshold": 20, "created_at": "2026-10-04T09:49:23.360614+00:00", "product_id": 1, "confirmed_at": null, "current_value": 25}], "outbox": [{"id": 1, "status": "pending", "next_at": "2026-10-04T09:50:23.352209+00:00", "alarm_id": 1, "attempts": 0, "created_at": "2026-10-04T09:50:23.352209+00:00", "last_error": null, "updated_at": "2026-10-04T09:50:23.352209+00:00", "lease_owner": null, "leased_until": null, "recipient_open_id": null}, {"id": 2, "status": "pending", "next_at": "2026-10-04T09:50:23.360643+00:00", "alarm_id": 2, "attempts": 0, "created_at": "2026-10-04T09:50:23.360643+00:00", "last_error": null, "updated_at": "2026-10-04T09:50:23.360643+00:00", "lease_owner": null, "leased_until": null, "recipient_open_id": null}], "shadows": [{"ts": "2026-10-04T09:49:23.360614+00:00", "last": {"temperature": 25}, "signal": null, "pond_id": 9403, "device_no": "v2-hidden", "tenant_id": 9401, "product_id": 1, "timestamps": {"temperature": "2026-10-04T09:49:23.360614084Z"}, "model_version": 1}, {"ts": "2026-10-04T09:49:23.352172+00:00", "last": {"temperature": 25}, "signal": null, "pond_id": 9401, "device_no": "v2-permission", "tenant_id": 9401, "product_id": 1, "timestamps": {"temperature": "2026-10-04T09:49:23.352172449Z"}, "model_version": 1}], "telemetry": [{"ts": "2026-10-04T09:49:23.352172+00:00", "pond_id": 9401, "device_no": "v2-permission", "tenant_id": 9401, "product_id": 1, "properties": {"temperature": 25}, "model_version": 1}, {"ts": "2026-10-04T09:49:23.360614+00:00", "pond_id": 9403, "device_no": "v2-hidden", "tenant_id": 9401, "product_id": 1, "properties": {"temperature": 25}, "model_version": 1}], "sensor_data": [{"ph": null, "ts": "2026-10-04T09:49:23.352172+00:00", "signal": null, "battery": null, "pond_id": 9401, "salinity": null, "device_no": "v2-permission", "tenant_id": 9401, "turbidity": null, "temperature": 25, "dissolved_oxygen": null}, {"ph": null, "ts": "2026-10-04T09:49:23.360614+00:00", "signal": null, "battery": null, "pond_id": 9403, "salinity": null, "device_no": "v2-hidden", "tenant_id": 9401, "turbidity": null, "temperature": 25, "dissolved_oxygen": null}]} after={"alarms": [{"id": 1, "level": "warning", "metric": "temperature", "message": "temperature 高于阈值 20", "pond_id": 9401, "device_no": "v2-permission", "threshold": 20, "created_at": "2026-10-04T09:49:23.352172+00:00", "product_id": 1, "confirmed_at": null, "current_value": 25}, {"id": 2, "level": "warning", "metric": "temperature", "message": "temperature 高于阈值 20", "pond_id": 9403, "device_no": "v2-hidden", "threshold": 20, "created_at": "2026-10-04T09:49:23.360614+00:00", "product_id": 1, "confirmed_at": null, "current_value": 25}], "outbox": [{"id": 1, "status": "pending", "next_at": "2026-10-04T09:50:23.352209+00:00", "alarm_id": 1, "attempts": 0, "created_at": "2026-10-04T09:50:23.352209+00:00", "last_error": null, "updated_at": "2026-10-04T09:50:23.352209+00:00", "lease_owner": null, "leased_until": null, "recipient_open_id": null}, {"id": 2, "status": "pending", "next_at": "2026-10-04T09:50:23.360643+00:00", "alarm_id": 2, "attempts": 0, "created_at": "2026-10-04T09:50:23.360643+00:00", "last_error": null, "updated_at": "2026-10-04T09:50:23.360643+00:00", "lease_owner": null, "leased_until": null, "recipient_open_id": null}], "shadows": [{"ts": "2026-10-04T09:49:23.360614+00:00", "last": {"temperature": 25}, "signal": null, "pond_id": 9403, "device_no": "v2-hidden", "tenant_id": 9401, "product_id": 1, "timestamps": {"temperature": "2026-10-04T09:49:23.360614084Z"}, "model_version": 1}, {"ts": "2026-10-04T09:49:23.352172+00:00", "last": {"temperature": 25}, "signal": null, "pond_id": 9401, "device_no": "v2-permission", "tenant_id": 9401, "product_id": 1, "timestamps": {"temperature": "2026-10-04T09:49:23.352172449Z"}, "model_version": 1}], "telemetry": [{"ts": "2026-10-04T09:49:23.352172+00:00", "pond_id": 9401, "device_no": "v2-permission", "tenant_id": 9401, "product_id": 1, "properties": {"temperature": 25}, "model_version": 1}, {"ts": "2026-10-04T09:49:23.360614+00:00", "pond_id": 9403, "device_no": "v2-hidden", "tenant_id": 9401, "product_id": 1, "properties": {"temperature": 25}, "model_version": 1}], "sensor_data": [{"ph": null, "ts": "2026-10-04T09:49:23.352172+00:00", "signal": null, "battery": null, "pond_id": 9401, "salinity": null, "device_no": "v2-permission", "tenant_id": 9401, "turbidity": null, "temperature": 25, "dissolved_oxygen": null}, {"ph": null, "ts": "2026-10-04T09:49:23.360614+00:00", "signal": null, "battery": null, "pond_id": 9403, "salinity": null, "device_no": "v2-hidden", "tenant_id": 9401, "turbidity": null, "temperature": 25, "dissolved_oxygen": null}]}
--- PASS: TestAppAlarmConfirmDeniedWhenLiveRoleCannotConfirm (0.68s)
    --- PASS: TestAppAlarmConfirmDeniedWhenLiveRoleCannotConfirm/viewer (0.33s)
    --- PASS: TestAppAlarmConfirmDeniedWhenLiveRoleCannotConfirm/revoked_admin (0.35s)
=== RUN   TestM6bProductWritesRejectRevocationAfterMiddleware
=== RUN   TestM6bProductWritesRejectRevocationAfterMiddleware/create_product/role
    product_revocation_http_test.go:39: environment real_timescaledb=2.30.0
[GIN-debug] [WARNING] Running in "debug" mode. Switch to "release" mode in production.
 - using env:	export GIN_MODE=release
 - using code:	gin.SetMode(gin.ReleaseMode)

[GIN-debug] POST   /admin/v1/login           --> git.hyhy.fun/rsplab/iolink/internal/adminapi.(*Server).login-fm (2 handlers)
[GIN-debug] GET    /admin/v1/tenants         --> git.hyhy.fun/rsplab/iolink/internal/adminapi.(*Server).listTenants-fm (3 handlers)
[GIN-debug] PUT    /admin/v1/tenants/:id/status --> git.hyhy.fun/rsplab/iolink/internal/adminapi.(*Server).setTenantStatus-fm (3 handlers)
[GIN-debug] GET    /admin/v1/tenants/:id/members --> git.hyhy.fun/rsplab/iolink/internal/adminapi.(*Server).listTenantMembers-fm (3 handlers)
[GIN-debug] PUT    /admin/v1/tenants/:id/members/:user_id --> git.hyhy.fun/rsplab/iolink/internal/adminapi.(*Server).setTenantMember-fm (3 handlers)
[GIN-debug] POST   /admin/v1/password        --> git.hyhy.fun/rsplab/iolink/internal/adminapi.(*Server).changePassword-fm (3 handlers)
[GIN-debug] GET    /admin/v1/farms           --> git.hyhy.fun/rsplab/iolink/internal/adminapi.(*Server).listFarms-fm (4 handlers)
[GIN-debug] POST   /admin/v1/farms           --> git.hyhy.fun/rsplab/iolink/internal/adminapi.(*Server).createFarm-fm (4 handlers)
[GIN-debug] GET    /admin/v1/users           --> git.hyhy.fun/rsplab/iolink/internal/adminapi.(*Server).listUsers-fm (4 handlers)
[GIN-debug] PUT    /admin/v1/farms/:id       --> git.hyhy.fun/rsplab/iolink/internal/adminapi.(*Server).updateFarm-fm (4 handlers)
[GIN-debug] DELETE /admin/v1/farms/:id       --> git.hyhy.fun/rsplab/iolink/internal/adminapi.(*Server).deleteFarm-fm (4 handlers)
[GIN-debug] PUT    /admin/v1/farms/:id/owner --> git.hyhy.fun/rsplab/iolink/internal/adminapi.(*Server).setFarmOwner-fm (4 handlers)
[GIN-debug] GET    /admin/v1/farms/:id/members --> git.hyhy.fun/rsplab/iolink/internal/adminapi.(*Server).listFarmMembers-fm (4 handlers)
[GIN-debug] PUT    /admin/v1/farms/:id/members/:user_id --> git.hyhy.fun/rsplab/iolink/internal/adminapi.(*Server).setFarmMember-fm (4 handlers)
[GIN-debug] GET    /admin/v1/ponds           --> git.hyhy.fun/rsplab/iolink/internal/adminapi.(*Server).listPonds-fm (4 handlers)
[GIN-debug] POST   /admin/v1/ponds           --> git.hyhy.fun/rsplab/iolink/internal/adminapi.(*Server).createPond-fm (4 handlers)
[GIN-debug] PUT    /admin/v1/ponds/:id       --> git.hyhy.fun/rsplab/iolink/internal/adminapi.(*Server).updatePond-fm (4 handlers)
[GIN-debug] DELETE /admin/v1/ponds/:id       --> git.hyhy.fun/rsplab/iolink/internal/adminapi.(*Server).deletePond-fm (4 handlers)
[GIN-debug] GET    /admin/v1/devices         --> git.hyhy.fun/rsplab/iolink/internal/adminapi.(*Server).listDevices-fm (4 handlers)
[GIN-debug] POST   /admin/v1/devices         --> git.hyhy.fun/rsplab/iolink/internal/adminapi.(*Server).registerDevice-fm (4 handlers)
[GIN-debug] GET    /admin/v1/devices/:device_no --> git.hyhy.fun/rsplab/iolink/internal/adminapi.(*Server).getDevice-fm (4 handlers)
[GIN-debug] DELETE /admin/v1/devices/:device_no --> git.hyhy.fun/rsplab/iolink/internal/adminapi.(*Server).deleteDevice-fm (4 handlers)
[GIN-debug] PUT    /admin/v1/devices/:device_no/pond --> git.hyhy.fun/rsplab/iolink/internal/adminapi.(*Server).moveDevice-fm (4 handlers)
[GIN-debug] GET    /admin/v1/alarm-rules     --> git.hyhy.fun/rsplab/iolink/internal/adminapi.(*Server).listRules-fm (4 handlers)
[GIN-debug] POST   /admin/v1/alarm-rules     --> git.hyhy.fun/rsplab/iolink/internal/adminapi.(*Server).createRule-fm (4 handlers)
[GIN-debug] PUT    /admin/v1/alarm-rules/:id --> git.hyhy.fun/rsplab/iolink/internal/adminapi.(*Server).updateRule-fm (4 handlers)
[GIN-debug] DELETE /admin/v1/alarm-rules/:id --> git.hyhy.fun/rsplab/iolink/internal/adminapi.(*Server).deleteRule-fm (4 handlers)
[GIN-debug] GET    /admin/v1/alarms          --> git.hyhy.fun/rsplab/iolink/internal/adminapi.(*Server).listAlarms-fm (4 handlers)
[GIN-debug] POST   /admin/v1/alarms/:id/confirm --> git.hyhy.fun/rsplab/iolink/internal/adminapi.(*Server).confirmAlarm-fm (4 handlers)
[GIN-debug] POST   /admin/v1/alarms/batch-confirm --> git.hyhy.fun/rsplab/iolink/internal/adminapi.(*Server).batchConfirm-fm (4 handlers)
[GIN-debug] GET    /admin/v1/stats           --> git.hyhy.fun/rsplab/iolink/internal/adminapi.(*Server).stats-fm (4 handlers)
[GIN-debug] GET    /admin/v1/products        --> git.hyhy.fun/rsplab/iolink/internal/adminapi.(*Server).listProducts-fm (4 handlers)
[GIN-debug] POST   /admin/v1/products        --> git.hyhy.fun/rsplab/iolink/internal/adminapi.(*Server).createProduct-fm (4 handlers)
[GIN-debug] GET    /admin/v1/products/:product_id/models --> git.hyhy.fun/rsplab/iolink/internal/adminapi.(*Server).listProductModels-fm (4 handlers)
[GIN-debug] POST   /admin/v1/products/:product_id/models --> git.hyhy.fun/rsplab/iolink/internal/adminapi.(*Server).createProductModel-fm (4 handlers)
[GIN-debug] POST   /admin/v1/products/:product_id/models/:version/publish --> git.hyhy.fun/rsplab/iolink/internal/adminapi.(*Server).publishProductModel-fm (4 handlers)
[GIN-debug] GET    /admin/v1/devices/:device_no/product --> git.hyhy.fun/rsplab/iolink/internal/adminapi.(*Server).getDeviceProduct-fm (4 handlers)
[GIN-debug] PUT    /admin/v1/devices/:device_no/product --> git.hyhy.fun/rsplab/iolink/internal/adminapi.(*Server).assignDeviceProduct-fm (4 handlers)
2026/10/04 17:50:23 INFO http request request_id=X4PCKD5EJ4RQRVVV76P4BK4YXS route=/admin/v1/login method=POST status=200 duration_ms=136 tenant_id=0 actor_id=0
2026/10/04 17:50:23 WARN http request request_id=DSMCVRHNLP6YIZIA57RKV24NRY route=/admin/v1/products method=POST status=403 duration_ms=3 tenant_id=9401 actor_id=9402
    product_revocation_http_test.go:91: http method=POST path=/admin/v1/products status=403 response={"error":"forbidden"}
=== RUN   TestM6bProductWritesRejectRevocationAfterMiddleware/create_product/membership
    product_revocation_http_test.go:39: environment real_timescaledb=2.30.0
[GIN-debug] [WARNING] Running in "debug" mode. Switch to "release" mode in production.
 - using env:	export GIN_MODE=release
 - using code:	gin.SetMode(gin.ReleaseMode)

[GIN-debug] POST   /admin/v1/login           --> git.hyhy.fun/rsplab/iolink/internal/adminapi.(*Server).login-fm (2 handlers)
[GIN-debug] GET    /admin/v1/tenants         --> git.hyhy.fun/rsplab/iolink/internal/adminapi.(*Server).listTenants-fm (3 handlers)
[GIN-debug] PUT    /admin/v1/tenants/:id/status --> git.hyhy.fun/rsplab/iolink/internal/adminapi.(*Server).setTenantStatus-fm (3 handlers)
[GIN-debug] GET    /admin/v1/tenants/:id/members --> git.hyhy.fun/rsplab/iolink/internal/adminapi.(*Server).listTenantMembers-fm (3 handlers)
[GIN-debug] PUT    /admin/v1/tenants/:id/members/:user_id --> git.hyhy.fun/rsplab/iolink/internal/adminapi.(*Server).setTenantMember-fm (3 handlers)
[GIN-debug] POST   /admin/v1/password        --> git.hyhy.fun/rsplab/iolink/internal/adminapi.(*Server).changePassword-fm (3 handlers)
[GIN-debug] GET    /admin/v1/farms           --> git.hyhy.fun/rsplab/iolink/internal/adminapi.(*Server).listFarms-fm (4 handlers)
[GIN-debug] POST   /admin/v1/farms           --> git.hyhy.fun/rsplab/iolink/internal/adminapi.(*Server).createFarm-fm (4 handlers)
[GIN-debug] GET    /admin/v1/users           --> git.hyhy.fun/rsplab/iolink/internal/adminapi.(*Server).listUsers-fm (4 handlers)
[GIN-debug] PUT    /admin/v1/farms/:id       --> git.hyhy.fun/rsplab/iolink/internal/adminapi.(*Server).updateFarm-fm (4 handlers)
[GIN-debug] DELETE /admin/v1/farms/:id       --> git.hyhy.fun/rsplab/iolink/internal/adminapi.(*Server).deleteFarm-fm (4 handlers)
[GIN-debug] PUT    /admin/v1/farms/:id/owner --> git.hyhy.fun/rsplab/iolink/internal/adminapi.(*Server).setFarmOwner-fm (4 handlers)
[GIN-debug] GET    /admin/v1/farms/:id/members --> git.hyhy.fun/rsplab/iolink/internal/adminapi.(*Server).listFarmMembers-fm (4 handlers)
[GIN-debug] PUT    /admin/v1/farms/:id/members/:user_id --> git.hyhy.fun/rsplab/iolink/internal/adminapi.(*Server).setFarmMember-fm (4 handlers)
[GIN-debug] GET    /admin/v1/ponds           --> git.hyhy.fun/rsplab/iolink/internal/adminapi.(*Server).listPonds-fm (4 handlers)
[GIN-debug] POST   /admin/v1/ponds           --> git.hyhy.fun/rsplab/iolink/internal/adminapi.(*Server).createPond-fm (4 handlers)
[GIN-debug] PUT    /admin/v1/ponds/:id       --> git.hyhy.fun/rsplab/iolink/internal/adminapi.(*Server).updatePond-fm (4 handlers)
[GIN-debug] DELETE /admin/v1/ponds/:id       --> git.hyhy.fun/rsplab/iolink/internal/adminapi.(*Server).deletePond-fm (4 handlers)
[GIN-debug] GET    /admin/v1/devices         --> git.hyhy.fun/rsplab/iolink/internal/adminapi.(*Server).listDevices-fm (4 handlers)
[GIN-debug] POST   /admin/v1/devices         --> git.hyhy.fun/rsplab/iolink/internal/adminapi.(*Server).registerDevice-fm (4 handlers)
[GIN-debug] GET    /admin/v1/devices/:device_no --> git.hyhy.fun/rsplab/iolink/internal/adminapi.(*Server).getDevice-fm (4 handlers)
[GIN-debug] DELETE /admin/v1/devices/:device_no --> git.hyhy.fun/rsplab/iolink/internal/adminapi.(*Server).deleteDevice-fm (4 handlers)
[GIN-debug] PUT    /admin/v1/devices/:device_no/pond --> git.hyhy.fun/rsplab/iolink/internal/adminapi.(*Server).moveDevice-fm (4 handlers)
[GIN-debug] GET    /admin/v1/alarm-rules     --> git.hyhy.fun/rsplab/iolink/internal/adminapi.(*Server).listRules-fm (4 handlers)
[GIN-debug] POST   /admin/v1/alarm-rules     --> git.hyhy.fun/rsplab/iolink/internal/adminapi.(*Server).createRule-fm (4 handlers)
[GIN-debug] PUT    /admin/v1/alarm-rules/:id --> git.hyhy.fun/rsplab/iolink/internal/adminapi.(*Server).updateRule-fm (4 handlers)
[GIN-debug] DELETE /admin/v1/alarm-rules/:id --> git.hyhy.fun/rsplab/iolink/internal/adminapi.(*Server).deleteRule-fm (4 handlers)
[GIN-debug] GET    /admin/v1/alarms          --> git.hyhy.fun/rsplab/iolink/internal/adminapi.(*Server).listAlarms-fm (4 handlers)
[GIN-debug] POST   /admin/v1/alarms/:id/confirm --> git.hyhy.fun/rsplab/iolink/internal/adminapi.(*Server).confirmAlarm-fm (4 handlers)
[GIN-debug] POST   /admin/v1/alarms/batch-confirm --> git.hyhy.fun/rsplab/iolink/internal/adminapi.(*Server).batchConfirm-fm (4 handlers)
[GIN-debug] GET    /admin/v1/stats           --> git.hyhy.fun/rsplab/iolink/internal/adminapi.(*Server).stats-fm (4 handlers)
[GIN-debug] GET    /admin/v1/products        --> git.hyhy.fun/rsplab/iolink/internal/adminapi.(*Server).listProducts-fm (4 handlers)
[GIN-debug] POST   /admin/v1/products        --> git.hyhy.fun/rsplab/iolink/internal/adminapi.(*Server).createProduct-fm (4 handlers)
[GIN-debug] GET    /admin/v1/products/:product_id/models --> git.hyhy.fun/rsplab/iolink/internal/adminapi.(*Server).listProductModels-fm (4 handlers)
[GIN-debug] POST   /admin/v1/products/:product_id/models --> git.hyhy.fun/rsplab/iolink/internal/adminapi.(*Server).createProductModel-fm (4 handlers)
[GIN-debug] POST   /admin/v1/products/:product_id/models/:version/publish --> git.hyhy.fun/rsplab/iolink/internal/adminapi.(*Server).publishProductModel-fm (4 handlers)
[GIN-debug] GET    /admin/v1/devices/:device_no/product --> git.hyhy.fun/rsplab/iolink/internal/adminapi.(*Server).getDeviceProduct-fm (4 handlers)
[GIN-debug] PUT    /admin/v1/devices/:device_no/product --> git.hyhy.fun/rsplab/iolink/internal/adminapi.(*Server).assignDeviceProduct-fm (4 handlers)
2026/10/04 17:50:24 INFO http request request_id=CVPDUR7OIXXU7DDJQXTSOBUGFY route=/admin/v1/login method=POST status=200 duration_ms=135 tenant_id=0 actor_id=0
2026/10/04 17:50:24 WARN http request request_id=YFNSVACJNDPWRQPVRCMUYHIDP2 route=/admin/v1/products method=POST status=403 duration_ms=3 tenant_id=9401 actor_id=9402
    product_revocation_http_test.go:91: http method=POST path=/admin/v1/products status=403 response={"error":"forbidden"}
=== RUN   TestM6bProductWritesRejectRevocationAfterMiddleware/create_product/tenant
    product_revocation_http_test.go:39: environment real_timescaledb=2.30.0
[GIN-debug] [WARNING] Running in "debug" mode. Switch to "release" mode in production.
 - using env:	export GIN_MODE=release
 - using code:	gin.SetMode(gin.ReleaseMode)

[GIN-debug] POST   /admin/v1/login           --> git.hyhy.fun/rsplab/iolink/internal/adminapi.(*Server).login-fm (2 handlers)
[GIN-debug] GET    /admin/v1/tenants         --> git.hyhy.fun/rsplab/iolink/internal/adminapi.(*Server).listTenants-fm (3 handlers)
[GIN-debug] PUT    /admin/v1/tenants/:id/status --> git.hyhy.fun/rsplab/iolink/internal/adminapi.(*Server).setTenantStatus-fm (3 handlers)
[GIN-debug] GET    /admin/v1/tenants/:id/members --> git.hyhy.fun/rsplab/iolink/internal/adminapi.(*Server).listTenantMembers-fm (3 handlers)
[GIN-debug] PUT    /admin/v1/tenants/:id/members/:user_id --> git.hyhy.fun/rsplab/iolink/internal/adminapi.(*Server).setTenantMember-fm (3 handlers)
[GIN-debug] POST   /admin/v1/password        --> git.hyhy.fun/rsplab/iolink/internal/adminapi.(*Server).changePassword-fm (3 handlers)
[GIN-debug] GET    /admin/v1/farms           --> git.hyhy.fun/rsplab/iolink/internal/adminapi.(*Server).listFarms-fm (4 handlers)
[GIN-debug] POST   /admin/v1/farms           --> git.hyhy.fun/rsplab/iolink/internal/adminapi.(*Server).createFarm-fm (4 handlers)
[GIN-debug] GET    /admin/v1/users           --> git.hyhy.fun/rsplab/iolink/internal/adminapi.(*Server).listUsers-fm (4 handlers)
[GIN-debug] PUT    /admin/v1/farms/:id       --> git.hyhy.fun/rsplab/iolink/internal/adminapi.(*Server).updateFarm-fm (4 handlers)
[GIN-debug] DELETE /admin/v1/farms/:id       --> git.hyhy.fun/rsplab/iolink/internal/adminapi.(*Server).deleteFarm-fm (4 handlers)
[GIN-debug] PUT    /admin/v1/farms/:id/owner --> git.hyhy.fun/rsplab/iolink/internal/adminapi.(*Server).setFarmOwner-fm (4 handlers)
[GIN-debug] GET    /admin/v1/farms/:id/members --> git.hyhy.fun/rsplab/iolink/internal/adminapi.(*Server).listFarmMembers-fm (4 handlers)
[GIN-debug] PUT    /admin/v1/farms/:id/members/:user_id --> git.hyhy.fun/rsplab/iolink/internal/adminapi.(*Server).setFarmMember-fm (4 handlers)
[GIN-debug] GET    /admin/v1/ponds           --> git.hyhy.fun/rsplab/iolink/internal/adminapi.(*Server).listPonds-fm (4 handlers)
[GIN-debug] POST   /admin/v1/ponds           --> git.hyhy.fun/rsplab/iolink/internal/adminapi.(*Server).createPond-fm (4 handlers)
[GIN-debug] PUT    /admin/v1/ponds/:id       --> git.hyhy.fun/rsplab/iolink/internal/adminapi.(*Server).updatePond-fm (4 handlers)
[GIN-debug] DELETE /admin/v1/ponds/:id       --> git.hyhy.fun/rsplab/iolink/internal/adminapi.(*Server).deletePond-fm (4 handlers)
[GIN-debug] GET    /admin/v1/devices         --> git.hyhy.fun/rsplab/iolink/internal/adminapi.(*Server).listDevices-fm (4 handlers)
[GIN-debug] POST   /admin/v1/devices         --> git.hyhy.fun/rsplab/iolink/internal/adminapi.(*Server).registerDevice-fm (4 handlers)
[GIN-debug] GET    /admin/v1/devices/:device_no --> git.hyhy.fun/rsplab/iolink/internal/adminapi.(*Server).getDevice-fm (4 handlers)
[GIN-debug] DELETE /admin/v1/devices/:device_no --> git.hyhy.fun/rsplab/iolink/internal/adminapi.(*Server).deleteDevice-fm (4 handlers)
[GIN-debug] PUT    /admin/v1/devices/:device_no/pond --> git.hyhy.fun/rsplab/iolink/internal/adminapi.(*Server).moveDevice-fm (4 handlers)
[GIN-debug] GET    /admin/v1/alarm-rules     --> git.hyhy.fun/rsplab/iolink/internal/adminapi.(*Server).listRules-fm (4 handlers)
[GIN-debug] POST   /admin/v1/alarm-rules     --> git.hyhy.fun/rsplab/iolink/internal/adminapi.(*Server).createRule-fm (4 handlers)
[GIN-debug] PUT    /admin/v1/alarm-rules/:id --> git.hyhy.fun/rsplab/iolink/internal/adminapi.(*Server).updateRule-fm (4 handlers)
[GIN-debug] DELETE /admin/v1/alarm-rules/:id --> git.hyhy.fun/rsplab/iolink/internal/adminapi.(*Server).deleteRule-fm (4 handlers)
[GIN-debug] GET    /admin/v1/alarms          --> git.hyhy.fun/rsplab/iolink/internal/adminapi.(*Server).listAlarms-fm (4 handlers)
[GIN-debug] POST   /admin/v1/alarms/:id/confirm --> git.hyhy.fun/rsplab/iolink/internal/adminapi.(*Server).confirmAlarm-fm (4 handlers)
[GIN-debug] POST   /admin/v1/alarms/batch-confirm --> git.hyhy.fun/rsplab/iolink/internal/adminapi.(*Server).batchConfirm-fm (4 handlers)
[GIN-debug] GET    /admin/v1/stats           --> git.hyhy.fun/rsplab/iolink/internal/adminapi.(*Server).stats-fm (4 handlers)
[GIN-debug] GET    /admin/v1/products        --> git.hyhy.fun/rsplab/iolink/internal/adminapi.(*Server).listProducts-fm (4 handlers)
[GIN-debug] POST   /admin/v1/products        --> git.hyhy.fun/rsplab/iolink/internal/adminapi.(*Server).createProduct-fm (4 handlers)
[GIN-debug] GET    /admin/v1/products/:product_id/models --> git.hyhy.fun/rsplab/iolink/internal/adminapi.(*Server).listProductModels-fm (4 handlers)
[GIN-debug] POST   /admin/v1/products/:product_id/models --> git.hyhy.fun/rsplab/iolink/internal/adminapi.(*Server).createProductModel-fm (4 handlers)
[GIN-debug] POST   /admin/v1/products/:product_id/models/:version/publish --> git.hyhy.fun/rsplab/iolink/internal/adminapi.(*Server).publishProductModel-fm (4 handlers)
[GIN-debug] GET    /admin/v1/devices/:device_no/product --> git.hyhy.fun/rsplab/iolink/internal/adminapi.(*Server).getDeviceProduct-fm (4 handlers)
[GIN-debug] PUT    /admin/v1/devices/:device_no/product --> git.hyhy.fun/rsplab/iolink/internal/adminapi.(*Server).assignDeviceProduct-fm (4 handlers)
2026/10/04 17:50:25 INFO http request request_id=7M6KFLJ6QPDWY4HYR6MC32F52S route=/admin/v1/login method=POST status=200 duration_ms=132 tenant_id=0 actor_id=0
2026/10/04 17:50:25 WARN http request request_id=HTP6KA5BIRTVL7IWULW5GOAVSK route=/admin/v1/products method=POST status=403 duration_ms=2 tenant_id=9401 actor_id=9402
    product_revocation_http_test.go:91: http method=POST path=/admin/v1/products status=403 response={"error":"forbidden"}
=== RUN   TestM6bProductWritesRejectRevocationAfterMiddleware/create_product/platform_authority
    product_revocation_http_test.go:39: environment real_timescaledb=2.30.0
[GIN-debug] [WARNING] Running in "debug" mode. Switch to "release" mode in production.
 - using env:	export GIN_MODE=release
 - using code:	gin.SetMode(gin.ReleaseMode)

[GIN-debug] POST   /admin/v1/login           --> git.hyhy.fun/rsplab/iolink/internal/adminapi.(*Server).login-fm (2 handlers)
[GIN-debug] GET    /admin/v1/tenants         --> git.hyhy.fun/rsplab/iolink/internal/adminapi.(*Server).listTenants-fm (3 handlers)
[GIN-debug] PUT    /admin/v1/tenants/:id/status --> git.hyhy.fun/rsplab/iolink/internal/adminapi.(*Server).setTenantStatus-fm (3 handlers)
[GIN-debug] GET    /admin/v1/tenants/:id/members --> git.hyhy.fun/rsplab/iolink/internal/adminapi.(*Server).listTenantMembers-fm (3 handlers)
[GIN-debug] PUT    /admin/v1/tenants/:id/members/:user_id --> git.hyhy.fun/rsplab/iolink/internal/adminapi.(*Server).setTenantMember-fm (3 handlers)
[GIN-debug] POST   /admin/v1/password        --> git.hyhy.fun/rsplab/iolink/internal/adminapi.(*Server).changePassword-fm (3 handlers)
[GIN-debug] GET    /admin/v1/farms           --> git.hyhy.fun/rsplab/iolink/internal/adminapi.(*Server).listFarms-fm (4 handlers)
[GIN-debug] POST   /admin/v1/farms           --> git.hyhy.fun/rsplab/iolink/internal/adminapi.(*Server).createFarm-fm (4 handlers)
[GIN-debug] GET    /admin/v1/users           --> git.hyhy.fun/rsplab/iolink/internal/adminapi.(*Server).listUsers-fm (4 handlers)
[GIN-debug] PUT    /admin/v1/farms/:id       --> git.hyhy.fun/rsplab/iolink/internal/adminapi.(*Server).updateFarm-fm (4 handlers)
[GIN-debug] DELETE /admin/v1/farms/:id       --> git.hyhy.fun/rsplab/iolink/internal/adminapi.(*Server).deleteFarm-fm (4 handlers)
[GIN-debug] PUT    /admin/v1/farms/:id/owner --> git.hyhy.fun/rsplab/iolink/internal/adminapi.(*Server).setFarmOwner-fm (4 handlers)
[GIN-debug] GET    /admin/v1/farms/:id/members --> git.hyhy.fun/rsplab/iolink/internal/adminapi.(*Server).listFarmMembers-fm (4 handlers)
[GIN-debug] PUT    /admin/v1/farms/:id/members/:user_id --> git.hyhy.fun/rsplab/iolink/internal/adminapi.(*Server).setFarmMember-fm (4 handlers)
[GIN-debug] GET    /admin/v1/ponds           --> git.hyhy.fun/rsplab/iolink/internal/adminapi.(*Server).listPonds-fm (4 handlers)
[GIN-debug] POST   /admin/v1/ponds           --> git.hyhy.fun/rsplab/iolink/internal/adminapi.(*Server).createPond-fm (4 handlers)
[GIN-debug] PUT    /admin/v1/ponds/:id       --> git.hyhy.fun/rsplab/iolink/internal/adminapi.(*Server).updatePond-fm (4 handlers)
[GIN-debug] DELETE /admin/v1/ponds/:id       --> git.hyhy.fun/rsplab/iolink/internal/adminapi.(*Server).deletePond-fm (4 handlers)
[GIN-debug] GET    /admin/v1/devices         --> git.hyhy.fun/rsplab/iolink/internal/adminapi.(*Server).listDevices-fm (4 handlers)
[GIN-debug] POST   /admin/v1/devices         --> git.hyhy.fun/rsplab/iolink/internal/adminapi.(*Server).registerDevice-fm (4 handlers)
[GIN-debug] GET    /admin/v1/devices/:device_no --> git.hyhy.fun/rsplab/iolink/internal/adminapi.(*Server).getDevice-fm (4 handlers)
[GIN-debug] DELETE /admin/v1/devices/:device_no --> git.hyhy.fun/rsplab/iolink/internal/adminapi.(*Server).deleteDevice-fm (4 handlers)
[GIN-debug] PUT    /admin/v1/devices/:device_no/pond --> git.hyhy.fun/rsplab/iolink/internal/adminapi.(*Server).moveDevice-fm (4 handlers)
[GIN-debug] GET    /admin/v1/alarm-rules     --> git.hyhy.fun/rsplab/iolink/internal/adminapi.(*Server).listRules-fm (4 handlers)
[GIN-debug] POST   /admin/v1/alarm-rules     --> git.hyhy.fun/rsplab/iolink/internal/adminapi.(*Server).createRule-fm (4 handlers)
[GIN-debug] PUT    /admin/v1/alarm-rules/:id --> git.hyhy.fun/rsplab/iolink/internal/adminapi.(*Server).updateRule-fm (4 handlers)
[GIN-debug] DELETE /admin/v1/alarm-rules/:id --> git.hyhy.fun/rsplab/iolink/internal/adminapi.(*Server).deleteRule-fm (4 handlers)
[GIN-debug] GET    /admin/v1/alarms          --> git.hyhy.fun/rsplab/iolink/internal/adminapi.(*Server).listAlarms-fm (4 handlers)
[GIN-debug] POST   /admin/v1/alarms/:id/confirm --> git.hyhy.fun/rsplab/iolink/internal/adminapi.(*Server).confirmAlarm-fm (4 handlers)
[GIN-debug] POST   /admin/v1/alarms/batch-confirm --> git.hyhy.fun/rsplab/iolink/internal/adminapi.(*Server).batchConfirm-fm (4 handlers)
[GIN-debug] GET    /admin/v1/stats           --> git.hyhy.fun/rsplab/iolink/internal/adminapi.(*Server).stats-fm (4 handlers)
[GIN-debug] GET    /admin/v1/products        --> git.hyhy.fun/rsplab/iolink/internal/adminapi.(*Server).listProducts-fm (4 handlers)
[GIN-debug] POST   /admin/v1/products        --> git.hyhy.fun/rsplab/iolink/internal/adminapi.(*Server).createProduct-fm (4 handlers)
[GIN-debug] GET    /admin/v1/products/:product_id/models --> git.hyhy.fun/rsplab/iolink/internal/adminapi.(*Server).listProductModels-fm (4 handlers)
[GIN-debug] POST   /admin/v1/products/:product_id/models --> git.hyhy.fun/rsplab/iolink/internal/adminapi.(*Server).createProductModel-fm (4 handlers)
[GIN-debug] POST   /admin/v1/products/:product_id/models/:version/publish --> git.hyhy.fun/rsplab/iolink/internal/adminapi.(*Server).publishProductModel-fm (4 handlers)
[GIN-debug] GET    /admin/v1/devices/:device_no/product --> git.hyhy.fun/rsplab/iolink/internal/adminapi.(*Server).getDeviceProduct-fm (4 handlers)
[GIN-debug] PUT    /admin/v1/devices/:device_no/product --> git.hyhy.fun/rsplab/iolink/internal/adminapi.(*Server).assignDeviceProduct-fm (4 handlers)
2026/10/04 17:50:25 INFO http request request_id=OIMZPLZHZBKPY6ZRYXTCQP5Z5G route=/admin/v1/login method=POST status=200 duration_ms=136 tenant_id=0 actor_id=0
2026/10/04 17:50:25 WARN http request request_id=IUYOE3QDSUSRXYH2WZVVSQSBAT route=/admin/v1/products method=POST status=403 duration_ms=3 tenant_id=9401 actor_id=9402
    product_revocation_http_test.go:91: http method=POST path=/admin/v1/products status=403 response={"error":"forbidden"}
=== RUN   TestM6bProductWritesRejectRevocationAfterMiddleware/create_product/permission_version
    product_revocation_http_test.go:39: environment real_timescaledb=2.30.0
[GIN-debug] [WARNING] Running in "debug" mode. Switch to "release" mode in production.
 - using env:	export GIN_MODE=release
 - using code:	gin.SetMode(gin.ReleaseMode)

[GIN-debug] POST   /admin/v1/login           --> git.hyhy.fun/rsplab/iolink/internal/adminapi.(*Server).login-fm (2 handlers)
[GIN-debug] GET    /admin/v1/tenants         --> git.hyhy.fun/rsplab/iolink/internal/adminapi.(*Server).listTenants-fm (3 handlers)
[GIN-debug] PUT    /admin/v1/tenants/:id/status --> git.hyhy.fun/rsplab/iolink/internal/adminapi.(*Server).setTenantStatus-fm (3 handlers)
[GIN-debug] GET    /admin/v1/tenants/:id/members --> git.hyhy.fun/rsplab/iolink/internal/adminapi.(*Server).listTenantMembers-fm (3 handlers)
[GIN-debug] PUT    /admin/v1/tenants/:id/members/:user_id --> git.hyhy.fun/rsplab/iolink/internal/adminapi.(*Server).setTenantMember-fm (3 handlers)
[GIN-debug] POST   /admin/v1/password        --> git.hyhy.fun/rsplab/iolink/internal/adminapi.(*Server).changePassword-fm (3 handlers)
[GIN-debug] GET    /admin/v1/farms           --> git.hyhy.fun/rsplab/iolink/internal/adminapi.(*Server).listFarms-fm (4 handlers)
[GIN-debug] POST   /admin/v1/farms           --> git.hyhy.fun/rsplab/iolink/internal/adminapi.(*Server).createFarm-fm (4 handlers)
[GIN-debug] GET    /admin/v1/users           --> git.hyhy.fun/rsplab/iolink/internal/adminapi.(*Server).listUsers-fm (4 handlers)
[GIN-debug] PUT    /admin/v1/farms/:id       --> git.hyhy.fun/rsplab/iolink/internal/adminapi.(*Server).updateFarm-fm (4 handlers)
[GIN-debug] DELETE /admin/v1/farms/:id       --> git.hyhy.fun/rsplab/iolink/internal/adminapi.(*Server).deleteFarm-fm (4 handlers)
[GIN-debug] PUT    /admin/v1/farms/:id/owner --> git.hyhy.fun/rsplab/iolink/internal/adminapi.(*Server).setFarmOwner-fm (4 handlers)
[GIN-debug] GET    /admin/v1/farms/:id/members --> git.hyhy.fun/rsplab/iolink/internal/adminapi.(*Server).listFarmMembers-fm (4 handlers)
[GIN-debug] PUT    /admin/v1/farms/:id/members/:user_id --> git.hyhy.fun/rsplab/iolink/internal/adminapi.(*Server).setFarmMember-fm (4 handlers)
[GIN-debug] GET    /admin/v1/ponds           --> git.hyhy.fun/rsplab/iolink/internal/adminapi.(*Server).listPonds-fm (4 handlers)
[GIN-debug] POST   /admin/v1/ponds           --> git.hyhy.fun/rsplab/iolink/internal/adminapi.(*Server).createPond-fm (4 handlers)
[GIN-debug] PUT    /admin/v1/ponds/:id       --> git.hyhy.fun/rsplab/iolink/internal/adminapi.(*Server).updatePond-fm (4 handlers)
[GIN-debug] DELETE /admin/v1/ponds/:id       --> git.hyhy.fun/rsplab/iolink/internal/adminapi.(*Server).deletePond-fm (4 handlers)
[GIN-debug] GET    /admin/v1/devices         --> git.hyhy.fun/rsplab/iolink/internal/adminapi.(*Server).listDevices-fm (4 handlers)
[GIN-debug] POST   /admin/v1/devices         --> git.hyhy.fun/rsplab/iolink/internal/adminapi.(*Server).registerDevice-fm (4 handlers)
[GIN-debug] GET    /admin/v1/devices/:device_no --> git.hyhy.fun/rsplab/iolink/internal/adminapi.(*Server).getDevice-fm (4 handlers)
[GIN-debug] DELETE /admin/v1/devices/:device_no --> git.hyhy.fun/rsplab/iolink/internal/adminapi.(*Server).deleteDevice-fm (4 handlers)
[GIN-debug] PUT    /admin/v1/devices/:device_no/pond --> git.hyhy.fun/rsplab/iolink/internal/adminapi.(*Server).moveDevice-fm (4 handlers)
[GIN-debug] GET    /admin/v1/alarm-rules     --> git.hyhy.fun/rsplab/iolink/internal/adminapi.(*Server).listRules-fm (4 handlers)
[GIN-debug] POST   /admin/v1/alarm-rules     --> git.hyhy.fun/rsplab/iolink/internal/adminapi.(*Server).createRule-fm (4 handlers)
[GIN-debug] PUT    /admin/v1/alarm-rules/:id --> git.hyhy.fun/rsplab/iolink/internal/adminapi.(*Server).updateRule-fm (4 handlers)
[GIN-debug] DELETE /admin/v1/alarm-rules/:id --> git.hyhy.fun/rsplab/iolink/internal/adminapi.(*Server).deleteRule-fm (4 handlers)
[GIN-debug] GET    /admin/v1/alarms          --> git.hyhy.fun/rsplab/iolink/internal/adminapi.(*Server).listAlarms-fm (4 handlers)
[GIN-debug] POST   /admin/v1/alarms/:id/confirm --> git.hyhy.fun/rsplab/iolink/internal/adminapi.(*Server).confirmAlarm-fm (4 handlers)
[GIN-debug] POST   /admin/v1/alarms/batch-confirm --> git.hyhy.fun/rsplab/iolink/internal/adminapi.(*Server).batchConfirm-fm (4 handlers)
[GIN-debug] GET    /admin/v1/stats           --> git.hyhy.fun/rsplab/iolink/internal/adminapi.(*Server).stats-fm (4 handlers)
[GIN-debug] GET    /admin/v1/products        --> git.hyhy.fun/rsplab/iolink/internal/adminapi.(*Server).listProducts-fm (4 handlers)
[GIN-debug] POST   /admin/v1/products        --> git.hyhy.fun/rsplab/iolink/internal/adminapi.(*Server).createProduct-fm (4 handlers)
[GIN-debug] GET    /admin/v1/products/:product_id/models --> git.hyhy.fun/rsplab/iolink/internal/adminapi.(*Server).listProductModels-fm (4 handlers)
[GIN-debug] POST   /admin/v1/products/:product_id/models --> git.hyhy.fun/rsplab/iolink/internal/adminapi.(*Server).createProductModel-fm (4 handlers)
[GIN-debug] POST   /admin/v1/products/:product_id/models/:version/publish --> git.hyhy.fun/rsplab/iolink/internal/adminapi.(*Server).publishProductModel-fm (4 handlers)
[GIN-debug] GET    /admin/v1/devices/:device_no/product --> git.hyhy.fun/rsplab/iolink/internal/adminapi.(*Server).getDeviceProduct-fm (4 handlers)
[GIN-debug] PUT    /admin/v1/devices/:device_no/product --> git.hyhy.fun/rsplab/iolink/internal/adminapi.(*Server).assignDeviceProduct-fm (4 handlers)
2026/10/04 17:50:26 INFO http request request_id=H6EOSLDIEZBLBBNGV7VJ4FZETV route=/admin/v1/login method=POST status=200 duration_ms=137 tenant_id=0 actor_id=0
2026/10/04 17:50:26 WARN http request request_id=ULZTMDHNXRBMLMHW7JGFG5QRWZ route=/admin/v1/products method=POST status=403 duration_ms=3 tenant_id=9401 actor_id=9402
    product_revocation_http_test.go:91: http method=POST path=/admin/v1/products status=403 response={"error":"forbidden"}
=== RUN   TestM6bProductWritesRejectRevocationAfterMiddleware/create_model/role
    product_revocation_http_test.go:39: environment real_timescaledb=2.30.0
[GIN-debug] [WARNING] Running in "debug" mode. Switch to "release" mode in production.
 - using env:	export GIN_MODE=release
 - using code:	gin.SetMode(gin.ReleaseMode)

[GIN-debug] POST   /admin/v1/login           --> git.hyhy.fun/rsplab/iolink/internal/adminapi.(*Server).login-fm (2 handlers)
[GIN-debug] GET    /admin/v1/tenants         --> git.hyhy.fun/rsplab/iolink/internal/adminapi.(*Server).listTenants-fm (3 handlers)
[GIN-debug] PUT    /admin/v1/tenants/:id/status --> git.hyhy.fun/rsplab/iolink/internal/adminapi.(*Server).setTenantStatus-fm (3 handlers)
[GIN-debug] GET    /admin/v1/tenants/:id/members --> git.hyhy.fun/rsplab/iolink/internal/adminapi.(*Server).listTenantMembers-fm (3 handlers)
[GIN-debug] PUT    /admin/v1/tenants/:id/members/:user_id --> git.hyhy.fun/rsplab/iolink/internal/adminapi.(*Server).setTenantMember-fm (3 handlers)
[GIN-debug] POST   /admin/v1/password        --> git.hyhy.fun/rsplab/iolink/internal/adminapi.(*Server).changePassword-fm (3 handlers)
[GIN-debug] GET    /admin/v1/farms           --> git.hyhy.fun/rsplab/iolink/internal/adminapi.(*Server).listFarms-fm (4 handlers)
[GIN-debug] POST   /admin/v1/farms           --> git.hyhy.fun/rsplab/iolink/internal/adminapi.(*Server).createFarm-fm (4 handlers)
[GIN-debug] GET    /admin/v1/users           --> git.hyhy.fun/rsplab/iolink/internal/adminapi.(*Server).listUsers-fm (4 handlers)
[GIN-debug] PUT    /admin/v1/farms/:id       --> git.hyhy.fun/rsplab/iolink/internal/adminapi.(*Server).updateFarm-fm (4 handlers)
[GIN-debug] DELETE /admin/v1/farms/:id       --> git.hyhy.fun/rsplab/iolink/internal/adminapi.(*Server).deleteFarm-fm (4 handlers)
[GIN-debug] PUT    /admin/v1/farms/:id/owner --> git.hyhy.fun/rsplab/iolink/internal/adminapi.(*Server).setFarmOwner-fm (4 handlers)
[GIN-debug] GET    /admin/v1/farms/:id/members --> git.hyhy.fun/rsplab/iolink/internal/adminapi.(*Server).listFarmMembers-fm (4 handlers)
[GIN-debug] PUT    /admin/v1/farms/:id/members/:user_id --> git.hyhy.fun/rsplab/iolink/internal/adminapi.(*Server).setFarmMember-fm (4 handlers)
[GIN-debug] GET    /admin/v1/ponds           --> git.hyhy.fun/rsplab/iolink/internal/adminapi.(*Server).listPonds-fm (4 handlers)
[GIN-debug] POST   /admin/v1/ponds           --> git.hyhy.fun/rsplab/iolink/internal/adminapi.(*Server).createPond-fm (4 handlers)
[GIN-debug] PUT    /admin/v1/ponds/:id       --> git.hyhy.fun/rsplab/iolink/internal/adminapi.(*Server).updatePond-fm (4 handlers)
[GIN-debug] DELETE /admin/v1/ponds/:id       --> git.hyhy.fun/rsplab/iolink/internal/adminapi.(*Server).deletePond-fm (4 handlers)
[GIN-debug] GET    /admin/v1/devices         --> git.hyhy.fun/rsplab/iolink/internal/adminapi.(*Server).listDevices-fm (4 handlers)
[GIN-debug] POST   /admin/v1/devices         --> git.hyhy.fun/rsplab/iolink/internal/adminapi.(*Server).registerDevice-fm (4 handlers)
[GIN-debug] GET    /admin/v1/devices/:device_no --> git.hyhy.fun/rsplab/iolink/internal/adminapi.(*Server).getDevice-fm (4 handlers)
[GIN-debug] DELETE /admin/v1/devices/:device_no --> git.hyhy.fun/rsplab/iolink/internal/adminapi.(*Server).deleteDevice-fm (4 handlers)
[GIN-debug] PUT    /admin/v1/devices/:device_no/pond --> git.hyhy.fun/rsplab/iolink/internal/adminapi.(*Server).moveDevice-fm (4 handlers)
[GIN-debug] GET    /admin/v1/alarm-rules     --> git.hyhy.fun/rsplab/iolink/internal/adminapi.(*Server).listRules-fm (4 handlers)
[GIN-debug] POST   /admin/v1/alarm-rules     --> git.hyhy.fun/rsplab/iolink/internal/adminapi.(*Server).createRule-fm (4 handlers)
[GIN-debug] PUT    /admin/v1/alarm-rules/:id --> git.hyhy.fun/rsplab/iolink/internal/adminapi.(*Server).updateRule-fm (4 handlers)
[GIN-debug] DELETE /admin/v1/alarm-rules/:id --> git.hyhy.fun/rsplab/iolink/internal/adminapi.(*Server).deleteRule-fm (4 handlers)
[GIN-debug] GET    /admin/v1/alarms          --> git.hyhy.fun/rsplab/iolink/internal/adminapi.(*Server).listAlarms-fm (4 handlers)
[GIN-debug] POST   /admin/v1/alarms/:id/confirm --> git.hyhy.fun/rsplab/iolink/internal/adminapi.(*Server).confirmAlarm-fm (4 handlers)
[GIN-debug] POST   /admin/v1/alarms/batch-confirm --> git.hyhy.fun/rsplab/iolink/internal/adminapi.(*Server).batchConfirm-fm (4 handlers)
[GIN-debug] GET    /admin/v1/stats           --> git.hyhy.fun/rsplab/iolink/internal/adminapi.(*Server).stats-fm (4 handlers)
[GIN-debug] GET    /admin/v1/products        --> git.hyhy.fun/rsplab/iolink/internal/adminapi.(*Server).listProducts-fm (4 handlers)
[GIN-debug] POST   /admin/v1/products        --> git.hyhy.fun/rsplab/iolink/internal/adminapi.(*Server).createProduct-fm (4 handlers)
[GIN-debug] GET    /admin/v1/products/:product_id/models --> git.hyhy.fun/rsplab/iolink/internal/adminapi.(*Server).listProductModels-fm (4 handlers)
[GIN-debug] POST   /admin/v1/products/:product_id/models --> git.hyhy.fun/rsplab/iolink/internal/adminapi.(*Server).createProductModel-fm (4 handlers)
[GIN-debug] POST   /admin/v1/products/:product_id/models/:version/publish --> git.hyhy.fun/rsplab/iolink/internal/adminapi.(*Server).publishProductModel-fm (4 handlers)
[GIN-debug] GET    /admin/v1/devices/:device_no/product --> git.hyhy.fun/rsplab/iolink/internal/adminapi.(*Server).getDeviceProduct-fm (4 handlers)
[GIN-debug] PUT    /admin/v1/devices/:device_no/product --> git.hyhy.fun/rsplab/iolink/internal/adminapi.(*Server).assignDeviceProduct-fm (4 handlers)
2026/10/04 17:50:27 INFO http request request_id=XYMXW2QNHKMKJMQ2OC2W6SOCS5 route=/admin/v1/login method=POST status=200 duration_ms=137 tenant_id=0 actor_id=0
2026/10/04 17:50:27 WARN http request request_id=PXPDF4VH2JNW3LRQQHBRSO5JCY route=/admin/v1/products/:product_id/models method=POST status=403 duration_ms=4 tenant_id=9401 actor_id=9402
    product_revocation_http_test.go:91: http method=POST path=/admin/v1/products/2/models status=403 response={"error":"forbidden"}
=== RUN   TestM6bProductWritesRejectRevocationAfterMiddleware/create_model/membership
    product_revocation_http_test.go:39: environment real_timescaledb=2.30.0
[GIN-debug] [WARNING] Running in "debug" mode. Switch to "release" mode in production.
 - using env:	export GIN_MODE=release
 - using code:	gin.SetMode(gin.ReleaseMode)

[GIN-debug] POST   /admin/v1/login           --> git.hyhy.fun/rsplab/iolink/internal/adminapi.(*Server).login-fm (2 handlers)
[GIN-debug] GET    /admin/v1/tenants         --> git.hyhy.fun/rsplab/iolink/internal/adminapi.(*Server).listTenants-fm (3 handlers)
[GIN-debug] PUT    /admin/v1/tenants/:id/status --> git.hyhy.fun/rsplab/iolink/internal/adminapi.(*Server).setTenantStatus-fm (3 handlers)
[GIN-debug] GET    /admin/v1/tenants/:id/members --> git.hyhy.fun/rsplab/iolink/internal/adminapi.(*Server).listTenantMembers-fm (3 handlers)
[GIN-debug] PUT    /admin/v1/tenants/:id/members/:user_id --> git.hyhy.fun/rsplab/iolink/internal/adminapi.(*Server).setTenantMember-fm (3 handlers)
[GIN-debug] POST   /admin/v1/password        --> git.hyhy.fun/rsplab/iolink/internal/adminapi.(*Server).changePassword-fm (3 handlers)
[GIN-debug] GET    /admin/v1/farms           --> git.hyhy.fun/rsplab/iolink/internal/adminapi.(*Server).listFarms-fm (4 handlers)
[GIN-debug] POST   /admin/v1/farms           --> git.hyhy.fun/rsplab/iolink/internal/adminapi.(*Server).createFarm-fm (4 handlers)
[GIN-debug] GET    /admin/v1/users           --> git.hyhy.fun/rsplab/iolink/internal/adminapi.(*Server).listUsers-fm (4 handlers)
[GIN-debug] PUT    /admin/v1/farms/:id       --> git.hyhy.fun/rsplab/iolink/internal/adminapi.(*Server).updateFarm-fm (4 handlers)
[GIN-debug] DELETE /admin/v1/farms/:id       --> git.hyhy.fun/rsplab/iolink/internal/adminapi.(*Server).deleteFarm-fm (4 handlers)
[GIN-debug] PUT    /admin/v1/farms/:id/owner --> git.hyhy.fun/rsplab/iolink/internal/adminapi.(*Server).setFarmOwner-fm (4 handlers)
[GIN-debug] GET    /admin/v1/farms/:id/members --> git.hyhy.fun/rsplab/iolink/internal/adminapi.(*Server).listFarmMembers-fm (4 handlers)
[GIN-debug] PUT    /admin/v1/farms/:id/members/:user_id --> git.hyhy.fun/rsplab/iolink/internal/adminapi.(*Server).setFarmMember-fm (4 handlers)
[GIN-debug] GET    /admin/v1/ponds           --> git.hyhy.fun/rsplab/iolink/internal/adminapi.(*Server).listPonds-fm (4 handlers)
[GIN-debug] POST   /admin/v1/ponds           --> git.hyhy.fun/rsplab/iolink/internal/adminapi.(*Server).createPond-fm (4 handlers)
[GIN-debug] PUT    /admin/v1/ponds/:id       --> git.hyhy.fun/rsplab/iolink/internal/adminapi.(*Server).updatePond-fm (4 handlers)
[GIN-debug] DELETE /admin/v1/ponds/:id       --> git.hyhy.fun/rsplab/iolink/internal/adminapi.(*Server).deletePond-fm (4 handlers)
[GIN-debug] GET    /admin/v1/devices         --> git.hyhy.fun/rsplab/iolink/internal/adminapi.(*Server).listDevices-fm (4 handlers)
[GIN-debug] POST   /admin/v1/devices         --> git.hyhy.fun/rsplab/iolink/internal/adminapi.(*Server).registerDevice-fm (4 handlers)
[GIN-debug] GET    /admin/v1/devices/:device_no --> git.hyhy.fun/rsplab/iolink/internal/adminapi.(*Server).getDevice-fm (4 handlers)
[GIN-debug] DELETE /admin/v1/devices/:device_no --> git.hyhy.fun/rsplab/iolink/internal/adminapi.(*Server).deleteDevice-fm (4 handlers)
[GIN-debug] PUT    /admin/v1/devices/:device_no/pond --> git.hyhy.fun/rsplab/iolink/internal/adminapi.(*Server).moveDevice-fm (4 handlers)
[GIN-debug] GET    /admin/v1/alarm-rules     --> git.hyhy.fun/rsplab/iolink/internal/adminapi.(*Server).listRules-fm (4 handlers)
[GIN-debug] POST   /admin/v1/alarm-rules     --> git.hyhy.fun/rsplab/iolink/internal/adminapi.(*Server).createRule-fm (4 handlers)
[GIN-debug] PUT    /admin/v1/alarm-rules/:id --> git.hyhy.fun/rsplab/iolink/internal/adminapi.(*Server).updateRule-fm (4 handlers)
[GIN-debug] DELETE /admin/v1/alarm-rules/:id --> git.hyhy.fun/rsplab/iolink/internal/adminapi.(*Server).deleteRule-fm (4 handlers)
[GIN-debug] GET    /admin/v1/alarms          --> git.hyhy.fun/rsplab/iolink/internal/adminapi.(*Server).listAlarms-fm (4 handlers)
[GIN-debug] POST   /admin/v1/alarms/:id/confirm --> git.hyhy.fun/rsplab/iolink/internal/adminapi.(*Server).confirmAlarm-fm (4 handlers)
[GIN-debug] POST   /admin/v1/alarms/batch-confirm --> git.hyhy.fun/rsplab/iolink/internal/adminapi.(*Server).batchConfirm-fm (4 handlers)
[GIN-debug] GET    /admin/v1/stats           --> git.hyhy.fun/rsplab/iolink/internal/adminapi.(*Server).stats-fm (4 handlers)
[GIN-debug] GET    /admin/v1/products        --> git.hyhy.fun/rsplab/iolink/internal/adminapi.(*Server).listProducts-fm (4 handlers)
[GIN-debug] POST   /admin/v1/products        --> git.hyhy.fun/rsplab/iolink/internal/adminapi.(*Server).createProduct-fm (4 handlers)
[GIN-debug] GET    /admin/v1/products/:product_id/models --> git.hyhy.fun/rsplab/iolink/internal/adminapi.(*Server).listProductModels-fm (4 handlers)
[GIN-debug] POST   /admin/v1/products/:product_id/models --> git.hyhy.fun/rsplab/iolink/internal/adminapi.(*Server).createProductModel-fm (4 handlers)
[GIN-debug] POST   /admin/v1/products/:product_id/models/:version/publish --> git.hyhy.fun/rsplab/iolink/internal/adminapi.(*Server).publishProductModel-fm (4 handlers)
[GIN-debug] GET    /admin/v1/devices/:device_no/product --> git.hyhy.fun/rsplab/iolink/internal/adminapi.(*Server).getDeviceProduct-fm (4 handlers)
[GIN-debug] PUT    /admin/v1/devices/:device_no/product --> git.hyhy.fun/rsplab/iolink/internal/adminapi.(*Server).assignDeviceProduct-fm (4 handlers)
2026/10/04 17:50:27 INFO http request request_id=N5OZFL2WEHERWNTF2LYWHEGAVS route=/admin/v1/login method=POST status=200 duration_ms=139 tenant_id=0 actor_id=0
2026/10/04 17:50:27 WARN http request request_id=OXIZT7Y6KAR3BR4TOSA2GIXPNP route=/admin/v1/products/:product_id/models method=POST status=403 duration_ms=4 tenant_id=9401 actor_id=9402
    product_revocation_http_test.go:91: http method=POST path=/admin/v1/products/2/models status=403 response={"error":"forbidden"}
=== RUN   TestM6bProductWritesRejectRevocationAfterMiddleware/create_model/tenant
    product_revocation_http_test.go:39: environment real_timescaledb=2.30.0
[GIN-debug] [WARNING] Running in "debug" mode. Switch to "release" mode in production.
 - using env:	export GIN_MODE=release
 - using code:	gin.SetMode(gin.ReleaseMode)

[GIN-debug] POST   /admin/v1/login           --> git.hyhy.fun/rsplab/iolink/internal/adminapi.(*Server).login-fm (2 handlers)
[GIN-debug] GET    /admin/v1/tenants         --> git.hyhy.fun/rsplab/iolink/internal/adminapi.(*Server).listTenants-fm (3 handlers)
[GIN-debug] PUT    /admin/v1/tenants/:id/status --> git.hyhy.fun/rsplab/iolink/internal/adminapi.(*Server).setTenantStatus-fm (3 handlers)
[GIN-debug] GET    /admin/v1/tenants/:id/members --> git.hyhy.fun/rsplab/iolink/internal/adminapi.(*Server).listTenantMembers-fm (3 handlers)
[GIN-debug] PUT    /admin/v1/tenants/:id/members/:user_id --> git.hyhy.fun/rsplab/iolink/internal/adminapi.(*Server).setTenantMember-fm (3 handlers)
[GIN-debug] POST   /admin/v1/password        --> git.hyhy.fun/rsplab/iolink/internal/adminapi.(*Server).changePassword-fm (3 handlers)
[GIN-debug] GET    /admin/v1/farms           --> git.hyhy.fun/rsplab/iolink/internal/adminapi.(*Server).listFarms-fm (4 handlers)
[GIN-debug] POST   /admin/v1/farms           --> git.hyhy.fun/rsplab/iolink/internal/adminapi.(*Server).createFarm-fm (4 handlers)
[GIN-debug] GET    /admin/v1/users           --> git.hyhy.fun/rsplab/iolink/internal/adminapi.(*Server).listUsers-fm (4 handlers)
[GIN-debug] PUT    /admin/v1/farms/:id       --> git.hyhy.fun/rsplab/iolink/internal/adminapi.(*Server).updateFarm-fm (4 handlers)
[GIN-debug] DELETE /admin/v1/farms/:id       --> git.hyhy.fun/rsplab/iolink/internal/adminapi.(*Server).deleteFarm-fm (4 handlers)
[GIN-debug] PUT    /admin/v1/farms/:id/owner --> git.hyhy.fun/rsplab/iolink/internal/adminapi.(*Server).setFarmOwner-fm (4 handlers)
[GIN-debug] GET    /admin/v1/farms/:id/members --> git.hyhy.fun/rsplab/iolink/internal/adminapi.(*Server).listFarmMembers-fm (4 handlers)
[GIN-debug] PUT    /admin/v1/farms/:id/members/:user_id --> git.hyhy.fun/rsplab/iolink/internal/adminapi.(*Server).setFarmMember-fm (4 handlers)
[GIN-debug] GET    /admin/v1/ponds           --> git.hyhy.fun/rsplab/iolink/internal/adminapi.(*Server).listPonds-fm (4 handlers)
[GIN-debug] POST   /admin/v1/ponds           --> git.hyhy.fun/rsplab/iolink/internal/adminapi.(*Server).createPond-fm (4 handlers)
[GIN-debug] PUT    /admin/v1/ponds/:id       --> git.hyhy.fun/rsplab/iolink/internal/adminapi.(*Server).updatePond-fm (4 handlers)
[GIN-debug] DELETE /admin/v1/ponds/:id       --> git.hyhy.fun/rsplab/iolink/internal/adminapi.(*Server).deletePond-fm (4 handlers)
[GIN-debug] GET    /admin/v1/devices         --> git.hyhy.fun/rsplab/iolink/internal/adminapi.(*Server).listDevices-fm (4 handlers)
[GIN-debug] POST   /admin/v1/devices         --> git.hyhy.fun/rsplab/iolink/internal/adminapi.(*Server).registerDevice-fm (4 handlers)
[GIN-debug] GET    /admin/v1/devices/:device_no --> git.hyhy.fun/rsplab/iolink/internal/adminapi.(*Server).getDevice-fm (4 handlers)
[GIN-debug] DELETE /admin/v1/devices/:device_no --> git.hyhy.fun/rsplab/iolink/internal/adminapi.(*Server).deleteDevice-fm (4 handlers)
[GIN-debug] PUT    /admin/v1/devices/:device_no/pond --> git.hyhy.fun/rsplab/iolink/internal/adminapi.(*Server).moveDevice-fm (4 handlers)
[GIN-debug] GET    /admin/v1/alarm-rules     --> git.hyhy.fun/rsplab/iolink/internal/adminapi.(*Server).listRules-fm (4 handlers)
[GIN-debug] POST   /admin/v1/alarm-rules     --> git.hyhy.fun/rsplab/iolink/internal/adminapi.(*Server).createRule-fm (4 handlers)
[GIN-debug] PUT    /admin/v1/alarm-rules/:id --> git.hyhy.fun/rsplab/iolink/internal/adminapi.(*Server).updateRule-fm (4 handlers)
[GIN-debug] DELETE /admin/v1/alarm-rules/:id --> git.hyhy.fun/rsplab/iolink/internal/adminapi.(*Server).deleteRule-fm (4 handlers)
[GIN-debug] GET    /admin/v1/alarms          --> git.hyhy.fun/rsplab/iolink/internal/adminapi.(*Server).listAlarms-fm (4 handlers)
[GIN-debug] POST   /admin/v1/alarms/:id/confirm --> git.hyhy.fun/rsplab/iolink/internal/adminapi.(*Server).confirmAlarm-fm (4 handlers)
[GIN-debug] POST   /admin/v1/alarms/batch-confirm --> git.hyhy.fun/rsplab/iolink/internal/adminapi.(*Server).batchConfirm-fm (4 handlers)
[GIN-debug] GET    /admin/v1/stats           --> git.hyhy.fun/rsplab/iolink/internal/adminapi.(*Server).stats-fm (4 handlers)
[GIN-debug] GET    /admin/v1/products        --> git.hyhy.fun/rsplab/iolink/internal/adminapi.(*Server).listProducts-fm (4 handlers)
[GIN-debug] POST   /admin/v1/products        --> git.hyhy.fun/rsplab/iolink/internal/adminapi.(*Server).createProduct-fm (4 handlers)
[GIN-debug] GET    /admin/v1/products/:product_id/models --> git.hyhy.fun/rsplab/iolink/internal/adminapi.(*Server).listProductModels-fm (4 handlers)
[GIN-debug] POST   /admin/v1/products/:product_id/models --> git.hyhy.fun/rsplab/iolink/internal/adminapi.(*Server).createProductModel-fm (4 handlers)
[GIN-debug] POST   /admin/v1/products/:product_id/models/:version/publish --> git.hyhy.fun/rsplab/iolink/internal/adminapi.(*Server).publishProductModel-fm (4 handlers)
[GIN-debug] GET    /admin/v1/devices/:device_no/product --> git.hyhy.fun/rsplab/iolink/internal/adminapi.(*Server).getDeviceProduct-fm (4 handlers)
[GIN-debug] PUT    /admin/v1/devices/:device_no/product --> git.hyhy.fun/rsplab/iolink/internal/adminapi.(*Server).assignDeviceProduct-fm (4 handlers)
2026/10/04 17:50:28 INFO http request request_id=4B6DMIVTKVOHZXCE7BMMR25D5Q route=/admin/v1/login method=POST status=200 duration_ms=139 tenant_id=0 actor_id=0
2026/10/04 17:50:28 WARN http request request_id=2YXZOONG3EOWRU4XKMJ2EU5DNE route=/admin/v1/products/:product_id/models method=POST status=403 duration_ms=2 tenant_id=9401 actor_id=9402
    product_revocation_http_test.go:91: http method=POST path=/admin/v1/products/2/models status=403 response={"error":"forbidden"}
=== RUN   TestM6bProductWritesRejectRevocationAfterMiddleware/create_model/platform_authority
    product_revocation_http_test.go:39: environment real_timescaledb=2.30.0
[GIN-debug] [WARNING] Running in "debug" mode. Switch to "release" mode in production.
 - using env:	export GIN_MODE=release
 - using code:	gin.SetMode(gin.ReleaseMode)

[GIN-debug] POST   /admin/v1/login           --> git.hyhy.fun/rsplab/iolink/internal/adminapi.(*Server).login-fm (2 handlers)
[GIN-debug] GET    /admin/v1/tenants         --> git.hyhy.fun/rsplab/iolink/internal/adminapi.(*Server).listTenants-fm (3 handlers)
[GIN-debug] PUT    /admin/v1/tenants/:id/status --> git.hyhy.fun/rsplab/iolink/internal/adminapi.(*Server).setTenantStatus-fm (3 handlers)
[GIN-debug] GET    /admin/v1/tenants/:id/members --> git.hyhy.fun/rsplab/iolink/internal/adminapi.(*Server).listTenantMembers-fm (3 handlers)
[GIN-debug] PUT    /admin/v1/tenants/:id/members/:user_id --> git.hyhy.fun/rsplab/iolink/internal/adminapi.(*Server).setTenantMember-fm (3 handlers)
[GIN-debug] POST   /admin/v1/password        --> git.hyhy.fun/rsplab/iolink/internal/adminapi.(*Server).changePassword-fm (3 handlers)
[GIN-debug] GET    /admin/v1/farms           --> git.hyhy.fun/rsplab/iolink/internal/adminapi.(*Server).listFarms-fm (4 handlers)
[GIN-debug] POST   /admin/v1/farms           --> git.hyhy.fun/rsplab/iolink/internal/adminapi.(*Server).createFarm-fm (4 handlers)
[GIN-debug] GET    /admin/v1/users           --> git.hyhy.fun/rsplab/iolink/internal/adminapi.(*Server).listUsers-fm (4 handlers)
[GIN-debug] PUT    /admin/v1/farms/:id       --> git.hyhy.fun/rsplab/iolink/internal/adminapi.(*Server).updateFarm-fm (4 handlers)
[GIN-debug] DELETE /admin/v1/farms/:id       --> git.hyhy.fun/rsplab/iolink/internal/adminapi.(*Server).deleteFarm-fm (4 handlers)
[GIN-debug] PUT    /admin/v1/farms/:id/owner --> git.hyhy.fun/rsplab/iolink/internal/adminapi.(*Server).setFarmOwner-fm (4 handlers)
[GIN-debug] GET    /admin/v1/farms/:id/members --> git.hyhy.fun/rsplab/iolink/internal/adminapi.(*Server).listFarmMembers-fm (4 handlers)
[GIN-debug] PUT    /admin/v1/farms/:id/members/:user_id --> git.hyhy.fun/rsplab/iolink/internal/adminapi.(*Server).setFarmMember-fm (4 handlers)
[GIN-debug] GET    /admin/v1/ponds           --> git.hyhy.fun/rsplab/iolink/internal/adminapi.(*Server).listPonds-fm (4 handlers)
[GIN-debug] POST   /admin/v1/ponds           --> git.hyhy.fun/rsplab/iolink/internal/adminapi.(*Server).createPond-fm (4 handlers)
[GIN-debug] PUT    /admin/v1/ponds/:id       --> git.hyhy.fun/rsplab/iolink/internal/adminapi.(*Server).updatePond-fm (4 handlers)
[GIN-debug] DELETE /admin/v1/ponds/:id       --> git.hyhy.fun/rsplab/iolink/internal/adminapi.(*Server).deletePond-fm (4 handlers)
[GIN-debug] GET    /admin/v1/devices         --> git.hyhy.fun/rsplab/iolink/internal/adminapi.(*Server).listDevices-fm (4 handlers)
[GIN-debug] POST   /admin/v1/devices         --> git.hyhy.fun/rsplab/iolink/internal/adminapi.(*Server).registerDevice-fm (4 handlers)
[GIN-debug] GET    /admin/v1/devices/:device_no --> git.hyhy.fun/rsplab/iolink/internal/adminapi.(*Server).getDevice-fm (4 handlers)
[GIN-debug] DELETE /admin/v1/devices/:device_no --> git.hyhy.fun/rsplab/iolink/internal/adminapi.(*Server).deleteDevice-fm (4 handlers)
[GIN-debug] PUT    /admin/v1/devices/:device_no/pond --> git.hyhy.fun/rsplab/iolink/internal/adminapi.(*Server).moveDevice-fm (4 handlers)
[GIN-debug] GET    /admin/v1/alarm-rules     --> git.hyhy.fun/rsplab/iolink/internal/adminapi.(*Server).listRules-fm (4 handlers)
[GIN-debug] POST   /admin/v1/alarm-rules     --> git.hyhy.fun/rsplab/iolink/internal/adminapi.(*Server).createRule-fm (4 handlers)
[GIN-debug] PUT    /admin/v1/alarm-rules/:id --> git.hyhy.fun/rsplab/iolink/internal/adminapi.(*Server).updateRule-fm (4 handlers)
[GIN-debug] DELETE /admin/v1/alarm-rules/:id --> git.hyhy.fun/rsplab/iolink/internal/adminapi.(*Server).deleteRule-fm (4 handlers)
[GIN-debug] GET    /admin/v1/alarms          --> git.hyhy.fun/rsplab/iolink/internal/adminapi.(*Server).listAlarms-fm (4 handlers)
[GIN-debug] POST   /admin/v1/alarms/:id/confirm --> git.hyhy.fun/rsplab/iolink/internal/adminapi.(*Server).confirmAlarm-fm (4 handlers)
[GIN-debug] POST   /admin/v1/alarms/batch-confirm --> git.hyhy.fun/rsplab/iolink/internal/adminapi.(*Server).batchConfirm-fm (4 handlers)
[GIN-debug] GET    /admin/v1/stats           --> git.hyhy.fun/rsplab/iolink/internal/adminapi.(*Server).stats-fm (4 handlers)
[GIN-debug] GET    /admin/v1/products        --> git.hyhy.fun/rsplab/iolink/internal/adminapi.(*Server).listProducts-fm (4 handlers)
[GIN-debug] POST   /admin/v1/products        --> git.hyhy.fun/rsplab/iolink/internal/adminapi.(*Server).createProduct-fm (4 handlers)
[GIN-debug] GET    /admin/v1/products/:product_id/models --> git.hyhy.fun/rsplab/iolink/internal/adminapi.(*Server).listProductModels-fm (4 handlers)
[GIN-debug] POST   /admin/v1/products/:product_id/models --> git.hyhy.fun/rsplab/iolink/internal/adminapi.(*Server).createProductModel-fm (4 handlers)
[GIN-debug] POST   /admin/v1/products/:product_id/models/:version/publish --> git.hyhy.fun/rsplab/iolink/internal/adminapi.(*Server).publishProductModel-fm (4 handlers)
[GIN-debug] GET    /admin/v1/devices/:device_no/product --> git.hyhy.fun/rsplab/iolink/internal/adminapi.(*Server).getDeviceProduct-fm (4 handlers)
[GIN-debug] PUT    /admin/v1/devices/:device_no/product --> git.hyhy.fun/rsplab/iolink/internal/adminapi.(*Server).assignDeviceProduct-fm (4 handlers)
2026/10/04 17:50:28 INFO http request request_id=AN4MRWEMPQMGELMMZSINDKPRVX route=/admin/v1/login method=POST status=200 duration_ms=130 tenant_id=0 actor_id=0
2026/10/04 17:50:28 WARN http request request_id=7VRZU2MU6JTBDHL7E4GGQV44UE route=/admin/v1/products/:product_id/models method=POST status=403 duration_ms=4 tenant_id=9401 actor_id=9402
    product_revocation_http_test.go:91: http method=POST path=/admin/v1/products/2/models status=403 response={"error":"forbidden"}
=== RUN   TestM6bProductWritesRejectRevocationAfterMiddleware/create_model/permission_version
    product_revocation_http_test.go:39: environment real_timescaledb=2.30.0
[GIN-debug] [WARNING] Running in "debug" mode. Switch to "release" mode in production.
 - using env:	export GIN_MODE=release
 - using code:	gin.SetMode(gin.ReleaseMode)

[GIN-debug] POST   /admin/v1/login           --> git.hyhy.fun/rsplab/iolink/internal/adminapi.(*Server).login-fm (2 handlers)
[GIN-debug] GET    /admin/v1/tenants         --> git.hyhy.fun/rsplab/iolink/internal/adminapi.(*Server).listTenants-fm (3 handlers)
[GIN-debug] PUT    /admin/v1/tenants/:id/status --> git.hyhy.fun/rsplab/iolink/internal/adminapi.(*Server).setTenantStatus-fm (3 handlers)
[GIN-debug] GET    /admin/v1/tenants/:id/members --> git.hyhy.fun/rsplab/iolink/internal/adminapi.(*Server).listTenantMembers-fm (3 handlers)
[GIN-debug] PUT    /admin/v1/tenants/:id/members/:user_id --> git.hyhy.fun/rsplab/iolink/internal/adminapi.(*Server).setTenantMember-fm (3 handlers)
[GIN-debug] POST   /admin/v1/password        --> git.hyhy.fun/rsplab/iolink/internal/adminapi.(*Server).changePassword-fm (3 handlers)
[GIN-debug] GET    /admin/v1/farms           --> git.hyhy.fun/rsplab/iolink/internal/adminapi.(*Server).listFarms-fm (4 handlers)
[GIN-debug] POST   /admin/v1/farms           --> git.hyhy.fun/rsplab/iolink/internal/adminapi.(*Server).createFarm-fm (4 handlers)
[GIN-debug] GET    /admin/v1/users           --> git.hyhy.fun/rsplab/iolink/internal/adminapi.(*Server).listUsers-fm (4 handlers)
[GIN-debug] PUT    /admin/v1/farms/:id       --> git.hyhy.fun/rsplab/iolink/internal/adminapi.(*Server).updateFarm-fm (4 handlers)
[GIN-debug] DELETE /admin/v1/farms/:id       --> git.hyhy.fun/rsplab/iolink/internal/adminapi.(*Server).deleteFarm-fm (4 handlers)
[GIN-debug] PUT    /admin/v1/farms/:id/owner --> git.hyhy.fun/rsplab/iolink/internal/adminapi.(*Server).setFarmOwner-fm (4 handlers)
[GIN-debug] GET    /admin/v1/farms/:id/members --> git.hyhy.fun/rsplab/iolink/internal/adminapi.(*Server).listFarmMembers-fm (4 handlers)
[GIN-debug] PUT    /admin/v1/farms/:id/members/:user_id --> git.hyhy.fun/rsplab/iolink/internal/adminapi.(*Server).setFarmMember-fm (4 handlers)
[GIN-debug] GET    /admin/v1/ponds           --> git.hyhy.fun/rsplab/iolink/internal/adminapi.(*Server).listPonds-fm (4 handlers)
[GIN-debug] POST   /admin/v1/ponds           --> git.hyhy.fun/rsplab/iolink/internal/adminapi.(*Server).createPond-fm (4 handlers)
[GIN-debug] PUT    /admin/v1/ponds/:id       --> git.hyhy.fun/rsplab/iolink/internal/adminapi.(*Server).updatePond-fm (4 handlers)
[GIN-debug] DELETE /admin/v1/ponds/:id       --> git.hyhy.fun/rsplab/iolink/internal/adminapi.(*Server).deletePond-fm (4 handlers)
[GIN-debug] GET    /admin/v1/devices         --> git.hyhy.fun/rsplab/iolink/internal/adminapi.(*Server).listDevices-fm (4 handlers)
[GIN-debug] POST   /admin/v1/devices         --> git.hyhy.fun/rsplab/iolink/internal/adminapi.(*Server).registerDevice-fm (4 handlers)
[GIN-debug] GET    /admin/v1/devices/:device_no --> git.hyhy.fun/rsplab/iolink/internal/adminapi.(*Server).getDevice-fm (4 handlers)
[GIN-debug] DELETE /admin/v1/devices/:device_no --> git.hyhy.fun/rsplab/iolink/internal/adminapi.(*Server).deleteDevice-fm (4 handlers)
[GIN-debug] PUT    /admin/v1/devices/:device_no/pond --> git.hyhy.fun/rsplab/iolink/internal/adminapi.(*Server).moveDevice-fm (4 handlers)
[GIN-debug] GET    /admin/v1/alarm-rules     --> git.hyhy.fun/rsplab/iolink/internal/adminapi.(*Server).listRules-fm (4 handlers)
[GIN-debug] POST   /admin/v1/alarm-rules     --> git.hyhy.fun/rsplab/iolink/internal/adminapi.(*Server).createRule-fm (4 handlers)
[GIN-debug] PUT    /admin/v1/alarm-rules/:id --> git.hyhy.fun/rsplab/iolink/internal/adminapi.(*Server).updateRule-fm (4 handlers)
[GIN-debug] DELETE /admin/v1/alarm-rules/:id --> git.hyhy.fun/rsplab/iolink/internal/adminapi.(*Server).deleteRule-fm (4 handlers)
[GIN-debug] GET    /admin/v1/alarms          --> git.hyhy.fun/rsplab/iolink/internal/adminapi.(*Server).listAlarms-fm (4 handlers)
[GIN-debug] POST   /admin/v1/alarms/:id/confirm --> git.hyhy.fun/rsplab/iolink/internal/adminapi.(*Server).confirmAlarm-fm (4 handlers)
[GIN-debug] POST   /admin/v1/alarms/batch-confirm --> git.hyhy.fun/rsplab/iolink/internal/adminapi.(*Server).batchConfirm-fm (4 handlers)
[GIN-debug] GET    /admin/v1/stats           --> git.hyhy.fun/rsplab/iolink/internal/adminapi.(*Server).stats-fm (4 handlers)
[GIN-debug] GET    /admin/v1/products        --> git.hyhy.fun/rsplab/iolink/internal/adminapi.(*Server).listProducts-fm (4 handlers)
[GIN-debug] POST   /admin/v1/products        --> git.hyhy.fun/rsplab/iolink/internal/adminapi.(*Server).createProduct-fm (4 handlers)
[GIN-debug] GET    /admin/v1/products/:product_id/models --> git.hyhy.fun/rsplab/iolink/internal/adminapi.(*Server).listProductModels-fm (4 handlers)
[GIN-debug] POST   /admin/v1/products/:product_id/models --> git.hyhy.fun/rsplab/iolink/internal/adminapi.(*Server).createProductModel-fm (4 handlers)
[GIN-debug] POST   /admin/v1/products/:product_id/models/:version/publish --> git.hyhy.fun/rsplab/iolink/internal/adminapi.(*Server).publishProductModel-fm (4 handlers)
[GIN-debug] GET    /admin/v1/devices/:device_no/product --> git.hyhy.fun/rsplab/iolink/internal/adminapi.(*Server).getDeviceProduct-fm (4 handlers)
[GIN-debug] PUT    /admin/v1/devices/:device_no/product --> git.hyhy.fun/rsplab/iolink/internal/adminapi.(*Server).assignDeviceProduct-fm (4 handlers)
2026/10/04 17:50:29 INFO http request request_id=Y3XPFNEBJQBHUWNXH77KXT2T5G route=/admin/v1/login method=POST status=200 duration_ms=133 tenant_id=0 actor_id=0
2026/10/04 17:50:29 WARN http request request_id=XWKVAQKERMLHS54XEYOM2BGK6G route=/admin/v1/products/:product_id/models method=POST status=403 duration_ms=4 tenant_id=9401 actor_id=9402
    product_revocation_http_test.go:91: http method=POST path=/admin/v1/products/2/models status=403 response={"error":"forbidden"}
=== RUN   TestM6bProductWritesRejectRevocationAfterMiddleware/publish_model/role
    product_revocation_http_test.go:39: environment real_timescaledb=2.30.0
[GIN-debug] [WARNING] Running in "debug" mode. Switch to "release" mode in production.
 - using env:	export GIN_MODE=release
 - using code:	gin.SetMode(gin.ReleaseMode)

[GIN-debug] POST   /admin/v1/login           --> git.hyhy.fun/rsplab/iolink/internal/adminapi.(*Server).login-fm (2 handlers)
[GIN-debug] GET    /admin/v1/tenants         --> git.hyhy.fun/rsplab/iolink/internal/adminapi.(*Server).listTenants-fm (3 handlers)
[GIN-debug] PUT    /admin/v1/tenants/:id/status --> git.hyhy.fun/rsplab/iolink/internal/adminapi.(*Server).setTenantStatus-fm (3 handlers)
[GIN-debug] GET    /admin/v1/tenants/:id/members --> git.hyhy.fun/rsplab/iolink/internal/adminapi.(*Server).listTenantMembers-fm (3 handlers)
[GIN-debug] PUT    /admin/v1/tenants/:id/members/:user_id --> git.hyhy.fun/rsplab/iolink/internal/adminapi.(*Server).setTenantMember-fm (3 handlers)
[GIN-debug] POST   /admin/v1/password        --> git.hyhy.fun/rsplab/iolink/internal/adminapi.(*Server).changePassword-fm (3 handlers)
[GIN-debug] GET    /admin/v1/farms           --> git.hyhy.fun/rsplab/iolink/internal/adminapi.(*Server).listFarms-fm (4 handlers)
[GIN-debug] POST   /admin/v1/farms           --> git.hyhy.fun/rsplab/iolink/internal/adminapi.(*Server).createFarm-fm (4 handlers)
[GIN-debug] GET    /admin/v1/users           --> git.hyhy.fun/rsplab/iolink/internal/adminapi.(*Server).listUsers-fm (4 handlers)
[GIN-debug] PUT    /admin/v1/farms/:id       --> git.hyhy.fun/rsplab/iolink/internal/adminapi.(*Server).updateFarm-fm (4 handlers)
[GIN-debug] DELETE /admin/v1/farms/:id       --> git.hyhy.fun/rsplab/iolink/internal/adminapi.(*Server).deleteFarm-fm (4 handlers)
[GIN-debug] PUT    /admin/v1/farms/:id/owner --> git.hyhy.fun/rsplab/iolink/internal/adminapi.(*Server).setFarmOwner-fm (4 handlers)
[GIN-debug] GET    /admin/v1/farms/:id/members --> git.hyhy.fun/rsplab/iolink/internal/adminapi.(*Server).listFarmMembers-fm (4 handlers)
[GIN-debug] PUT    /admin/v1/farms/:id/members/:user_id --> git.hyhy.fun/rsplab/iolink/internal/adminapi.(*Server).setFarmMember-fm (4 handlers)
[GIN-debug] GET    /admin/v1/ponds           --> git.hyhy.fun/rsplab/iolink/internal/adminapi.(*Server).listPonds-fm (4 handlers)
[GIN-debug] POST   /admin/v1/ponds           --> git.hyhy.fun/rsplab/iolink/internal/adminapi.(*Server).createPond-fm (4 handlers)
[GIN-debug] PUT    /admin/v1/ponds/:id       --> git.hyhy.fun/rsplab/iolink/internal/adminapi.(*Server).updatePond-fm (4 handlers)
[GIN-debug] DELETE /admin/v1/ponds/:id       --> git.hyhy.fun/rsplab/iolink/internal/adminapi.(*Server).deletePond-fm (4 handlers)
[GIN-debug] GET    /admin/v1/devices         --> git.hyhy.fun/rsplab/iolink/internal/adminapi.(*Server).listDevices-fm (4 handlers)
[GIN-debug] POST   /admin/v1/devices         --> git.hyhy.fun/rsplab/iolink/internal/adminapi.(*Server).registerDevice-fm (4 handlers)
[GIN-debug] GET    /admin/v1/devices/:device_no --> git.hyhy.fun/rsplab/iolink/internal/adminapi.(*Server).getDevice-fm (4 handlers)
[GIN-debug] DELETE /admin/v1/devices/:device_no --> git.hyhy.fun/rsplab/iolink/internal/adminapi.(*Server).deleteDevice-fm (4 handlers)
[GIN-debug] PUT    /admin/v1/devices/:device_no/pond --> git.hyhy.fun/rsplab/iolink/internal/adminapi.(*Server).moveDevice-fm (4 handlers)
[GIN-debug] GET    /admin/v1/alarm-rules     --> git.hyhy.fun/rsplab/iolink/internal/adminapi.(*Server).listRules-fm (4 handlers)
[GIN-debug] POST   /admin/v1/alarm-rules     --> git.hyhy.fun/rsplab/iolink/internal/adminapi.(*Server).createRule-fm (4 handlers)
[GIN-debug] PUT    /admin/v1/alarm-rules/:id --> git.hyhy.fun/rsplab/iolink/internal/adminapi.(*Server).updateRule-fm (4 handlers)
[GIN-debug] DELETE /admin/v1/alarm-rules/:id --> git.hyhy.fun/rsplab/iolink/internal/adminapi.(*Server).deleteRule-fm (4 handlers)
[GIN-debug] GET    /admin/v1/alarms          --> git.hyhy.fun/rsplab/iolink/internal/adminapi.(*Server).listAlarms-fm (4 handlers)
[GIN-debug] POST   /admin/v1/alarms/:id/confirm --> git.hyhy.fun/rsplab/iolink/internal/adminapi.(*Server).confirmAlarm-fm (4 handlers)
[GIN-debug] POST   /admin/v1/alarms/batch-confirm --> git.hyhy.fun/rsplab/iolink/internal/adminapi.(*Server).batchConfirm-fm (4 handlers)
[GIN-debug] GET    /admin/v1/stats           --> git.hyhy.fun/rsplab/iolink/internal/adminapi.(*Server).stats-fm (4 handlers)
[GIN-debug] GET    /admin/v1/products        --> git.hyhy.fun/rsplab/iolink/internal/adminapi.(*Server).listProducts-fm (4 handlers)
[GIN-debug] POST   /admin/v1/products        --> git.hyhy.fun/rsplab/iolink/internal/adminapi.(*Server).createProduct-fm (4 handlers)
[GIN-debug] GET    /admin/v1/products/:product_id/models --> git.hyhy.fun/rsplab/iolink/internal/adminapi.(*Server).listProductModels-fm (4 handlers)
[GIN-debug] POST   /admin/v1/products/:product_id/models --> git.hyhy.fun/rsplab/iolink/internal/adminapi.(*Server).createProductModel-fm (4 handlers)
[GIN-debug] POST   /admin/v1/products/:product_id/models/:version/publish --> git.hyhy.fun/rsplab/iolink/internal/adminapi.(*Server).publishProductModel-fm (4 handlers)
[GIN-debug] GET    /admin/v1/devices/:device_no/product --> git.hyhy.fun/rsplab/iolink/internal/adminapi.(*Server).getDeviceProduct-fm (4 handlers)
[GIN-debug] PUT    /admin/v1/devices/:device_no/product --> git.hyhy.fun/rsplab/iolink/internal/adminapi.(*Server).assignDeviceProduct-fm (4 handlers)
2026/10/04 17:50:30 INFO http request request_id=LMKTRFM3CBO5B3KKVRM3F5VKXC route=/admin/v1/login method=POST status=200 duration_ms=134 tenant_id=0 actor_id=0
2026/10/04 17:50:30 WARN http request request_id=VMOEGTSEXCV6CHCIZWWNHOXOOL route=/admin/v1/products/:product_id/models/:version/publish method=POST status=403 duration_ms=3 tenant_id=9401 actor_id=9402
    product_revocation_http_test.go:91: http method=POST path=/admin/v1/products/2/models/2/publish status=403 response={"error":"forbidden"}
=== RUN   TestM6bProductWritesRejectRevocationAfterMiddleware/publish_model/membership
    product_revocation_http_test.go:39: environment real_timescaledb=2.30.0
[GIN-debug] [WARNING] Running in "debug" mode. Switch to "release" mode in production.
 - using env:	export GIN_MODE=release
 - using code:	gin.SetMode(gin.ReleaseMode)

[GIN-debug] POST   /admin/v1/login           --> git.hyhy.fun/rsplab/iolink/internal/adminapi.(*Server).login-fm (2 handlers)
[GIN-debug] GET    /admin/v1/tenants         --> git.hyhy.fun/rsplab/iolink/internal/adminapi.(*Server).listTenants-fm (3 handlers)
[GIN-debug] PUT    /admin/v1/tenants/:id/status --> git.hyhy.fun/rsplab/iolink/internal/adminapi.(*Server).setTenantStatus-fm (3 handlers)
[GIN-debug] GET    /admin/v1/tenants/:id/members --> git.hyhy.fun/rsplab/iolink/internal/adminapi.(*Server).listTenantMembers-fm (3 handlers)
[GIN-debug] PUT    /admin/v1/tenants/:id/members/:user_id --> git.hyhy.fun/rsplab/iolink/internal/adminapi.(*Server).setTenantMember-fm (3 handlers)
[GIN-debug] POST   /admin/v1/password        --> git.hyhy.fun/rsplab/iolink/internal/adminapi.(*Server).changePassword-fm (3 handlers)
[GIN-debug] GET    /admin/v1/farms           --> git.hyhy.fun/rsplab/iolink/internal/adminapi.(*Server).listFarms-fm (4 handlers)
[GIN-debug] POST   /admin/v1/farms           --> git.hyhy.fun/rsplab/iolink/internal/adminapi.(*Server).createFarm-fm (4 handlers)
[GIN-debug] GET    /admin/v1/users           --> git.hyhy.fun/rsplab/iolink/internal/adminapi.(*Server).listUsers-fm (4 handlers)
[GIN-debug] PUT    /admin/v1/farms/:id       --> git.hyhy.fun/rsplab/iolink/internal/adminapi.(*Server).updateFarm-fm (4 handlers)
[GIN-debug] DELETE /admin/v1/farms/:id       --> git.hyhy.fun/rsplab/iolink/internal/adminapi.(*Server).deleteFarm-fm (4 handlers)
[GIN-debug] PUT    /admin/v1/farms/:id/owner --> git.hyhy.fun/rsplab/iolink/internal/adminapi.(*Server).setFarmOwner-fm (4 handlers)
[GIN-debug] GET    /admin/v1/farms/:id/members --> git.hyhy.fun/rsplab/iolink/internal/adminapi.(*Server).listFarmMembers-fm (4 handlers)
[GIN-debug] PUT    /admin/v1/farms/:id/members/:user_id --> git.hyhy.fun/rsplab/iolink/internal/adminapi.(*Server).setFarmMember-fm (4 handlers)
[GIN-debug] GET    /admin/v1/ponds           --> git.hyhy.fun/rsplab/iolink/internal/adminapi.(*Server).listPonds-fm (4 handlers)
[GIN-debug] POST   /admin/v1/ponds           --> git.hyhy.fun/rsplab/iolink/internal/adminapi.(*Server).createPond-fm (4 handlers)
[GIN-debug] PUT    /admin/v1/ponds/:id       --> git.hyhy.fun/rsplab/iolink/internal/adminapi.(*Server).updatePond-fm (4 handlers)
[GIN-debug] DELETE /admin/v1/ponds/:id       --> git.hyhy.fun/rsplab/iolink/internal/adminapi.(*Server).deletePond-fm (4 handlers)
[GIN-debug] GET    /admin/v1/devices         --> git.hyhy.fun/rsplab/iolink/internal/adminapi.(*Server).listDevices-fm (4 handlers)
[GIN-debug] POST   /admin/v1/devices         --> git.hyhy.fun/rsplab/iolink/internal/adminapi.(*Server).registerDevice-fm (4 handlers)
[GIN-debug] GET    /admin/v1/devices/:device_no --> git.hyhy.fun/rsplab/iolink/internal/adminapi.(*Server).getDevice-fm (4 handlers)
[GIN-debug] DELETE /admin/v1/devices/:device_no --> git.hyhy.fun/rsplab/iolink/internal/adminapi.(*Server).deleteDevice-fm (4 handlers)
[GIN-debug] PUT    /admin/v1/devices/:device_no/pond --> git.hyhy.fun/rsplab/iolink/internal/adminapi.(*Server).moveDevice-fm (4 handlers)
[GIN-debug] GET    /admin/v1/alarm-rules     --> git.hyhy.fun/rsplab/iolink/internal/adminapi.(*Server).listRules-fm (4 handlers)
[GIN-debug] POST   /admin/v1/alarm-rules     --> git.hyhy.fun/rsplab/iolink/internal/adminapi.(*Server).createRule-fm (4 handlers)
[GIN-debug] PUT    /admin/v1/alarm-rules/:id --> git.hyhy.fun/rsplab/iolink/internal/adminapi.(*Server).updateRule-fm (4 handlers)
[GIN-debug] DELETE /admin/v1/alarm-rules/:id --> git.hyhy.fun/rsplab/iolink/internal/adminapi.(*Server).deleteRule-fm (4 handlers)
[GIN-debug] GET    /admin/v1/alarms          --> git.hyhy.fun/rsplab/iolink/internal/adminapi.(*Server).listAlarms-fm (4 handlers)
[GIN-debug] POST   /admin/v1/alarms/:id/confirm --> git.hyhy.fun/rsplab/iolink/internal/adminapi.(*Server).confirmAlarm-fm (4 handlers)
[GIN-debug] POST   /admin/v1/alarms/batch-confirm --> git.hyhy.fun/rsplab/iolink/internal/adminapi.(*Server).batchConfirm-fm (4 handlers)
[GIN-debug] GET    /admin/v1/stats           --> git.hyhy.fun/rsplab/iolink/internal/adminapi.(*Server).stats-fm (4 handlers)
[GIN-debug] GET    /admin/v1/products        --> git.hyhy.fun/rsplab/iolink/internal/adminapi.(*Server).listProducts-fm (4 handlers)
[GIN-debug] POST   /admin/v1/products        --> git.hyhy.fun/rsplab/iolink/internal/adminapi.(*Server).createProduct-fm (4 handlers)
[GIN-debug] GET    /admin/v1/products/:product_id/models --> git.hyhy.fun/rsplab/iolink/internal/adminapi.(*Server).listProductModels-fm (4 handlers)
[GIN-debug] POST   /admin/v1/products/:product_id/models --> git.hyhy.fun/rsplab/iolink/internal/adminapi.(*Server).createProductModel-fm (4 handlers)
[GIN-debug] POST   /admin/v1/products/:product_id/models/:version/publish --> git.hyhy.fun/rsplab/iolink/internal/adminapi.(*Server).publishProductModel-fm (4 handlers)
[GIN-debug] GET    /admin/v1/devices/:device_no/product --> git.hyhy.fun/rsplab/iolink/internal/adminapi.(*Server).getDeviceProduct-fm (4 handlers)
[GIN-debug] PUT    /admin/v1/devices/:device_no/product --> git.hyhy.fun/rsplab/iolink/internal/adminapi.(*Server).assignDeviceProduct-fm (4 handlers)
2026/10/04 17:50:30 INFO http request request_id=CNOPTZYZOERJUA45ZWLJHBPQXD route=/admin/v1/login method=POST status=200 duration_ms=132 tenant_id=0 actor_id=0
2026/10/04 17:50:30 WARN http request request_id=HFNG24ZNV3HGAHM5ECZG4KTWLL route=/admin/v1/products/:product_id/models/:version/publish method=POST status=403 duration_ms=3 tenant_id=9401 actor_id=9402
    product_revocation_http_test.go:91: http method=POST path=/admin/v1/products/2/models/2/publish status=403 response={"error":"forbidden"}
=== RUN   TestM6bProductWritesRejectRevocationAfterMiddleware/publish_model/tenant
    product_revocation_http_test.go:39: environment real_timescaledb=2.30.0
[GIN-debug] [WARNING] Running in "debug" mode. Switch to "release" mode in production.
 - using env:	export GIN_MODE=release
 - using code:	gin.SetMode(gin.ReleaseMode)

[GIN-debug] POST   /admin/v1/login           --> git.hyhy.fun/rsplab/iolink/internal/adminapi.(*Server).login-fm (2 handlers)
[GIN-debug] GET    /admin/v1/tenants         --> git.hyhy.fun/rsplab/iolink/internal/adminapi.(*Server).listTenants-fm (3 handlers)
[GIN-debug] PUT    /admin/v1/tenants/:id/status --> git.hyhy.fun/rsplab/iolink/internal/adminapi.(*Server).setTenantStatus-fm (3 handlers)
[GIN-debug] GET    /admin/v1/tenants/:id/members --> git.hyhy.fun/rsplab/iolink/internal/adminapi.(*Server).listTenantMembers-fm (3 handlers)
[GIN-debug] PUT    /admin/v1/tenants/:id/members/:user_id --> git.hyhy.fun/rsplab/iolink/internal/adminapi.(*Server).setTenantMember-fm (3 handlers)
[GIN-debug] POST   /admin/v1/password        --> git.hyhy.fun/rsplab/iolink/internal/adminapi.(*Server).changePassword-fm (3 handlers)
[GIN-debug] GET    /admin/v1/farms           --> git.hyhy.fun/rsplab/iolink/internal/adminapi.(*Server).listFarms-fm (4 handlers)
[GIN-debug] POST   /admin/v1/farms           --> git.hyhy.fun/rsplab/iolink/internal/adminapi.(*Server).createFarm-fm (4 handlers)
[GIN-debug] GET    /admin/v1/users           --> git.hyhy.fun/rsplab/iolink/internal/adminapi.(*Server).listUsers-fm (4 handlers)
[GIN-debug] PUT    /admin/v1/farms/:id       --> git.hyhy.fun/rsplab/iolink/internal/adminapi.(*Server).updateFarm-fm (4 handlers)
[GIN-debug] DELETE /admin/v1/farms/:id       --> git.hyhy.fun/rsplab/iolink/internal/adminapi.(*Server).deleteFarm-fm (4 handlers)
[GIN-debug] PUT    /admin/v1/farms/:id/owner --> git.hyhy.fun/rsplab/iolink/internal/adminapi.(*Server).setFarmOwner-fm (4 handlers)
[GIN-debug] GET    /admin/v1/farms/:id/members --> git.hyhy.fun/rsplab/iolink/internal/adminapi.(*Server).listFarmMembers-fm (4 handlers)
[GIN-debug] PUT    /admin/v1/farms/:id/members/:user_id --> git.hyhy.fun/rsplab/iolink/internal/adminapi.(*Server).setFarmMember-fm (4 handlers)
[GIN-debug] GET    /admin/v1/ponds           --> git.hyhy.fun/rsplab/iolink/internal/adminapi.(*Server).listPonds-fm (4 handlers)
[GIN-debug] POST   /admin/v1/ponds           --> git.hyhy.fun/rsplab/iolink/internal/adminapi.(*Server).createPond-fm (4 handlers)
[GIN-debug] PUT    /admin/v1/ponds/:id       --> git.hyhy.fun/rsplab/iolink/internal/adminapi.(*Server).updatePond-fm (4 handlers)
[GIN-debug] DELETE /admin/v1/ponds/:id       --> git.hyhy.fun/rsplab/iolink/internal/adminapi.(*Server).deletePond-fm (4 handlers)
[GIN-debug] GET    /admin/v1/devices         --> git.hyhy.fun/rsplab/iolink/internal/adminapi.(*Server).listDevices-fm (4 handlers)
[GIN-debug] POST   /admin/v1/devices         --> git.hyhy.fun/rsplab/iolink/internal/adminapi.(*Server).registerDevice-fm (4 handlers)
[GIN-debug] GET    /admin/v1/devices/:device_no --> git.hyhy.fun/rsplab/iolink/internal/adminapi.(*Server).getDevice-fm (4 handlers)
[GIN-debug] DELETE /admin/v1/devices/:device_no --> git.hyhy.fun/rsplab/iolink/internal/adminapi.(*Server).deleteDevice-fm (4 handlers)
[GIN-debug] PUT    /admin/v1/devices/:device_no/pond --> git.hyhy.fun/rsplab/iolink/internal/adminapi.(*Server).moveDevice-fm (4 handlers)
[GIN-debug] GET    /admin/v1/alarm-rules     --> git.hyhy.fun/rsplab/iolink/internal/adminapi.(*Server).listRules-fm (4 handlers)
[GIN-debug] POST   /admin/v1/alarm-rules     --> git.hyhy.fun/rsplab/iolink/internal/adminapi.(*Server).createRule-fm (4 handlers)
[GIN-debug] PUT    /admin/v1/alarm-rules/:id --> git.hyhy.fun/rsplab/iolink/internal/adminapi.(*Server).updateRule-fm (4 handlers)
[GIN-debug] DELETE /admin/v1/alarm-rules/:id --> git.hyhy.fun/rsplab/iolink/internal/adminapi.(*Server).deleteRule-fm (4 handlers)
[GIN-debug] GET    /admin/v1/alarms          --> git.hyhy.fun/rsplab/iolink/internal/adminapi.(*Server).listAlarms-fm (4 handlers)
[GIN-debug] POST   /admin/v1/alarms/:id/confirm --> git.hyhy.fun/rsplab/iolink/internal/adminapi.(*Server).confirmAlarm-fm (4 handlers)
[GIN-debug] POST   /admin/v1/alarms/batch-confirm --> git.hyhy.fun/rsplab/iolink/internal/adminapi.(*Server).batchConfirm-fm (4 handlers)
[GIN-debug] GET    /admin/v1/stats           --> git.hyhy.fun/rsplab/iolink/internal/adminapi.(*Server).stats-fm (4 handlers)
[GIN-debug] GET    /admin/v1/products        --> git.hyhy.fun/rsplab/iolink/internal/adminapi.(*Server).listProducts-fm (4 handlers)
[GIN-debug] POST   /admin/v1/products        --> git.hyhy.fun/rsplab/iolink/internal/adminapi.(*Server).createProduct-fm (4 handlers)
[GIN-debug] GET    /admin/v1/products/:product_id/models --> git.hyhy.fun/rsplab/iolink/internal/adminapi.(*Server).listProductModels-fm (4 handlers)
[GIN-debug] POST   /admin/v1/products/:product_id/models --> git.hyhy.fun/rsplab/iolink/internal/adminapi.(*Server).createProductModel-fm (4 handlers)
[GIN-debug] POST   /admin/v1/products/:product_id/models/:version/publish --> git.hyhy.fun/rsplab/iolink/internal/adminapi.(*Server).publishProductModel-fm (4 handlers)
[GIN-debug] GET    /admin/v1/devices/:device_no/product --> git.hyhy.fun/rsplab/iolink/internal/adminapi.(*Server).getDeviceProduct-fm (4 handlers)
[GIN-debug] PUT    /admin/v1/devices/:device_no/product --> git.hyhy.fun/rsplab/iolink/internal/adminapi.(*Server).assignDeviceProduct-fm (4 handlers)
2026/10/04 17:50:31 INFO http request request_id=Y7YWKZGUO65SL2Y2GNG5SN2JAR route=/admin/v1/login method=POST status=200 duration_ms=130 tenant_id=0 actor_id=0
2026/10/04 17:50:31 WARN http request request_id=AVQMEX6N7L4PU2GMKKQXANXAGI route=/admin/v1/products/:product_id/models/:version/publish method=POST status=403 duration_ms=2 tenant_id=9401 actor_id=9402
    product_revocation_http_test.go:91: http method=POST path=/admin/v1/products/2/models/2/publish status=403 response={"error":"forbidden"}
=== RUN   TestM6bProductWritesRejectRevocationAfterMiddleware/publish_model/platform_authority
    product_revocation_http_test.go:39: environment real_timescaledb=2.30.0
[GIN-debug] [WARNING] Running in "debug" mode. Switch to "release" mode in production.
 - using env:	export GIN_MODE=release
 - using code:	gin.SetMode(gin.ReleaseMode)

[GIN-debug] POST   /admin/v1/login           --> git.hyhy.fun/rsplab/iolink/internal/adminapi.(*Server).login-fm (2 handlers)
[GIN-debug] GET    /admin/v1/tenants         --> git.hyhy.fun/rsplab/iolink/internal/adminapi.(*Server).listTenants-fm (3 handlers)
[GIN-debug] PUT    /admin/v1/tenants/:id/status --> git.hyhy.fun/rsplab/iolink/internal/adminapi.(*Server).setTenantStatus-fm (3 handlers)
[GIN-debug] GET    /admin/v1/tenants/:id/members --> git.hyhy.fun/rsplab/iolink/internal/adminapi.(*Server).listTenantMembers-fm (3 handlers)
[GIN-debug] PUT    /admin/v1/tenants/:id/members/:user_id --> git.hyhy.fun/rsplab/iolink/internal/adminapi.(*Server).setTenantMember-fm (3 handlers)
[GIN-debug] POST   /admin/v1/password        --> git.hyhy.fun/rsplab/iolink/internal/adminapi.(*Server).changePassword-fm (3 handlers)
[GIN-debug] GET    /admin/v1/farms           --> git.hyhy.fun/rsplab/iolink/internal/adminapi.(*Server).listFarms-fm (4 handlers)
[GIN-debug] POST   /admin/v1/farms           --> git.hyhy.fun/rsplab/iolink/internal/adminapi.(*Server).createFarm-fm (4 handlers)
[GIN-debug] GET    /admin/v1/users           --> git.hyhy.fun/rsplab/iolink/internal/adminapi.(*Server).listUsers-fm (4 handlers)
[GIN-debug] PUT    /admin/v1/farms/:id       --> git.hyhy.fun/rsplab/iolink/internal/adminapi.(*Server).updateFarm-fm (4 handlers)
[GIN-debug] DELETE /admin/v1/farms/:id       --> git.hyhy.fun/rsplab/iolink/internal/adminapi.(*Server).deleteFarm-fm (4 handlers)
[GIN-debug] PUT    /admin/v1/farms/:id/owner --> git.hyhy.fun/rsplab/iolink/internal/adminapi.(*Server).setFarmOwner-fm (4 handlers)
[GIN-debug] GET    /admin/v1/farms/:id/members --> git.hyhy.fun/rsplab/iolink/internal/adminapi.(*Server).listFarmMembers-fm (4 handlers)
[GIN-debug] PUT    /admin/v1/farms/:id/members/:user_id --> git.hyhy.fun/rsplab/iolink/internal/adminapi.(*Server).setFarmMember-fm (4 handlers)
[GIN-debug] GET    /admin/v1/ponds           --> git.hyhy.fun/rsplab/iolink/internal/adminapi.(*Server).listPonds-fm (4 handlers)
[GIN-debug] POST   /admin/v1/ponds           --> git.hyhy.fun/rsplab/iolink/internal/adminapi.(*Server).createPond-fm (4 handlers)
[GIN-debug] PUT    /admin/v1/ponds/:id       --> git.hyhy.fun/rsplab/iolink/internal/adminapi.(*Server).updatePond-fm (4 handlers)
[GIN-debug] DELETE /admin/v1/ponds/:id       --> git.hyhy.fun/rsplab/iolink/internal/adminapi.(*Server).deletePond-fm (4 handlers)
[GIN-debug] GET    /admin/v1/devices         --> git.hyhy.fun/rsplab/iolink/internal/adminapi.(*Server).listDevices-fm (4 handlers)
[GIN-debug] POST   /admin/v1/devices         --> git.hyhy.fun/rsplab/iolink/internal/adminapi.(*Server).registerDevice-fm (4 handlers)
[GIN-debug] GET    /admin/v1/devices/:device_no --> git.hyhy.fun/rsplab/iolink/internal/adminapi.(*Server).getDevice-fm (4 handlers)
[GIN-debug] DELETE /admin/v1/devices/:device_no --> git.hyhy.fun/rsplab/iolink/internal/adminapi.(*Server).deleteDevice-fm (4 handlers)
[GIN-debug] PUT    /admin/v1/devices/:device_no/pond --> git.hyhy.fun/rsplab/iolink/internal/adminapi.(*Server).moveDevice-fm (4 handlers)
[GIN-debug] GET    /admin/v1/alarm-rules     --> git.hyhy.fun/rsplab/iolink/internal/adminapi.(*Server).listRules-fm (4 handlers)
[GIN-debug] POST   /admin/v1/alarm-rules     --> git.hyhy.fun/rsplab/iolink/internal/adminapi.(*Server).createRule-fm (4 handlers)
[GIN-debug] PUT    /admin/v1/alarm-rules/:id --> git.hyhy.fun/rsplab/iolink/internal/adminapi.(*Server).updateRule-fm (4 handlers)
[GIN-debug] DELETE /admin/v1/alarm-rules/:id --> git.hyhy.fun/rsplab/iolink/internal/adminapi.(*Server).deleteRule-fm (4 handlers)
[GIN-debug] GET    /admin/v1/alarms          --> git.hyhy.fun/rsplab/iolink/internal/adminapi.(*Server).listAlarms-fm (4 handlers)
[GIN-debug] POST   /admin/v1/alarms/:id/confirm --> git.hyhy.fun/rsplab/iolink/internal/adminapi.(*Server).confirmAlarm-fm (4 handlers)
[GIN-debug] POST   /admin/v1/alarms/batch-confirm --> git.hyhy.fun/rsplab/iolink/internal/adminapi.(*Server).batchConfirm-fm (4 handlers)
[GIN-debug] GET    /admin/v1/stats           --> git.hyhy.fun/rsplab/iolink/internal/adminapi.(*Server).stats-fm (4 handlers)
[GIN-debug] GET    /admin/v1/products        --> git.hyhy.fun/rsplab/iolink/internal/adminapi.(*Server).listProducts-fm (4 handlers)
[GIN-debug] POST   /admin/v1/products        --> git.hyhy.fun/rsplab/iolink/internal/adminapi.(*Server).createProduct-fm (4 handlers)
[GIN-debug] GET    /admin/v1/products/:product_id/models --> git.hyhy.fun/rsplab/iolink/internal/adminapi.(*Server).listProductModels-fm (4 handlers)
[GIN-debug] POST   /admin/v1/products/:product_id/models --> git.hyhy.fun/rsplab/iolink/internal/adminapi.(*Server).createProductModel-fm (4 handlers)
[GIN-debug] POST   /admin/v1/products/:product_id/models/:version/publish --> git.hyhy.fun/rsplab/iolink/internal/adminapi.(*Server).publishProductModel-fm (4 handlers)
[GIN-debug] GET    /admin/v1/devices/:device_no/product --> git.hyhy.fun/rsplab/iolink/internal/adminapi.(*Server).getDeviceProduct-fm (4 handlers)
[GIN-debug] PUT    /admin/v1/devices/:device_no/product --> git.hyhy.fun/rsplab/iolink/internal/adminapi.(*Server).assignDeviceProduct-fm (4 handlers)
2026/10/04 17:50:31 INFO http request request_id=WDXKJGD4N73X2PX2DIVXIISB6I route=/admin/v1/login method=POST status=200 duration_ms=132 tenant_id=0 actor_id=0
2026/10/04 17:50:31 WARN http request request_id=IBMO573RTQ2OOHUV6L7RSMMXXQ route=/admin/v1/products/:product_id/models/:version/publish method=POST status=403 duration_ms=3 tenant_id=9401 actor_id=9402
    product_revocation_http_test.go:91: http method=POST path=/admin/v1/products/2/models/2/publish status=403 response={"error":"forbidden"}
=== RUN   TestM6bProductWritesRejectRevocationAfterMiddleware/publish_model/permission_version
    product_revocation_http_test.go:39: environment real_timescaledb=2.30.0
[GIN-debug] [WARNING] Running in "debug" mode. Switch to "release" mode in production.
 - using env:	export GIN_MODE=release
 - using code:	gin.SetMode(gin.ReleaseMode)

[GIN-debug] POST   /admin/v1/login           --> git.hyhy.fun/rsplab/iolink/internal/adminapi.(*Server).login-fm (2 handlers)
[GIN-debug] GET    /admin/v1/tenants         --> git.hyhy.fun/rsplab/iolink/internal/adminapi.(*Server).listTenants-fm (3 handlers)
[GIN-debug] PUT    /admin/v1/tenants/:id/status --> git.hyhy.fun/rsplab/iolink/internal/adminapi.(*Server).setTenantStatus-fm (3 handlers)
[GIN-debug] GET    /admin/v1/tenants/:id/members --> git.hyhy.fun/rsplab/iolink/internal/adminapi.(*Server).listTenantMembers-fm (3 handlers)
[GIN-debug] PUT    /admin/v1/tenants/:id/members/:user_id --> git.hyhy.fun/rsplab/iolink/internal/adminapi.(*Server).setTenantMember-fm (3 handlers)
[GIN-debug] POST   /admin/v1/password        --> git.hyhy.fun/rsplab/iolink/internal/adminapi.(*Server).changePassword-fm (3 handlers)
[GIN-debug] GET    /admin/v1/farms           --> git.hyhy.fun/rsplab/iolink/internal/adminapi.(*Server).listFarms-fm (4 handlers)
[GIN-debug] POST   /admin/v1/farms           --> git.hyhy.fun/rsplab/iolink/internal/adminapi.(*Server).createFarm-fm (4 handlers)
[GIN-debug] GET    /admin/v1/users           --> git.hyhy.fun/rsplab/iolink/internal/adminapi.(*Server).listUsers-fm (4 handlers)
[GIN-debug] PUT    /admin/v1/farms/:id       --> git.hyhy.fun/rsplab/iolink/internal/adminapi.(*Server).updateFarm-fm (4 handlers)
[GIN-debug] DELETE /admin/v1/farms/:id       --> git.hyhy.fun/rsplab/iolink/internal/adminapi.(*Server).deleteFarm-fm (4 handlers)
[GIN-debug] PUT    /admin/v1/farms/:id/owner --> git.hyhy.fun/rsplab/iolink/internal/adminapi.(*Server).setFarmOwner-fm (4 handlers)
[GIN-debug] GET    /admin/v1/farms/:id/members --> git.hyhy.fun/rsplab/iolink/internal/adminapi.(*Server).listFarmMembers-fm (4 handlers)
[GIN-debug] PUT    /admin/v1/farms/:id/members/:user_id --> git.hyhy.fun/rsplab/iolink/internal/adminapi.(*Server).setFarmMember-fm (4 handlers)
[GIN-debug] GET    /admin/v1/ponds           --> git.hyhy.fun/rsplab/iolink/internal/adminapi.(*Server).listPonds-fm (4 handlers)
[GIN-debug] POST   /admin/v1/ponds           --> git.hyhy.fun/rsplab/iolink/internal/adminapi.(*Server).createPond-fm (4 handlers)
[GIN-debug] PUT    /admin/v1/ponds/:id       --> git.hyhy.fun/rsplab/iolink/internal/adminapi.(*Server).updatePond-fm (4 handlers)
[GIN-debug] DELETE /admin/v1/ponds/:id       --> git.hyhy.fun/rsplab/iolink/internal/adminapi.(*Server).deletePond-fm (4 handlers)
[GIN-debug] GET    /admin/v1/devices         --> git.hyhy.fun/rsplab/iolink/internal/adminapi.(*Server).listDevices-fm (4 handlers)
[GIN-debug] POST   /admin/v1/devices         --> git.hyhy.fun/rsplab/iolink/internal/adminapi.(*Server).registerDevice-fm (4 handlers)
[GIN-debug] GET    /admin/v1/devices/:device_no --> git.hyhy.fun/rsplab/iolink/internal/adminapi.(*Server).getDevice-fm (4 handlers)
[GIN-debug] DELETE /admin/v1/devices/:device_no --> git.hyhy.fun/rsplab/iolink/internal/adminapi.(*Server).deleteDevice-fm (4 handlers)
[GIN-debug] PUT    /admin/v1/devices/:device_no/pond --> git.hyhy.fun/rsplab/iolink/internal/adminapi.(*Server).moveDevice-fm (4 handlers)
[GIN-debug] GET    /admin/v1/alarm-rules     --> git.hyhy.fun/rsplab/iolink/internal/adminapi.(*Server).listRules-fm (4 handlers)
[GIN-debug] POST   /admin/v1/alarm-rules     --> git.hyhy.fun/rsplab/iolink/internal/adminapi.(*Server).createRule-fm (4 handlers)
[GIN-debug] PUT    /admin/v1/alarm-rules/:id --> git.hyhy.fun/rsplab/iolink/internal/adminapi.(*Server).updateRule-fm (4 handlers)
[GIN-debug] DELETE /admin/v1/alarm-rules/:id --> git.hyhy.fun/rsplab/iolink/internal/adminapi.(*Server).deleteRule-fm (4 handlers)
[GIN-debug] GET    /admin/v1/alarms          --> git.hyhy.fun/rsplab/iolink/internal/adminapi.(*Server).listAlarms-fm (4 handlers)
[GIN-debug] POST   /admin/v1/alarms/:id/confirm --> git.hyhy.fun/rsplab/iolink/internal/adminapi.(*Server).confirmAlarm-fm (4 handlers)
[GIN-debug] POST   /admin/v1/alarms/batch-confirm --> git.hyhy.fun/rsplab/iolink/internal/adminapi.(*Server).batchConfirm-fm (4 handlers)
[GIN-debug] GET    /admin/v1/stats           --> git.hyhy.fun/rsplab/iolink/internal/adminapi.(*Server).stats-fm (4 handlers)
[GIN-debug] GET    /admin/v1/products        --> git.hyhy.fun/rsplab/iolink/internal/adminapi.(*Server).listProducts-fm (4 handlers)
[GIN-debug] POST   /admin/v1/products        --> git.hyhy.fun/rsplab/iolink/internal/adminapi.(*Server).createProduct-fm (4 handlers)
[GIN-debug] GET    /admin/v1/products/:product_id/models --> git.hyhy.fun/rsplab/iolink/internal/adminapi.(*Server).listProductModels-fm (4 handlers)
[GIN-debug] POST   /admin/v1/products/:product_id/models --> git.hyhy.fun/rsplab/iolink/internal/adminapi.(*Server).createProductModel-fm (4 handlers)
[GIN-debug] POST   /admin/v1/products/:product_id/models/:version/publish --> git.hyhy.fun/rsplab/iolink/internal/adminapi.(*Server).publishProductModel-fm (4 handlers)
[GIN-debug] GET    /admin/v1/devices/:device_no/product --> git.hyhy.fun/rsplab/iolink/internal/adminapi.(*Server).getDeviceProduct-fm (4 handlers)
[GIN-debug] PUT    /admin/v1/devices/:device_no/product --> git.hyhy.fun/rsplab/iolink/internal/adminapi.(*Server).assignDeviceProduct-fm (4 handlers)
2026/10/04 17:50:32 INFO http request request_id=I523HE33N2D2LAJN6TL5YBIPQP route=/admin/v1/login method=POST status=200 duration_ms=134 tenant_id=0 actor_id=0
2026/10/04 17:50:32 WARN http request request_id=EUZM4B3FZCXZ5E56ENA7XI6SGK route=/admin/v1/products/:product_id/models/:version/publish method=POST status=403 duration_ms=3 tenant_id=9401 actor_id=9402
    product_revocation_http_test.go:91: http method=POST path=/admin/v1/products/2/models/2/publish status=403 response={"error":"forbidden"}
=== RUN   TestM6bProductWritesRejectRevocationAfterMiddleware/assign_device/role
    product_revocation_http_test.go:39: environment real_timescaledb=2.30.0
[GIN-debug] [WARNING] Running in "debug" mode. Switch to "release" mode in production.
 - using env:	export GIN_MODE=release
 - using code:	gin.SetMode(gin.ReleaseMode)

[GIN-debug] POST   /admin/v1/login           --> git.hyhy.fun/rsplab/iolink/internal/adminapi.(*Server).login-fm (2 handlers)
[GIN-debug] GET    /admin/v1/tenants         --> git.hyhy.fun/rsplab/iolink/internal/adminapi.(*Server).listTenants-fm (3 handlers)
[GIN-debug] PUT    /admin/v1/tenants/:id/status --> git.hyhy.fun/rsplab/iolink/internal/adminapi.(*Server).setTenantStatus-fm (3 handlers)
[GIN-debug] GET    /admin/v1/tenants/:id/members --> git.hyhy.fun/rsplab/iolink/internal/adminapi.(*Server).listTenantMembers-fm (3 handlers)
[GIN-debug] PUT    /admin/v1/tenants/:id/members/:user_id --> git.hyhy.fun/rsplab/iolink/internal/adminapi.(*Server).setTenantMember-fm (3 handlers)
[GIN-debug] POST   /admin/v1/password        --> git.hyhy.fun/rsplab/iolink/internal/adminapi.(*Server).changePassword-fm (3 handlers)
[GIN-debug] GET    /admin/v1/farms           --> git.hyhy.fun/rsplab/iolink/internal/adminapi.(*Server).listFarms-fm (4 handlers)
[GIN-debug] POST   /admin/v1/farms           --> git.hyhy.fun/rsplab/iolink/internal/adminapi.(*Server).createFarm-fm (4 handlers)
[GIN-debug] GET    /admin/v1/users           --> git.hyhy.fun/rsplab/iolink/internal/adminapi.(*Server).listUsers-fm (4 handlers)
[GIN-debug] PUT    /admin/v1/farms/:id       --> git.hyhy.fun/rsplab/iolink/internal/adminapi.(*Server).updateFarm-fm (4 handlers)
[GIN-debug] DELETE /admin/v1/farms/:id       --> git.hyhy.fun/rsplab/iolink/internal/adminapi.(*Server).deleteFarm-fm (4 handlers)
[GIN-debug] PUT    /admin/v1/farms/:id/owner --> git.hyhy.fun/rsplab/iolink/internal/adminapi.(*Server).setFarmOwner-fm (4 handlers)
[GIN-debug] GET    /admin/v1/farms/:id/members --> git.hyhy.fun/rsplab/iolink/internal/adminapi.(*Server).listFarmMembers-fm (4 handlers)
[GIN-debug] PUT    /admin/v1/farms/:id/members/:user_id --> git.hyhy.fun/rsplab/iolink/internal/adminapi.(*Server).setFarmMember-fm (4 handlers)
[GIN-debug] GET    /admin/v1/ponds           --> git.hyhy.fun/rsplab/iolink/internal/adminapi.(*Server).listPonds-fm (4 handlers)
[GIN-debug] POST   /admin/v1/ponds           --> git.hyhy.fun/rsplab/iolink/internal/adminapi.(*Server).createPond-fm (4 handlers)
[GIN-debug] PUT    /admin/v1/ponds/:id       --> git.hyhy.fun/rsplab/iolink/internal/adminapi.(*Server).updatePond-fm (4 handlers)
[GIN-debug] DELETE /admin/v1/ponds/:id       --> git.hyhy.fun/rsplab/iolink/internal/adminapi.(*Server).deletePond-fm (4 handlers)
[GIN-debug] GET    /admin/v1/devices         --> git.hyhy.fun/rsplab/iolink/internal/adminapi.(*Server).listDevices-fm (4 handlers)
[GIN-debug] POST   /admin/v1/devices         --> git.hyhy.fun/rsplab/iolink/internal/adminapi.(*Server).registerDevice-fm (4 handlers)
[GIN-debug] GET    /admin/v1/devices/:device_no --> git.hyhy.fun/rsplab/iolink/internal/adminapi.(*Server).getDevice-fm (4 handlers)
[GIN-debug] DELETE /admin/v1/devices/:device_no --> git.hyhy.fun/rsplab/iolink/internal/adminapi.(*Server).deleteDevice-fm (4 handlers)
[GIN-debug] PUT    /admin/v1/devices/:device_no/pond --> git.hyhy.fun/rsplab/iolink/internal/adminapi.(*Server).moveDevice-fm (4 handlers)
[GIN-debug] GET    /admin/v1/alarm-rules     --> git.hyhy.fun/rsplab/iolink/internal/adminapi.(*Server).listRules-fm (4 handlers)
[GIN-debug] POST   /admin/v1/alarm-rules     --> git.hyhy.fun/rsplab/iolink/internal/adminapi.(*Server).createRule-fm (4 handlers)
[GIN-debug] PUT    /admin/v1/alarm-rules/:id --> git.hyhy.fun/rsplab/iolink/internal/adminapi.(*Server).updateRule-fm (4 handlers)
[GIN-debug] DELETE /admin/v1/alarm-rules/:id --> git.hyhy.fun/rsplab/iolink/internal/adminapi.(*Server).deleteRule-fm (4 handlers)
[GIN-debug] GET    /admin/v1/alarms          --> git.hyhy.fun/rsplab/iolink/internal/adminapi.(*Server).listAlarms-fm (4 handlers)
[GIN-debug] POST   /admin/v1/alarms/:id/confirm --> git.hyhy.fun/rsplab/iolink/internal/adminapi.(*Server).confirmAlarm-fm (4 handlers)
[GIN-debug] POST   /admin/v1/alarms/batch-confirm --> git.hyhy.fun/rsplab/iolink/internal/adminapi.(*Server).batchConfirm-fm (4 handlers)
[GIN-debug] GET    /admin/v1/stats           --> git.hyhy.fun/rsplab/iolink/internal/adminapi.(*Server).stats-fm (4 handlers)
[GIN-debug] GET    /admin/v1/products        --> git.hyhy.fun/rsplab/iolink/internal/adminapi.(*Server).listProducts-fm (4 handlers)
[GIN-debug] POST   /admin/v1/products        --> git.hyhy.fun/rsplab/iolink/internal/adminapi.(*Server).createProduct-fm (4 handlers)
[GIN-debug] GET    /admin/v1/products/:product_id/models --> git.hyhy.fun/rsplab/iolink/internal/adminapi.(*Server).listProductModels-fm (4 handlers)
[GIN-debug] POST   /admin/v1/products/:product_id/models --> git.hyhy.fun/rsplab/iolink/internal/adminapi.(*Server).createProductModel-fm (4 handlers)
[GIN-debug] POST   /admin/v1/products/:product_id/models/:version/publish --> git.hyhy.fun/rsplab/iolink/internal/adminapi.(*Server).publishProductModel-fm (4 handlers)
[GIN-debug] GET    /admin/v1/devices/:device_no/product --> git.hyhy.fun/rsplab/iolink/internal/adminapi.(*Server).getDeviceProduct-fm (4 handlers)
[GIN-debug] PUT    /admin/v1/devices/:device_no/product --> git.hyhy.fun/rsplab/iolink/internal/adminapi.(*Server).assignDeviceProduct-fm (4 handlers)
2026/10/04 17:50:33 INFO http request request_id=H4W4TXLRG2BJFA22FPXYBW6YCF route=/admin/v1/login method=POST status=200 duration_ms=132 tenant_id=0 actor_id=0
2026/10/04 17:50:33 WARN http request request_id=PJIY2QCQWP2CBSYCB4LZEVO6HF route=/admin/v1/devices/:device_no/product method=PUT status=403 duration_ms=3 tenant_id=9401 actor_id=9402
    product_revocation_http_test.go:91: http method=PUT path=/admin/v1/devices/v2-permission/product status=403 response={"error":"forbidden"}
=== RUN   TestM6bProductWritesRejectRevocationAfterMiddleware/assign_device/membership
    product_revocation_http_test.go:39: environment real_timescaledb=2.30.0
[GIN-debug] [WARNING] Running in "debug" mode. Switch to "release" mode in production.
 - using env:	export GIN_MODE=release
 - using code:	gin.SetMode(gin.ReleaseMode)

[GIN-debug] POST   /admin/v1/login           --> git.hyhy.fun/rsplab/iolink/internal/adminapi.(*Server).login-fm (2 handlers)
[GIN-debug] GET    /admin/v1/tenants         --> git.hyhy.fun/rsplab/iolink/internal/adminapi.(*Server).listTenants-fm (3 handlers)
[GIN-debug] PUT    /admin/v1/tenants/:id/status --> git.hyhy.fun/rsplab/iolink/internal/adminapi.(*Server).setTenantStatus-fm (3 handlers)
[GIN-debug] GET    /admin/v1/tenants/:id/members --> git.hyhy.fun/rsplab/iolink/internal/adminapi.(*Server).listTenantMembers-fm (3 handlers)
[GIN-debug] PUT    /admin/v1/tenants/:id/members/:user_id --> git.hyhy.fun/rsplab/iolink/internal/adminapi.(*Server).setTenantMember-fm (3 handlers)
[GIN-debug] POST   /admin/v1/password        --> git.hyhy.fun/rsplab/iolink/internal/adminapi.(*Server).changePassword-fm (3 handlers)
[GIN-debug] GET    /admin/v1/farms           --> git.hyhy.fun/rsplab/iolink/internal/adminapi.(*Server).listFarms-fm (4 handlers)
[GIN-debug] POST   /admin/v1/farms           --> git.hyhy.fun/rsplab/iolink/internal/adminapi.(*Server).createFarm-fm (4 handlers)
[GIN-debug] GET    /admin/v1/users           --> git.hyhy.fun/rsplab/iolink/internal/adminapi.(*Server).listUsers-fm (4 handlers)
[GIN-debug] PUT    /admin/v1/farms/:id       --> git.hyhy.fun/rsplab/iolink/internal/adminapi.(*Server).updateFarm-fm (4 handlers)
[GIN-debug] DELETE /admin/v1/farms/:id       --> git.hyhy.fun/rsplab/iolink/internal/adminapi.(*Server).deleteFarm-fm (4 handlers)
[GIN-debug] PUT    /admin/v1/farms/:id/owner --> git.hyhy.fun/rsplab/iolink/internal/adminapi.(*Server).setFarmOwner-fm (4 handlers)
[GIN-debug] GET    /admin/v1/farms/:id/members --> git.hyhy.fun/rsplab/iolink/internal/adminapi.(*Server).listFarmMembers-fm (4 handlers)
[GIN-debug] PUT    /admin/v1/farms/:id/members/:user_id --> git.hyhy.fun/rsplab/iolink/internal/adminapi.(*Server).setFarmMember-fm (4 handlers)
[GIN-debug] GET    /admin/v1/ponds           --> git.hyhy.fun/rsplab/iolink/internal/adminapi.(*Server).listPonds-fm (4 handlers)
[GIN-debug] POST   /admin/v1/ponds           --> git.hyhy.fun/rsplab/iolink/internal/adminapi.(*Server).createPond-fm (4 handlers)
[GIN-debug] PUT    /admin/v1/ponds/:id       --> git.hyhy.fun/rsplab/iolink/internal/adminapi.(*Server).updatePond-fm (4 handlers)
[GIN-debug] DELETE /admin/v1/ponds/:id       --> git.hyhy.fun/rsplab/iolink/internal/adminapi.(*Server).deletePond-fm (4 handlers)
[GIN-debug] GET    /admin/v1/devices         --> git.hyhy.fun/rsplab/iolink/internal/adminapi.(*Server).listDevices-fm (4 handlers)
[GIN-debug] POST   /admin/v1/devices         --> git.hyhy.fun/rsplab/iolink/internal/adminapi.(*Server).registerDevice-fm (4 handlers)
[GIN-debug] GET    /admin/v1/devices/:device_no --> git.hyhy.fun/rsplab/iolink/internal/adminapi.(*Server).getDevice-fm (4 handlers)
[GIN-debug] DELETE /admin/v1/devices/:device_no --> git.hyhy.fun/rsplab/iolink/internal/adminapi.(*Server).deleteDevice-fm (4 handlers)
[GIN-debug] PUT    /admin/v1/devices/:device_no/pond --> git.hyhy.fun/rsplab/iolink/internal/adminapi.(*Server).moveDevice-fm (4 handlers)
[GIN-debug] GET    /admin/v1/alarm-rules     --> git.hyhy.fun/rsplab/iolink/internal/adminapi.(*Server).listRules-fm (4 handlers)
[GIN-debug] POST   /admin/v1/alarm-rules     --> git.hyhy.fun/rsplab/iolink/internal/adminapi.(*Server).createRule-fm (4 handlers)
[GIN-debug] PUT    /admin/v1/alarm-rules/:id --> git.hyhy.fun/rsplab/iolink/internal/adminapi.(*Server).updateRule-fm (4 handlers)
[GIN-debug] DELETE /admin/v1/alarm-rules/:id --> git.hyhy.fun/rsplab/iolink/internal/adminapi.(*Server).deleteRule-fm (4 handlers)
[GIN-debug] GET    /admin/v1/alarms          --> git.hyhy.fun/rsplab/iolink/internal/adminapi.(*Server).listAlarms-fm (4 handlers)
[GIN-debug] POST   /admin/v1/alarms/:id/confirm --> git.hyhy.fun/rsplab/iolink/internal/adminapi.(*Server).confirmAlarm-fm (4 handlers)
[GIN-debug] POST   /admin/v1/alarms/batch-confirm --> git.hyhy.fun/rsplab/iolink/internal/adminapi.(*Server).batchConfirm-fm (4 handlers)
[GIN-debug] GET    /admin/v1/stats           --> git.hyhy.fun/rsplab/iolink/internal/adminapi.(*Server).stats-fm (4 handlers)
[GIN-debug] GET    /admin/v1/products        --> git.hyhy.fun/rsplab/iolink/internal/adminapi.(*Server).listProducts-fm (4 handlers)
[GIN-debug] POST   /admin/v1/products        --> git.hyhy.fun/rsplab/iolink/internal/adminapi.(*Server).createProduct-fm (4 handlers)
[GIN-debug] GET    /admin/v1/products/:product_id/models --> git.hyhy.fun/rsplab/iolink/internal/adminapi.(*Server).listProductModels-fm (4 handlers)
[GIN-debug] POST   /admin/v1/products/:product_id/models --> git.hyhy.fun/rsplab/iolink/internal/adminapi.(*Server).createProductModel-fm (4 handlers)
[GIN-debug] POST   /admin/v1/products/:product_id/models/:version/publish --> git.hyhy.fun/rsplab/iolink/internal/adminapi.(*Server).publishProductModel-fm (4 handlers)
[GIN-debug] GET    /admin/v1/devices/:device_no/product --> git.hyhy.fun/rsplab/iolink/internal/adminapi.(*Server).getDeviceProduct-fm (4 handlers)
[GIN-debug] PUT    /admin/v1/devices/:device_no/product --> git.hyhy.fun/rsplab/iolink/internal/adminapi.(*Server).assignDeviceProduct-fm (4 handlers)
2026/10/04 17:50:33 INFO http request request_id=M7WKCLK6WM3Q2BSA4YTWCPCNMM route=/admin/v1/login method=POST status=200 duration_ms=136 tenant_id=0 actor_id=0
2026/10/04 17:50:33 WARN http request request_id=ZWXXRPPYSGXH4AAOAQVNLL4GMX route=/admin/v1/devices/:device_no/product method=PUT status=403 duration_ms=3 tenant_id=9401 actor_id=9402
    product_revocation_http_test.go:91: http method=PUT path=/admin/v1/devices/v2-permission/product status=403 response={"error":"forbidden"}
=== RUN   TestM6bProductWritesRejectRevocationAfterMiddleware/assign_device/tenant
    product_revocation_http_test.go:39: environment real_timescaledb=2.30.0
[GIN-debug] [WARNING] Running in "debug" mode. Switch to "release" mode in production.
 - using env:	export GIN_MODE=release
 - using code:	gin.SetMode(gin.ReleaseMode)

[GIN-debug] POST   /admin/v1/login           --> git.hyhy.fun/rsplab/iolink/internal/adminapi.(*Server).login-fm (2 handlers)
[GIN-debug] GET    /admin/v1/tenants         --> git.hyhy.fun/rsplab/iolink/internal/adminapi.(*Server).listTenants-fm (3 handlers)
[GIN-debug] PUT    /admin/v1/tenants/:id/status --> git.hyhy.fun/rsplab/iolink/internal/adminapi.(*Server).setTenantStatus-fm (3 handlers)
[GIN-debug] GET    /admin/v1/tenants/:id/members --> git.hyhy.fun/rsplab/iolink/internal/adminapi.(*Server).listTenantMembers-fm (3 handlers)
[GIN-debug] PUT    /admin/v1/tenants/:id/members/:user_id --> git.hyhy.fun/rsplab/iolink/internal/adminapi.(*Server).setTenantMember-fm (3 handlers)
[GIN-debug] POST   /admin/v1/password        --> git.hyhy.fun/rsplab/iolink/internal/adminapi.(*Server).changePassword-fm (3 handlers)
[GIN-debug] GET    /admin/v1/farms           --> git.hyhy.fun/rsplab/iolink/internal/adminapi.(*Server).listFarms-fm (4 handlers)
[GIN-debug] POST   /admin/v1/farms           --> git.hyhy.fun/rsplab/iolink/internal/adminapi.(*Server).createFarm-fm (4 handlers)
[GIN-debug] GET    /admin/v1/users           --> git.hyhy.fun/rsplab/iolink/internal/adminapi.(*Server).listUsers-fm (4 handlers)
[GIN-debug] PUT    /admin/v1/farms/:id       --> git.hyhy.fun/rsplab/iolink/internal/adminapi.(*Server).updateFarm-fm (4 handlers)
[GIN-debug] DELETE /admin/v1/farms/:id       --> git.hyhy.fun/rsplab/iolink/internal/adminapi.(*Server).deleteFarm-fm (4 handlers)
[GIN-debug] PUT    /admin/v1/farms/:id/owner --> git.hyhy.fun/rsplab/iolink/internal/adminapi.(*Server).setFarmOwner-fm (4 handlers)
[GIN-debug] GET    /admin/v1/farms/:id/members --> git.hyhy.fun/rsplab/iolink/internal/adminapi.(*Server).listFarmMembers-fm (4 handlers)
[GIN-debug] PUT    /admin/v1/farms/:id/members/:user_id --> git.hyhy.fun/rsplab/iolink/internal/adminapi.(*Server).setFarmMember-fm (4 handlers)
[GIN-debug] GET    /admin/v1/ponds           --> git.hyhy.fun/rsplab/iolink/internal/adminapi.(*Server).listPonds-fm (4 handlers)
[GIN-debug] POST   /admin/v1/ponds           --> git.hyhy.fun/rsplab/iolink/internal/adminapi.(*Server).createPond-fm (4 handlers)
[GIN-debug] PUT    /admin/v1/ponds/:id       --> git.hyhy.fun/rsplab/iolink/internal/adminapi.(*Server).updatePond-fm (4 handlers)
[GIN-debug] DELETE /admin/v1/ponds/:id       --> git.hyhy.fun/rsplab/iolink/internal/adminapi.(*Server).deletePond-fm (4 handlers)
[GIN-debug] GET    /admin/v1/devices         --> git.hyhy.fun/rsplab/iolink/internal/adminapi.(*Server).listDevices-fm (4 handlers)
[GIN-debug] POST   /admin/v1/devices         --> git.hyhy.fun/rsplab/iolink/internal/adminapi.(*Server).registerDevice-fm (4 handlers)
[GIN-debug] GET    /admin/v1/devices/:device_no --> git.hyhy.fun/rsplab/iolink/internal/adminapi.(*Server).getDevice-fm (4 handlers)
[GIN-debug] DELETE /admin/v1/devices/:device_no --> git.hyhy.fun/rsplab/iolink/internal/adminapi.(*Server).deleteDevice-fm (4 handlers)
[GIN-debug] PUT    /admin/v1/devices/:device_no/pond --> git.hyhy.fun/rsplab/iolink/internal/adminapi.(*Server).moveDevice-fm (4 handlers)
[GIN-debug] GET    /admin/v1/alarm-rules     --> git.hyhy.fun/rsplab/iolink/internal/adminapi.(*Server).listRules-fm (4 handlers)
[GIN-debug] POST   /admin/v1/alarm-rules     --> git.hyhy.fun/rsplab/iolink/internal/adminapi.(*Server).createRule-fm (4 handlers)
[GIN-debug] PUT    /admin/v1/alarm-rules/:id --> git.hyhy.fun/rsplab/iolink/internal/adminapi.(*Server).updateRule-fm (4 handlers)
[GIN-debug] DELETE /admin/v1/alarm-rules/:id --> git.hyhy.fun/rsplab/iolink/internal/adminapi.(*Server).deleteRule-fm (4 handlers)
[GIN-debug] GET    /admin/v1/alarms          --> git.hyhy.fun/rsplab/iolink/internal/adminapi.(*Server).listAlarms-fm (4 handlers)
[GIN-debug] POST   /admin/v1/alarms/:id/confirm --> git.hyhy.fun/rsplab/iolink/internal/adminapi.(*Server).confirmAlarm-fm (4 handlers)
[GIN-debug] POST   /admin/v1/alarms/batch-confirm --> git.hyhy.fun/rsplab/iolink/internal/adminapi.(*Server).batchConfirm-fm (4 handlers)
[GIN-debug] GET    /admin/v1/stats           --> git.hyhy.fun/rsplab/iolink/internal/adminapi.(*Server).stats-fm (4 handlers)
[GIN-debug] GET    /admin/v1/products        --> git.hyhy.fun/rsplab/iolink/internal/adminapi.(*Server).listProducts-fm (4 handlers)
[GIN-debug] POST   /admin/v1/products        --> git.hyhy.fun/rsplab/iolink/internal/adminapi.(*Server).createProduct-fm (4 handlers)
[GIN-debug] GET    /admin/v1/products/:product_id/models --> git.hyhy.fun/rsplab/iolink/internal/adminapi.(*Server).listProductModels-fm (4 handlers)
[GIN-debug] POST   /admin/v1/products/:product_id/models --> git.hyhy.fun/rsplab/iolink/internal/adminapi.(*Server).createProductModel-fm (4 handlers)
[GIN-debug] POST   /admin/v1/products/:product_id/models/:version/publish --> git.hyhy.fun/rsplab/iolink/internal/adminapi.(*Server).publishProductModel-fm (4 handlers)
[GIN-debug] GET    /admin/v1/devices/:device_no/product --> git.hyhy.fun/rsplab/iolink/internal/adminapi.(*Server).getDeviceProduct-fm (4 handlers)
[GIN-debug] PUT    /admin/v1/devices/:device_no/product --> git.hyhy.fun/rsplab/iolink/internal/adminapi.(*Server).assignDeviceProduct-fm (4 handlers)
2026/10/04 17:50:34 INFO http request request_id=7JSNMLGHHI5HPSR6FIXTFRNXIB route=/admin/v1/login method=POST status=200 duration_ms=137 tenant_id=0 actor_id=0
2026/10/04 17:50:34 WARN http request request_id=4IWQWRHNC4H67SGW6SNC4IINZM route=/admin/v1/devices/:device_no/product method=PUT status=403 duration_ms=2 tenant_id=9401 actor_id=9402
    product_revocation_http_test.go:91: http method=PUT path=/admin/v1/devices/v2-permission/product status=403 response={"error":"forbidden"}
=== RUN   TestM6bProductWritesRejectRevocationAfterMiddleware/assign_device/platform_authority
    product_revocation_http_test.go:39: environment real_timescaledb=2.30.0
[GIN-debug] [WARNING] Running in "debug" mode. Switch to "release" mode in production.
 - using env:	export GIN_MODE=release
 - using code:	gin.SetMode(gin.ReleaseMode)

[GIN-debug] POST   /admin/v1/login           --> git.hyhy.fun/rsplab/iolink/internal/adminapi.(*Server).login-fm (2 handlers)
[GIN-debug] GET    /admin/v1/tenants         --> git.hyhy.fun/rsplab/iolink/internal/adminapi.(*Server).listTenants-fm (3 handlers)
[GIN-debug] PUT    /admin/v1/tenants/:id/status --> git.hyhy.fun/rsplab/iolink/internal/adminapi.(*Server).setTenantStatus-fm (3 handlers)
[GIN-debug] GET    /admin/v1/tenants/:id/members --> git.hyhy.fun/rsplab/iolink/internal/adminapi.(*Server).listTenantMembers-fm (3 handlers)
[GIN-debug] PUT    /admin/v1/tenants/:id/members/:user_id --> git.hyhy.fun/rsplab/iolink/internal/adminapi.(*Server).setTenantMember-fm (3 handlers)
[GIN-debug] POST   /admin/v1/password        --> git.hyhy.fun/rsplab/iolink/internal/adminapi.(*Server).changePassword-fm (3 handlers)
[GIN-debug] GET    /admin/v1/farms           --> git.hyhy.fun/rsplab/iolink/internal/adminapi.(*Server).listFarms-fm (4 handlers)
[GIN-debug] POST   /admin/v1/farms           --> git.hyhy.fun/rsplab/iolink/internal/adminapi.(*Server).createFarm-fm (4 handlers)
[GIN-debug] GET    /admin/v1/users           --> git.hyhy.fun/rsplab/iolink/internal/adminapi.(*Server).listUsers-fm (4 handlers)
[GIN-debug] PUT    /admin/v1/farms/:id       --> git.hyhy.fun/rsplab/iolink/internal/adminapi.(*Server).updateFarm-fm (4 handlers)
[GIN-debug] DELETE /admin/v1/farms/:id       --> git.hyhy.fun/rsplab/iolink/internal/adminapi.(*Server).deleteFarm-fm (4 handlers)
[GIN-debug] PUT    /admin/v1/farms/:id/owner --> git.hyhy.fun/rsplab/iolink/internal/adminapi.(*Server).setFarmOwner-fm (4 handlers)
[GIN-debug] GET    /admin/v1/farms/:id/members --> git.hyhy.fun/rsplab/iolink/internal/adminapi.(*Server).listFarmMembers-fm (4 handlers)
[GIN-debug] PUT    /admin/v1/farms/:id/members/:user_id --> git.hyhy.fun/rsplab/iolink/internal/adminapi.(*Server).setFarmMember-fm (4 handlers)
[GIN-debug] GET    /admin/v1/ponds           --> git.hyhy.fun/rsplab/iolink/internal/adminapi.(*Server).listPonds-fm (4 handlers)
[GIN-debug] POST   /admin/v1/ponds           --> git.hyhy.fun/rsplab/iolink/internal/adminapi.(*Server).createPond-fm (4 handlers)
[GIN-debug] PUT    /admin/v1/ponds/:id       --> git.hyhy.fun/rsplab/iolink/internal/adminapi.(*Server).updatePond-fm (4 handlers)
[GIN-debug] DELETE /admin/v1/ponds/:id       --> git.hyhy.fun/rsplab/iolink/internal/adminapi.(*Server).deletePond-fm (4 handlers)
[GIN-debug] GET    /admin/v1/devices         --> git.hyhy.fun/rsplab/iolink/internal/adminapi.(*Server).listDevices-fm (4 handlers)
[GIN-debug] POST   /admin/v1/devices         --> git.hyhy.fun/rsplab/iolink/internal/adminapi.(*Server).registerDevice-fm (4 handlers)
[GIN-debug] GET    /admin/v1/devices/:device_no --> git.hyhy.fun/rsplab/iolink/internal/adminapi.(*Server).getDevice-fm (4 handlers)
[GIN-debug] DELETE /admin/v1/devices/:device_no --> git.hyhy.fun/rsplab/iolink/internal/adminapi.(*Server).deleteDevice-fm (4 handlers)
[GIN-debug] PUT    /admin/v1/devices/:device_no/pond --> git.hyhy.fun/rsplab/iolink/internal/adminapi.(*Server).moveDevice-fm (4 handlers)
[GIN-debug] GET    /admin/v1/alarm-rules     --> git.hyhy.fun/rsplab/iolink/internal/adminapi.(*Server).listRules-fm (4 handlers)
[GIN-debug] POST   /admin/v1/alarm-rules     --> git.hyhy.fun/rsplab/iolink/internal/adminapi.(*Server).createRule-fm (4 handlers)
[GIN-debug] PUT    /admin/v1/alarm-rules/:id --> git.hyhy.fun/rsplab/iolink/internal/adminapi.(*Server).updateRule-fm (4 handlers)
[GIN-debug] DELETE /admin/v1/alarm-rules/:id --> git.hyhy.fun/rsplab/iolink/internal/adminapi.(*Server).deleteRule-fm (4 handlers)
[GIN-debug] GET    /admin/v1/alarms          --> git.hyhy.fun/rsplab/iolink/internal/adminapi.(*Server).listAlarms-fm (4 handlers)
[GIN-debug] POST   /admin/v1/alarms/:id/confirm --> git.hyhy.fun/rsplab/iolink/internal/adminapi.(*Server).confirmAlarm-fm (4 handlers)
[GIN-debug] POST   /admin/v1/alarms/batch-confirm --> git.hyhy.fun/rsplab/iolink/internal/adminapi.(*Server).batchConfirm-fm (4 handlers)
[GIN-debug] GET    /admin/v1/stats           --> git.hyhy.fun/rsplab/iolink/internal/adminapi.(*Server).stats-fm (4 handlers)
[GIN-debug] GET    /admin/v1/products        --> git.hyhy.fun/rsplab/iolink/internal/adminapi.(*Server).listProducts-fm (4 handlers)
[GIN-debug] POST   /admin/v1/products        --> git.hyhy.fun/rsplab/iolink/internal/adminapi.(*Server).createProduct-fm (4 handlers)
[GIN-debug] GET    /admin/v1/products/:product_id/models --> git.hyhy.fun/rsplab/iolink/internal/adminapi.(*Server).listProductModels-fm (4 handlers)
[GIN-debug] POST   /admin/v1/products/:product_id/models --> git.hyhy.fun/rsplab/iolink/internal/adminapi.(*Server).createProductModel-fm (4 handlers)
[GIN-debug] POST   /admin/v1/products/:product_id/models/:version/publish --> git.hyhy.fun/rsplab/iolink/internal/adminapi.(*Server).publishProductModel-fm (4 handlers)
[GIN-debug] GET    /admin/v1/devices/:device_no/product --> git.hyhy.fun/rsplab/iolink/internal/adminapi.(*Server).getDeviceProduct-fm (4 handlers)
[GIN-debug] PUT    /admin/v1/devices/:device_no/product --> git.hyhy.fun/rsplab/iolink/internal/adminapi.(*Server).assignDeviceProduct-fm (4 handlers)
2026/10/04 17:50:34 INFO http request request_id=OQXHV2BLUFLSCPXT7AXQ3WLRO5 route=/admin/v1/login method=POST status=200 duration_ms=143 tenant_id=0 actor_id=0
2026/10/04 17:50:34 WARN http request request_id=P4J6OUE55LWQKBX77SNPHBBLTE route=/admin/v1/devices/:device_no/product method=PUT status=403 duration_ms=3 tenant_id=9401 actor_id=9402
    product_revocation_http_test.go:91: http method=PUT path=/admin/v1/devices/v2-permission/product status=403 response={"error":"forbidden"}
=== RUN   TestM6bProductWritesRejectRevocationAfterMiddleware/assign_device/permission_version
    product_revocation_http_test.go:39: environment real_timescaledb=2.30.0
[GIN-debug] [WARNING] Running in "debug" mode. Switch to "release" mode in production.
 - using env:	export GIN_MODE=release
 - using code:	gin.SetMode(gin.ReleaseMode)

[GIN-debug] POST   /admin/v1/login           --> git.hyhy.fun/rsplab/iolink/internal/adminapi.(*Server).login-fm (2 handlers)
[GIN-debug] GET    /admin/v1/tenants         --> git.hyhy.fun/rsplab/iolink/internal/adminapi.(*Server).listTenants-fm (3 handlers)
[GIN-debug] PUT    /admin/v1/tenants/:id/status --> git.hyhy.fun/rsplab/iolink/internal/adminapi.(*Server).setTenantStatus-fm (3 handlers)
[GIN-debug] GET    /admin/v1/tenants/:id/members --> git.hyhy.fun/rsplab/iolink/internal/adminapi.(*Server).listTenantMembers-fm (3 handlers)
[GIN-debug] PUT    /admin/v1/tenants/:id/members/:user_id --> git.hyhy.fun/rsplab/iolink/internal/adminapi.(*Server).setTenantMember-fm (3 handlers)
[GIN-debug] POST   /admin/v1/password        --> git.hyhy.fun/rsplab/iolink/internal/adminapi.(*Server).changePassword-fm (3 handlers)
[GIN-debug] GET    /admin/v1/farms           --> git.hyhy.fun/rsplab/iolink/internal/adminapi.(*Server).listFarms-fm (4 handlers)
[GIN-debug] POST   /admin/v1/farms           --> git.hyhy.fun/rsplab/iolink/internal/adminapi.(*Server).createFarm-fm (4 handlers)
[GIN-debug] GET    /admin/v1/users           --> git.hyhy.fun/rsplab/iolink/internal/adminapi.(*Server).listUsers-fm (4 handlers)
[GIN-debug] PUT    /admin/v1/farms/:id       --> git.hyhy.fun/rsplab/iolink/internal/adminapi.(*Server).updateFarm-fm (4 handlers)
[GIN-debug] DELETE /admin/v1/farms/:id       --> git.hyhy.fun/rsplab/iolink/internal/adminapi.(*Server).deleteFarm-fm (4 handlers)
[GIN-debug] PUT    /admin/v1/farms/:id/owner --> git.hyhy.fun/rsplab/iolink/internal/adminapi.(*Server).setFarmOwner-fm (4 handlers)
[GIN-debug] GET    /admin/v1/farms/:id/members --> git.hyhy.fun/rsplab/iolink/internal/adminapi.(*Server).listFarmMembers-fm (4 handlers)
[GIN-debug] PUT    /admin/v1/farms/:id/members/:user_id --> git.hyhy.fun/rsplab/iolink/internal/adminapi.(*Server).setFarmMember-fm (4 handlers)
[GIN-debug] GET    /admin/v1/ponds           --> git.hyhy.fun/rsplab/iolink/internal/adminapi.(*Server).listPonds-fm (4 handlers)
[GIN-debug] POST   /admin/v1/ponds           --> git.hyhy.fun/rsplab/iolink/internal/adminapi.(*Server).createPond-fm (4 handlers)
[GIN-debug] PUT    /admin/v1/ponds/:id       --> git.hyhy.fun/rsplab/iolink/internal/adminapi.(*Server).updatePond-fm (4 handlers)
[GIN-debug] DELETE /admin/v1/ponds/:id       --> git.hyhy.fun/rsplab/iolink/internal/adminapi.(*Server).deletePond-fm (4 handlers)
[GIN-debug] GET    /admin/v1/devices         --> git.hyhy.fun/rsplab/iolink/internal/adminapi.(*Server).listDevices-fm (4 handlers)
[GIN-debug] POST   /admin/v1/devices         --> git.hyhy.fun/rsplab/iolink/internal/adminapi.(*Server).registerDevice-fm (4 handlers)
[GIN-debug] GET    /admin/v1/devices/:device_no --> git.hyhy.fun/rsplab/iolink/internal/adminapi.(*Server).getDevice-fm (4 handlers)
[GIN-debug] DELETE /admin/v1/devices/:device_no --> git.hyhy.fun/rsplab/iolink/internal/adminapi.(*Server).deleteDevice-fm (4 handlers)
[GIN-debug] PUT    /admin/v1/devices/:device_no/pond --> git.hyhy.fun/rsplab/iolink/internal/adminapi.(*Server).moveDevice-fm (4 handlers)
[GIN-debug] GET    /admin/v1/alarm-rules     --> git.hyhy.fun/rsplab/iolink/internal/adminapi.(*Server).listRules-fm (4 handlers)
[GIN-debug] POST   /admin/v1/alarm-rules     --> git.hyhy.fun/rsplab/iolink/internal/adminapi.(*Server).createRule-fm (4 handlers)
[GIN-debug] PUT    /admin/v1/alarm-rules/:id --> git.hyhy.fun/rsplab/iolink/internal/adminapi.(*Server).updateRule-fm (4 handlers)
[GIN-debug] DELETE /admin/v1/alarm-rules/:id --> git.hyhy.fun/rsplab/iolink/internal/adminapi.(*Server).deleteRule-fm (4 handlers)
[GIN-debug] GET    /admin/v1/alarms          --> git.hyhy.fun/rsplab/iolink/internal/adminapi.(*Server).listAlarms-fm (4 handlers)
[GIN-debug] POST   /admin/v1/alarms/:id/confirm --> git.hyhy.fun/rsplab/iolink/internal/adminapi.(*Server).confirmAlarm-fm (4 handlers)
[GIN-debug] POST   /admin/v1/alarms/batch-confirm --> git.hyhy.fun/rsplab/iolink/internal/adminapi.(*Server).batchConfirm-fm (4 handlers)
[GIN-debug] GET    /admin/v1/stats           --> git.hyhy.fun/rsplab/iolink/internal/adminapi.(*Server).stats-fm (4 handlers)
[GIN-debug] GET    /admin/v1/products        --> git.hyhy.fun/rsplab/iolink/internal/adminapi.(*Server).listProducts-fm (4 handlers)
[GIN-debug] POST   /admin/v1/products        --> git.hyhy.fun/rsplab/iolink/internal/adminapi.(*Server).createProduct-fm (4 handlers)
[GIN-debug] GET    /admin/v1/products/:product_id/models --> git.hyhy.fun/rsplab/iolink/internal/adminapi.(*Server).listProductModels-fm (4 handlers)
[GIN-debug] POST   /admin/v1/products/:product_id/models --> git.hyhy.fun/rsplab/iolink/internal/adminapi.(*Server).createProductModel-fm (4 handlers)
[GIN-debug] POST   /admin/v1/products/:product_id/models/:version/publish --> git.hyhy.fun/rsplab/iolink/internal/adminapi.(*Server).publishProductModel-fm (4 handlers)
[GIN-debug] GET    /admin/v1/devices/:device_no/product --> git.hyhy.fun/rsplab/iolink/internal/adminapi.(*Server).getDeviceProduct-fm (4 handlers)
[GIN-debug] PUT    /admin/v1/devices/:device_no/product --> git.hyhy.fun/rsplab/iolink/internal/adminapi.(*Server).assignDeviceProduct-fm (4 handlers)
2026/10/04 17:50:35 INFO http request request_id=UBUOGEB5D5BLVQV25XRM4TFRUK route=/admin/v1/login method=POST status=200 duration_ms=132 tenant_id=0 actor_id=0
2026/10/04 17:50:35 WARN http request request_id=WAE4OEROII3SOW7E5CXV56OM7E route=/admin/v1/devices/:device_no/product method=PUT status=403 duration_ms=3 tenant_id=9401 actor_id=9402
    product_revocation_http_test.go:91: http method=PUT path=/admin/v1/devices/v2-permission/product status=403 response={"error":"forbidden"}
--- PASS: TestM6bProductWritesRejectRevocationAfterMiddleware (12.20s)
    --- PASS: TestM6bProductWritesRejectRevocationAfterMiddleware/create_product/role (0.62s)
    --- PASS: TestM6bProductWritesRejectRevocationAfterMiddleware/create_product/membership (0.61s)
    --- PASS: TestM6bProductWritesRejectRevocationAfterMiddleware/create_product/tenant (0.60s)
    --- PASS: TestM6bProductWritesRejectRevocationAfterMiddleware/create_product/platform_authority (0.62s)
    --- PASS: TestM6bProductWritesRejectRevocationAfterMiddleware/create_product/permission_version (0.62s)
    --- PASS: TestM6bProductWritesRejectRevocationAfterMiddleware/create_model/role (0.62s)
    --- PASS: TestM6bProductWritesRejectRevocationAfterMiddleware/create_model/membership (0.62s)
    --- PASS: TestM6bProductWritesRejectRevocationAfterMiddleware/create_model/tenant (0.62s)
    --- PASS: TestM6bProductWritesRejectRevocationAfterMiddleware/create_model/platform_authority (0.60s)
    --- PASS: TestM6bProductWritesRejectRevocationAfterMiddleware/create_model/permission_version (0.60s)
    --- PASS: TestM6bProductWritesRejectRevocationAfterMiddleware/publish_model/role (0.60s)
    --- PASS: TestM6bProductWritesRejectRevocationAfterMiddleware/publish_model/membership (0.61s)
    --- PASS: TestM6bProductWritesRejectRevocationAfterMiddleware/publish_model/tenant (0.61s)
    --- PASS: TestM6bProductWritesRejectRevocationAfterMiddleware/publish_model/platform_authority (0.60s)
    --- PASS: TestM6bProductWritesRejectRevocationAfterMiddleware/publish_model/permission_version (0.60s)
    --- PASS: TestM6bProductWritesRejectRevocationAfterMiddleware/assign_device/role (0.59s)
    --- PASS: TestM6bProductWritesRejectRevocationAfterMiddleware/assign_device/membership (0.62s)
    --- PASS: TestM6bProductWritesRejectRevocationAfterMiddleware/assign_device/tenant (0.61s)
    --- PASS: TestM6bProductWritesRejectRevocationAfterMiddleware/assign_device/platform_authority (0.62s)
    --- PASS: TestM6bProductWritesRejectRevocationAfterMiddleware/assign_device/permission_version (0.62s)
PASS
ok  	git.hyhy.fun/rsplab/iolink/internal/core	40.744s
-test.shuffle 1791107395940253593
=== RUN   TestLegacyTenantReconciliationAndRollback
--- PASS: TestLegacyTenantReconciliationAndRollback (0.67s)
=== RUN   TestM6bMembershipMigrationRollbackAndLegacyBackfill
--- PASS: TestM6bMembershipMigrationRollbackAndLegacyBackfill (0.39s)
=== RUN   TestM6bLegacyPlatformOwnerBusinessBoundary
[GIN-debug] [WARNING] Running in "debug" mode. Switch to "release" mode in production.
 - using env:	export GIN_MODE=release
 - using code:	gin.SetMode(gin.ReleaseMode)

[GIN-debug] POST   /admin/v1/login           --> git.hyhy.fun/rsplab/iolink/internal/adminapi.(*Server).login-fm (2 handlers)
[GIN-debug] GET    /admin/v1/tenants         --> git.hyhy.fun/rsplab/iolink/internal/adminapi.(*Server).listTenants-fm (3 handlers)
[GIN-debug] PUT    /admin/v1/tenants/:id/status --> git.hyhy.fun/rsplab/iolink/internal/adminapi.(*Server).setTenantStatus-fm (3 handlers)
[GIN-debug] GET    /admin/v1/tenants/:id/members --> git.hyhy.fun/rsplab/iolink/internal/adminapi.(*Server).listTenantMembers-fm (3 handlers)
[GIN-debug] PUT    /admin/v1/tenants/:id/members/:user_id --> git.hyhy.fun/rsplab/iolink/internal/adminapi.(*Server).setTenantMember-fm (3 handlers)
[GIN-debug] POST   /admin/v1/password        --> git.hyhy.fun/rsplab/iolink/internal/adminapi.(*Server).changePassword-fm (3 handlers)
[GIN-debug] GET    /admin/v1/farms           --> git.hyhy.fun/rsplab/iolink/internal/adminapi.(*Server).listFarms-fm (4 handlers)
[GIN-debug] POST   /admin/v1/farms           --> git.hyhy.fun/rsplab/iolink/internal/adminapi.(*Server).createFarm-fm (4 handlers)
[GIN-debug] GET    /admin/v1/users           --> git.hyhy.fun/rsplab/iolink/internal/adminapi.(*Server).listUsers-fm (4 handlers)
[GIN-debug] PUT    /admin/v1/farms/:id       --> git.hyhy.fun/rsplab/iolink/internal/adminapi.(*Server).updateFarm-fm (4 handlers)
[GIN-debug] DELETE /admin/v1/farms/:id       --> git.hyhy.fun/rsplab/iolink/internal/adminapi.(*Server).deleteFarm-fm (4 handlers)
[GIN-debug] PUT    /admin/v1/farms/:id/owner --> git.hyhy.fun/rsplab/iolink/internal/adminapi.(*Server).setFarmOwner-fm (4 handlers)
[GIN-debug] GET    /admin/v1/farms/:id/members --> git.hyhy.fun/rsplab/iolink/internal/adminapi.(*Server).listFarmMembers-fm (4 handlers)
[GIN-debug] PUT    /admin/v1/farms/:id/members/:user_id --> git.hyhy.fun/rsplab/iolink/internal/adminapi.(*Server).setFarmMember-fm (4 handlers)
[GIN-debug] GET    /admin/v1/ponds           --> git.hyhy.fun/rsplab/iolink/internal/adminapi.(*Server).listPonds-fm (4 handlers)
[GIN-debug] POST   /admin/v1/ponds           --> git.hyhy.fun/rsplab/iolink/internal/adminapi.(*Server).createPond-fm (4 handlers)
[GIN-debug] PUT    /admin/v1/ponds/:id       --> git.hyhy.fun/rsplab/iolink/internal/adminapi.(*Server).updatePond-fm (4 handlers)
[GIN-debug] DELETE /admin/v1/ponds/:id       --> git.hyhy.fun/rsplab/iolink/internal/adminapi.(*Server).deletePond-fm (4 handlers)
[GIN-debug] GET    /admin/v1/devices         --> git.hyhy.fun/rsplab/iolink/internal/adminapi.(*Server).listDevices-fm (4 handlers)
[GIN-debug] POST   /admin/v1/devices         --> git.hyhy.fun/rsplab/iolink/internal/adminapi.(*Server).registerDevice-fm (4 handlers)
[GIN-debug] GET    /admin/v1/devices/:device_no --> git.hyhy.fun/rsplab/iolink/internal/adminapi.(*Server).getDevice-fm (4 handlers)
[GIN-debug] DELETE /admin/v1/devices/:device_no --> git.hyhy.fun/rsplab/iolink/internal/adminapi.(*Server).deleteDevice-fm (4 handlers)
[GIN-debug] PUT    /admin/v1/devices/:device_no/pond --> git.hyhy.fun/rsplab/iolink/internal/adminapi.(*Server).moveDevice-fm (4 handlers)
[GIN-debug] GET    /admin/v1/alarm-rules     --> git.hyhy.fun/rsplab/iolink/internal/adminapi.(*Server).listRules-fm (4 handlers)
[GIN-debug] POST   /admin/v1/alarm-rules     --> git.hyhy.fun/rsplab/iolink/internal/adminapi.(*Server).createRule-fm (4 handlers)
[GIN-debug] PUT    /admin/v1/alarm-rules/:id --> git.hyhy.fun/rsplab/iolink/internal/adminapi.(*Server).updateRule-fm (4 handlers)
[GIN-debug] DELETE /admin/v1/alarm-rules/:id --> git.hyhy.fun/rsplab/iolink/internal/adminapi.(*Server).deleteRule-fm (4 handlers)
[GIN-debug] GET    /admin/v1/alarms          --> git.hyhy.fun/rsplab/iolink/internal/adminapi.(*Server).listAlarms-fm (4 handlers)
[GIN-debug] POST   /admin/v1/alarms/:id/confirm --> git.hyhy.fun/rsplab/iolink/internal/adminapi.(*Server).confirmAlarm-fm (4 handlers)
[GIN-debug] POST   /admin/v1/alarms/batch-confirm --> git.hyhy.fun/rsplab/iolink/internal/adminapi.(*Server).batchConfirm-fm (4 handlers)
[GIN-debug] GET    /admin/v1/stats           --> git.hyhy.fun/rsplab/iolink/internal/adminapi.(*Server).stats-fm (4 handlers)
[GIN-debug] GET    /admin/v1/products        --> git.hyhy.fun/rsplab/iolink/internal/adminapi.(*Server).listProducts-fm (4 handlers)
[GIN-debug] POST   /admin/v1/products        --> git.hyhy.fun/rsplab/iolink/internal/adminapi.(*Server).createProduct-fm (4 handlers)
[GIN-debug] GET    /admin/v1/products/:product_id/models --> git.hyhy.fun/rsplab/iolink/internal/adminapi.(*Server).listProductModels-fm (4 handlers)
[GIN-debug] POST   /admin/v1/products/:product_id/models --> git.hyhy.fun/rsplab/iolink/internal/adminapi.(*Server).createProductModel-fm (4 handlers)
[GIN-debug] POST   /admin/v1/products/:product_id/models/:version/publish --> git.hyhy.fun/rsplab/iolink/internal/adminapi.(*Server).publishProductModel-fm (4 handlers)
[GIN-debug] GET    /admin/v1/devices/:device_no/product --> git.hyhy.fun/rsplab/iolink/internal/adminapi.(*Server).getDeviceProduct-fm (4 handlers)
[GIN-debug] PUT    /admin/v1/devices/:device_no/product --> git.hyhy.fun/rsplab/iolink/internal/adminapi.(*Server).assignDeviceProduct-fm (4 handlers)
2026/10/04 17:49:57 INFO http request request_id=VI5F6BDGWCWDBTG73OGRPHN6IT route=/admin/v1/login method=POST status=200 duration_ms=176 tenant_id=0 actor_id=0
    platform_owner_test.go:57: POST /admin/v1/login status=200 expected=200
2026/10/04 17:49:57 WARN http request request_id=JRSZOKITFMW2MTHUVIXP5YAZEN route=/admin/v1/farms method=GET status=403 duration_ms=1 tenant_id=0 actor_id=0
    platform_owner_test.go:58: GET /admin/v1/farms status=403 expected=403
    platform_owner_test.go:66: migration platform memberships=0 reconciliation=1 legacy farm/owner preserved=1
2026/10/04 17:49:57 INFO http request request_id=3QQXXGS6VJYHZDFCPJFR3MSD2G route=/admin/v1/login method=POST status=200 duration_ms=155 tenant_id=0 actor_id=0
    platform_owner_test.go:67: POST /admin/v1/login status=200 expected=200
2026/10/04 17:49:57 INFO http request request_id=2KE25VUWKZPFH6GMVRCINKUPMN route=/admin/v1/farms method=GET status=200 duration_ms=1 tenant_id=1 actor_id=9202
    platform_owner_test.go:69: GET /admin/v1/farms status=200 expected=200
2026/10/04 17:49:58 INFO http request request_id=R26WJBZXXZ2ZU44PFT4ZIO7FUH route=/admin/v1/login method=POST status=200 duration_ms=150 tenant_id=0 actor_id=0
    platform_owner_test.go:92: POST /admin/v1/login status=200 expected=200
2026/10/04 17:49:58 INFO http request request_id=QWXLOTHTLWCIC3TZIX46OUJV2T route=/admin/v1/farms method=GET status=200 duration_ms=2 tenant_id=1 actor_id=9201
    platform_owner_test.go:93: GET /admin/v1/farms status=200 expected=200
2026/10/04 17:49:58 WARN http request request_id=TKQAVWEE5GJO4E35AFSNIAB5M6 route=/admin/v1/farms method=GET status=401 duration_ms=0 tenant_id=0 actor_id=0
    platform_owner_test.go:100: GET /admin/v1/farms status=401 expected=401
2026/10/04 17:49:58 INFO http request request_id=EVZ5IJ6NTXXLDXFPHDNITB75NP route=/admin/v1/login method=POST status=200 duration_ms=159 tenant_id=0 actor_id=0
    platform_owner_test.go:101: POST /admin/v1/login status=200 expected=200
2026/10/04 17:49:58 WARN http request request_id=DA72RN3UFUK4PZSLPLWFU46HIM route=/admin/v1/farms method=GET status=403 duration_ms=1 tenant_id=0 actor_id=0
    platform_owner_test.go:102: GET /admin/v1/farms status=403 expected=403
2026/10/04 17:49:58 INFO http request request_id=SAU24HXDGRFK2O4V2NIL3WEKU4 route=/admin/v1/login method=POST status=200 duration_ms=148 tenant_id=0 actor_id=0
    platform_owner_test.go:106: POST /admin/v1/login status=200 expected=200
2026/10/04 17:49:58 WARN http request request_id=TNSWKQOC353R2IDJLS46P2Y57P route=/admin/v1/farms method=GET status=401 duration_ms=0 tenant_id=0 actor_id=0
    platform_owner_test.go:110: GET /admin/v1/farms status=401 expected=401
--- PASS: TestM6bLegacyPlatformOwnerBusinessBoundary (1.60s)
PASS
ok  	git.hyhy.fun/rsplab/iolink/internal/migrate	3.728s
-test.shuffle 1791107395935506975
testing: warning: no tests to run
PASS
ok  	git.hyhy.fun/rsplab/iolink/internal/appapi	1.029s [no tests to run]
-test.shuffle 1791107395937144171
=== RUN   TestPlatformAdminCanLoginAfterTenantMembershipExpires
[GIN-debug] [WARNING] Running in "debug" mode. Switch to "release" mode in production.
 - using env:	export GIN_MODE=release
 - using code:	gin.SetMode(gin.ReleaseMode)

[GIN-debug] POST   /admin/v1/login           --> git.hyhy.fun/rsplab/iolink/internal/adminapi.(*Server).login-fm (2 handlers)
[GIN-debug] GET    /admin/v1/tenants         --> git.hyhy.fun/rsplab/iolink/internal/adminapi.(*Server).listTenants-fm (3 handlers)
[GIN-debug] PUT    /admin/v1/tenants/:id/status --> git.hyhy.fun/rsplab/iolink/internal/adminapi.(*Server).setTenantStatus-fm (3 handlers)
[GIN-debug] GET    /admin/v1/tenants/:id/members --> git.hyhy.fun/rsplab/iolink/internal/adminapi.(*Server).listTenantMembers-fm (3 handlers)
[GIN-debug] PUT    /admin/v1/tenants/:id/members/:user_id --> git.hyhy.fun/rsplab/iolink/internal/adminapi.(*Server).setTenantMember-fm (3 handlers)
[GIN-debug] POST   /admin/v1/password        --> git.hyhy.fun/rsplab/iolink/internal/adminapi.(*Server).changePassword-fm (3 handlers)
[GIN-debug] GET    /admin/v1/farms           --> git.hyhy.fun/rsplab/iolink/internal/adminapi.(*Server).listFarms-fm (4 handlers)
[GIN-debug] POST   /admin/v1/farms           --> git.hyhy.fun/rsplab/iolink/internal/adminapi.(*Server).createFarm-fm (4 handlers)
[GIN-debug] GET    /admin/v1/users           --> git.hyhy.fun/rsplab/iolink/internal/adminapi.(*Server).listUsers-fm (4 handlers)
[GIN-debug] PUT    /admin/v1/farms/:id       --> git.hyhy.fun/rsplab/iolink/internal/adminapi.(*Server).updateFarm-fm (4 handlers)
[GIN-debug] DELETE /admin/v1/farms/:id       --> git.hyhy.fun/rsplab/iolink/internal/adminapi.(*Server).deleteFarm-fm (4 handlers)
[GIN-debug] PUT    /admin/v1/farms/:id/owner --> git.hyhy.fun/rsplab/iolink/internal/adminapi.(*Server).setFarmOwner-fm (4 handlers)
[GIN-debug] GET    /admin/v1/farms/:id/members --> git.hyhy.fun/rsplab/iolink/internal/adminapi.(*Server).listFarmMembers-fm (4 handlers)
[GIN-debug] PUT    /admin/v1/farms/:id/members/:user_id --> git.hyhy.fun/rsplab/iolink/internal/adminapi.(*Server).setFarmMember-fm (4 handlers)
[GIN-debug] GET    /admin/v1/ponds           --> git.hyhy.fun/rsplab/iolink/internal/adminapi.(*Server).listPonds-fm (4 handlers)
[GIN-debug] POST   /admin/v1/ponds           --> git.hyhy.fun/rsplab/iolink/internal/adminapi.(*Server).createPond-fm (4 handlers)
[GIN-debug] PUT    /admin/v1/ponds/:id       --> git.hyhy.fun/rsplab/iolink/internal/adminapi.(*Server).updatePond-fm (4 handlers)
[GIN-debug] DELETE /admin/v1/ponds/:id       --> git.hyhy.fun/rsplab/iolink/internal/adminapi.(*Server).deletePond-fm (4 handlers)
[GIN-debug] GET    /admin/v1/devices         --> git.hyhy.fun/rsplab/iolink/internal/adminapi.(*Server).listDevices-fm (4 handlers)
[GIN-debug] POST   /admin/v1/devices         --> git.hyhy.fun/rsplab/iolink/internal/adminapi.(*Server).registerDevice-fm (4 handlers)
[GIN-debug] GET    /admin/v1/devices/:device_no --> git.hyhy.fun/rsplab/iolink/internal/adminapi.(*Server).getDevice-fm (4 handlers)
[GIN-debug] DELETE /admin/v1/devices/:device_no --> git.hyhy.fun/rsplab/iolink/internal/adminapi.(*Server).deleteDevice-fm (4 handlers)
[GIN-debug] PUT    /admin/v1/devices/:device_no/pond --> git.hyhy.fun/rsplab/iolink/internal/adminapi.(*Server).moveDevice-fm (4 handlers)
[GIN-debug] GET    /admin/v1/alarm-rules     --> git.hyhy.fun/rsplab/iolink/internal/adminapi.(*Server).listRules-fm (4 handlers)
[GIN-debug] POST   /admin/v1/alarm-rules     --> git.hyhy.fun/rsplab/iolink/internal/adminapi.(*Server).createRule-fm (4 handlers)
[GIN-debug] PUT    /admin/v1/alarm-rules/:id --> git.hyhy.fun/rsplab/iolink/internal/adminapi.(*Server).updateRule-fm (4 handlers)
[GIN-debug] DELETE /admin/v1/alarm-rules/:id --> git.hyhy.fun/rsplab/iolink/internal/adminapi.(*Server).deleteRule-fm (4 handlers)
[GIN-debug] GET    /admin/v1/alarms          --> git.hyhy.fun/rsplab/iolink/internal/adminapi.(*Server).listAlarms-fm (4 handlers)
[GIN-debug] POST   /admin/v1/alarms/:id/confirm --> git.hyhy.fun/rsplab/iolink/internal/adminapi.(*Server).confirmAlarm-fm (4 handlers)
[GIN-debug] POST   /admin/v1/alarms/batch-confirm --> git.hyhy.fun/rsplab/iolink/internal/adminapi.(*Server).batchConfirm-fm (4 handlers)
[GIN-debug] GET    /admin/v1/stats           --> git.hyhy.fun/rsplab/iolink/internal/adminapi.(*Server).stats-fm (4 handlers)
[GIN-debug] GET    /admin/v1/products        --> git.hyhy.fun/rsplab/iolink/internal/adminapi.(*Server).listProducts-fm (4 handlers)
[GIN-debug] POST   /admin/v1/products        --> git.hyhy.fun/rsplab/iolink/internal/adminapi.(*Server).createProduct-fm (4 handlers)
[GIN-debug] GET    /admin/v1/products/:product_id/models --> git.hyhy.fun/rsplab/iolink/internal/adminapi.(*Server).listProductModels-fm (4 handlers)
[GIN-debug] POST   /admin/v1/products/:product_id/models --> git.hyhy.fun/rsplab/iolink/internal/adminapi.(*Server).createProductModel-fm (4 handlers)
[GIN-debug] POST   /admin/v1/products/:product_id/models/:version/publish --> git.hyhy.fun/rsplab/iolink/internal/adminapi.(*Server).publishProductModel-fm (4 handlers)
[GIN-debug] GET    /admin/v1/devices/:device_no/product --> git.hyhy.fun/rsplab/iolink/internal/adminapi.(*Server).getDeviceProduct-fm (4 handlers)
[GIN-debug] PUT    /admin/v1/devices/:device_no/product --> git.hyhy.fun/rsplab/iolink/internal/adminapi.(*Server).assignDeviceProduct-fm (4 handlers)
2026/10/04 17:49:56 INFO http request request_id=AZRBIEUUF2FBHYOZJ4VVIDHSNZ route=/admin/v1/login method=POST status=200 duration_ms=157 tenant_id=0 actor_id=0
2026/10/04 17:49:56 INFO http request request_id=RZJLJN4GLLKJWMHEAQR7KOYFNX route=/admin/v1/tenants/:id/status method=PUT status=204 duration_ms=0 tenant_id=0 actor_id=0
--- PASS: TestPlatformAdminCanLoginAfterTenantMembershipExpires (0.33s)
=== RUN   TestPlatformAdminCannotGrantTenantMembership
[GIN-debug] [WARNING] Running in "debug" mode. Switch to "release" mode in production.
 - using env:	export GIN_MODE=release
 - using code:	gin.SetMode(gin.ReleaseMode)

[GIN-debug] POST   /admin/v1/login           --> git.hyhy.fun/rsplab/iolink/internal/adminapi.(*Server).login-fm (2 handlers)
[GIN-debug] GET    /admin/v1/tenants         --> git.hyhy.fun/rsplab/iolink/internal/adminapi.(*Server).listTenants-fm (3 handlers)
[GIN-debug] PUT    /admin/v1/tenants/:id/status --> git.hyhy.fun/rsplab/iolink/internal/adminapi.(*Server).setTenantStatus-fm (3 handlers)
[GIN-debug] GET    /admin/v1/tenants/:id/members --> git.hyhy.fun/rsplab/iolink/internal/adminapi.(*Server).listTenantMembers-fm (3 handlers)
[GIN-debug] PUT    /admin/v1/tenants/:id/members/:user_id --> git.hyhy.fun/rsplab/iolink/internal/adminapi.(*Server).setTenantMember-fm (3 handlers)
[GIN-debug] POST   /admin/v1/password        --> git.hyhy.fun/rsplab/iolink/internal/adminapi.(*Server).changePassword-fm (3 handlers)
[GIN-debug] GET    /admin/v1/farms           --> git.hyhy.fun/rsplab/iolink/internal/adminapi.(*Server).listFarms-fm (4 handlers)
[GIN-debug] POST   /admin/v1/farms           --> git.hyhy.fun/rsplab/iolink/internal/adminapi.(*Server).createFarm-fm (4 handlers)
[GIN-debug] GET    /admin/v1/users           --> git.hyhy.fun/rsplab/iolink/internal/adminapi.(*Server).listUsers-fm (4 handlers)
[GIN-debug] PUT    /admin/v1/farms/:id       --> git.hyhy.fun/rsplab/iolink/internal/adminapi.(*Server).updateFarm-fm (4 handlers)
[GIN-debug] DELETE /admin/v1/farms/:id       --> git.hyhy.fun/rsplab/iolink/internal/adminapi.(*Server).deleteFarm-fm (4 handlers)
[GIN-debug] PUT    /admin/v1/farms/:id/owner --> git.hyhy.fun/rsplab/iolink/internal/adminapi.(*Server).setFarmOwner-fm (4 handlers)
[GIN-debug] GET    /admin/v1/farms/:id/members --> git.hyhy.fun/rsplab/iolink/internal/adminapi.(*Server).listFarmMembers-fm (4 handlers)
[GIN-debug] PUT    /admin/v1/farms/:id/members/:user_id --> git.hyhy.fun/rsplab/iolink/internal/adminapi.(*Server).setFarmMember-fm (4 handlers)
[GIN-debug] GET    /admin/v1/ponds           --> git.hyhy.fun/rsplab/iolink/internal/adminapi.(*Server).listPonds-fm (4 handlers)
[GIN-debug] POST   /admin/v1/ponds           --> git.hyhy.fun/rsplab/iolink/internal/adminapi.(*Server).createPond-fm (4 handlers)
[GIN-debug] PUT    /admin/v1/ponds/:id       --> git.hyhy.fun/rsplab/iolink/internal/adminapi.(*Server).updatePond-fm (4 handlers)
[GIN-debug] DELETE /admin/v1/ponds/:id       --> git.hyhy.fun/rsplab/iolink/internal/adminapi.(*Server).deletePond-fm (4 handlers)
[GIN-debug] GET    /admin/v1/devices         --> git.hyhy.fun/rsplab/iolink/internal/adminapi.(*Server).listDevices-fm (4 handlers)
[GIN-debug] POST   /admin/v1/devices         --> git.hyhy.fun/rsplab/iolink/internal/adminapi.(*Server).registerDevice-fm (4 handlers)
[GIN-debug] GET    /admin/v1/devices/:device_no --> git.hyhy.fun/rsplab/iolink/internal/adminapi.(*Server).getDevice-fm (4 handlers)
[GIN-debug] DELETE /admin/v1/devices/:device_no --> git.hyhy.fun/rsplab/iolink/internal/adminapi.(*Server).deleteDevice-fm (4 handlers)
[GIN-debug] PUT    /admin/v1/devices/:device_no/pond --> git.hyhy.fun/rsplab/iolink/internal/adminapi.(*Server).moveDevice-fm (4 handlers)
[GIN-debug] GET    /admin/v1/alarm-rules     --> git.hyhy.fun/rsplab/iolink/internal/adminapi.(*Server).listRules-fm (4 handlers)
[GIN-debug] POST   /admin/v1/alarm-rules     --> git.hyhy.fun/rsplab/iolink/internal/adminapi.(*Server).createRule-fm (4 handlers)
[GIN-debug] PUT    /admin/v1/alarm-rules/:id --> git.hyhy.fun/rsplab/iolink/internal/adminapi.(*Server).updateRule-fm (4 handlers)
[GIN-debug] DELETE /admin/v1/alarm-rules/:id --> git.hyhy.fun/rsplab/iolink/internal/adminapi.(*Server).deleteRule-fm (4 handlers)
[GIN-debug] GET    /admin/v1/alarms          --> git.hyhy.fun/rsplab/iolink/internal/adminapi.(*Server).listAlarms-fm (4 handlers)
[GIN-debug] POST   /admin/v1/alarms/:id/confirm --> git.hyhy.fun/rsplab/iolink/internal/adminapi.(*Server).confirmAlarm-fm (4 handlers)
[GIN-debug] POST   /admin/v1/alarms/batch-confirm --> git.hyhy.fun/rsplab/iolink/internal/adminapi.(*Server).batchConfirm-fm (4 handlers)
[GIN-debug] GET    /admin/v1/stats           --> git.hyhy.fun/rsplab/iolink/internal/adminapi.(*Server).stats-fm (4 handlers)
[GIN-debug] GET    /admin/v1/products        --> git.hyhy.fun/rsplab/iolink/internal/adminapi.(*Server).listProducts-fm (4 handlers)
[GIN-debug] POST   /admin/v1/products        --> git.hyhy.fun/rsplab/iolink/internal/adminapi.(*Server).createProduct-fm (4 handlers)
[GIN-debug] GET    /admin/v1/products/:product_id/models --> git.hyhy.fun/rsplab/iolink/internal/adminapi.(*Server).listProductModels-fm (4 handlers)
[GIN-debug] POST   /admin/v1/products/:product_id/models --> git.hyhy.fun/rsplab/iolink/internal/adminapi.(*Server).createProductModel-fm (4 handlers)
[GIN-debug] POST   /admin/v1/products/:product_id/models/:version/publish --> git.hyhy.fun/rsplab/iolink/internal/adminapi.(*Server).publishProductModel-fm (4 handlers)
[GIN-debug] GET    /admin/v1/devices/:device_no/product --> git.hyhy.fun/rsplab/iolink/internal/adminapi.(*Server).getDeviceProduct-fm (4 handlers)
[GIN-debug] PUT    /admin/v1/devices/:device_no/product --> git.hyhy.fun/rsplab/iolink/internal/adminapi.(*Server).assignDeviceProduct-fm (4 handlers)
2026/10/04 17:49:56 INFO http request request_id=3MVWNG42NJ5P7DILJEGFQXTZAV route=/admin/v1/login method=POST status=200 duration_ms=147 tenant_id=0 actor_id=0
2026/10/04 17:49:56 WARN http request request_id=ZKZBDCJPAYCFKRQFDA3EIZJABF route=/admin/v1/tenants/:id/members/:user_id method=PUT status=403 duration_ms=0 tenant_id=7 actor_id=9
--- PASS: TestPlatformAdminCannotGrantTenantMembership (0.30s)
PASS
ok  	git.hyhy.fun/rsplab/iolink/internal/adminapi	1.695s

EXIT 0
