$ go test -race -shuffle=on -count=1 -v ./internal/core ./internal/migrate ./internal/appapi ./internal/adminapi -run Test(M6b|AppResource|AppTelemetry|AppAlarm|TelemetrySubmission|TelemetryHTTP|LegacyTenant|Platform|ProductionMux)
-test.shuffle 1791088357117651636
=== RUN   TestM6bFakeExecutorPropagatesScopeAndRejectsRevocation
    fake_executor_m6b_test.go:37: environment real_timescaledb=2.30.0
=== RUN   TestM6bFakeExecutorPropagatesScopeAndRejectsRevocation/preserves_tenant_actor_context
=== RUN   TestM6bFakeExecutorPropagatesScopeAndRejectsRevocation/rejects_committed_role_revocation_before_side_effect
--- PASS: TestM6bFakeExecutorPropagatesScopeAndRejectsRevocation (0.57s)
    --- PASS: TestM6bFakeExecutorPropagatesScopeAndRejectsRevocation/preserves_tenant_actor_context (0.00s)
    --- PASS: TestM6bFakeExecutorPropagatesScopeAndRejectsRevocation/rejects_committed_role_revocation_before_side_effect (0.00s)
=== RUN   TestAppTelemetryWriteRoleBoundary
=== RUN   TestAppTelemetryWriteRoleBoundary/owner
    telemetry_permission_http_test.go:26: environment real_timescaledb=2.30.0
[GIN-debug] [WARNING] Running in "debug" mode. Switch to "release" mode in production.
 - using env:	export GIN_MODE=release
 - using code:	gin.SetMode(gin.ReleaseMode)

[GIN-debug] POST   /api/v1/auth/login        --> git.hyhy.fun/rsplab/iolink/internal/appapi.(*Server).login-fm (3 handlers)
[GIN-debug] GET    /api/v1/auth/tenants      --> git.hyhy.fun/rsplab/iolink/internal/appapi.(*Server).listTenants-fm (4 handlers)
[GIN-debug] POST   /api/v1/auth/tenant       --> git.hyhy.fun/rsplab/iolink/internal/appapi.(*Server).switchTenant-fm (4 handlers)
[GIN-debug] GET    /api/v1/ponds             --> git.hyhy.fun/rsplab/iolink/internal/appapi.(*Server).listPonds-fm (4 handlers)
[GIN-debug] GET    /api/v1/ponds/:id         --> git.hyhy.fun/rsplab/iolink/internal/appapi.(*Server).getPond-fm (4 handlers)
[GIN-debug] GET    /api/v1/devices           --> git.hyhy.fun/rsplab/iolink/internal/appapi.(*Server).listDevices-fm (4 handlers)
[GIN-debug] GET    /api/v1/devices/:device_no --> git.hyhy.fun/rsplab/iolink/internal/appapi.(*Server).getDevice-fm (4 handlers)
[GIN-debug] GET    /api/v1/water/latest      --> git.hyhy.fun/rsplab/iolink/internal/appapi.(*Server).waterLatest-fm (4 handlers)
[GIN-debug] GET    /api/v1/water/history     --> git.hyhy.fun/rsplab/iolink/internal/appapi.(*Server).waterHistory-fm (4 handlers)
[GIN-debug] GET    /api/v1/alarms            --> git.hyhy.fun/rsplab/iolink/internal/appapi.(*Server).listAlarms-fm (4 handlers)
[GIN-debug] GET    /api/v1/stats/summary     --> git.hyhy.fun/rsplab/iolink/internal/appapi.(*Server).statsSummary-fm (4 handlers)
[GIN-debug] POST   /api/v1/alarms/:id/confirm --> git.hyhy.fun/rsplab/iolink/internal/appapi.(*Server).confirmAlarm-fm (4 handlers)
[GIN-debug] POST   /api/v2/devices/:device_no/telemetry --> git.hyhy.fun/rsplab/iolink/internal/appapi.(*Server).submitTelemetryV2-fm (4 handlers)
[GIN-debug] GET    /api/v2/devices/:device_no/model/latest --> git.hyhy.fun/rsplab/iolink/internal/appapi.(*Server).modelLatestV2-fm (4 handlers)
[GIN-debug] GET    /api/v2/devices/:device_no/history --> git.hyhy.fun/rsplab/iolink/internal/appapi.(*Server).telemetryHistoryV2-fm (4 handlers)
[GIN] 2026/10/04 - 12:32:38 | 200 |    5.148161ms |       127.0.0.1 | POST     "/api/v1/auth/login"
[GIN] 2026/10/04 - 12:32:38 | 200 |    2.760641ms |       127.0.0.1 | POST     "/api/v1/auth/tenant"
[GIN] 2026/10/04 - 12:32:38 | 404 |    3.057452ms |       127.0.0.1 | POST     "/api/v2/devices/v2-foreign/telemetry"
    telemetry_permission_http_test.go:45: scenario=app_owner_v2-foreign post_status=404 response={"error":"not_found"}
[GIN] 2026/10/04 - 12:32:38 | 202 |    8.230949ms |       127.0.0.1 | POST     "/api/v2/devices/v2-permission/telemetry"
    telemetry_permission_http_test.go:53: scenario=app_owner login_status=200 post_status=202 response={"device_no":"v2-permission","model_version":1,"accepted":["temperature"],"rejected":[]} before={"alarms": [], "outbox": [], "shadows": [], "telemetry": [], "sensor_data": []} after={"alarms": [{"id": 1, "level": "warning", "metric": "temperature", "message": "temperature 高于阈值 20", "pond_id": 9401, "device_no": "v2-permission", "threshold": 20, "created_at": "2026-10-01T00:00:00+00:00", "product_id": 1, "confirmed_at": null, "current_value": 25}], "outbox": [{"id": 1, "status": "pending", "next_at": "2026-10-04T04:32:38.033125+00:00", "alarm_id": 1, "attempts": 0, "created_at": "2026-10-04T04:32:38.033125+00:00", "last_error": null, "updated_at": "2026-10-04T04:32:38.033125+00:00", "lease_owner": null, "leased_until": null, "recipient_open_id": null}], "shadows": [{"ts": "2026-10-01T00:00:00+00:00", "last": {"temperature": 25}, "signal": null, "pond_id": 9401, "device_no": "v2-permission", "tenant_id": 9401, "product_id": 1, "timestamps": {"temperature": "2026-10-01T00:00:00Z"}, "model_version": 1}], "telemetry": [{"ts": "2026-10-01T00:00:00+00:00", "pond_id": 9401, "device_no": "v2-permission", "tenant_id": 9401, "product_id": 1, "properties": {"temperature": 25}, "model_version": 1}], "sensor_data": [{"ph": null, "ts": "2026-10-01T00:00:00+00:00", "signal": null, "battery": null, "pond_id": 9401, "salinity": null, "device_no": "v2-permission", "tenant_id": 9401, "turbidity": null, "temperature": 25, "dissolved_oxygen": null}]}
[GIN] 2026/10/04 - 12:32:38 | 401 |     701.342µs |       127.0.0.1 | POST     "/api/v2/devices/v2-permission/telemetry"
    telemetry_permission_http_test.go:66: scenario=app_owner_live_downgrade post_status=401 response={"error":"tenant membership revoked"} before={"alarms": [{"id": 1, "level": "warning", "metric": "temperature", "message": "temperature 高于阈值 20", "pond_id": 9401, "device_no": "v2-permission", "threshold": 20, "created_at": "2026-10-01T00:00:00+00:00", "product_id": 1, "confirmed_at": null, "current_value": 25}], "outbox": [{"id": 1, "status": "pending", "next_at": "2026-10-04T04:32:38.033125+00:00", "alarm_id": 1, "attempts": 0, "created_at": "2026-10-04T04:32:38.033125+00:00", "last_error": null, "updated_at": "2026-10-04T04:32:38.033125+00:00", "lease_owner": null, "leased_until": null, "recipient_open_id": null}], "shadows": [{"ts": "2026-10-01T00:00:00+00:00", "last": {"temperature": 25}, "signal": null, "pond_id": 9401, "device_no": "v2-permission", "tenant_id": 9401, "product_id": 1, "timestamps": {"temperature": "2026-10-01T00:00:00Z"}, "model_version": 1}], "telemetry": [{"ts": "2026-10-01T00:00:00+00:00", "pond_id": 9401, "device_no": "v2-permission", "tenant_id": 9401, "product_id": 1, "properties": {"temperature": 25}, "model_version": 1}], "sensor_data": [{"ph": null, "ts": "2026-10-01T00:00:00+00:00", "signal": null, "battery": null, "pond_id": 9401, "salinity": null, "device_no": "v2-permission", "tenant_id": 9401, "turbidity": null, "temperature": 25, "dissolved_oxygen": null}]} after={"alarms": [{"id": 1, "level": "warning", "metric": "temperature", "message": "temperature 高于阈值 20", "pond_id": 9401, "device_no": "v2-permission", "threshold": 20, "created_at": "2026-10-01T00:00:00+00:00", "product_id": 1, "confirmed_at": null, "current_value": 25}], "outbox": [{"id": 1, "status": "pending", "next_at": "2026-10-04T04:32:38.033125+00:00", "alarm_id": 1, "attempts": 0, "created_at": "2026-10-04T04:32:38.033125+00:00", "last_error": null, "updated_at": "2026-10-04T04:32:38.033125+00:00", "lease_owner": null, "leased_until": null, "recipient_open_id": null}], "shadows": [{"ts": "2026-10-01T00:00:00+00:00", "last": {"temperature": 25}, "signal": null, "pond_id": 9401, "device_no": "v2-permission", "tenant_id": 9401, "product_id": 1, "timestamps": {"temperature": "2026-10-01T00:00:00Z"}, "model_version": 1}], "telemetry": [{"ts": "2026-10-01T00:00:00+00:00", "pond_id": 9401, "device_no": "v2-permission", "tenant_id": 9401, "product_id": 1, "properties": {"temperature": 25}, "model_version": 1}], "sensor_data": [{"ph": null, "ts": "2026-10-01T00:00:00+00:00", "signal": null, "battery": null, "pond_id": 9401, "salinity": null, "device_no": "v2-permission", "tenant_id": 9401, "turbidity": null, "temperature": 25, "dissolved_oxygen": null}]}
=== RUN   TestAppTelemetryWriteRoleBoundary/admin
    telemetry_permission_http_test.go:26: environment real_timescaledb=2.30.0
[GIN-debug] [WARNING] Running in "debug" mode. Switch to "release" mode in production.
 - using env:	export GIN_MODE=release
 - using code:	gin.SetMode(gin.ReleaseMode)

[GIN-debug] POST   /api/v1/auth/login        --> git.hyhy.fun/rsplab/iolink/internal/appapi.(*Server).login-fm (3 handlers)
[GIN-debug] GET    /api/v1/auth/tenants      --> git.hyhy.fun/rsplab/iolink/internal/appapi.(*Server).listTenants-fm (4 handlers)
[GIN-debug] POST   /api/v1/auth/tenant       --> git.hyhy.fun/rsplab/iolink/internal/appapi.(*Server).switchTenant-fm (4 handlers)
[GIN-debug] GET    /api/v1/ponds             --> git.hyhy.fun/rsplab/iolink/internal/appapi.(*Server).listPonds-fm (4 handlers)
[GIN-debug] GET    /api/v1/ponds/:id         --> git.hyhy.fun/rsplab/iolink/internal/appapi.(*Server).getPond-fm (4 handlers)
[GIN-debug] GET    /api/v1/devices           --> git.hyhy.fun/rsplab/iolink/internal/appapi.(*Server).listDevices-fm (4 handlers)
[GIN-debug] GET    /api/v1/devices/:device_no --> git.hyhy.fun/rsplab/iolink/internal/appapi.(*Server).getDevice-fm (4 handlers)
[GIN-debug] GET    /api/v1/water/latest      --> git.hyhy.fun/rsplab/iolink/internal/appapi.(*Server).waterLatest-fm (4 handlers)
[GIN-debug] GET    /api/v1/water/history     --> git.hyhy.fun/rsplab/iolink/internal/appapi.(*Server).waterHistory-fm (4 handlers)
[GIN-debug] GET    /api/v1/alarms            --> git.hyhy.fun/rsplab/iolink/internal/appapi.(*Server).listAlarms-fm (4 handlers)
[GIN-debug] GET    /api/v1/stats/summary     --> git.hyhy.fun/rsplab/iolink/internal/appapi.(*Server).statsSummary-fm (4 handlers)
[GIN-debug] POST   /api/v1/alarms/:id/confirm --> git.hyhy.fun/rsplab/iolink/internal/appapi.(*Server).confirmAlarm-fm (4 handlers)
[GIN-debug] POST   /api/v2/devices/:device_no/telemetry --> git.hyhy.fun/rsplab/iolink/internal/appapi.(*Server).submitTelemetryV2-fm (4 handlers)
[GIN-debug] GET    /api/v2/devices/:device_no/model/latest --> git.hyhy.fun/rsplab/iolink/internal/appapi.(*Server).modelLatestV2-fm (4 handlers)
[GIN-debug] GET    /api/v2/devices/:device_no/history --> git.hyhy.fun/rsplab/iolink/internal/appapi.(*Server).telemetryHistoryV2-fm (4 handlers)
[GIN] 2026/10/04 - 12:32:38 | 200 |    4.506983ms |       127.0.0.1 | POST     "/api/v1/auth/login"
[GIN] 2026/10/04 - 12:32:38 | 200 |    2.686683ms |       127.0.0.1 | POST     "/api/v1/auth/tenant"
[GIN] 2026/10/04 - 12:32:38 | 404 |    3.261826ms |       127.0.0.1 | POST     "/api/v2/devices/v2-foreign/telemetry"
    telemetry_permission_http_test.go:45: scenario=app_admin_v2-foreign post_status=404 response={"error":"not_found"}
[GIN] 2026/10/04 - 12:32:38 | 202 |    8.641493ms |       127.0.0.1 | POST     "/api/v2/devices/v2-permission/telemetry"
    telemetry_permission_http_test.go:53: scenario=app_admin login_status=200 post_status=202 response={"device_no":"v2-permission","model_version":1,"accepted":["temperature"],"rejected":[]} before={"alarms": [], "outbox": [], "shadows": [], "telemetry": [], "sensor_data": []} after={"alarms": [{"id": 1, "level": "warning", "metric": "temperature", "message": "temperature 高于阈值 20", "pond_id": 9401, "device_no": "v2-permission", "threshold": 20, "created_at": "2026-10-01T00:00:00+00:00", "product_id": 1, "confirmed_at": null, "current_value": 25}], "outbox": [{"id": 1, "status": "pending", "next_at": "2026-10-04T04:32:38.432205+00:00", "alarm_id": 1, "attempts": 0, "created_at": "2026-10-04T04:32:38.432205+00:00", "last_error": null, "updated_at": "2026-10-04T04:32:38.432205+00:00", "lease_owner": null, "leased_until": null, "recipient_open_id": null}], "shadows": [{"ts": "2026-10-01T00:00:00+00:00", "last": {"temperature": 25}, "signal": null, "pond_id": 9401, "device_no": "v2-permission", "tenant_id": 9401, "product_id": 1, "timestamps": {"temperature": "2026-10-01T00:00:00Z"}, "model_version": 1}], "telemetry": [{"ts": "2026-10-01T00:00:00+00:00", "pond_id": 9401, "device_no": "v2-permission", "tenant_id": 9401, "product_id": 1, "properties": {"temperature": 25}, "model_version": 1}], "sensor_data": [{"ph": null, "ts": "2026-10-01T00:00:00+00:00", "signal": null, "battery": null, "pond_id": 9401, "salinity": null, "device_no": "v2-permission", "tenant_id": 9401, "turbidity": null, "temperature": 25, "dissolved_oxygen": null}]}
[GIN] 2026/10/04 - 12:32:38 | 401 |     539.727µs |       127.0.0.1 | POST     "/api/v2/devices/v2-permission/telemetry"
    telemetry_permission_http_test.go:66: scenario=app_admin_live_downgrade post_status=401 response={"error":"tenant membership revoked"} before={"alarms": [{"id": 1, "level": "warning", "metric": "temperature", "message": "temperature 高于阈值 20", "pond_id": 9401, "device_no": "v2-permission", "threshold": 20, "created_at": "2026-10-01T00:00:00+00:00", "product_id": 1, "confirmed_at": null, "current_value": 25}], "outbox": [{"id": 1, "status": "pending", "next_at": "2026-10-04T04:32:38.432205+00:00", "alarm_id": 1, "attempts": 0, "created_at": "2026-10-04T04:32:38.432205+00:00", "last_error": null, "updated_at": "2026-10-04T04:32:38.432205+00:00", "lease_owner": null, "leased_until": null, "recipient_open_id": null}], "shadows": [{"ts": "2026-10-01T00:00:00+00:00", "last": {"temperature": 25}, "signal": null, "pond_id": 9401, "device_no": "v2-permission", "tenant_id": 9401, "product_id": 1, "timestamps": {"temperature": "2026-10-01T00:00:00Z"}, "model_version": 1}], "telemetry": [{"ts": "2026-10-01T00:00:00+00:00", "pond_id": 9401, "device_no": "v2-permission", "tenant_id": 9401, "product_id": 1, "properties": {"temperature": 25}, "model_version": 1}], "sensor_data": [{"ph": null, "ts": "2026-10-01T00:00:00+00:00", "signal": null, "battery": null, "pond_id": 9401, "salinity": null, "device_no": "v2-permission", "tenant_id": 9401, "turbidity": null, "temperature": 25, "dissolved_oxygen": null}]} after={"alarms": [{"id": 1, "level": "warning", "metric": "temperature", "message": "temperature 高于阈值 20", "pond_id": 9401, "device_no": "v2-permission", "threshold": 20, "created_at": "2026-10-01T00:00:00+00:00", "product_id": 1, "confirmed_at": null, "current_value": 25}], "outbox": [{"id": 1, "status": "pending", "next_at": "2026-10-04T04:32:38.432205+00:00", "alarm_id": 1, "attempts": 0, "created_at": "2026-10-04T04:32:38.432205+00:00", "last_error": null, "updated_at": "2026-10-04T04:32:38.432205+00:00", "lease_owner": null, "leased_until": null, "recipient_open_id": null}], "shadows": [{"ts": "2026-10-01T00:00:00+00:00", "last": {"temperature": 25}, "signal": null, "pond_id": 9401, "device_no": "v2-permission", "tenant_id": 9401, "product_id": 1, "timestamps": {"temperature": "2026-10-01T00:00:00Z"}, "model_version": 1}], "telemetry": [{"ts": "2026-10-01T00:00:00+00:00", "pond_id": 9401, "device_no": "v2-permission", "tenant_id": 9401, "product_id": 1, "properties": {"temperature": 25}, "model_version": 1}], "sensor_data": [{"ph": null, "ts": "2026-10-01T00:00:00+00:00", "signal": null, "battery": null, "pond_id": 9401, "salinity": null, "device_no": "v2-permission", "tenant_id": 9401, "turbidity": null, "temperature": 25, "dissolved_oxygen": null}]}
=== RUN   TestAppTelemetryWriteRoleBoundary/viewer
    telemetry_permission_http_test.go:26: environment real_timescaledb=2.30.0
[GIN-debug] [WARNING] Running in "debug" mode. Switch to "release" mode in production.
 - using env:	export GIN_MODE=release
 - using code:	gin.SetMode(gin.ReleaseMode)

[GIN-debug] POST   /api/v1/auth/login        --> git.hyhy.fun/rsplab/iolink/internal/appapi.(*Server).login-fm (3 handlers)
[GIN-debug] GET    /api/v1/auth/tenants      --> git.hyhy.fun/rsplab/iolink/internal/appapi.(*Server).listTenants-fm (4 handlers)
[GIN-debug] POST   /api/v1/auth/tenant       --> git.hyhy.fun/rsplab/iolink/internal/appapi.(*Server).switchTenant-fm (4 handlers)
[GIN-debug] GET    /api/v1/ponds             --> git.hyhy.fun/rsplab/iolink/internal/appapi.(*Server).listPonds-fm (4 handlers)
[GIN-debug] GET    /api/v1/ponds/:id         --> git.hyhy.fun/rsplab/iolink/internal/appapi.(*Server).getPond-fm (4 handlers)
[GIN-debug] GET    /api/v1/devices           --> git.hyhy.fun/rsplab/iolink/internal/appapi.(*Server).listDevices-fm (4 handlers)
[GIN-debug] GET    /api/v1/devices/:device_no --> git.hyhy.fun/rsplab/iolink/internal/appapi.(*Server).getDevice-fm (4 handlers)
[GIN-debug] GET    /api/v1/water/latest      --> git.hyhy.fun/rsplab/iolink/internal/appapi.(*Server).waterLatest-fm (4 handlers)
[GIN-debug] GET    /api/v1/water/history     --> git.hyhy.fun/rsplab/iolink/internal/appapi.(*Server).waterHistory-fm (4 handlers)
[GIN-debug] GET    /api/v1/alarms            --> git.hyhy.fun/rsplab/iolink/internal/appapi.(*Server).listAlarms-fm (4 handlers)
[GIN-debug] GET    /api/v1/stats/summary     --> git.hyhy.fun/rsplab/iolink/internal/appapi.(*Server).statsSummary-fm (4 handlers)
[GIN-debug] POST   /api/v1/alarms/:id/confirm --> git.hyhy.fun/rsplab/iolink/internal/appapi.(*Server).confirmAlarm-fm (4 handlers)
[GIN-debug] POST   /api/v2/devices/:device_no/telemetry --> git.hyhy.fun/rsplab/iolink/internal/appapi.(*Server).submitTelemetryV2-fm (4 handlers)
[GIN-debug] GET    /api/v2/devices/:device_no/model/latest --> git.hyhy.fun/rsplab/iolink/internal/appapi.(*Server).modelLatestV2-fm (4 handlers)
[GIN-debug] GET    /api/v2/devices/:device_no/history --> git.hyhy.fun/rsplab/iolink/internal/appapi.(*Server).telemetryHistoryV2-fm (4 handlers)
[GIN] 2026/10/04 - 12:32:38 | 200 |    4.222767ms |       127.0.0.1 | POST     "/api/v1/auth/login"
[GIN] 2026/10/04 - 12:32:38 | 200 |    2.229511ms |       127.0.0.1 | POST     "/api/v1/auth/tenant"
[GIN] 2026/10/04 - 12:32:38 | 404 |    2.711038ms |       127.0.0.1 | POST     "/api/v2/devices/v2-foreign/telemetry"
    telemetry_permission_http_test.go:45: scenario=app_viewer_v2-foreign post_status=404 response={"error":"not_found"}
[GIN] 2026/10/04 - 12:32:38 | 404 |    2.410562ms |       127.0.0.1 | POST     "/api/v2/devices/v2-hidden/telemetry"
    telemetry_permission_http_test.go:45: scenario=app_viewer_v2-hidden post_status=404 response={"error":"not_found"}
[GIN] 2026/10/04 - 12:32:38 | 403 |    2.869066ms |       127.0.0.1 | POST     "/api/v2/devices/v2-permission/telemetry"
    telemetry_permission_http_test.go:53: scenario=app_viewer login_status=200 post_status=403 response={"error":"forbidden"} before={"alarms": [], "outbox": [], "shadows": [], "telemetry": [], "sensor_data": []} after={"alarms": [], "outbox": [], "shadows": [], "telemetry": [], "sensor_data": []}
=== RUN   TestAppTelemetryWriteRoleBoundary/member
    telemetry_permission_http_test.go:26: environment real_timescaledb=2.30.0
[GIN-debug] [WARNING] Running in "debug" mode. Switch to "release" mode in production.
 - using env:	export GIN_MODE=release
 - using code:	gin.SetMode(gin.ReleaseMode)

[GIN-debug] POST   /api/v1/auth/login        --> git.hyhy.fun/rsplab/iolink/internal/appapi.(*Server).login-fm (3 handlers)
[GIN-debug] GET    /api/v1/auth/tenants      --> git.hyhy.fun/rsplab/iolink/internal/appapi.(*Server).listTenants-fm (4 handlers)
[GIN-debug] POST   /api/v1/auth/tenant       --> git.hyhy.fun/rsplab/iolink/internal/appapi.(*Server).switchTenant-fm (4 handlers)
[GIN-debug] GET    /api/v1/ponds             --> git.hyhy.fun/rsplab/iolink/internal/appapi.(*Server).listPonds-fm (4 handlers)
[GIN-debug] GET    /api/v1/ponds/:id         --> git.hyhy.fun/rsplab/iolink/internal/appapi.(*Server).getPond-fm (4 handlers)
[GIN-debug] GET    /api/v1/devices           --> git.hyhy.fun/rsplab/iolink/internal/appapi.(*Server).listDevices-fm (4 handlers)
[GIN-debug] GET    /api/v1/devices/:device_no --> git.hyhy.fun/rsplab/iolink/internal/appapi.(*Server).getDevice-fm (4 handlers)
[GIN-debug] GET    /api/v1/water/latest      --> git.hyhy.fun/rsplab/iolink/internal/appapi.(*Server).waterLatest-fm (4 handlers)
[GIN-debug] GET    /api/v1/water/history     --> git.hyhy.fun/rsplab/iolink/internal/appapi.(*Server).waterHistory-fm (4 handlers)
[GIN-debug] GET    /api/v1/alarms            --> git.hyhy.fun/rsplab/iolink/internal/appapi.(*Server).listAlarms-fm (4 handlers)
[GIN-debug] GET    /api/v1/stats/summary     --> git.hyhy.fun/rsplab/iolink/internal/appapi.(*Server).statsSummary-fm (4 handlers)
[GIN-debug] POST   /api/v1/alarms/:id/confirm --> git.hyhy.fun/rsplab/iolink/internal/appapi.(*Server).confirmAlarm-fm (4 handlers)
[GIN-debug] POST   /api/v2/devices/:device_no/telemetry --> git.hyhy.fun/rsplab/iolink/internal/appapi.(*Server).submitTelemetryV2-fm (4 handlers)
[GIN-debug] GET    /api/v2/devices/:device_no/model/latest --> git.hyhy.fun/rsplab/iolink/internal/appapi.(*Server).modelLatestV2-fm (4 handlers)
[GIN-debug] GET    /api/v2/devices/:device_no/history --> git.hyhy.fun/rsplab/iolink/internal/appapi.(*Server).telemetryHistoryV2-fm (4 handlers)
[GIN] 2026/10/04 - 12:32:39 | 200 |     5.03099ms |       127.0.0.1 | POST     "/api/v1/auth/login"
[GIN] 2026/10/04 - 12:32:39 | 200 |    2.840593ms |       127.0.0.1 | POST     "/api/v1/auth/tenant"
[GIN] 2026/10/04 - 12:32:39 | 404 |    3.259782ms |       127.0.0.1 | POST     "/api/v2/devices/v2-foreign/telemetry"
    telemetry_permission_http_test.go:45: scenario=app_member_v2-foreign post_status=404 response={"error":"not_found"}
[GIN] 2026/10/04 - 12:32:39 | 404 |    2.579991ms |       127.0.0.1 | POST     "/api/v2/devices/v2-hidden/telemetry"
    telemetry_permission_http_test.go:45: scenario=app_member_v2-hidden post_status=404 response={"error":"not_found"}
[GIN] 2026/10/04 - 12:32:39 | 403 |    3.280591ms |       127.0.0.1 | POST     "/api/v2/devices/v2-permission/telemetry"
    telemetry_permission_http_test.go:53: scenario=app_member login_status=200 post_status=403 response={"error":"forbidden"} before={"alarms": [], "outbox": [], "shadows": [], "telemetry": [], "sensor_data": []} after={"alarms": [], "outbox": [], "shadows": [], "telemetry": [], "sensor_data": []}
=== RUN   TestAppTelemetryWriteRoleBoundary/support
    telemetry_permission_http_test.go:26: environment real_timescaledb=2.30.0
[GIN-debug] [WARNING] Running in "debug" mode. Switch to "release" mode in production.
 - using env:	export GIN_MODE=release
 - using code:	gin.SetMode(gin.ReleaseMode)

[GIN-debug] POST   /api/v1/auth/login        --> git.hyhy.fun/rsplab/iolink/internal/appapi.(*Server).login-fm (3 handlers)
[GIN-debug] GET    /api/v1/auth/tenants      --> git.hyhy.fun/rsplab/iolink/internal/appapi.(*Server).listTenants-fm (4 handlers)
[GIN-debug] POST   /api/v1/auth/tenant       --> git.hyhy.fun/rsplab/iolink/internal/appapi.(*Server).switchTenant-fm (4 handlers)
[GIN-debug] GET    /api/v1/ponds             --> git.hyhy.fun/rsplab/iolink/internal/appapi.(*Server).listPonds-fm (4 handlers)
[GIN-debug] GET    /api/v1/ponds/:id         --> git.hyhy.fun/rsplab/iolink/internal/appapi.(*Server).getPond-fm (4 handlers)
[GIN-debug] GET    /api/v1/devices           --> git.hyhy.fun/rsplab/iolink/internal/appapi.(*Server).listDevices-fm (4 handlers)
[GIN-debug] GET    /api/v1/devices/:device_no --> git.hyhy.fun/rsplab/iolink/internal/appapi.(*Server).getDevice-fm (4 handlers)
[GIN-debug] GET    /api/v1/water/latest      --> git.hyhy.fun/rsplab/iolink/internal/appapi.(*Server).waterLatest-fm (4 handlers)
[GIN-debug] GET    /api/v1/water/history     --> git.hyhy.fun/rsplab/iolink/internal/appapi.(*Server).waterHistory-fm (4 handlers)
[GIN-debug] GET    /api/v1/alarms            --> git.hyhy.fun/rsplab/iolink/internal/appapi.(*Server).listAlarms-fm (4 handlers)
[GIN-debug] GET    /api/v1/stats/summary     --> git.hyhy.fun/rsplab/iolink/internal/appapi.(*Server).statsSummary-fm (4 handlers)
[GIN-debug] POST   /api/v1/alarms/:id/confirm --> git.hyhy.fun/rsplab/iolink/internal/appapi.(*Server).confirmAlarm-fm (4 handlers)
[GIN-debug] POST   /api/v2/devices/:device_no/telemetry --> git.hyhy.fun/rsplab/iolink/internal/appapi.(*Server).submitTelemetryV2-fm (4 handlers)
[GIN-debug] GET    /api/v2/devices/:device_no/model/latest --> git.hyhy.fun/rsplab/iolink/internal/appapi.(*Server).modelLatestV2-fm (4 handlers)
[GIN-debug] GET    /api/v2/devices/:device_no/history --> git.hyhy.fun/rsplab/iolink/internal/appapi.(*Server).telemetryHistoryV2-fm (4 handlers)
[GIN] 2026/10/04 - 12:32:39 | 200 |    3.452405ms |       127.0.0.1 | POST     "/api/v1/auth/login"
[GIN] 2026/10/04 - 12:32:39 | 200 |    2.019846ms |       127.0.0.1 | POST     "/api/v1/auth/tenant"
[GIN] 2026/10/04 - 12:32:39 | 404 |     2.57911ms |       127.0.0.1 | POST     "/api/v2/devices/v2-foreign/telemetry"
    telemetry_permission_http_test.go:45: scenario=app_support_v2-foreign post_status=404 response={"error":"not_found"}
[GIN] 2026/10/04 - 12:32:39 | 404 |    2.198363ms |       127.0.0.1 | POST     "/api/v2/devices/v2-hidden/telemetry"
    telemetry_permission_http_test.go:45: scenario=app_support_v2-hidden post_status=404 response={"error":"not_found"}
[GIN] 2026/10/04 - 12:32:39 | 403 |    2.841504ms |       127.0.0.1 | POST     "/api/v2/devices/v2-permission/telemetry"
    telemetry_permission_http_test.go:53: scenario=app_support login_status=200 post_status=403 response={"error":"forbidden"} before={"alarms": [], "outbox": [], "shadows": [], "telemetry": [], "sensor_data": []} after={"alarms": [], "outbox": [], "shadows": [], "telemetry": [], "sensor_data": []}
--- PASS: TestAppTelemetryWriteRoleBoundary (2.00s)
    --- PASS: TestAppTelemetryWriteRoleBoundary/owner (0.41s)
    --- PASS: TestAppTelemetryWriteRoleBoundary/admin (0.39s)
    --- PASS: TestAppTelemetryWriteRoleBoundary/viewer (0.43s)
    --- PASS: TestAppTelemetryWriteRoleBoundary/member (0.43s)
    --- PASS: TestAppTelemetryWriteRoleBoundary/support (0.34s)
=== RUN   TestAppResourceScopeWhenTenantManagerHasNoFarmAssignment
=== RUN   TestAppResourceScopeWhenTenantManagerHasNoFarmAssignment/owner
    app_resource_scope_test.go:16: environment real_timescaledb=2.30.0
    app_resource_scope_test.go:25: scenario=manager_owner_no_farm_assignment latest={DeviceNo:v2-hidden ProductID:1 ModelVersion:1 Fields:[{Identifier:temperature Type:number Unit:℃ Min:<nil> Max:<nil> Enum:[] Readable:true Writable:false Nullable:true} {Identifier:dissolved_oxygen Type:number Unit:mg/L Min:<nil> Max:<nil> Enum:[] Readable:true Writable:false Nullable:true} {Identifier:ph Type:number Unit: Min:<nil> Max:<nil> Enum:[] Readable:true Writable:false Nullable:true} {Identifier:turbidity Type:number Unit:NTU Min:<nil> Max:<nil> Enum:[] Readable:true Writable:false Nullable:true} {Identifier:salinity Type:number Unit:ppt Min:<nil> Max:<nil> Enum:[] Readable:true Writable:false Nullable:true}] Timestamp:<nil> Properties:map[]} error=<nil>
=== RUN   TestAppResourceScopeWhenTenantManagerHasNoFarmAssignment/admin
    app_resource_scope_test.go:16: environment real_timescaledb=2.30.0
    app_resource_scope_test.go:25: scenario=manager_admin_no_farm_assignment latest={DeviceNo:v2-hidden ProductID:1 ModelVersion:1 Fields:[{Identifier:temperature Type:number Unit:℃ Min:<nil> Max:<nil> Enum:[] Readable:true Writable:false Nullable:true} {Identifier:dissolved_oxygen Type:number Unit:mg/L Min:<nil> Max:<nil> Enum:[] Readable:true Writable:false Nullable:true} {Identifier:ph Type:number Unit: Min:<nil> Max:<nil> Enum:[] Readable:true Writable:false Nullable:true} {Identifier:turbidity Type:number Unit:NTU Min:<nil> Max:<nil> Enum:[] Readable:true Writable:false Nullable:true} {Identifier:salinity Type:number Unit:ppt Min:<nil> Max:<nil> Enum:[] Readable:true Writable:false Nullable:true}] Timestamp:<nil> Properties:map[]} error=<nil>
--- PASS: TestAppResourceScopeWhenTenantManagerHasNoFarmAssignment (0.65s)
    --- PASS: TestAppResourceScopeWhenTenantManagerHasNoFarmAssignment/owner (0.32s)
    --- PASS: TestAppResourceScopeWhenTenantManagerHasNoFarmAssignment/admin (0.32s)
=== RUN   TestM6bScopedReadsAndExistsQueries
--- PASS: TestM6bScopedReadsAndExistsQueries (0.34s)
=== RUN   TestAppTelemetryHTTPWhenManagerFarmAssignmentIsRevoked
=== RUN   TestAppTelemetryHTTPWhenManagerFarmAssignmentIsRevoked/owner
    app_resource_scope_write_http_test.go:13: environment real_timescaledb=2.30.0
[GIN-debug] [WARNING] Running in "debug" mode. Switch to "release" mode in production.
 - using env:	export GIN_MODE=release
 - using code:	gin.SetMode(gin.ReleaseMode)

[GIN-debug] POST   /api/v1/auth/login        --> git.hyhy.fun/rsplab/iolink/internal/appapi.(*Server).login-fm (3 handlers)
[GIN-debug] GET    /api/v1/auth/tenants      --> git.hyhy.fun/rsplab/iolink/internal/appapi.(*Server).listTenants-fm (4 handlers)
[GIN-debug] POST   /api/v1/auth/tenant       --> git.hyhy.fun/rsplab/iolink/internal/appapi.(*Server).switchTenant-fm (4 handlers)
[GIN-debug] GET    /api/v1/ponds             --> git.hyhy.fun/rsplab/iolink/internal/appapi.(*Server).listPonds-fm (4 handlers)
[GIN-debug] GET    /api/v1/ponds/:id         --> git.hyhy.fun/rsplab/iolink/internal/appapi.(*Server).getPond-fm (4 handlers)
[GIN-debug] GET    /api/v1/devices           --> git.hyhy.fun/rsplab/iolink/internal/appapi.(*Server).listDevices-fm (4 handlers)
[GIN-debug] GET    /api/v1/devices/:device_no --> git.hyhy.fun/rsplab/iolink/internal/appapi.(*Server).getDevice-fm (4 handlers)
[GIN-debug] GET    /api/v1/water/latest      --> git.hyhy.fun/rsplab/iolink/internal/appapi.(*Server).waterLatest-fm (4 handlers)
[GIN-debug] GET    /api/v1/water/history     --> git.hyhy.fun/rsplab/iolink/internal/appapi.(*Server).waterHistory-fm (4 handlers)
[GIN-debug] GET    /api/v1/alarms            --> git.hyhy.fun/rsplab/iolink/internal/appapi.(*Server).listAlarms-fm (4 handlers)
[GIN-debug] GET    /api/v1/stats/summary     --> git.hyhy.fun/rsplab/iolink/internal/appapi.(*Server).statsSummary-fm (4 handlers)
[GIN-debug] POST   /api/v1/alarms/:id/confirm --> git.hyhy.fun/rsplab/iolink/internal/appapi.(*Server).confirmAlarm-fm (4 handlers)
[GIN-debug] POST   /api/v2/devices/:device_no/telemetry --> git.hyhy.fun/rsplab/iolink/internal/appapi.(*Server).submitTelemetryV2-fm (4 handlers)
[GIN-debug] GET    /api/v2/devices/:device_no/model/latest --> git.hyhy.fun/rsplab/iolink/internal/appapi.(*Server).modelLatestV2-fm (4 handlers)
[GIN-debug] GET    /api/v2/devices/:device_no/history --> git.hyhy.fun/rsplab/iolink/internal/appapi.(*Server).telemetryHistoryV2-fm (4 handlers)
[GIN] 2026/10/04 - 12:32:40 | 200 |    3.669224ms |       127.0.0.1 | POST     "/api/v1/auth/login"
[GIN] 2026/10/04 - 12:32:40 | 200 |    2.089427ms |       127.0.0.1 | POST     "/api/v1/auth/tenant"
[GIN] 2026/10/04 - 12:32:40 | 202 |    6.302586ms |       127.0.0.1 | POST     "/api/v2/devices/v2-hidden/telemetry"
    app_resource_scope_write_http_test.go:21: http method=POST path=/api/v2/devices/v2-hidden/telemetry status=202 response={"device_no":"v2-hidden","model_version":1,"accepted":["temperature"],"rejected":[]}
    app_resource_scope_write_http_test.go:29: scenario=owner_revoked_farm_assignment status=202 before={"alarms": [], "outbox": [], "shadows": [], "telemetry": [], "sensor_data": []} after={"alarms": [], "outbox": [], "shadows": [{"ts": "2026-10-01T00:00:00+00:00", "last": {"temperature": 25}, "signal": null, "pond_id": 9403, "device_no": "v2-hidden", "tenant_id": 9401, "product_id": 1, "timestamps": {"temperature": "2026-10-01T00:00:00Z"}, "model_version": 1}], "telemetry": [{"ts": "2026-10-01T00:00:00+00:00", "pond_id": 9403, "device_no": "v2-hidden", "tenant_id": 9401, "product_id": 1, "properties": {"temperature": 25}, "model_version": 1}], "sensor_data": [{"ph": null, "ts": "2026-10-01T00:00:00+00:00", "signal": null, "battery": null, "pond_id": 9403, "salinity": null, "device_no": "v2-hidden", "tenant_id": 9401, "turbidity": null, "temperature": 25, "dissolved_oxygen": null}]}
=== RUN   TestAppTelemetryHTTPWhenManagerFarmAssignmentIsRevoked/admin
    app_resource_scope_write_http_test.go:13: environment real_timescaledb=2.30.0
[GIN-debug] [WARNING] Running in "debug" mode. Switch to "release" mode in production.
 - using env:	export GIN_MODE=release
 - using code:	gin.SetMode(gin.ReleaseMode)

[GIN-debug] POST   /api/v1/auth/login        --> git.hyhy.fun/rsplab/iolink/internal/appapi.(*Server).login-fm (3 handlers)
[GIN-debug] GET    /api/v1/auth/tenants      --> git.hyhy.fun/rsplab/iolink/internal/appapi.(*Server).listTenants-fm (4 handlers)
[GIN-debug] POST   /api/v1/auth/tenant       --> git.hyhy.fun/rsplab/iolink/internal/appapi.(*Server).switchTenant-fm (4 handlers)
[GIN-debug] GET    /api/v1/ponds             --> git.hyhy.fun/rsplab/iolink/internal/appapi.(*Server).listPonds-fm (4 handlers)
[GIN-debug] GET    /api/v1/ponds/:id         --> git.hyhy.fun/rsplab/iolink/internal/appapi.(*Server).getPond-fm (4 handlers)
[GIN-debug] GET    /api/v1/devices           --> git.hyhy.fun/rsplab/iolink/internal/appapi.(*Server).listDevices-fm (4 handlers)
[GIN-debug] GET    /api/v1/devices/:device_no --> git.hyhy.fun/rsplab/iolink/internal/appapi.(*Server).getDevice-fm (4 handlers)
[GIN-debug] GET    /api/v1/water/latest      --> git.hyhy.fun/rsplab/iolink/internal/appapi.(*Server).waterLatest-fm (4 handlers)
[GIN-debug] GET    /api/v1/water/history     --> git.hyhy.fun/rsplab/iolink/internal/appapi.(*Server).waterHistory-fm (4 handlers)
[GIN-debug] GET    /api/v1/alarms            --> git.hyhy.fun/rsplab/iolink/internal/appapi.(*Server).listAlarms-fm (4 handlers)
[GIN-debug] GET    /api/v1/stats/summary     --> git.hyhy.fun/rsplab/iolink/internal/appapi.(*Server).statsSummary-fm (4 handlers)
[GIN-debug] POST   /api/v1/alarms/:id/confirm --> git.hyhy.fun/rsplab/iolink/internal/appapi.(*Server).confirmAlarm-fm (4 handlers)
[GIN-debug] POST   /api/v2/devices/:device_no/telemetry --> git.hyhy.fun/rsplab/iolink/internal/appapi.(*Server).submitTelemetryV2-fm (4 handlers)
[GIN-debug] GET    /api/v2/devices/:device_no/model/latest --> git.hyhy.fun/rsplab/iolink/internal/appapi.(*Server).modelLatestV2-fm (4 handlers)
[GIN-debug] GET    /api/v2/devices/:device_no/history --> git.hyhy.fun/rsplab/iolink/internal/appapi.(*Server).telemetryHistoryV2-fm (4 handlers)
[GIN] 2026/10/04 - 12:32:41 | 200 |    3.559858ms |       127.0.0.1 | POST     "/api/v1/auth/login"
[GIN] 2026/10/04 - 12:32:41 | 200 |    2.179938ms |       127.0.0.1 | POST     "/api/v1/auth/tenant"
[GIN] 2026/10/04 - 12:32:41 | 202 |     6.59654ms |       127.0.0.1 | POST     "/api/v2/devices/v2-hidden/telemetry"
    app_resource_scope_write_http_test.go:21: http method=POST path=/api/v2/devices/v2-hidden/telemetry status=202 response={"device_no":"v2-hidden","model_version":1,"accepted":["temperature"],"rejected":[]}
    app_resource_scope_write_http_test.go:29: scenario=admin_revoked_farm_assignment status=202 before={"alarms": [], "outbox": [], "shadows": [], "telemetry": [], "sensor_data": []} after={"alarms": [], "outbox": [], "shadows": [{"ts": "2026-10-01T00:00:00+00:00", "last": {"temperature": 25}, "signal": null, "pond_id": 9403, "device_no": "v2-hidden", "tenant_id": 9401, "product_id": 1, "timestamps": {"temperature": "2026-10-01T00:00:00Z"}, "model_version": 1}], "telemetry": [{"ts": "2026-10-01T00:00:00+00:00", "pond_id": 9403, "device_no": "v2-hidden", "tenant_id": 9401, "product_id": 1, "properties": {"temperature": 25}, "model_version": 1}], "sensor_data": [{"ph": null, "ts": "2026-10-01T00:00:00+00:00", "signal": null, "battery": null, "pond_id": 9403, "salinity": null, "device_no": "v2-hidden", "tenant_id": 9401, "turbidity": null, "temperature": 25, "dissolved_oxygen": null}]}
=== RUN   TestAppTelemetryHTTPWhenManagerFarmAssignmentIsRevoked/member
    app_resource_scope_write_http_test.go:13: environment real_timescaledb=2.30.0
[GIN-debug] [WARNING] Running in "debug" mode. Switch to "release" mode in production.
 - using env:	export GIN_MODE=release
 - using code:	gin.SetMode(gin.ReleaseMode)

[GIN-debug] POST   /api/v1/auth/login        --> git.hyhy.fun/rsplab/iolink/internal/appapi.(*Server).login-fm (3 handlers)
[GIN-debug] GET    /api/v1/auth/tenants      --> git.hyhy.fun/rsplab/iolink/internal/appapi.(*Server).listTenants-fm (4 handlers)
[GIN-debug] POST   /api/v1/auth/tenant       --> git.hyhy.fun/rsplab/iolink/internal/appapi.(*Server).switchTenant-fm (4 handlers)
[GIN-debug] GET    /api/v1/ponds             --> git.hyhy.fun/rsplab/iolink/internal/appapi.(*Server).listPonds-fm (4 handlers)
[GIN-debug] GET    /api/v1/ponds/:id         --> git.hyhy.fun/rsplab/iolink/internal/appapi.(*Server).getPond-fm (4 handlers)
[GIN-debug] GET    /api/v1/devices           --> git.hyhy.fun/rsplab/iolink/internal/appapi.(*Server).listDevices-fm (4 handlers)
[GIN-debug] GET    /api/v1/devices/:device_no --> git.hyhy.fun/rsplab/iolink/internal/appapi.(*Server).getDevice-fm (4 handlers)
[GIN-debug] GET    /api/v1/water/latest      --> git.hyhy.fun/rsplab/iolink/internal/appapi.(*Server).waterLatest-fm (4 handlers)
[GIN-debug] GET    /api/v1/water/history     --> git.hyhy.fun/rsplab/iolink/internal/appapi.(*Server).waterHistory-fm (4 handlers)
[GIN-debug] GET    /api/v1/alarms            --> git.hyhy.fun/rsplab/iolink/internal/appapi.(*Server).listAlarms-fm (4 handlers)
[GIN-debug] GET    /api/v1/stats/summary     --> git.hyhy.fun/rsplab/iolink/internal/appapi.(*Server).statsSummary-fm (4 handlers)
[GIN-debug] POST   /api/v1/alarms/:id/confirm --> git.hyhy.fun/rsplab/iolink/internal/appapi.(*Server).confirmAlarm-fm (4 handlers)
[GIN-debug] POST   /api/v2/devices/:device_no/telemetry --> git.hyhy.fun/rsplab/iolink/internal/appapi.(*Server).submitTelemetryV2-fm (4 handlers)
[GIN-debug] GET    /api/v2/devices/:device_no/model/latest --> git.hyhy.fun/rsplab/iolink/internal/appapi.(*Server).modelLatestV2-fm (4 handlers)
[GIN-debug] GET    /api/v2/devices/:device_no/history --> git.hyhy.fun/rsplab/iolink/internal/appapi.(*Server).telemetryHistoryV2-fm (4 handlers)
[GIN] 2026/10/04 - 12:32:41 | 200 |    3.595154ms |       127.0.0.1 | POST     "/api/v1/auth/login"
[GIN] 2026/10/04 - 12:32:41 | 200 |    2.161543ms |       127.0.0.1 | POST     "/api/v1/auth/tenant"
[GIN] 2026/10/04 - 12:32:41 | 404 |     2.70623ms |       127.0.0.1 | POST     "/api/v2/devices/v2-hidden/telemetry"
    app_resource_scope_write_http_test.go:21: http method=POST path=/api/v2/devices/v2-hidden/telemetry status=404 response={"error":"not_found"}
    app_resource_scope_write_http_test.go:29: scenario=member_revoked_farm_assignment status=404 before={"alarms": [], "outbox": [], "shadows": [], "telemetry": [], "sensor_data": []} after={"alarms": [], "outbox": [], "shadows": [], "telemetry": [], "sensor_data": []}
=== RUN   TestAppTelemetryHTTPWhenManagerFarmAssignmentIsRevoked/viewer
    app_resource_scope_write_http_test.go:13: environment real_timescaledb=2.30.0
[GIN-debug] [WARNING] Running in "debug" mode. Switch to "release" mode in production.
 - using env:	export GIN_MODE=release
 - using code:	gin.SetMode(gin.ReleaseMode)

[GIN-debug] POST   /api/v1/auth/login        --> git.hyhy.fun/rsplab/iolink/internal/appapi.(*Server).login-fm (3 handlers)
[GIN-debug] GET    /api/v1/auth/tenants      --> git.hyhy.fun/rsplab/iolink/internal/appapi.(*Server).listTenants-fm (4 handlers)
[GIN-debug] POST   /api/v1/auth/tenant       --> git.hyhy.fun/rsplab/iolink/internal/appapi.(*Server).switchTenant-fm (4 handlers)
[GIN-debug] GET    /api/v1/ponds             --> git.hyhy.fun/rsplab/iolink/internal/appapi.(*Server).listPonds-fm (4 handlers)
[GIN-debug] GET    /api/v1/ponds/:id         --> git.hyhy.fun/rsplab/iolink/internal/appapi.(*Server).getPond-fm (4 handlers)
[GIN-debug] GET    /api/v1/devices           --> git.hyhy.fun/rsplab/iolink/internal/appapi.(*Server).listDevices-fm (4 handlers)
[GIN-debug] GET    /api/v1/devices/:device_no --> git.hyhy.fun/rsplab/iolink/internal/appapi.(*Server).getDevice-fm (4 handlers)
[GIN-debug] GET    /api/v1/water/latest      --> git.hyhy.fun/rsplab/iolink/internal/appapi.(*Server).waterLatest-fm (4 handlers)
[GIN-debug] GET    /api/v1/water/history     --> git.hyhy.fun/rsplab/iolink/internal/appapi.(*Server).waterHistory-fm (4 handlers)
[GIN-debug] GET    /api/v1/alarms            --> git.hyhy.fun/rsplab/iolink/internal/appapi.(*Server).listAlarms-fm (4 handlers)
[GIN-debug] GET    /api/v1/stats/summary     --> git.hyhy.fun/rsplab/iolink/internal/appapi.(*Server).statsSummary-fm (4 handlers)
[GIN-debug] POST   /api/v1/alarms/:id/confirm --> git.hyhy.fun/rsplab/iolink/internal/appapi.(*Server).confirmAlarm-fm (4 handlers)
[GIN-debug] POST   /api/v2/devices/:device_no/telemetry --> git.hyhy.fun/rsplab/iolink/internal/appapi.(*Server).submitTelemetryV2-fm (4 handlers)
[GIN-debug] GET    /api/v2/devices/:device_no/model/latest --> git.hyhy.fun/rsplab/iolink/internal/appapi.(*Server).modelLatestV2-fm (4 handlers)
[GIN-debug] GET    /api/v2/devices/:device_no/history --> git.hyhy.fun/rsplab/iolink/internal/appapi.(*Server).telemetryHistoryV2-fm (4 handlers)
[GIN] 2026/10/04 - 12:32:42 | 200 |    4.110806ms |       127.0.0.1 | POST     "/api/v1/auth/login"
[GIN] 2026/10/04 - 12:32:42 | 200 |    2.230072ms |       127.0.0.1 | POST     "/api/v1/auth/tenant"
[GIN] 2026/10/04 - 12:32:42 | 404 |     2.89733ms |       127.0.0.1 | POST     "/api/v2/devices/v2-hidden/telemetry"
    app_resource_scope_write_http_test.go:21: http method=POST path=/api/v2/devices/v2-hidden/telemetry status=404 response={"error":"not_found"}
    app_resource_scope_write_http_test.go:29: scenario=viewer_revoked_farm_assignment status=404 before={"alarms": [], "outbox": [], "shadows": [], "telemetry": [], "sensor_data": []} after={"alarms": [], "outbox": [], "shadows": [], "telemetry": [], "sensor_data": []}
=== RUN   TestAppTelemetryHTTPWhenManagerFarmAssignmentIsRevoked/support
    app_resource_scope_write_http_test.go:13: environment real_timescaledb=2.30.0
[GIN-debug] [WARNING] Running in "debug" mode. Switch to "release" mode in production.
 - using env:	export GIN_MODE=release
 - using code:	gin.SetMode(gin.ReleaseMode)

[GIN-debug] POST   /api/v1/auth/login        --> git.hyhy.fun/rsplab/iolink/internal/appapi.(*Server).login-fm (3 handlers)
[GIN-debug] GET    /api/v1/auth/tenants      --> git.hyhy.fun/rsplab/iolink/internal/appapi.(*Server).listTenants-fm (4 handlers)
[GIN-debug] POST   /api/v1/auth/tenant       --> git.hyhy.fun/rsplab/iolink/internal/appapi.(*Server).switchTenant-fm (4 handlers)
[GIN-debug] GET    /api/v1/ponds             --> git.hyhy.fun/rsplab/iolink/internal/appapi.(*Server).listPonds-fm (4 handlers)
[GIN-debug] GET    /api/v1/ponds/:id         --> git.hyhy.fun/rsplab/iolink/internal/appapi.(*Server).getPond-fm (4 handlers)
[GIN-debug] GET    /api/v1/devices           --> git.hyhy.fun/rsplab/iolink/internal/appapi.(*Server).listDevices-fm (4 handlers)
[GIN-debug] GET    /api/v1/devices/:device_no --> git.hyhy.fun/rsplab/iolink/internal/appapi.(*Server).getDevice-fm (4 handlers)
[GIN-debug] GET    /api/v1/water/latest      --> git.hyhy.fun/rsplab/iolink/internal/appapi.(*Server).waterLatest-fm (4 handlers)
[GIN-debug] GET    /api/v1/water/history     --> git.hyhy.fun/rsplab/iolink/internal/appapi.(*Server).waterHistory-fm (4 handlers)
[GIN-debug] GET    /api/v1/alarms            --> git.hyhy.fun/rsplab/iolink/internal/appapi.(*Server).listAlarms-fm (4 handlers)
[GIN-debug] GET    /api/v1/stats/summary     --> git.hyhy.fun/rsplab/iolink/internal/appapi.(*Server).statsSummary-fm (4 handlers)
[GIN-debug] POST   /api/v1/alarms/:id/confirm --> git.hyhy.fun/rsplab/iolink/internal/appapi.(*Server).confirmAlarm-fm (4 handlers)
[GIN-debug] POST   /api/v2/devices/:device_no/telemetry --> git.hyhy.fun/rsplab/iolink/internal/appapi.(*Server).submitTelemetryV2-fm (4 handlers)
[GIN-debug] GET    /api/v2/devices/:device_no/model/latest --> git.hyhy.fun/rsplab/iolink/internal/appapi.(*Server).modelLatestV2-fm (4 handlers)
[GIN-debug] GET    /api/v2/devices/:device_no/history --> git.hyhy.fun/rsplab/iolink/internal/appapi.(*Server).telemetryHistoryV2-fm (4 handlers)
[GIN] 2026/10/04 - 12:32:42 | 200 |    3.607127ms |       127.0.0.1 | POST     "/api/v1/auth/login"
[GIN] 2026/10/04 - 12:32:42 | 200 |    2.348154ms |       127.0.0.1 | POST     "/api/v1/auth/tenant"
[GIN] 2026/10/04 - 12:32:42 | 404 |    2.729042ms |       127.0.0.1 | POST     "/api/v2/devices/v2-hidden/telemetry"
    app_resource_scope_write_http_test.go:21: http method=POST path=/api/v2/devices/v2-hidden/telemetry status=404 response={"error":"not_found"}
    app_resource_scope_write_http_test.go:29: scenario=support_revoked_farm_assignment status=404 before={"alarms": [], "outbox": [], "shadows": [], "telemetry": [], "sensor_data": []} after={"alarms": [], "outbox": [], "shadows": [], "telemetry": [], "sensor_data": []}
--- PASS: TestAppTelemetryHTTPWhenManagerFarmAssignmentIsRevoked (1.73s)
    --- PASS: TestAppTelemetryHTTPWhenManagerFarmAssignmentIsRevoked/owner (0.34s)
    --- PASS: TestAppTelemetryHTTPWhenManagerFarmAssignmentIsRevoked/admin (0.34s)
    --- PASS: TestAppTelemetryHTTPWhenManagerFarmAssignmentIsRevoked/member (0.33s)
    --- PASS: TestAppTelemetryHTTPWhenManagerFarmAssignmentIsRevoked/viewer (0.37s)
    --- PASS: TestAppTelemetryHTTPWhenManagerFarmAssignmentIsRevoked/support (0.34s)
=== RUN   TestM6bEnsurePlatformUserDoesNotCreateOrdinaryMembership
--- PASS: TestM6bEnsurePlatformUserDoesNotCreateOrdinaryMembership (0.32s)
=== RUN   TestAppResourceHTTPWhenManagerTokenLosesAuthority
=== RUN   TestAppResourceHTTPWhenManagerTokenLosesAuthority/role
    app_resource_scope_http_test.go:170: environment real_timescaledb=2.30.0
[GIN-debug] [WARNING] Running in "debug" mode. Switch to "release" mode in production.
 - using env:	export GIN_MODE=release
 - using code:	gin.SetMode(gin.ReleaseMode)

[GIN-debug] POST   /api/v1/auth/login        --> git.hyhy.fun/rsplab/iolink/internal/appapi.(*Server).login-fm (3 handlers)
[GIN-debug] GET    /api/v1/auth/tenants      --> git.hyhy.fun/rsplab/iolink/internal/appapi.(*Server).listTenants-fm (4 handlers)
[GIN-debug] POST   /api/v1/auth/tenant       --> git.hyhy.fun/rsplab/iolink/internal/appapi.(*Server).switchTenant-fm (4 handlers)
[GIN-debug] GET    /api/v1/ponds             --> git.hyhy.fun/rsplab/iolink/internal/appapi.(*Server).listPonds-fm (4 handlers)
[GIN-debug] GET    /api/v1/ponds/:id         --> git.hyhy.fun/rsplab/iolink/internal/appapi.(*Server).getPond-fm (4 handlers)
[GIN-debug] GET    /api/v1/devices           --> git.hyhy.fun/rsplab/iolink/internal/appapi.(*Server).listDevices-fm (4 handlers)
[GIN-debug] GET    /api/v1/devices/:device_no --> git.hyhy.fun/rsplab/iolink/internal/appapi.(*Server).getDevice-fm (4 handlers)
[GIN-debug] GET    /api/v1/water/latest      --> git.hyhy.fun/rsplab/iolink/internal/appapi.(*Server).waterLatest-fm (4 handlers)
[GIN-debug] GET    /api/v1/water/history     --> git.hyhy.fun/rsplab/iolink/internal/appapi.(*Server).waterHistory-fm (4 handlers)
[GIN-debug] GET    /api/v1/alarms            --> git.hyhy.fun/rsplab/iolink/internal/appapi.(*Server).listAlarms-fm (4 handlers)
[GIN-debug] GET    /api/v1/stats/summary     --> git.hyhy.fun/rsplab/iolink/internal/appapi.(*Server).statsSummary-fm (4 handlers)
[GIN-debug] POST   /api/v1/alarms/:id/confirm --> git.hyhy.fun/rsplab/iolink/internal/appapi.(*Server).confirmAlarm-fm (4 handlers)
[GIN-debug] POST   /api/v2/devices/:device_no/telemetry --> git.hyhy.fun/rsplab/iolink/internal/appapi.(*Server).submitTelemetryV2-fm (4 handlers)
[GIN-debug] GET    /api/v2/devices/:device_no/model/latest --> git.hyhy.fun/rsplab/iolink/internal/appapi.(*Server).modelLatestV2-fm (4 handlers)
[GIN-debug] GET    /api/v2/devices/:device_no/history --> git.hyhy.fun/rsplab/iolink/internal/appapi.(*Server).telemetryHistoryV2-fm (4 handlers)
[GIN] 2026/10/04 - 12:32:43 | 200 |    3.547915ms |       127.0.0.1 | POST     "/api/v1/auth/login"
[GIN] 2026/10/04 - 12:32:43 | 200 |    2.176672ms |       127.0.0.1 | POST     "/api/v1/auth/tenant"
[GIN] 2026/10/04 - 12:32:43 | 401 |     602.616µs |       127.0.0.1 | GET      "/api/v2/devices/v2-hidden/model/latest"
    app_resource_scope_http_test.go:187: http method=GET path=/api/v2/devices/v2-hidden/model/latest status=401 response={"error":"tenant membership revoked"}
    app_resource_scope_http_test.go:190: scenario=role_revocation status=401 before={"alarms": [], "outbox": [], "shadows": [], "telemetry": [], "sensor_data": []} after={"alarms": [], "outbox": [], "shadows": [], "telemetry": [], "sensor_data": []}
[GIN] 2026/10/04 - 12:32:43 | 401 |     535.449µs |       127.0.0.1 | POST     "/api/v2/devices/v2-hidden/telemetry"
    app_resource_scope_http_test.go:187: http method=POST path=/api/v2/devices/v2-hidden/telemetry status=401 response={"error":"tenant membership revoked"}
    app_resource_scope_http_test.go:190: scenario=role_revocation status=401 before={"alarms": [], "outbox": [], "shadows": [], "telemetry": [], "sensor_data": []} after={"alarms": [], "outbox": [], "shadows": [], "telemetry": [], "sensor_data": []}
=== RUN   TestAppResourceHTTPWhenManagerTokenLosesAuthority/membership
    app_resource_scope_http_test.go:170: environment real_timescaledb=2.30.0
[GIN-debug] [WARNING] Running in "debug" mode. Switch to "release" mode in production.
 - using env:	export GIN_MODE=release
 - using code:	gin.SetMode(gin.ReleaseMode)

[GIN-debug] POST   /api/v1/auth/login        --> git.hyhy.fun/rsplab/iolink/internal/appapi.(*Server).login-fm (3 handlers)
[GIN-debug] GET    /api/v1/auth/tenants      --> git.hyhy.fun/rsplab/iolink/internal/appapi.(*Server).listTenants-fm (4 handlers)
[GIN-debug] POST   /api/v1/auth/tenant       --> git.hyhy.fun/rsplab/iolink/internal/appapi.(*Server).switchTenant-fm (4 handlers)
[GIN-debug] GET    /api/v1/ponds             --> git.hyhy.fun/rsplab/iolink/internal/appapi.(*Server).listPonds-fm (4 handlers)
[GIN-debug] GET    /api/v1/ponds/:id         --> git.hyhy.fun/rsplab/iolink/internal/appapi.(*Server).getPond-fm (4 handlers)
[GIN-debug] GET    /api/v1/devices           --> git.hyhy.fun/rsplab/iolink/internal/appapi.(*Server).listDevices-fm (4 handlers)
[GIN-debug] GET    /api/v1/devices/:device_no --> git.hyhy.fun/rsplab/iolink/internal/appapi.(*Server).getDevice-fm (4 handlers)
[GIN-debug] GET    /api/v1/water/latest      --> git.hyhy.fun/rsplab/iolink/internal/appapi.(*Server).waterLatest-fm (4 handlers)
[GIN-debug] GET    /api/v1/water/history     --> git.hyhy.fun/rsplab/iolink/internal/appapi.(*Server).waterHistory-fm (4 handlers)
[GIN-debug] GET    /api/v1/alarms            --> git.hyhy.fun/rsplab/iolink/internal/appapi.(*Server).listAlarms-fm (4 handlers)
[GIN-debug] GET    /api/v1/stats/summary     --> git.hyhy.fun/rsplab/iolink/internal/appapi.(*Server).statsSummary-fm (4 handlers)
[GIN-debug] POST   /api/v1/alarms/:id/confirm --> git.hyhy.fun/rsplab/iolink/internal/appapi.(*Server).confirmAlarm-fm (4 handlers)
[GIN-debug] POST   /api/v2/devices/:device_no/telemetry --> git.hyhy.fun/rsplab/iolink/internal/appapi.(*Server).submitTelemetryV2-fm (4 handlers)
[GIN-debug] GET    /api/v2/devices/:device_no/model/latest --> git.hyhy.fun/rsplab/iolink/internal/appapi.(*Server).modelLatestV2-fm (4 handlers)
[GIN-debug] GET    /api/v2/devices/:device_no/history --> git.hyhy.fun/rsplab/iolink/internal/appapi.(*Server).telemetryHistoryV2-fm (4 handlers)
[GIN] 2026/10/04 - 12:32:43 | 200 |    4.067024ms |       127.0.0.1 | POST     "/api/v1/auth/login"
[GIN] 2026/10/04 - 12:32:43 | 200 |    2.626669ms |       127.0.0.1 | POST     "/api/v1/auth/tenant"
[GIN] 2026/10/04 - 12:32:43 | 401 |     593.769µs |       127.0.0.1 | GET      "/api/v2/devices/v2-hidden/model/latest"
    app_resource_scope_http_test.go:187: http method=GET path=/api/v2/devices/v2-hidden/model/latest status=401 response={"error":"tenant membership revoked"}
    app_resource_scope_http_test.go:190: scenario=membership_revocation status=401 before={"alarms": [], "outbox": [], "shadows": [], "telemetry": [], "sensor_data": []} after={"alarms": [], "outbox": [], "shadows": [], "telemetry": [], "sensor_data": []}
[GIN] 2026/10/04 - 12:32:43 | 401 |      525.78µs |       127.0.0.1 | POST     "/api/v2/devices/v2-hidden/telemetry"
    app_resource_scope_http_test.go:187: http method=POST path=/api/v2/devices/v2-hidden/telemetry status=401 response={"error":"tenant membership revoked"}
    app_resource_scope_http_test.go:190: scenario=membership_revocation status=401 before={"alarms": [], "outbox": [], "shadows": [], "telemetry": [], "sensor_data": []} after={"alarms": [], "outbox": [], "shadows": [], "telemetry": [], "sensor_data": []}
=== RUN   TestAppResourceHTTPWhenManagerTokenLosesAuthority/platform_authority
    app_resource_scope_http_test.go:170: environment real_timescaledb=2.30.0
[GIN-debug] [WARNING] Running in "debug" mode. Switch to "release" mode in production.
 - using env:	export GIN_MODE=release
 - using code:	gin.SetMode(gin.ReleaseMode)

[GIN-debug] POST   /api/v1/auth/login        --> git.hyhy.fun/rsplab/iolink/internal/appapi.(*Server).login-fm (3 handlers)
[GIN-debug] GET    /api/v1/auth/tenants      --> git.hyhy.fun/rsplab/iolink/internal/appapi.(*Server).listTenants-fm (4 handlers)
[GIN-debug] POST   /api/v1/auth/tenant       --> git.hyhy.fun/rsplab/iolink/internal/appapi.(*Server).switchTenant-fm (4 handlers)
[GIN-debug] GET    /api/v1/ponds             --> git.hyhy.fun/rsplab/iolink/internal/appapi.(*Server).listPonds-fm (4 handlers)
[GIN-debug] GET    /api/v1/ponds/:id         --> git.hyhy.fun/rsplab/iolink/internal/appapi.(*Server).getPond-fm (4 handlers)
[GIN-debug] GET    /api/v1/devices           --> git.hyhy.fun/rsplab/iolink/internal/appapi.(*Server).listDevices-fm (4 handlers)
[GIN-debug] GET    /api/v1/devices/:device_no --> git.hyhy.fun/rsplab/iolink/internal/appapi.(*Server).getDevice-fm (4 handlers)
[GIN-debug] GET    /api/v1/water/latest      --> git.hyhy.fun/rsplab/iolink/internal/appapi.(*Server).waterLatest-fm (4 handlers)
[GIN-debug] GET    /api/v1/water/history     --> git.hyhy.fun/rsplab/iolink/internal/appapi.(*Server).waterHistory-fm (4 handlers)
[GIN-debug] GET    /api/v1/alarms            --> git.hyhy.fun/rsplab/iolink/internal/appapi.(*Server).listAlarms-fm (4 handlers)
[GIN-debug] GET    /api/v1/stats/summary     --> git.hyhy.fun/rsplab/iolink/internal/appapi.(*Server).statsSummary-fm (4 handlers)
[GIN-debug] POST   /api/v1/alarms/:id/confirm --> git.hyhy.fun/rsplab/iolink/internal/appapi.(*Server).confirmAlarm-fm (4 handlers)
[GIN-debug] POST   /api/v2/devices/:device_no/telemetry --> git.hyhy.fun/rsplab/iolink/internal/appapi.(*Server).submitTelemetryV2-fm (4 handlers)
[GIN-debug] GET    /api/v2/devices/:device_no/model/latest --> git.hyhy.fun/rsplab/iolink/internal/appapi.(*Server).modelLatestV2-fm (4 handlers)
[GIN-debug] GET    /api/v2/devices/:device_no/history --> git.hyhy.fun/rsplab/iolink/internal/appapi.(*Server).telemetryHistoryV2-fm (4 handlers)
[GIN] 2026/10/04 - 12:32:43 | 200 |    3.972125ms |       127.0.0.1 | POST     "/api/v1/auth/login"
[GIN] 2026/10/04 - 12:32:43 | 200 |    2.251422ms |       127.0.0.1 | POST     "/api/v1/auth/tenant"
[GIN] 2026/10/04 - 12:32:43 | 401 |     292.311µs |       127.0.0.1 | GET      "/api/v2/devices/v2-hidden/model/latest"
    app_resource_scope_http_test.go:187: http method=GET path=/api/v2/devices/v2-hidden/model/latest status=401 response={"error":"token revoked"}
    app_resource_scope_http_test.go:190: scenario=platform_authority_revocation status=401 before={"alarms": [], "outbox": [], "shadows": [], "telemetry": [], "sensor_data": []} after={"alarms": [], "outbox": [], "shadows": [], "telemetry": [], "sensor_data": []}
[GIN] 2026/10/04 - 12:32:43 | 401 |     227.839µs |       127.0.0.1 | POST     "/api/v2/devices/v2-hidden/telemetry"
    app_resource_scope_http_test.go:187: http method=POST path=/api/v2/devices/v2-hidden/telemetry status=401 response={"error":"token revoked"}
    app_resource_scope_http_test.go:190: scenario=platform_authority_revocation status=401 before={"alarms": [], "outbox": [], "shadows": [], "telemetry": [], "sensor_data": []} after={"alarms": [], "outbox": [], "shadows": [], "telemetry": [], "sensor_data": []}
--- PASS: TestAppResourceHTTPWhenManagerTokenLosesAuthority (1.01s)
    --- PASS: TestAppResourceHTTPWhenManagerTokenLosesAuthority/role (0.34s)
    --- PASS: TestAppResourceHTTPWhenManagerTokenLosesAuthority/membership (0.34s)
    --- PASS: TestAppResourceHTTPWhenManagerTokenLosesAuthority/platform_authority (0.34s)
=== RUN   TestAppAlarmBatchConfirmAllowsTenantManagerWithoutFarmAssignment
=== RUN   TestAppAlarmBatchConfirmAllowsTenantManagerWithoutFarmAssignment/owner
    app_resource_scope_test.go:146: environment real_timescaledb=2.30.0
    app_resource_scope_test.go:174: scenario=batch_confirm_manager_owner confirmed=2 error=<nil> before={"alarms": [{"id": 1, "level": "warning", "metric": "temperature", "message": "temperature 高于阈值 20", "pond_id": 9401, "device_no": "v2-permission", "threshold": 20, "created_at": "2026-10-04T04:31:44.017362+00:00", "product_id": 1, "confirmed_at": null, "current_value": 25}, {"id": 2, "level": "warning", "metric": "temperature", "message": "temperature 高于阈值 20", "pond_id": 9403, "device_no": "v2-hidden", "threshold": 20, "created_at": "2026-10-04T04:31:44.025717+00:00", "product_id": 1, "confirmed_at": null, "current_value": 25}], "outbox": [{"id": 1, "status": "pending", "next_at": "2026-10-04T04:32:44.017396+00:00", "alarm_id": 1, "attempts": 0, "created_at": "2026-10-04T04:32:44.017396+00:00", "last_error": null, "updated_at": "2026-10-04T04:32:44.017396+00:00", "lease_owner": null, "leased_until": null, "recipient_open_id": null}, {"id": 2, "status": "pending", "next_at": "2026-10-04T04:32:44.025748+00:00", "alarm_id": 2, "attempts": 0, "created_at": "2026-10-04T04:32:44.025748+00:00", "last_error": null, "updated_at": "2026-10-04T04:32:44.025748+00:00", "lease_owner": null, "leased_until": null, "recipient_open_id": null}], "shadows": [{"ts": "2026-10-04T04:31:44.025717+00:00", "last": {"temperature": 25}, "signal": null, "pond_id": 9403, "device_no": "v2-hidden", "tenant_id": 9401, "product_id": 1, "timestamps": {"temperature": "2026-10-04T04:31:44.025717321Z"}, "model_version": 1}, {"ts": "2026-10-04T04:31:44.017362+00:00", "last": {"temperature": 25}, "signal": null, "pond_id": 9401, "device_no": "v2-permission", "tenant_id": 9401, "product_id": 1, "timestamps": {"temperature": "2026-10-04T04:31:44.017362197Z"}, "model_version": 1}], "telemetry": [{"ts": "2026-10-04T04:31:44.017362+00:00", "pond_id": 9401, "device_no": "v2-permission", "tenant_id": 9401, "product_id": 1, "properties": {"temperature": 25}, "model_version": 1}, {"ts": "2026-10-04T04:31:44.025717+00:00", "pond_id": 9403, "device_no": "v2-hidden", "tenant_id": 9401, "product_id": 1, "properties": {"temperature": 25}, "model_version": 1}], "sensor_data": [{"ph": null, "ts": "2026-10-04T04:31:44.017362+00:00", "signal": null, "battery": null, "pond_id": 9401, "salinity": null, "device_no": "v2-permission", "tenant_id": 9401, "turbidity": null, "temperature": 25, "dissolved_oxygen": null}, {"ph": null, "ts": "2026-10-04T04:31:44.025717+00:00", "signal": null, "battery": null, "pond_id": 9403, "salinity": null, "device_no": "v2-hidden", "tenant_id": 9401, "turbidity": null, "temperature": 25, "dissolved_oxygen": null}]} after={"alarms": [{"id": 1, "level": "warning", "metric": "temperature", "message": "temperature 高于阈值 20", "pond_id": 9401, "device_no": "v2-permission", "threshold": 20, "created_at": "2026-10-04T04:31:44.017362+00:00", "product_id": 1, "confirmed_at": "2026-10-04T04:32:44.034585+00:00", "current_value": 25}, {"id": 2, "level": "warning", "metric": "temperature", "message": "temperature 高于阈值 20", "pond_id": 9403, "device_no": "v2-hidden", "threshold": 20, "created_at": "2026-10-04T04:31:44.025717+00:00", "product_id": 1, "confirmed_at": "2026-10-04T04:32:44.034585+00:00", "current_value": 25}], "outbox": [{"id": 1, "status": "pending", "next_at": "2026-10-04T04:32:44.017396+00:00", "alarm_id": 1, "attempts": 0, "created_at": "2026-10-04T04:32:44.017396+00:00", "last_error": null, "updated_at": "2026-10-04T04:32:44.017396+00:00", "lease_owner": null, "leased_until": null, "recipient_open_id": null}, {"id": 2, "status": "pending", "next_at": "2026-10-04T04:32:44.025748+00:00", "alarm_id": 2, "attempts": 0, "created_at": "2026-10-04T04:32:44.025748+00:00", "last_error": null, "updated_at": "2026-10-04T04:32:44.025748+00:00", "lease_owner": null, "leased_until": null, "recipient_open_id": null}], "shadows": [{"ts": "2026-10-04T04:31:44.025717+00:00", "last": {"temperature": 25}, "signal": null, "pond_id": 9403, "device_no": "v2-hidden", "tenant_id": 9401, "product_id": 1, "timestamps": {"temperature": "2026-10-04T04:31:44.025717321Z"}, "model_version": 1}, {"ts": "2026-10-04T04:31:44.017362+00:00", "last": {"temperature": 25}, "signal": null, "pond_id": 9401, "device_no": "v2-permission", "tenant_id": 9401, "product_id": 1, "timestamps": {"temperature": "2026-10-04T04:31:44.017362197Z"}, "model_version": 1}], "telemetry": [{"ts": "2026-10-04T04:31:44.017362+00:00", "pond_id": 9401, "device_no": "v2-permission", "tenant_id": 9401, "product_id": 1, "properties": {"temperature": 25}, "model_version": 1}, {"ts": "2026-10-04T04:31:44.025717+00:00", "pond_id": 9403, "device_no": "v2-hidden", "tenant_id": 9401, "product_id": 1, "properties": {"temperature": 25}, "model_version": 1}], "sensor_data": [{"ph": null, "ts": "2026-10-04T04:31:44.017362+00:00", "signal": null, "battery": null, "pond_id": 9401, "salinity": null, "device_no": "v2-permission", "tenant_id": 9401, "turbidity": null, "temperature": 25, "dissolved_oxygen": null}, {"ph": null, "ts": "2026-10-04T04:31:44.025717+00:00", "signal": null, "battery": null, "pond_id": 9403, "salinity": null, "device_no": "v2-hidden", "tenant_id": 9401, "turbidity": null, "temperature": 25, "dissolved_oxygen": null}]}
=== RUN   TestAppAlarmBatchConfirmAllowsTenantManagerWithoutFarmAssignment/admin
    app_resource_scope_test.go:146: environment real_timescaledb=2.30.0
    app_resource_scope_test.go:174: scenario=batch_confirm_manager_admin confirmed=2 error=<nil> before={"alarms": [{"id": 1, "level": "warning", "metric": "temperature", "message": "temperature 高于阈值 20", "pond_id": 9401, "device_no": "v2-permission", "threshold": 20, "created_at": "2026-10-04T04:31:44.365467+00:00", "product_id": 1, "confirmed_at": null, "current_value": 25}, {"id": 2, "level": "warning", "metric": "temperature", "message": "temperature 高于阈值 20", "pond_id": 9403, "device_no": "v2-hidden", "threshold": 20, "created_at": "2026-10-04T04:31:44.373515+00:00", "product_id": 1, "confirmed_at": null, "current_value": 25}], "outbox": [{"id": 1, "status": "pending", "next_at": "2026-10-04T04:32:44.365495+00:00", "alarm_id": 1, "attempts": 0, "created_at": "2026-10-04T04:32:44.365495+00:00", "last_error": null, "updated_at": "2026-10-04T04:32:44.365495+00:00", "lease_owner": null, "leased_until": null, "recipient_open_id": null}, {"id": 2, "status": "pending", "next_at": "2026-10-04T04:32:44.373547+00:00", "alarm_id": 2, "attempts": 0, "created_at": "2026-10-04T04:32:44.373547+00:00", "last_error": null, "updated_at": "2026-10-04T04:32:44.373547+00:00", "lease_owner": null, "leased_until": null, "recipient_open_id": null}], "shadows": [{"ts": "2026-10-04T04:31:44.373515+00:00", "last": {"temperature": 25}, "signal": null, "pond_id": 9403, "device_no": "v2-hidden", "tenant_id": 9401, "product_id": 1, "timestamps": {"temperature": "2026-10-04T04:31:44.373515572Z"}, "model_version": 1}, {"ts": "2026-10-04T04:31:44.365467+00:00", "last": {"temperature": 25}, "signal": null, "pond_id": 9401, "device_no": "v2-permission", "tenant_id": 9401, "product_id": 1, "timestamps": {"temperature": "2026-10-04T04:31:44.365467728Z"}, "model_version": 1}], "telemetry": [{"ts": "2026-10-04T04:31:44.365467+00:00", "pond_id": 9401, "device_no": "v2-permission", "tenant_id": 9401, "product_id": 1, "properties": {"temperature": 25}, "model_version": 1}, {"ts": "2026-10-04T04:31:44.373515+00:00", "pond_id": 9403, "device_no": "v2-hidden", "tenant_id": 9401, "product_id": 1, "properties": {"temperature": 25}, "model_version": 1}], "sensor_data": [{"ph": null, "ts": "2026-10-04T04:31:44.365467+00:00", "signal": null, "battery": null, "pond_id": 9401, "salinity": null, "device_no": "v2-permission", "tenant_id": 9401, "turbidity": null, "temperature": 25, "dissolved_oxygen": null}, {"ph": null, "ts": "2026-10-04T04:31:44.373515+00:00", "signal": null, "battery": null, "pond_id": 9403, "salinity": null, "device_no": "v2-hidden", "tenant_id": 9401, "turbidity": null, "temperature": 25, "dissolved_oxygen": null}]} after={"alarms": [{"id": 1, "level": "warning", "metric": "temperature", "message": "temperature 高于阈值 20", "pond_id": 9401, "device_no": "v2-permission", "threshold": 20, "created_at": "2026-10-04T04:31:44.365467+00:00", "product_id": 1, "confirmed_at": "2026-10-04T04:32:44.380555+00:00", "current_value": 25}, {"id": 2, "level": "warning", "metric": "temperature", "message": "temperature 高于阈值 20", "pond_id": 9403, "device_no": "v2-hidden", "threshold": 20, "created_at": "2026-10-04T04:31:44.373515+00:00", "product_id": 1, "confirmed_at": "2026-10-04T04:32:44.380555+00:00", "current_value": 25}], "outbox": [{"id": 1, "status": "pending", "next_at": "2026-10-04T04:32:44.365495+00:00", "alarm_id": 1, "attempts": 0, "created_at": "2026-10-04T04:32:44.365495+00:00", "last_error": null, "updated_at": "2026-10-04T04:32:44.365495+00:00", "lease_owner": null, "leased_until": null, "recipient_open_id": null}, {"id": 2, "status": "pending", "next_at": "2026-10-04T04:32:44.373547+00:00", "alarm_id": 2, "attempts": 0, "created_at": "2026-10-04T04:32:44.373547+00:00", "last_error": null, "updated_at": "2026-10-04T04:32:44.373547+00:00", "lease_owner": null, "leased_until": null, "recipient_open_id": null}], "shadows": [{"ts": "2026-10-04T04:31:44.373515+00:00", "last": {"temperature": 25}, "signal": null, "pond_id": 9403, "device_no": "v2-hidden", "tenant_id": 9401, "product_id": 1, "timestamps": {"temperature": "2026-10-04T04:31:44.373515572Z"}, "model_version": 1}, {"ts": "2026-10-04T04:31:44.365467+00:00", "last": {"temperature": 25}, "signal": null, "pond_id": 9401, "device_no": "v2-permission", "tenant_id": 9401, "product_id": 1, "timestamps": {"temperature": "2026-10-04T04:31:44.365467728Z"}, "model_version": 1}], "telemetry": [{"ts": "2026-10-04T04:31:44.365467+00:00", "pond_id": 9401, "device_no": "v2-permission", "tenant_id": 9401, "product_id": 1, "properties": {"temperature": 25}, "model_version": 1}, {"ts": "2026-10-04T04:31:44.373515+00:00", "pond_id": 9403, "device_no": "v2-hidden", "tenant_id": 9401, "product_id": 1, "properties": {"temperature": 25}, "model_version": 1}], "sensor_data": [{"ph": null, "ts": "2026-10-04T04:31:44.365467+00:00", "signal": null, "battery": null, "pond_id": 9401, "salinity": null, "device_no": "v2-permission", "tenant_id": 9401, "turbidity": null, "temperature": 25, "dissolved_oxygen": null}, {"ph": null, "ts": "2026-10-04T04:31:44.373515+00:00", "signal": null, "battery": null, "pond_id": 9403, "salinity": null, "device_no": "v2-hidden", "tenant_id": 9401, "turbidity": null, "temperature": 25, "dissolved_oxygen": null}]}
--- PASS: TestAppAlarmBatchConfirmAllowsTenantManagerWithoutFarmAssignment (0.69s)
    --- PASS: TestAppAlarmBatchConfirmAllowsTenantManagerWithoutFarmAssignment/owner (0.35s)
    --- PASS: TestAppAlarmBatchConfirmAllowsTenantManagerWithoutFarmAssignment/admin (0.35s)
=== RUN   TestM6bStoredPlatformMembershipFailsClosed
[GIN-debug] [WARNING] Running in "debug" mode. Switch to "release" mode in production.
 - using env:	export GIN_MODE=release
 - using code:	gin.SetMode(gin.ReleaseMode)

[GIN-debug] POST   /admin/v1/login           --> git.hyhy.fun/rsplab/iolink/internal/adminapi.(*Server).login-fm (2 handlers)
[GIN-debug] GET    /admin/v1/tenants         --> git.hyhy.fun/rsplab/iolink/internal/adminapi.(*Server).listTenants-fm (3 handlers)
[GIN-debug] PUT    /admin/v1/tenants/:id/status --> git.hyhy.fun/rsplab/iolink/internal/adminapi.(*Server).setTenantStatus-fm (3 handlers)
[GIN-debug] GET    /admin/v1/tenants/:id/members --> git.hyhy.fun/rsplab/iolink/internal/adminapi.(*Server).listTenantMembers-fm (3 handlers)
[GIN-debug] PUT    /admin/v1/tenants/:id/members/:user_id --> git.hyhy.fun/rsplab/iolink/internal/adminapi.(*Server).setTenantMember-fm (3 handlers)
[GIN-debug] POST   /admin/v1/password        --> git.hyhy.fun/rsplab/iolink/internal/adminapi.(*Server).changePassword-fm (3 handlers)
[GIN-debug] GET    /admin/v1/farms           --> git.hyhy.fun/rsplab/iolink/internal/adminapi.(*Server).listFarms-fm (4 handlers)
[GIN-debug] POST   /admin/v1/farms           --> git.hyhy.fun/rsplab/iolink/internal/adminapi.(*Server).createFarm-fm (4 handlers)
[GIN-debug] GET    /admin/v1/users           --> git.hyhy.fun/rsplab/iolink/internal/adminapi.(*Server).listUsers-fm (4 handlers)
[GIN-debug] PUT    /admin/v1/farms/:id       --> git.hyhy.fun/rsplab/iolink/internal/adminapi.(*Server).updateFarm-fm (4 handlers)
[GIN-debug] DELETE /admin/v1/farms/:id       --> git.hyhy.fun/rsplab/iolink/internal/adminapi.(*Server).deleteFarm-fm (4 handlers)
[GIN-debug] PUT    /admin/v1/farms/:id/owner --> git.hyhy.fun/rsplab/iolink/internal/adminapi.(*Server).setFarmOwner-fm (4 handlers)
[GIN-debug] GET    /admin/v1/farms/:id/members --> git.hyhy.fun/rsplab/iolink/internal/adminapi.(*Server).listFarmMembers-fm (4 handlers)
[GIN-debug] PUT    /admin/v1/farms/:id/members/:user_id --> git.hyhy.fun/rsplab/iolink/internal/adminapi.(*Server).setFarmMember-fm (4 handlers)
[GIN-debug] GET    /admin/v1/ponds           --> git.hyhy.fun/rsplab/iolink/internal/adminapi.(*Server).listPonds-fm (4 handlers)
[GIN-debug] POST   /admin/v1/ponds           --> git.hyhy.fun/rsplab/iolink/internal/adminapi.(*Server).createPond-fm (4 handlers)
[GIN-debug] PUT    /admin/v1/ponds/:id       --> git.hyhy.fun/rsplab/iolink/internal/adminapi.(*Server).updatePond-fm (4 handlers)
[GIN-debug] DELETE /admin/v1/ponds/:id       --> git.hyhy.fun/rsplab/iolink/internal/adminapi.(*Server).deletePond-fm (4 handlers)
[GIN-debug] GET    /admin/v1/devices         --> git.hyhy.fun/rsplab/iolink/internal/adminapi.(*Server).listDevices-fm (4 handlers)
[GIN-debug] POST   /admin/v1/devices         --> git.hyhy.fun/rsplab/iolink/internal/adminapi.(*Server).registerDevice-fm (4 handlers)
[GIN-debug] GET    /admin/v1/devices/:device_no --> git.hyhy.fun/rsplab/iolink/internal/adminapi.(*Server).getDevice-fm (4 handlers)
[GIN-debug] DELETE /admin/v1/devices/:device_no --> git.hyhy.fun/rsplab/iolink/internal/adminapi.(*Server).deleteDevice-fm (4 handlers)
[GIN-debug] PUT    /admin/v1/devices/:device_no/pond --> git.hyhy.fun/rsplab/iolink/internal/adminapi.(*Server).moveDevice-fm (4 handlers)
[GIN-debug] GET    /admin/v1/alarm-rules     --> git.hyhy.fun/rsplab/iolink/internal/adminapi.(*Server).listRules-fm (4 handlers)
[GIN-debug] POST   /admin/v1/alarm-rules     --> git.hyhy.fun/rsplab/iolink/internal/adminapi.(*Server).createRule-fm (4 handlers)
[GIN-debug] PUT    /admin/v1/alarm-rules/:id --> git.hyhy.fun/rsplab/iolink/internal/adminapi.(*Server).updateRule-fm (4 handlers)
[GIN-debug] DELETE /admin/v1/alarm-rules/:id --> git.hyhy.fun/rsplab/iolink/internal/adminapi.(*Server).deleteRule-fm (4 handlers)
[GIN-debug] GET    /admin/v1/alarms          --> git.hyhy.fun/rsplab/iolink/internal/adminapi.(*Server).listAlarms-fm (4 handlers)
[GIN-debug] POST   /admin/v1/alarms/:id/confirm --> git.hyhy.fun/rsplab/iolink/internal/adminapi.(*Server).confirmAlarm-fm (4 handlers)
[GIN-debug] POST   /admin/v1/alarms/batch-confirm --> git.hyhy.fun/rsplab/iolink/internal/adminapi.(*Server).batchConfirm-fm (4 handlers)
[GIN-debug] GET    /admin/v1/stats           --> git.hyhy.fun/rsplab/iolink/internal/adminapi.(*Server).stats-fm (4 handlers)
[GIN-debug] GET    /admin/v1/products        --> git.hyhy.fun/rsplab/iolink/internal/adminapi.(*Server).listProducts-fm (4 handlers)
[GIN-debug] POST   /admin/v1/products        --> git.hyhy.fun/rsplab/iolink/internal/adminapi.(*Server).createProduct-fm (4 handlers)
[GIN-debug] GET    /admin/v1/products/:product_id/models --> git.hyhy.fun/rsplab/iolink/internal/adminapi.(*Server).listProductModels-fm (4 handlers)
[GIN-debug] POST   /admin/v1/products/:product_id/models --> git.hyhy.fun/rsplab/iolink/internal/adminapi.(*Server).createProductModel-fm (4 handlers)
[GIN-debug] POST   /admin/v1/products/:product_id/models/:version/publish --> git.hyhy.fun/rsplab/iolink/internal/adminapi.(*Server).publishProductModel-fm (4 handlers)
[GIN-debug] GET    /admin/v1/devices/:device_no/product --> git.hyhy.fun/rsplab/iolink/internal/adminapi.(*Server).getDeviceProduct-fm (4 handlers)
[GIN-debug] PUT    /admin/v1/devices/:device_no/product --> git.hyhy.fun/rsplab/iolink/internal/adminapi.(*Server).assignDeviceProduct-fm (4 handlers)
=== RUN   TestM6bStoredPlatformMembershipFailsClosed/owner
    platform_membership_test.go:76: ADMIN stored role=owner old token=401 fresh login business read=403
=== RUN   TestM6bStoredPlatformMembershipFailsClosed/admin
    platform_membership_test.go:76: ADMIN stored role=admin old token=401 fresh login business read=403
=== RUN   TestM6bStoredPlatformMembershipFailsClosed/member
    platform_membership_test.go:76: ADMIN stored role=member old token=401 fresh login business read=403
=== RUN   TestM6bStoredPlatformMembershipFailsClosed/viewer
    platform_membership_test.go:76: ADMIN stored role=viewer old token=401 fresh login business read=403
=== RUN   TestM6bStoredPlatformMembershipFailsClosed/owner_assignment_scoped_false
=== RUN   TestM6bStoredPlatformMembershipFailsClosed/owner_assignment_scoped_true
--- PASS: TestM6bStoredPlatformMembershipFailsClosed (1.07s)
    --- PASS: TestM6bStoredPlatformMembershipFailsClosed/owner (0.17s)
    --- PASS: TestM6bStoredPlatformMembershipFailsClosed/admin (0.14s)
    --- PASS: TestM6bStoredPlatformMembershipFailsClosed/member (0.14s)
    --- PASS: TestM6bStoredPlatformMembershipFailsClosed/viewer (0.14s)
    --- PASS: TestM6bStoredPlatformMembershipFailsClosed/owner_assignment_scoped_false (0.00s)
    --- PASS: TestM6bStoredPlatformMembershipFailsClosed/owner_assignment_scoped_true (0.00s)
=== RUN   TestAppResourceHTTPWhenRoleDeterminesFarmScope
=== RUN   TestAppResourceHTTPWhenRoleDeterminesFarmScope/owner
    app_resource_scope_http_test.go:72: environment real_timescaledb=2.30.0
[GIN-debug] [WARNING] Running in "debug" mode. Switch to "release" mode in production.
 - using env:	export GIN_MODE=release
 - using code:	gin.SetMode(gin.ReleaseMode)

[GIN-debug] POST   /api/v1/auth/login        --> git.hyhy.fun/rsplab/iolink/internal/appapi.(*Server).login-fm (3 handlers)
[GIN-debug] GET    /api/v1/auth/tenants      --> git.hyhy.fun/rsplab/iolink/internal/appapi.(*Server).listTenants-fm (4 handlers)
[GIN-debug] POST   /api/v1/auth/tenant       --> git.hyhy.fun/rsplab/iolink/internal/appapi.(*Server).switchTenant-fm (4 handlers)
[GIN-debug] GET    /api/v1/ponds             --> git.hyhy.fun/rsplab/iolink/internal/appapi.(*Server).listPonds-fm (4 handlers)
[GIN-debug] GET    /api/v1/ponds/:id         --> git.hyhy.fun/rsplab/iolink/internal/appapi.(*Server).getPond-fm (4 handlers)
[GIN-debug] GET    /api/v1/devices           --> git.hyhy.fun/rsplab/iolink/internal/appapi.(*Server).listDevices-fm (4 handlers)
[GIN-debug] GET    /api/v1/devices/:device_no --> git.hyhy.fun/rsplab/iolink/internal/appapi.(*Server).getDevice-fm (4 handlers)
[GIN-debug] GET    /api/v1/water/latest      --> git.hyhy.fun/rsplab/iolink/internal/appapi.(*Server).waterLatest-fm (4 handlers)
[GIN-debug] GET    /api/v1/water/history     --> git.hyhy.fun/rsplab/iolink/internal/appapi.(*Server).waterHistory-fm (4 handlers)
[GIN-debug] GET    /api/v1/alarms            --> git.hyhy.fun/rsplab/iolink/internal/appapi.(*Server).listAlarms-fm (4 handlers)
[GIN-debug] GET    /api/v1/stats/summary     --> git.hyhy.fun/rsplab/iolink/internal/appapi.(*Server).statsSummary-fm (4 handlers)
[GIN-debug] POST   /api/v1/alarms/:id/confirm --> git.hyhy.fun/rsplab/iolink/internal/appapi.(*Server).confirmAlarm-fm (4 handlers)
[GIN-debug] POST   /api/v2/devices/:device_no/telemetry --> git.hyhy.fun/rsplab/iolink/internal/appapi.(*Server).submitTelemetryV2-fm (4 handlers)
[GIN-debug] GET    /api/v2/devices/:device_no/model/latest --> git.hyhy.fun/rsplab/iolink/internal/appapi.(*Server).modelLatestV2-fm (4 handlers)
[GIN-debug] GET    /api/v2/devices/:device_no/history --> git.hyhy.fun/rsplab/iolink/internal/appapi.(*Server).telemetryHistoryV2-fm (4 handlers)
[GIN] 2026/10/04 - 12:32:45 | 200 |    3.573183ms |       127.0.0.1 | POST     "/api/v1/auth/login"
[GIN] 2026/10/04 - 12:32:45 | 200 |    2.235693ms |       127.0.0.1 | POST     "/api/v1/auth/tenant"
=== RUN   TestAppResourceHTTPWhenRoleDeterminesFarmScope/owner//api/v1/ponds
[GIN] 2026/10/04 - 12:32:45 | 200 |     6.29389ms |       127.0.0.1 | GET      "/api/v1/ponds"
    app_resource_scope_http_test.go:89: http method=GET path=/api/v1/ponds status=200 response=[{"device_count":1,"latest":{"device_no":"v2-permission","dissolved_oxygen":null,"ph":null,"pond_id":9401,"report_interval":60,"salinity":null,"signal":null,"temperature":25,"timestamps":{"dissolved_oxygen":null,"ph":null,"salinity":null,"signal":null,"temperature":"2026-10-04T04:31:45.782436593Z","turbidity":null},"ts":"2026-10-04T12:31:45.782436+08:00","turbidity":null},"pond_id":9401,"pond_name":"v2-pond","status":"warning"},{"device_count":1,"latest":{"device_no":"v2-hidden","dissolved_oxygen":null,"ph":null,"pond_id":9403,"report_interval":60,"salinity":null,"signal":null,"temperature":25,"timestamps":{"dissolved_oxygen":null,"ph":null,"salinity":null,"signal":null,"temperature":"2026-10-04T04:31:45.791183987Z","turbidity":null},"ts":"2026-10-04T12:31:45.791183+08:00","turbidity":null},"pond_id":9403,"pond_name":"hidden","status":"warning"}]
=== RUN   TestAppResourceHTTPWhenRoleDeterminesFarmScope/owner//api/v1/devices
[GIN] 2026/10/04 - 12:32:45 | 200 |    1.947649ms |       127.0.0.1 | GET      "/api/v1/devices"
    app_resource_scope_http_test.go:89: http method=GET path=/api/v1/devices status=200 response=[{"created_at":"2026-10-04T12:32:45.773716+08:00","device_no":"v2-permission","disabled_at":null,"id":1,"last_seen_at":null,"model":"","name":"","pond_id":9401,"report_interval":60,"status":"offline"},{"created_at":"2026-10-04T12:32:45.773716+08:00","device_no":"v2-hidden","disabled_at":null,"id":3,"last_seen_at":null,"model":"","name":"","pond_id":9403,"report_interval":60,"status":"offline"}]
=== RUN   TestAppResourceHTTPWhenRoleDeterminesFarmScope/owner//api/v1/alarms
[GIN] 2026/10/04 - 12:32:45 | 200 |    1.988236ms |       127.0.0.1 | GET      "/api/v1/alarms"
    app_resource_scope_http_test.go:89: http method=GET path=/api/v1/alarms status=200 response=[{"confirmed_at":null,"created_at":"2026-10-04T12:31:45.791183+08:00","current_value":25,"device_no":"v2-hidden","id":2,"level":"warning","message":"temperature 高于阈值 20","metric":"temperature","pond_id":9403,"threshold":20},{"confirmed_at":null,"created_at":"2026-10-04T12:31:45.782436+08:00","current_value":25,"device_no":"v2-permission","id":1,"level":"warning","message":"temperature 高于阈值 20","metric":"temperature","pond_id":9401,"threshold":20}]
=== RUN   TestAppResourceHTTPWhenRoleDeterminesFarmScope/owner/stats
[GIN] 2026/10/04 - 12:32:45 | 200 |    2.597334ms |       127.0.0.1 | GET      "/api/v1/stats/summary"
    app_resource_scope_http_test.go:98: http method=GET path=/api/v1/stats/summary status=200 response={"alarm_devices":2,"offline_devices":2,"online_devices":0,"ponds":[{"pond_id":9401,"pond_name":"v2-pond","status":"warning"},{"pond_id":9403,"pond_name":"hidden","status":"warning"}]}
=== RUN   TestAppResourceHTTPWhenRoleDeterminesFarmScope/owner//api/v1/ponds/9401
[GIN] 2026/10/04 - 12:32:45 | 200 |    3.413121ms |       127.0.0.1 | GET      "/api/v1/ponds/9401"
    app_resource_scope_http_test.go:127: http method=GET path=/api/v1/ponds/9401 status=200 response={"device_count":1,"latest":{"device_no":"v2-permission","dissolved_oxygen":null,"ph":null,"pond_id":9401,"report_interval":60,"salinity":null,"signal":null,"temperature":25,"timestamps":{"dissolved_oxygen":null,"ph":null,"salinity":null,"signal":null,"temperature":"2026-10-04T04:31:45.782436593Z","turbidity":null},"ts":"2026-10-04T12:31:45.782436+08:00","turbidity":null},"pond_id":9401,"pond_name":"v2-pond","status":"warning"}
=== RUN   TestAppResourceHTTPWhenRoleDeterminesFarmScope/owner//api/v1/devices?pond_id=9401
[GIN] 2026/10/04 - 12:32:45 | 200 |    1.324826ms |       127.0.0.1 | GET      "/api/v1/devices?pond_id=9401"
    app_resource_scope_http_test.go:127: http method=GET path=/api/v1/devices?pond_id=9401 status=200 response=[{"created_at":"2026-10-04T12:32:45.773716+08:00","device_no":"v2-permission","disabled_at":null,"id":1,"last_seen_at":null,"model":"","name":"","pond_id":9401,"report_interval":60,"status":"offline"}]
=== RUN   TestAppResourceHTTPWhenRoleDeterminesFarmScope/owner//api/v1/devices/v2-permission
[GIN] 2026/10/04 - 12:32:45 | 200 |    2.581144ms |       127.0.0.1 | GET      "/api/v1/devices/v2-permission"
    app_resource_scope_http_test.go:127: http method=GET path=/api/v1/devices/v2-permission status=200 response={"created_at":"2026-10-04T12:32:45.773716+08:00","device_no":"v2-permission","disabled_at":null,"id":1,"last_seen_at":null,"latest":{"device_no":"v2-permission","dissolved_oxygen":null,"ph":null,"pond_id":9401,"report_interval":60,"salinity":null,"signal":null,"temperature":25,"timestamps":{"dissolved_oxygen":null,"ph":null,"salinity":null,"signal":null,"temperature":"2026-10-04T04:31:45.782436593Z","turbidity":null},"ts":"2026-10-04T12:31:45.782436+08:00","turbidity":null},"model":"","name":"","pond_id":9401,"report_interval":60,"status":"offline"}
=== RUN   TestAppResourceHTTPWhenRoleDeterminesFarmScope/owner//api/v1/water/latest?device_no=v2-permission
[GIN] 2026/10/04 - 12:32:45 | 200 |    2.252785ms |       127.0.0.1 | GET      "/api/v1/water/latest?device_no=v2-permission"
    app_resource_scope_http_test.go:127: http method=GET path=/api/v1/water/latest?device_no=v2-permission status=200 response={"device_no":"v2-permission","dissolved_oxygen":null,"ph":null,"pond_id":9401,"report_interval":60,"salinity":null,"signal":null,"temperature":25,"timestamps":{"dissolved_oxygen":null,"ph":null,"salinity":null,"signal":null,"temperature":"2026-10-04T04:31:45.782436593Z","turbidity":null},"ts":"2026-10-04T12:31:45.782436+08:00","turbidity":null}
=== RUN   TestAppResourceHTTPWhenRoleDeterminesFarmScope/owner//api/v1/water/history?device_no=v2-permission&metric=temperature&range=30d
[GIN] 2026/10/04 - 12:32:45 | 200 |    3.077369ms |       127.0.0.1 | GET      "/api/v1/water/history?device_no=v2-permission&metric=temperature&range=30d"
    app_resource_scope_http_test.go:127: http method=GET path=/api/v1/water/history?device_no=v2-permission&metric=temperature&range=30d status=200 response={"metric":"temperature","points":[{"ts":"2026-10-04T08:56:45.830777+08:00","value":25}],"unit":"℃"}
=== RUN   TestAppResourceHTTPWhenRoleDeterminesFarmScope/owner//api/v2/devices/v2-permission/model/latest
[GIN] 2026/10/04 - 12:32:45 | 200 |    2.034293ms |       127.0.0.1 | GET      "/api/v2/devices/v2-permission/model/latest"
    app_resource_scope_http_test.go:127: http method=GET path=/api/v2/devices/v2-permission/model/latest status=200 response={"device_no":"v2-permission","product_id":1,"model_version":1,"fields":[{"identifier":"temperature","type":"number","unit":"℃","minimum":null,"maximum":null,"enum_values":null,"readable":true,"writable":false,"nullable":true},{"identifier":"dissolved_oxygen","type":"number","unit":"mg/L","minimum":null,"maximum":null,"enum_values":null,"readable":true,"writable":false,"nullable":true},{"identifier":"ph","type":"number","unit":"","minimum":null,"maximum":null,"enum_values":null,"readable":true,"writable":false,"nullable":true},{"identifier":"turbidity","type":"number","unit":"NTU","minimum":null,"maximum":null,"enum_values":null,"readable":true,"writable":false,"nullable":true},{"identifier":"salinity","type":"number","unit":"ppt","minimum":null,"maximum":null,"enum_values":null,"readable":true,"writable":false,"nullable":true}],"ts":"2026-10-04T12:31:45.782436+08:00","properties":{"temperature":25}}
=== RUN   TestAppResourceHTTPWhenRoleDeterminesFarmScope/owner//api/v2/devices/v2-permission/history?metric=temperature
[GIN] 2026/10/04 - 12:32:45 | 200 |    5.154613ms |       127.0.0.1 | GET      "/api/v2/devices/v2-permission/history?metric=temperature"
    app_resource_scope_http_test.go:127: http method=GET path=/api/v2/devices/v2-permission/history?metric=temperature status=200 response={"device_no":"v2-permission","metric":"temperature","points":[{"ts":"2026-10-04T12:31:45.782436+08:00","value":25,"model_version":1,"unit":"℃"}],"unit":"℃"}
=== RUN   TestAppResourceHTTPWhenRoleDeterminesFarmScope/owner//api/v1/ponds/9403
[GIN] 2026/10/04 - 12:32:45 | 200 |    3.195752ms |       127.0.0.1 | GET      "/api/v1/ponds/9403"
    app_resource_scope_http_test.go:127: http method=GET path=/api/v1/ponds/9403 status=200 response={"device_count":1,"latest":{"device_no":"v2-hidden","dissolved_oxygen":null,"ph":null,"pond_id":9403,"report_interval":60,"salinity":null,"signal":null,"temperature":25,"timestamps":{"dissolved_oxygen":null,"ph":null,"salinity":null,"signal":null,"temperature":"2026-10-04T04:31:45.791183987Z","turbidity":null},"ts":"2026-10-04T12:31:45.791183+08:00","turbidity":null},"pond_id":9403,"pond_name":"hidden","status":"warning"}
=== RUN   TestAppResourceHTTPWhenRoleDeterminesFarmScope/owner//api/v1/devices?pond_id=9403
[GIN] 2026/10/04 - 12:32:45 | 200 |    1.396942ms |       127.0.0.1 | GET      "/api/v1/devices?pond_id=9403"
    app_resource_scope_http_test.go:127: http method=GET path=/api/v1/devices?pond_id=9403 status=200 response=[{"created_at":"2026-10-04T12:32:45.773716+08:00","device_no":"v2-hidden","disabled_at":null,"id":3,"last_seen_at":null,"model":"","name":"","pond_id":9403,"report_interval":60,"status":"offline"}]
=== RUN   TestAppResourceHTTPWhenRoleDeterminesFarmScope/owner//api/v1/devices/v2-hidden
[GIN] 2026/10/04 - 12:32:45 | 200 |    1.707898ms |       127.0.0.1 | GET      "/api/v1/devices/v2-hidden"
    app_resource_scope_http_test.go:127: http method=GET path=/api/v1/devices/v2-hidden status=200 response={"created_at":"2026-10-04T12:32:45.773716+08:00","device_no":"v2-hidden","disabled_at":null,"id":3,"last_seen_at":null,"latest":{"device_no":"v2-hidden","dissolved_oxygen":null,"ph":null,"pond_id":9403,"report_interval":60,"salinity":null,"signal":null,"temperature":25,"timestamps":{"dissolved_oxygen":null,"ph":null,"salinity":null,"signal":null,"temperature":"2026-10-04T04:31:45.791183987Z","turbidity":null},"ts":"2026-10-04T12:31:45.791183+08:00","turbidity":null},"model":"","name":"","pond_id":9403,"report_interval":60,"status":"offline"}
=== RUN   TestAppResourceHTTPWhenRoleDeterminesFarmScope/owner//api/v1/water/latest?device_no=v2-hidden
[GIN] 2026/10/04 - 12:32:45 | 200 |    1.629801ms |       127.0.0.1 | GET      "/api/v1/water/latest?device_no=v2-hidden"
    app_resource_scope_http_test.go:127: http method=GET path=/api/v1/water/latest?device_no=v2-hidden status=200 response={"device_no":"v2-hidden","dissolved_oxygen":null,"ph":null,"pond_id":9403,"report_interval":60,"salinity":null,"signal":null,"temperature":25,"timestamps":{"dissolved_oxygen":null,"ph":null,"salinity":null,"signal":null,"temperature":"2026-10-04T04:31:45.791183987Z","turbidity":null},"ts":"2026-10-04T12:31:45.791183+08:00","turbidity":null}
=== RUN   TestAppResourceHTTPWhenRoleDeterminesFarmScope/owner//api/v1/water/history?device_no=v2-hidden&metric=temperature&range=30d
[GIN] 2026/10/04 - 12:32:45 | 200 |    2.567568ms |       127.0.0.1 | GET      "/api/v1/water/history?device_no=v2-hidden&metric=temperature&range=30d"
    app_resource_scope_http_test.go:127: http method=GET path=/api/v1/water/history?device_no=v2-hidden&metric=temperature&range=30d status=200 response={"metric":"temperature","points":[{"ts":"2026-10-04T08:56:45.851453+08:00","value":25}],"unit":"℃"}
=== RUN   TestAppResourceHTTPWhenRoleDeterminesFarmScope/owner//api/v2/devices/v2-hidden/model/latest
[GIN] 2026/10/04 - 12:32:45 | 200 |    1.763713ms |       127.0.0.1 | GET      "/api/v2/devices/v2-hidden/model/latest"
    app_resource_scope_http_test.go:127: http method=GET path=/api/v2/devices/v2-hidden/model/latest status=200 response={"device_no":"v2-hidden","product_id":1,"model_version":1,"fields":[{"identifier":"temperature","type":"number","unit":"℃","minimum":null,"maximum":null,"enum_values":null,"readable":true,"writable":false,"nullable":true},{"identifier":"dissolved_oxygen","type":"number","unit":"mg/L","minimum":null,"maximum":null,"enum_values":null,"readable":true,"writable":false,"nullable":true},{"identifier":"ph","type":"number","unit":"","minimum":null,"maximum":null,"enum_values":null,"readable":true,"writable":false,"nullable":true},{"identifier":"turbidity","type":"number","unit":"NTU","minimum":null,"maximum":null,"enum_values":null,"readable":true,"writable":false,"nullable":true},{"identifier":"salinity","type":"number","unit":"ppt","minimum":null,"maximum":null,"enum_values":null,"readable":true,"writable":false,"nullable":true}],"ts":"2026-10-04T12:31:45.791183+08:00","properties":{"temperature":25}}
=== RUN   TestAppResourceHTTPWhenRoleDeterminesFarmScope/owner//api/v2/devices/v2-hidden/history?metric=temperature
[GIN] 2026/10/04 - 12:32:45 | 200 |    3.425785ms |       127.0.0.1 | GET      "/api/v2/devices/v2-hidden/history?metric=temperature"
    app_resource_scope_http_test.go:127: http method=GET path=/api/v2/devices/v2-hidden/history?metric=temperature status=200 response={"device_no":"v2-hidden","metric":"temperature","points":[{"ts":"2026-10-04T12:31:45.791183+08:00","value":25,"model_version":1,"unit":"℃"}],"unit":"℃"}
=== RUN   TestAppResourceHTTPWhenRoleDeterminesFarmScope/owner//api/v1/ponds/9402
[GIN] 2026/10/04 - 12:32:45 | 404 |    1.173571ms |       127.0.0.1 | GET      "/api/v1/ponds/9402"
    app_resource_scope_http_test.go:127: http method=GET path=/api/v1/ponds/9402 status=404 response={"error":"pond not found"}
=== RUN   TestAppResourceHTTPWhenRoleDeterminesFarmScope/owner//api/v1/devices?pond_id=9402
[GIN] 2026/10/04 - 12:32:45 | 404 |    1.235909ms |       127.0.0.1 | GET      "/api/v1/devices?pond_id=9402"
    app_resource_scope_http_test.go:127: http method=GET path=/api/v1/devices?pond_id=9402 status=404 response={"error":"pond not found"}
=== RUN   TestAppResourceHTTPWhenRoleDeterminesFarmScope/owner//api/v1/devices/v2-foreign
[GIN] 2026/10/04 - 12:32:45 | 404 |     789.238µs |       127.0.0.1 | GET      "/api/v1/devices/v2-foreign"
    app_resource_scope_http_test.go:127: http method=GET path=/api/v1/devices/v2-foreign status=404 response={"error":"device not found"}
=== RUN   TestAppResourceHTTPWhenRoleDeterminesFarmScope/owner//api/v1/water/latest?device_no=v2-foreign
[GIN] 2026/10/04 - 12:32:45 | 404 |     707.904µs |       127.0.0.1 | GET      "/api/v1/water/latest?device_no=v2-foreign"
    app_resource_scope_http_test.go:127: http method=GET path=/api/v1/water/latest?device_no=v2-foreign status=404 response={"error":"no data"}
=== RUN   TestAppResourceHTTPWhenRoleDeterminesFarmScope/owner//api/v1/water/history?device_no=v2-foreign&metric=temperature&range=30d
[GIN] 2026/10/04 - 12:32:45 | 404 |    1.737985ms |       127.0.0.1 | GET      "/api/v1/water/history?device_no=v2-foreign&metric=temperature&range=30d"
    app_resource_scope_http_test.go:127: http method=GET path=/api/v1/water/history?device_no=v2-foreign&metric=temperature&range=30d status=404 response={"error":"device not found"}
=== RUN   TestAppResourceHTTPWhenRoleDeterminesFarmScope/owner//api/v2/devices/v2-foreign/model/latest
[GIN] 2026/10/04 - 12:32:45 | 404 |    1.481692ms |       127.0.0.1 | GET      "/api/v2/devices/v2-foreign/model/latest"
    app_resource_scope_http_test.go:127: http method=GET path=/api/v2/devices/v2-foreign/model/latest status=404 response={"error":"not_found"}
=== RUN   TestAppResourceHTTPWhenRoleDeterminesFarmScope/owner//api/v2/devices/v2-foreign/history?metric=temperature
[GIN] 2026/10/04 - 12:32:45 | 404 |    1.722146ms |       127.0.0.1 | GET      "/api/v2/devices/v2-foreign/history?metric=temperature"
    app_resource_scope_http_test.go:127: http method=GET path=/api/v2/devices/v2-foreign/history?metric=temperature status=404 response={"error":"not_found"}
[GIN] 2026/10/04 - 12:32:45 | 204 |    2.498688ms |       127.0.0.1 | POST     "/api/v1/alarms/2/confirm"
=== NAME  TestAppResourceHTTPWhenRoleDeterminesFarmScope/owner
    app_resource_scope_http_test.go:149: http method=POST path=/api/v1/alarms/2/confirm status=204 response=
    app_resource_scope_http_test.go:158: scenario=owner_hidden_alarm_confirm before={"alarms": [{"id": 1, "level": "warning", "metric": "temperature", "message": "temperature 高于阈值 20", "pond_id": 9401, "device_no": "v2-permission", "threshold": 20, "created_at": "2026-10-04T04:31:45.782436+00:00", "product_id": 1, "confirmed_at": null, "current_value": 25}, {"id": 2, "level": "warning", "metric": "temperature", "message": "temperature 高于阈值 20", "pond_id": 9403, "device_no": "v2-hidden", "threshold": 20, "created_at": "2026-10-04T04:31:45.791183+00:00", "product_id": 1, "confirmed_at": null, "current_value": 25}], "outbox": [{"id": 1, "status": "pending", "next_at": "2026-10-04T04:32:45.782465+00:00", "alarm_id": 1, "attempts": 0, "created_at": "2026-10-04T04:32:45.782465+00:00", "last_error": null, "updated_at": "2026-10-04T04:32:45.782465+00:00", "lease_owner": null, "leased_until": null, "recipient_open_id": null}, {"id": 2, "status": "pending", "next_at": "2026-10-04T04:32:45.791216+00:00", "alarm_id": 2, "attempts": 0, "created_at": "2026-10-04T04:32:45.791216+00:00", "last_error": null, "updated_at": "2026-10-04T04:32:45.791216+00:00", "lease_owner": null, "leased_until": null, "recipient_open_id": null}], "shadows": [{"ts": "2026-10-04T04:31:45.791183+00:00", "last": {"temperature": 25}, "signal": null, "pond_id": 9403, "device_no": "v2-hidden", "tenant_id": 9401, "product_id": 1, "timestamps": {"temperature": "2026-10-04T04:31:45.791183987Z"}, "model_version": 1}, {"ts": "2026-10-04T04:31:45.782436+00:00", "last": {"temperature": 25}, "signal": null, "pond_id": 9401, "device_no": "v2-permission", "tenant_id": 9401, "product_id": 1, "timestamps": {"temperature": "2026-10-04T04:31:45.782436593Z"}, "model_version": 1}], "telemetry": [{"ts": "2026-10-04T04:31:45.782436+00:00", "pond_id": 9401, "device_no": "v2-permission", "tenant_id": 9401, "product_id": 1, "properties": {"temperature": 25}, "model_version": 1}, {"ts": "2026-10-04T04:31:45.791183+00:00", "pond_id": 9403, "device_no": "v2-hidden", "tenant_id": 9401, "product_id": 1, "properties": {"temperature": 25}, "model_version": 1}], "sensor_data": [{"ph": null, "ts": "2026-10-04T04:31:45.782436+00:00", "signal": null, "battery": null, "pond_id": 9401, "salinity": null, "device_no": "v2-permission", "tenant_id": 9401, "turbidity": null, "temperature": 25, "dissolved_oxygen": null}, {"ph": null, "ts": "2026-10-04T04:31:45.791183+00:00", "signal": null, "battery": null, "pond_id": 9403, "salinity": null, "device_no": "v2-hidden", "tenant_id": 9401, "turbidity": null, "temperature": 25, "dissolved_oxygen": null}]} after={"alarms": [{"id": 1, "level": "warning", "metric": "temperature", "message": "temperature 高于阈值 20", "pond_id": 9401, "device_no": "v2-permission", "threshold": 20, "created_at": "2026-10-04T04:31:45.782436+00:00", "product_id": 1, "confirmed_at": null, "current_value": 25}, {"id": 2, "level": "warning", "metric": "temperature", "message": "temperature 高于阈值 20", "pond_id": 9403, "device_no": "v2-hidden", "threshold": 20, "created_at": "2026-10-04T04:31:45.791183+00:00", "product_id": 1, "confirmed_at": "2026-10-04T04:32:45.872675+00:00", "current_value": 25}], "outbox": [{"id": 1, "status": "pending", "next_at": "2026-10-04T04:32:45.782465+00:00", "alarm_id": 1, "attempts": 0, "created_at": "2026-10-04T04:32:45.782465+00:00", "last_error": null, "updated_at": "2026-10-04T04:32:45.782465+00:00", "lease_owner": null, "leased_until": null, "recipient_open_id": null}, {"id": 2, "status": "pending", "next_at": "2026-10-04T04:32:45.791216+00:00", "alarm_id": 2, "attempts": 0, "created_at": "2026-10-04T04:32:45.791216+00:00", "last_error": null, "updated_at": "2026-10-04T04:32:45.791216+00:00", "lease_owner": null, "leased_until": null, "recipient_open_id": null}], "shadows": [{"ts": "2026-10-04T04:31:45.791183+00:00", "last": {"temperature": 25}, "signal": null, "pond_id": 9403, "device_no": "v2-hidden", "tenant_id": 9401, "product_id": 1, "timestamps": {"temperature": "2026-10-04T04:31:45.791183987Z"}, "model_version": 1}, {"ts": "2026-10-04T04:31:45.782436+00:00", "last": {"temperature": 25}, "signal": null, "pond_id": 9401, "device_no": "v2-permission", "tenant_id": 9401, "product_id": 1, "timestamps": {"temperature": "2026-10-04T04:31:45.782436593Z"}, "model_version": 1}], "telemetry": [{"ts": "2026-10-04T04:31:45.782436+00:00", "pond_id": 9401, "device_no": "v2-permission", "tenant_id": 9401, "product_id": 1, "properties": {"temperature": 25}, "model_version": 1}, {"ts": "2026-10-04T04:31:45.791183+00:00", "pond_id": 9403, "device_no": "v2-hidden", "tenant_id": 9401, "product_id": 1, "properties": {"temperature": 25}, "model_version": 1}], "sensor_data": [{"ph": null, "ts": "2026-10-04T04:31:45.782436+00:00", "signal": null, "battery": null, "pond_id": 9401, "salinity": null, "device_no": "v2-permission", "tenant_id": 9401, "turbidity": null, "temperature": 25, "dissolved_oxygen": null}, {"ph": null, "ts": "2026-10-04T04:31:45.791183+00:00", "signal": null, "battery": null, "pond_id": 9403, "salinity": null, "device_no": "v2-hidden", "tenant_id": 9401, "turbidity": null, "temperature": 25, "dissolved_oxygen": null}]}
=== RUN   TestAppResourceHTTPWhenRoleDeterminesFarmScope/admin
    app_resource_scope_http_test.go:72: environment real_timescaledb=2.30.0
[GIN-debug] [WARNING] Running in "debug" mode. Switch to "release" mode in production.
 - using env:	export GIN_MODE=release
 - using code:	gin.SetMode(gin.ReleaseMode)

[GIN-debug] POST   /api/v1/auth/login        --> git.hyhy.fun/rsplab/iolink/internal/appapi.(*Server).login-fm (3 handlers)
[GIN-debug] GET    /api/v1/auth/tenants      --> git.hyhy.fun/rsplab/iolink/internal/appapi.(*Server).listTenants-fm (4 handlers)
[GIN-debug] POST   /api/v1/auth/tenant       --> git.hyhy.fun/rsplab/iolink/internal/appapi.(*Server).switchTenant-fm (4 handlers)
[GIN-debug] GET    /api/v1/ponds             --> git.hyhy.fun/rsplab/iolink/internal/appapi.(*Server).listPonds-fm (4 handlers)
[GIN-debug] GET    /api/v1/ponds/:id         --> git.hyhy.fun/rsplab/iolink/internal/appapi.(*Server).getPond-fm (4 handlers)
[GIN-debug] GET    /api/v1/devices           --> git.hyhy.fun/rsplab/iolink/internal/appapi.(*Server).listDevices-fm (4 handlers)
[GIN-debug] GET    /api/v1/devices/:device_no --> git.hyhy.fun/rsplab/iolink/internal/appapi.(*Server).getDevice-fm (4 handlers)
[GIN-debug] GET    /api/v1/water/latest      --> git.hyhy.fun/rsplab/iolink/internal/appapi.(*Server).waterLatest-fm (4 handlers)
[GIN-debug] GET    /api/v1/water/history     --> git.hyhy.fun/rsplab/iolink/internal/appapi.(*Server).waterHistory-fm (4 handlers)
[GIN-debug] GET    /api/v1/alarms            --> git.hyhy.fun/rsplab/iolink/internal/appapi.(*Server).listAlarms-fm (4 handlers)
[GIN-debug] GET    /api/v1/stats/summary     --> git.hyhy.fun/rsplab/iolink/internal/appapi.(*Server).statsSummary-fm (4 handlers)
[GIN-debug] POST   /api/v1/alarms/:id/confirm --> git.hyhy.fun/rsplab/iolink/internal/appapi.(*Server).confirmAlarm-fm (4 handlers)
[GIN-debug] POST   /api/v2/devices/:device_no/telemetry --> git.hyhy.fun/rsplab/iolink/internal/appapi.(*Server).submitTelemetryV2-fm (4 handlers)
[GIN-debug] GET    /api/v2/devices/:device_no/model/latest --> git.hyhy.fun/rsplab/iolink/internal/appapi.(*Server).modelLatestV2-fm (4 handlers)
[GIN-debug] GET    /api/v2/devices/:device_no/history --> git.hyhy.fun/rsplab/iolink/internal/appapi.(*Server).telemetryHistoryV2-fm (4 handlers)
[GIN] 2026/10/04 - 12:32:46 | 200 |    3.787607ms |       127.0.0.1 | POST     "/api/v1/auth/login"
[GIN] 2026/10/04 - 12:32:46 | 200 |    2.445638ms |       127.0.0.1 | POST     "/api/v1/auth/tenant"
=== RUN   TestAppResourceHTTPWhenRoleDeterminesFarmScope/admin//api/v1/ponds
[GIN] 2026/10/04 - 12:32:46 | 200 |    6.638719ms |       127.0.0.1 | GET      "/api/v1/ponds"
    app_resource_scope_http_test.go:89: http method=GET path=/api/v1/ponds status=200 response=[{"device_count":1,"latest":{"device_no":"v2-permission","dissolved_oxygen":null,"ph":null,"pond_id":9401,"report_interval":60,"salinity":null,"signal":null,"temperature":25,"timestamps":{"dissolved_oxygen":null,"ph":null,"salinity":null,"signal":null,"temperature":"2026-10-04T04:31:46.200928134Z","turbidity":null},"ts":"2026-10-04T12:31:46.200928+08:00","turbidity":null},"pond_id":9401,"pond_name":"v2-pond","status":"warning"},{"device_count":1,"latest":{"device_no":"v2-hidden","dissolved_oxygen":null,"ph":null,"pond_id":9403,"report_interval":60,"salinity":null,"signal":null,"temperature":25,"timestamps":{"dissolved_oxygen":null,"ph":null,"salinity":null,"signal":null,"temperature":"2026-10-04T04:31:46.209280633Z","turbidity":null},"ts":"2026-10-04T12:31:46.20928+08:00","turbidity":null},"pond_id":9403,"pond_name":"hidden","status":"warning"}]
=== RUN   TestAppResourceHTTPWhenRoleDeterminesFarmScope/admin//api/v1/devices
[GIN] 2026/10/04 - 12:32:46 | 200 |    1.860666ms |       127.0.0.1 | GET      "/api/v1/devices"
    app_resource_scope_http_test.go:89: http method=GET path=/api/v1/devices status=200 response=[{"created_at":"2026-10-04T12:32:46.192822+08:00","device_no":"v2-permission","disabled_at":null,"id":1,"last_seen_at":null,"model":"","name":"","pond_id":9401,"report_interval":60,"status":"offline"},{"created_at":"2026-10-04T12:32:46.192822+08:00","device_no":"v2-hidden","disabled_at":null,"id":3,"last_seen_at":null,"model":"","name":"","pond_id":9403,"report_interval":60,"status":"offline"}]
=== RUN   TestAppResourceHTTPWhenRoleDeterminesFarmScope/admin//api/v1/alarms
[GIN] 2026/10/04 - 12:32:46 | 200 |    1.986584ms |       127.0.0.1 | GET      "/api/v1/alarms"
    app_resource_scope_http_test.go:89: http method=GET path=/api/v1/alarms status=200 response=[{"confirmed_at":null,"created_at":"2026-10-04T12:31:46.20928+08:00","current_value":25,"device_no":"v2-hidden","id":2,"level":"warning","message":"temperature 高于阈值 20","metric":"temperature","pond_id":9403,"threshold":20},{"confirmed_at":null,"created_at":"2026-10-04T12:31:46.200928+08:00","current_value":25,"device_no":"v2-permission","id":1,"level":"warning","message":"temperature 高于阈值 20","metric":"temperature","pond_id":9401,"threshold":20}]
=== RUN   TestAppResourceHTTPWhenRoleDeterminesFarmScope/admin/stats
[GIN] 2026/10/04 - 12:32:46 | 200 |    2.887201ms |       127.0.0.1 | GET      "/api/v1/stats/summary"
    app_resource_scope_http_test.go:98: http method=GET path=/api/v1/stats/summary status=200 response={"alarm_devices":2,"offline_devices":2,"online_devices":0,"ponds":[{"pond_id":9401,"pond_name":"v2-pond","status":"warning"},{"pond_id":9403,"pond_name":"hidden","status":"warning"}]}
=== RUN   TestAppResourceHTTPWhenRoleDeterminesFarmScope/admin//api/v1/ponds/9401
[GIN] 2026/10/04 - 12:32:46 | 200 |     3.46591ms |       127.0.0.1 | GET      "/api/v1/ponds/9401"
    app_resource_scope_http_test.go:127: http method=GET path=/api/v1/ponds/9401 status=200 response={"device_count":1,"latest":{"device_no":"v2-permission","dissolved_oxygen":null,"ph":null,"pond_id":9401,"report_interval":60,"salinity":null,"signal":null,"temperature":25,"timestamps":{"dissolved_oxygen":null,"ph":null,"salinity":null,"signal":null,"temperature":"2026-10-04T04:31:46.200928134Z","turbidity":null},"ts":"2026-10-04T12:31:46.200928+08:00","turbidity":null},"pond_id":9401,"pond_name":"v2-pond","status":"warning"}
=== RUN   TestAppResourceHTTPWhenRoleDeterminesFarmScope/admin//api/v1/devices?pond_id=9401
[GIN] 2026/10/04 - 12:32:46 | 200 |    1.461023ms |       127.0.0.1 | GET      "/api/v1/devices?pond_id=9401"
    app_resource_scope_http_test.go:127: http method=GET path=/api/v1/devices?pond_id=9401 status=200 response=[{"created_at":"2026-10-04T12:32:46.192822+08:00","device_no":"v2-permission","disabled_at":null,"id":1,"last_seen_at":null,"model":"","name":"","pond_id":9401,"report_interval":60,"status":"offline"}]
=== RUN   TestAppResourceHTTPWhenRoleDeterminesFarmScope/admin//api/v1/devices/v2-permission
[GIN] 2026/10/04 - 12:32:46 | 200 |    2.842176ms |       127.0.0.1 | GET      "/api/v1/devices/v2-permission"
    app_resource_scope_http_test.go:127: http method=GET path=/api/v1/devices/v2-permission status=200 response={"created_at":"2026-10-04T12:32:46.192822+08:00","device_no":"v2-permission","disabled_at":null,"id":1,"last_seen_at":null,"latest":{"device_no":"v2-permission","dissolved_oxygen":null,"ph":null,"pond_id":9401,"report_interval":60,"salinity":null,"signal":null,"temperature":25,"timestamps":{"dissolved_oxygen":null,"ph":null,"salinity":null,"signal":null,"temperature":"2026-10-04T04:31:46.200928134Z","turbidity":null},"ts":"2026-10-04T12:31:46.200928+08:00","turbidity":null},"model":"","name":"","pond_id":9401,"report_interval":60,"status":"offline"}
=== RUN   TestAppResourceHTTPWhenRoleDeterminesFarmScope/admin//api/v1/water/latest?device_no=v2-permission
[GIN] 2026/10/04 - 12:32:46 | 200 |    2.319651ms |       127.0.0.1 | GET      "/api/v1/water/latest?device_no=v2-permission"
    app_resource_scope_http_test.go:127: http method=GET path=/api/v1/water/latest?device_no=v2-permission status=200 response={"device_no":"v2-permission","dissolved_oxygen":null,"ph":null,"pond_id":9401,"report_interval":60,"salinity":null,"signal":null,"temperature":25,"timestamps":{"dissolved_oxygen":null,"ph":null,"salinity":null,"signal":null,"temperature":"2026-10-04T04:31:46.200928134Z","turbidity":null},"ts":"2026-10-04T12:31:46.200928+08:00","turbidity":null}
=== RUN   TestAppResourceHTTPWhenRoleDeterminesFarmScope/admin//api/v1/water/history?device_no=v2-permission&metric=temperature&range=30d
[GIN] 2026/10/04 - 12:32:46 | 200 |    3.519783ms |       127.0.0.1 | GET      "/api/v1/water/history?device_no=v2-permission&metric=temperature&range=30d"
    app_resource_scope_http_test.go:127: http method=GET path=/api/v1/water/history?device_no=v2-permission&metric=temperature&range=30d status=200 response={"metric":"temperature","points":[{"ts":"2026-10-04T08:56:46.250678+08:00","value":25}],"unit":"℃"}
=== RUN   TestAppResourceHTTPWhenRoleDeterminesFarmScope/admin//api/v2/devices/v2-permission/model/latest
[GIN] 2026/10/04 - 12:32:46 | 200 |    2.182482ms |       127.0.0.1 | GET      "/api/v2/devices/v2-permission/model/latest"
    app_resource_scope_http_test.go:127: http method=GET path=/api/v2/devices/v2-permission/model/latest status=200 response={"device_no":"v2-permission","product_id":1,"model_version":1,"fields":[{"identifier":"temperature","type":"number","unit":"℃","minimum":null,"maximum":null,"enum_values":null,"readable":true,"writable":false,"nullable":true},{"identifier":"dissolved_oxygen","type":"number","unit":"mg/L","minimum":null,"maximum":null,"enum_values":null,"readable":true,"writable":false,"nullable":true},{"identifier":"ph","type":"number","unit":"","minimum":null,"maximum":null,"enum_values":null,"readable":true,"writable":false,"nullable":true},{"identifier":"turbidity","type":"number","unit":"NTU","minimum":null,"maximum":null,"enum_values":null,"readable":true,"writable":false,"nullable":true},{"identifier":"salinity","type":"number","unit":"ppt","minimum":null,"maximum":null,"enum_values":null,"readable":true,"writable":false,"nullable":true}],"ts":"2026-10-04T12:31:46.200928+08:00","properties":{"temperature":25}}
=== RUN   TestAppResourceHTTPWhenRoleDeterminesFarmScope/admin//api/v2/devices/v2-permission/history?metric=temperature
[GIN] 2026/10/04 - 12:32:46 | 200 |    5.623226ms |       127.0.0.1 | GET      "/api/v2/devices/v2-permission/history?metric=temperature"
    app_resource_scope_http_test.go:127: http method=GET path=/api/v2/devices/v2-permission/history?metric=temperature status=200 response={"device_no":"v2-permission","metric":"temperature","points":[{"ts":"2026-10-04T12:31:46.200928+08:00","value":25,"model_version":1,"unit":"℃"}],"unit":"℃"}
=== RUN   TestAppResourceHTTPWhenRoleDeterminesFarmScope/admin//api/v1/ponds/9403
[GIN] 2026/10/04 - 12:32:46 | 200 |    3.475228ms |       127.0.0.1 | GET      "/api/v1/ponds/9403"
    app_resource_scope_http_test.go:127: http method=GET path=/api/v1/ponds/9403 status=200 response={"device_count":1,"latest":{"device_no":"v2-hidden","dissolved_oxygen":null,"ph":null,"pond_id":9403,"report_interval":60,"salinity":null,"signal":null,"temperature":25,"timestamps":{"dissolved_oxygen":null,"ph":null,"salinity":null,"signal":null,"temperature":"2026-10-04T04:31:46.209280633Z","turbidity":null},"ts":"2026-10-04T12:31:46.20928+08:00","turbidity":null},"pond_id":9403,"pond_name":"hidden","status":"warning"}
=== RUN   TestAppResourceHTTPWhenRoleDeterminesFarmScope/admin//api/v1/devices?pond_id=9403
[GIN] 2026/10/04 - 12:32:46 | 200 |    1.373719ms |       127.0.0.1 | GET      "/api/v1/devices?pond_id=9403"
    app_resource_scope_http_test.go:127: http method=GET path=/api/v1/devices?pond_id=9403 status=200 response=[{"created_at":"2026-10-04T12:32:46.192822+08:00","device_no":"v2-hidden","disabled_at":null,"id":3,"last_seen_at":null,"model":"","name":"","pond_id":9403,"report_interval":60,"status":"offline"}]
=== RUN   TestAppResourceHTTPWhenRoleDeterminesFarmScope/admin//api/v1/devices/v2-hidden
[GIN] 2026/10/04 - 12:32:46 | 200 |    1.818056ms |       127.0.0.1 | GET      "/api/v1/devices/v2-hidden"
    app_resource_scope_http_test.go:127: http method=GET path=/api/v1/devices/v2-hidden status=200 response={"created_at":"2026-10-04T12:32:46.192822+08:00","device_no":"v2-hidden","disabled_at":null,"id":3,"last_seen_at":null,"latest":{"device_no":"v2-hidden","dissolved_oxygen":null,"ph":null,"pond_id":9403,"report_interval":60,"salinity":null,"signal":null,"temperature":25,"timestamps":{"dissolved_oxygen":null,"ph":null,"salinity":null,"signal":null,"temperature":"2026-10-04T04:31:46.209280633Z","turbidity":null},"ts":"2026-10-04T12:31:46.20928+08:00","turbidity":null},"model":"","name":"","pond_id":9403,"report_interval":60,"status":"offline"}
=== RUN   TestAppResourceHTTPWhenRoleDeterminesFarmScope/admin//api/v1/water/latest?device_no=v2-hidden
[GIN] 2026/10/04 - 12:32:46 | 200 |    1.776558ms |       127.0.0.1 | GET      "/api/v1/water/latest?device_no=v2-hidden"
    app_resource_scope_http_test.go:127: http method=GET path=/api/v1/water/latest?device_no=v2-hidden status=200 response={"device_no":"v2-hidden","dissolved_oxygen":null,"ph":null,"pond_id":9403,"report_interval":60,"salinity":null,"signal":null,"temperature":25,"timestamps":{"dissolved_oxygen":null,"ph":null,"salinity":null,"signal":null,"temperature":"2026-10-04T04:31:46.209280633Z","turbidity":null},"ts":"2026-10-04T12:31:46.20928+08:00","turbidity":null}
=== RUN   TestAppResourceHTTPWhenRoleDeterminesFarmScope/admin//api/v1/water/history?device_no=v2-hidden&metric=temperature&range=30d
[GIN] 2026/10/04 - 12:32:46 | 200 |     2.52578ms |       127.0.0.1 | GET      "/api/v1/water/history?device_no=v2-hidden&metric=temperature&range=30d"
    app_resource_scope_http_test.go:127: http method=GET path=/api/v1/water/history?device_no=v2-hidden&metric=temperature&range=30d status=200 response={"metric":"temperature","points":[{"ts":"2026-10-04T08:56:46.273271+08:00","value":25}],"unit":"℃"}
=== RUN   TestAppResourceHTTPWhenRoleDeterminesFarmScope/admin//api/v2/devices/v2-hidden/model/latest
[GIN] 2026/10/04 - 12:32:46 | 200 |    1.824317ms |       127.0.0.1 | GET      "/api/v2/devices/v2-hidden/model/latest"
    app_resource_scope_http_test.go:127: http method=GET path=/api/v2/devices/v2-hidden/model/latest status=200 response={"device_no":"v2-hidden","product_id":1,"model_version":1,"fields":[{"identifier":"temperature","type":"number","unit":"℃","minimum":null,"maximum":null,"enum_values":null,"readable":true,"writable":false,"nullable":true},{"identifier":"dissolved_oxygen","type":"number","unit":"mg/L","minimum":null,"maximum":null,"enum_values":null,"readable":true,"writable":false,"nullable":true},{"identifier":"ph","type":"number","unit":"","minimum":null,"maximum":null,"enum_values":null,"readable":true,"writable":false,"nullable":true},{"identifier":"turbidity","type":"number","unit":"NTU","minimum":null,"maximum":null,"enum_values":null,"readable":true,"writable":false,"nullable":true},{"identifier":"salinity","type":"number","unit":"ppt","minimum":null,"maximum":null,"enum_values":null,"readable":true,"writable":false,"nullable":true}],"ts":"2026-10-04T12:31:46.20928+08:00","properties":{"temperature":25}}
=== RUN   TestAppResourceHTTPWhenRoleDeterminesFarmScope/admin//api/v2/devices/v2-hidden/history?metric=temperature
[GIN] 2026/10/04 - 12:32:46 | 200 |     4.02817ms |       127.0.0.1 | GET      "/api/v2/devices/v2-hidden/history?metric=temperature"
    app_resource_scope_http_test.go:127: http method=GET path=/api/v2/devices/v2-hidden/history?metric=temperature status=200 response={"device_no":"v2-hidden","metric":"temperature","points":[{"ts":"2026-10-04T12:31:46.20928+08:00","value":25,"model_version":1,"unit":"℃"}],"unit":"℃"}
=== RUN   TestAppResourceHTTPWhenRoleDeterminesFarmScope/admin//api/v1/ponds/9402
[GIN] 2026/10/04 - 12:32:46 | 404 |    1.104551ms |       127.0.0.1 | GET      "/api/v1/ponds/9402"
    app_resource_scope_http_test.go:127: http method=GET path=/api/v1/ponds/9402 status=404 response={"error":"pond not found"}
=== RUN   TestAppResourceHTTPWhenRoleDeterminesFarmScope/admin//api/v1/devices?pond_id=9402
[GIN] 2026/10/04 - 12:32:46 | 404 |    1.186565ms |       127.0.0.1 | GET      "/api/v1/devices?pond_id=9402"
    app_resource_scope_http_test.go:127: http method=GET path=/api/v1/devices?pond_id=9402 status=404 response={"error":"pond not found"}
=== RUN   TestAppResourceHTTPWhenRoleDeterminesFarmScope/admin//api/v1/devices/v2-foreign
[GIN] 2026/10/04 - 12:32:46 | 404 |     946.273µs |       127.0.0.1 | GET      "/api/v1/devices/v2-foreign"
    app_resource_scope_http_test.go:127: http method=GET path=/api/v1/devices/v2-foreign status=404 response={"error":"device not found"}
=== RUN   TestAppResourceHTTPWhenRoleDeterminesFarmScope/admin//api/v1/water/latest?device_no=v2-foreign
[GIN] 2026/10/04 - 12:32:46 | 404 |     958.065µs |       127.0.0.1 | GET      "/api/v1/water/latest?device_no=v2-foreign"
    app_resource_scope_http_test.go:127: http method=GET path=/api/v1/water/latest?device_no=v2-foreign status=404 response={"error":"no data"}
=== RUN   TestAppResourceHTTPWhenRoleDeterminesFarmScope/admin//api/v1/water/history?device_no=v2-foreign&metric=temperature&range=30d
[GIN] 2026/10/04 - 12:32:46 | 404 |    1.953792ms |       127.0.0.1 | GET      "/api/v1/water/history?device_no=v2-foreign&metric=temperature&range=30d"
    app_resource_scope_http_test.go:127: http method=GET path=/api/v1/water/history?device_no=v2-foreign&metric=temperature&range=30d status=404 response={"error":"device not found"}
=== RUN   TestAppResourceHTTPWhenRoleDeterminesFarmScope/admin//api/v2/devices/v2-foreign/model/latest
[GIN] 2026/10/04 - 12:32:46 | 404 |    1.527479ms |       127.0.0.1 | GET      "/api/v2/devices/v2-foreign/model/latest"
    app_resource_scope_http_test.go:127: http method=GET path=/api/v2/devices/v2-foreign/model/latest status=404 response={"error":"not_found"}
=== RUN   TestAppResourceHTTPWhenRoleDeterminesFarmScope/admin//api/v2/devices/v2-foreign/history?metric=temperature
[GIN] 2026/10/04 - 12:32:46 | 404 |    1.801905ms |       127.0.0.1 | GET      "/api/v2/devices/v2-foreign/history?metric=temperature"
    app_resource_scope_http_test.go:127: http method=GET path=/api/v2/devices/v2-foreign/history?metric=temperature status=404 response={"error":"not_found"}
[GIN] 2026/10/04 - 12:32:46 | 204 |     2.53704ms |       127.0.0.1 | POST     "/api/v1/alarms/2/confirm"
=== NAME  TestAppResourceHTTPWhenRoleDeterminesFarmScope/admin
    app_resource_scope_http_test.go:149: http method=POST path=/api/v1/alarms/2/confirm status=204 response=
    app_resource_scope_http_test.go:158: scenario=admin_hidden_alarm_confirm before={"alarms": [{"id": 1, "level": "warning", "metric": "temperature", "message": "temperature 高于阈值 20", "pond_id": 9401, "device_no": "v2-permission", "threshold": 20, "created_at": "2026-10-04T04:31:46.200928+00:00", "product_id": 1, "confirmed_at": null, "current_value": 25}, {"id": 2, "level": "warning", "metric": "temperature", "message": "temperature 高于阈值 20", "pond_id": 9403, "device_no": "v2-hidden", "threshold": 20, "created_at": "2026-10-04T04:31:46.20928+00:00", "product_id": 1, "confirmed_at": null, "current_value": 25}], "outbox": [{"id": 1, "status": "pending", "next_at": "2026-10-04T04:32:46.200959+00:00", "alarm_id": 1, "attempts": 0, "created_at": "2026-10-04T04:32:46.200959+00:00", "last_error": null, "updated_at": "2026-10-04T04:32:46.200959+00:00", "lease_owner": null, "leased_until": null, "recipient_open_id": null}, {"id": 2, "status": "pending", "next_at": "2026-10-04T04:32:46.209309+00:00", "alarm_id": 2, "attempts": 0, "created_at": "2026-10-04T04:32:46.209309+00:00", "last_error": null, "updated_at": "2026-10-04T04:32:46.209309+00:00", "lease_owner": null, "leased_until": null, "recipient_open_id": null}], "shadows": [{"ts": "2026-10-04T04:31:46.20928+00:00", "last": {"temperature": 25}, "signal": null, "pond_id": 9403, "device_no": "v2-hidden", "tenant_id": 9401, "product_id": 1, "timestamps": {"temperature": "2026-10-04T04:31:46.209280633Z"}, "model_version": 1}, {"ts": "2026-10-04T04:31:46.200928+00:00", "last": {"temperature": 25}, "signal": null, "pond_id": 9401, "device_no": "v2-permission", "tenant_id": 9401, "product_id": 1, "timestamps": {"temperature": "2026-10-04T04:31:46.200928134Z"}, "model_version": 1}], "telemetry": [{"ts": "2026-10-04T04:31:46.200928+00:00", "pond_id": 9401, "device_no": "v2-permission", "tenant_id": 9401, "product_id": 1, "properties": {"temperature": 25}, "model_version": 1}, {"ts": "2026-10-04T04:31:46.20928+00:00", "pond_id": 9403, "device_no": "v2-hidden", "tenant_id": 9401, "product_id": 1, "properties": {"temperature": 25}, "model_version": 1}], "sensor_data": [{"ph": null, "ts": "2026-10-04T04:31:46.200928+00:00", "signal": null, "battery": null, "pond_id": 9401, "salinity": null, "device_no": "v2-permission", "tenant_id": 9401, "turbidity": null, "temperature": 25, "dissolved_oxygen": null}, {"ph": null, "ts": "2026-10-04T04:31:46.20928+00:00", "signal": null, "battery": null, "pond_id": 9403, "salinity": null, "device_no": "v2-hidden", "tenant_id": 9401, "turbidity": null, "temperature": 25, "dissolved_oxygen": null}]} after={"alarms": [{"id": 1, "level": "warning", "metric": "temperature", "message": "temperature 高于阈值 20", "pond_id": 9401, "device_no": "v2-permission", "threshold": 20, "created_at": "2026-10-04T04:31:46.200928+00:00", "product_id": 1, "confirmed_at": null, "current_value": 25}, {"id": 2, "level": "warning", "metric": "temperature", "message": "temperature 高于阈值 20", "pond_id": 9403, "device_no": "v2-hidden", "threshold": 20, "created_at": "2026-10-04T04:31:46.20928+00:00", "product_id": 1, "confirmed_at": "2026-10-04T04:32:46.29557+00:00", "current_value": 25}], "outbox": [{"id": 1, "status": "pending", "next_at": "2026-10-04T04:32:46.200959+00:00", "alarm_id": 1, "attempts": 0, "created_at": "2026-10-04T04:32:46.200959+00:00", "last_error": null, "updated_at": "2026-10-04T04:32:46.200959+00:00", "lease_owner": null, "leased_until": null, "recipient_open_id": null}, {"id": 2, "status": "pending", "next_at": "2026-10-04T04:32:46.209309+00:00", "alarm_id": 2, "attempts": 0, "created_at": "2026-10-04T04:32:46.209309+00:00", "last_error": null, "updated_at": "2026-10-04T04:32:46.209309+00:00", "lease_owner": null, "leased_until": null, "recipient_open_id": null}], "shadows": [{"ts": "2026-10-04T04:31:46.20928+00:00", "last": {"temperature": 25}, "signal": null, "pond_id": 9403, "device_no": "v2-hidden", "tenant_id": 9401, "product_id": 1, "timestamps": {"temperature": "2026-10-04T04:31:46.209280633Z"}, "model_version": 1}, {"ts": "2026-10-04T04:31:46.200928+00:00", "last": {"temperature": 25}, "signal": null, "pond_id": 9401, "device_no": "v2-permission", "tenant_id": 9401, "product_id": 1, "timestamps": {"temperature": "2026-10-04T04:31:46.200928134Z"}, "model_version": 1}], "telemetry": [{"ts": "2026-10-04T04:31:46.200928+00:00", "pond_id": 9401, "device_no": "v2-permission", "tenant_id": 9401, "product_id": 1, "properties": {"temperature": 25}, "model_version": 1}, {"ts": "2026-10-04T04:31:46.20928+00:00", "pond_id": 9403, "device_no": "v2-hidden", "tenant_id": 9401, "product_id": 1, "properties": {"temperature": 25}, "model_version": 1}], "sensor_data": [{"ph": null, "ts": "2026-10-04T04:31:46.200928+00:00", "signal": null, "battery": null, "pond_id": 9401, "salinity": null, "device_no": "v2-permission", "tenant_id": 9401, "turbidity": null, "temperature": 25, "dissolved_oxygen": null}, {"ph": null, "ts": "2026-10-04T04:31:46.20928+00:00", "signal": null, "battery": null, "pond_id": 9403, "salinity": null, "device_no": "v2-hidden", "tenant_id": 9401, "turbidity": null, "temperature": 25, "dissolved_oxygen": null}]}
=== RUN   TestAppResourceHTTPWhenRoleDeterminesFarmScope/member
    app_resource_scope_http_test.go:72: environment real_timescaledb=2.30.0
[GIN-debug] [WARNING] Running in "debug" mode. Switch to "release" mode in production.
 - using env:	export GIN_MODE=release
 - using code:	gin.SetMode(gin.ReleaseMode)

[GIN-debug] POST   /api/v1/auth/login        --> git.hyhy.fun/rsplab/iolink/internal/appapi.(*Server).login-fm (3 handlers)
[GIN-debug] GET    /api/v1/auth/tenants      --> git.hyhy.fun/rsplab/iolink/internal/appapi.(*Server).listTenants-fm (4 handlers)
[GIN-debug] POST   /api/v1/auth/tenant       --> git.hyhy.fun/rsplab/iolink/internal/appapi.(*Server).switchTenant-fm (4 handlers)
[GIN-debug] GET    /api/v1/ponds             --> git.hyhy.fun/rsplab/iolink/internal/appapi.(*Server).listPonds-fm (4 handlers)
[GIN-debug] GET    /api/v1/ponds/:id         --> git.hyhy.fun/rsplab/iolink/internal/appapi.(*Server).getPond-fm (4 handlers)
[GIN-debug] GET    /api/v1/devices           --> git.hyhy.fun/rsplab/iolink/internal/appapi.(*Server).listDevices-fm (4 handlers)
[GIN-debug] GET    /api/v1/devices/:device_no --> git.hyhy.fun/rsplab/iolink/internal/appapi.(*Server).getDevice-fm (4 handlers)
[GIN-debug] GET    /api/v1/water/latest      --> git.hyhy.fun/rsplab/iolink/internal/appapi.(*Server).waterLatest-fm (4 handlers)
[GIN-debug] GET    /api/v1/water/history     --> git.hyhy.fun/rsplab/iolink/internal/appapi.(*Server).waterHistory-fm (4 handlers)
[GIN-debug] GET    /api/v1/alarms            --> git.hyhy.fun/rsplab/iolink/internal/appapi.(*Server).listAlarms-fm (4 handlers)
[GIN-debug] GET    /api/v1/stats/summary     --> git.hyhy.fun/rsplab/iolink/internal/appapi.(*Server).statsSummary-fm (4 handlers)
[GIN-debug] POST   /api/v1/alarms/:id/confirm --> git.hyhy.fun/rsplab/iolink/internal/appapi.(*Server).confirmAlarm-fm (4 handlers)
[GIN-debug] POST   /api/v2/devices/:device_no/telemetry --> git.hyhy.fun/rsplab/iolink/internal/appapi.(*Server).submitTelemetryV2-fm (4 handlers)
[GIN-debug] GET    /api/v2/devices/:device_no/model/latest --> git.hyhy.fun/rsplab/iolink/internal/appapi.(*Server).modelLatestV2-fm (4 handlers)
[GIN-debug] GET    /api/v2/devices/:device_no/history --> git.hyhy.fun/rsplab/iolink/internal/appapi.(*Server).telemetryHistoryV2-fm (4 handlers)
[GIN] 2026/10/04 - 12:32:46 | 200 |    3.478254ms |       127.0.0.1 | POST     "/api/v1/auth/login"
[GIN] 2026/10/04 - 12:32:46 | 200 |    2.069439ms |       127.0.0.1 | POST     "/api/v1/auth/tenant"
=== RUN   TestAppResourceHTTPWhenRoleDeterminesFarmScope/member//api/v1/ponds
[GIN] 2026/10/04 - 12:32:46 | 200 |    4.802439ms |       127.0.0.1 | GET      "/api/v1/ponds"
    app_resource_scope_http_test.go:89: http method=GET path=/api/v1/ponds status=200 response=[{"device_count":1,"latest":{"device_no":"v2-permission","dissolved_oxygen":null,"ph":null,"pond_id":9401,"report_interval":60,"salinity":null,"signal":null,"temperature":25,"timestamps":{"dissolved_oxygen":null,"ph":null,"salinity":null,"signal":null,"temperature":"2026-10-04T04:31:46.62244719Z","turbidity":null},"ts":"2026-10-04T12:31:46.622447+08:00","turbidity":null},"pond_id":9401,"pond_name":"v2-pond","status":"warning"}]
=== RUN   TestAppResourceHTTPWhenRoleDeterminesFarmScope/member//api/v1/devices
[GIN] 2026/10/04 - 12:32:46 | 200 |     1.66097ms |       127.0.0.1 | GET      "/api/v1/devices"
    app_resource_scope_http_test.go:89: http method=GET path=/api/v1/devices status=200 response=[{"created_at":"2026-10-04T12:32:46.613714+08:00","device_no":"v2-permission","disabled_at":null,"id":1,"last_seen_at":null,"model":"","name":"","pond_id":9401,"report_interval":60,"status":"offline"}]
=== RUN   TestAppResourceHTTPWhenRoleDeterminesFarmScope/member//api/v1/alarms
[GIN] 2026/10/04 - 12:32:46 | 200 |    2.007834ms |       127.0.0.1 | GET      "/api/v1/alarms"
    app_resource_scope_http_test.go:89: http method=GET path=/api/v1/alarms status=200 response=[{"confirmed_at":null,"created_at":"2026-10-04T12:31:46.622447+08:00","current_value":25,"device_no":"v2-permission","id":1,"level":"warning","message":"temperature 高于阈值 20","metric":"temperature","pond_id":9401,"threshold":20}]
=== RUN   TestAppResourceHTTPWhenRoleDeterminesFarmScope/member/stats
[GIN] 2026/10/04 - 12:32:46 | 200 |    2.164719ms |       127.0.0.1 | GET      "/api/v1/stats/summary"
    app_resource_scope_http_test.go:98: http method=GET path=/api/v1/stats/summary status=200 response={"alarm_devices":1,"offline_devices":1,"online_devices":0,"ponds":[{"pond_id":9401,"pond_name":"v2-pond","status":"warning"}]}
=== RUN   TestAppResourceHTTPWhenRoleDeterminesFarmScope/member//api/v1/ponds/9401
[GIN] 2026/10/04 - 12:32:46 | 200 |     3.46531ms |       127.0.0.1 | GET      "/api/v1/ponds/9401"
    app_resource_scope_http_test.go:127: http method=GET path=/api/v1/ponds/9401 status=200 response={"device_count":1,"latest":{"device_no":"v2-permission","dissolved_oxygen":null,"ph":null,"pond_id":9401,"report_interval":60,"salinity":null,"signal":null,"temperature":25,"timestamps":{"dissolved_oxygen":null,"ph":null,"salinity":null,"signal":null,"temperature":"2026-10-04T04:31:46.62244719Z","turbidity":null},"ts":"2026-10-04T12:31:46.622447+08:00","turbidity":null},"pond_id":9401,"pond_name":"v2-pond","status":"warning"}
=== RUN   TestAppResourceHTTPWhenRoleDeterminesFarmScope/member//api/v1/devices?pond_id=9401
[GIN] 2026/10/04 - 12:32:46 | 200 |    1.701627ms |       127.0.0.1 | GET      "/api/v1/devices?pond_id=9401"
    app_resource_scope_http_test.go:127: http method=GET path=/api/v1/devices?pond_id=9401 status=200 response=[{"created_at":"2026-10-04T12:32:46.613714+08:00","device_no":"v2-permission","disabled_at":null,"id":1,"last_seen_at":null,"model":"","name":"","pond_id":9401,"report_interval":60,"status":"offline"}]
=== RUN   TestAppResourceHTTPWhenRoleDeterminesFarmScope/member//api/v1/devices/v2-permission
[GIN] 2026/10/04 - 12:32:46 | 200 |    2.812019ms |       127.0.0.1 | GET      "/api/v1/devices/v2-permission"
    app_resource_scope_http_test.go:127: http method=GET path=/api/v1/devices/v2-permission status=200 response={"created_at":"2026-10-04T12:32:46.613714+08:00","device_no":"v2-permission","disabled_at":null,"id":1,"last_seen_at":null,"latest":{"device_no":"v2-permission","dissolved_oxygen":null,"ph":null,"pond_id":9401,"report_interval":60,"salinity":null,"signal":null,"temperature":25,"timestamps":{"dissolved_oxygen":null,"ph":null,"salinity":null,"signal":null,"temperature":"2026-10-04T04:31:46.62244719Z","turbidity":null},"ts":"2026-10-04T12:31:46.622447+08:00","turbidity":null},"model":"","name":"","pond_id":9401,"report_interval":60,"status":"offline"}
=== RUN   TestAppResourceHTTPWhenRoleDeterminesFarmScope/member//api/v1/water/latest?device_no=v2-permission
[GIN] 2026/10/04 - 12:32:46 | 200 |    2.633652ms |       127.0.0.1 | GET      "/api/v1/water/latest?device_no=v2-permission"
    app_resource_scope_http_test.go:127: http method=GET path=/api/v1/water/latest?device_no=v2-permission status=200 response={"device_no":"v2-permission","dissolved_oxygen":null,"ph":null,"pond_id":9401,"report_interval":60,"salinity":null,"signal":null,"temperature":25,"timestamps":{"dissolved_oxygen":null,"ph":null,"salinity":null,"signal":null,"temperature":"2026-10-04T04:31:46.62244719Z","turbidity":null},"ts":"2026-10-04T12:31:46.622447+08:00","turbidity":null}
=== RUN   TestAppResourceHTTPWhenRoleDeterminesFarmScope/member//api/v1/water/history?device_no=v2-permission&metric=temperature&range=30d
[GIN] 2026/10/04 - 12:32:46 | 200 |    3.236349ms |       127.0.0.1 | GET      "/api/v1/water/history?device_no=v2-permission&metric=temperature&range=30d"
    app_resource_scope_http_test.go:127: http method=GET path=/api/v1/water/history?device_no=v2-permission&metric=temperature&range=30d status=200 response={"metric":"temperature","points":[{"ts":"2026-10-04T08:56:46.667902+08:00","value":25}],"unit":"℃"}
=== RUN   TestAppResourceHTTPWhenRoleDeterminesFarmScope/member//api/v2/devices/v2-permission/model/latest
[GIN] 2026/10/04 - 12:32:46 | 200 |    2.204103ms |       127.0.0.1 | GET      "/api/v2/devices/v2-permission/model/latest"
    app_resource_scope_http_test.go:127: http method=GET path=/api/v2/devices/v2-permission/model/latest status=200 response={"device_no":"v2-permission","product_id":1,"model_version":1,"fields":[{"identifier":"temperature","type":"number","unit":"℃","minimum":null,"maximum":null,"enum_values":null,"readable":true,"writable":false,"nullable":true},{"identifier":"dissolved_oxygen","type":"number","unit":"mg/L","minimum":null,"maximum":null,"enum_values":null,"readable":true,"writable":false,"nullable":true},{"identifier":"ph","type":"number","unit":"","minimum":null,"maximum":null,"enum_values":null,"readable":true,"writable":false,"nullable":true},{"identifier":"turbidity","type":"number","unit":"NTU","minimum":null,"maximum":null,"enum_values":null,"readable":true,"writable":false,"nullable":true},{"identifier":"salinity","type":"number","unit":"ppt","minimum":null,"maximum":null,"enum_values":null,"readable":true,"writable":false,"nullable":true}],"ts":"2026-10-04T12:31:46.622447+08:00","properties":{"temperature":25}}
=== RUN   TestAppResourceHTTPWhenRoleDeterminesFarmScope/member//api/v2/devices/v2-permission/history?metric=temperature
[GIN] 2026/10/04 - 12:32:46 | 200 |    5.209246ms |       127.0.0.1 | GET      "/api/v2/devices/v2-permission/history?metric=temperature"
    app_resource_scope_http_test.go:127: http method=GET path=/api/v2/devices/v2-permission/history?metric=temperature status=200 response={"device_no":"v2-permission","metric":"temperature","points":[{"ts":"2026-10-04T12:31:46.622447+08:00","value":25,"model_version":1,"unit":"℃"}],"unit":"℃"}
=== RUN   TestAppResourceHTTPWhenRoleDeterminesFarmScope/member//api/v1/ponds/9403
[GIN] 2026/10/04 - 12:32:46 | 404 |    1.092558ms |       127.0.0.1 | GET      "/api/v1/ponds/9403"
    app_resource_scope_http_test.go:127: http method=GET path=/api/v1/ponds/9403 status=404 response={"error":"pond not found"}
=== RUN   TestAppResourceHTTPWhenRoleDeterminesFarmScope/member//api/v1/devices?pond_id=9403
[GIN] 2026/10/04 - 12:32:46 | 404 |    1.109611ms |       127.0.0.1 | GET      "/api/v1/devices?pond_id=9403"
    app_resource_scope_http_test.go:127: http method=GET path=/api/v1/devices?pond_id=9403 status=404 response={"error":"pond not found"}
=== RUN   TestAppResourceHTTPWhenRoleDeterminesFarmScope/member//api/v1/devices/v2-hidden
[GIN] 2026/10/04 - 12:32:46 | 404 |    1.168261ms |       127.0.0.1 | GET      "/api/v1/devices/v2-hidden"
    app_resource_scope_http_test.go:127: http method=GET path=/api/v1/devices/v2-hidden status=404 response={"error":"device not found"}
=== RUN   TestAppResourceHTTPWhenRoleDeterminesFarmScope/member//api/v1/water/latest?device_no=v2-hidden
[GIN] 2026/10/04 - 12:32:46 | 404 |    1.181297ms |       127.0.0.1 | GET      "/api/v1/water/latest?device_no=v2-hidden"
    app_resource_scope_http_test.go:127: http method=GET path=/api/v1/water/latest?device_no=v2-hidden status=404 response={"error":"no data"}
=== RUN   TestAppResourceHTTPWhenRoleDeterminesFarmScope/member//api/v1/water/history?device_no=v2-hidden&metric=temperature&range=30d
[GIN] 2026/10/04 - 12:32:46 | 404 |     2.37187ms |       127.0.0.1 | GET      "/api/v1/water/history?device_no=v2-hidden&metric=temperature&range=30d"
    app_resource_scope_http_test.go:127: http method=GET path=/api/v1/water/history?device_no=v2-hidden&metric=temperature&range=30d status=404 response={"error":"device not found"}
=== RUN   TestAppResourceHTTPWhenRoleDeterminesFarmScope/member//api/v2/devices/v2-hidden/model/latest
[GIN] 2026/10/04 - 12:32:46 | 404 |    1.563907ms |       127.0.0.1 | GET      "/api/v2/devices/v2-hidden/model/latest"
    app_resource_scope_http_test.go:127: http method=GET path=/api/v2/devices/v2-hidden/model/latest status=404 response={"error":"not_found"}
=== RUN   TestAppResourceHTTPWhenRoleDeterminesFarmScope/member//api/v2/devices/v2-hidden/history?metric=temperature
[GIN] 2026/10/04 - 12:32:46 | 404 |    1.805442ms |       127.0.0.1 | GET      "/api/v2/devices/v2-hidden/history?metric=temperature"
    app_resource_scope_http_test.go:127: http method=GET path=/api/v2/devices/v2-hidden/history?metric=temperature status=404 response={"error":"not_found"}
=== RUN   TestAppResourceHTTPWhenRoleDeterminesFarmScope/member//api/v1/ponds/9402
[GIN] 2026/10/04 - 12:32:46 | 404 |    1.140148ms |       127.0.0.1 | GET      "/api/v1/ponds/9402"
    app_resource_scope_http_test.go:127: http method=GET path=/api/v1/ponds/9402 status=404 response={"error":"pond not found"}
=== RUN   TestAppResourceHTTPWhenRoleDeterminesFarmScope/member//api/v1/devices?pond_id=9402
[GIN] 2026/10/04 - 12:32:46 | 404 |    1.366585ms |       127.0.0.1 | GET      "/api/v1/devices?pond_id=9402"
    app_resource_scope_http_test.go:127: http method=GET path=/api/v1/devices?pond_id=9402 status=404 response={"error":"pond not found"}
=== RUN   TestAppResourceHTTPWhenRoleDeterminesFarmScope/member//api/v1/devices/v2-foreign
[GIN] 2026/10/04 - 12:32:46 | 404 |     868.897µs |       127.0.0.1 | GET      "/api/v1/devices/v2-foreign"
    app_resource_scope_http_test.go:127: http method=GET path=/api/v1/devices/v2-foreign status=404 response={"error":"device not found"}
=== RUN   TestAppResourceHTTPWhenRoleDeterminesFarmScope/member//api/v1/water/latest?device_no=v2-foreign
[GIN] 2026/10/04 - 12:32:46 | 404 |      864.74µs |       127.0.0.1 | GET      "/api/v1/water/latest?device_no=v2-foreign"
    app_resource_scope_http_test.go:127: http method=GET path=/api/v1/water/latest?device_no=v2-foreign status=404 response={"error":"no data"}
=== RUN   TestAppResourceHTTPWhenRoleDeterminesFarmScope/member//api/v1/water/history?device_no=v2-foreign&metric=temperature&range=30d
[GIN] 2026/10/04 - 12:32:46 | 404 |    2.002623ms |       127.0.0.1 | GET      "/api/v1/water/history?device_no=v2-foreign&metric=temperature&range=30d"
    app_resource_scope_http_test.go:127: http method=GET path=/api/v1/water/history?device_no=v2-foreign&metric=temperature&range=30d status=404 response={"error":"device not found"}
=== RUN   TestAppResourceHTTPWhenRoleDeterminesFarmScope/member//api/v2/devices/v2-foreign/model/latest
[GIN] 2026/10/04 - 12:32:46 | 404 |    1.693081ms |       127.0.0.1 | GET      "/api/v2/devices/v2-foreign/model/latest"
    app_resource_scope_http_test.go:127: http method=GET path=/api/v2/devices/v2-foreign/model/latest status=404 response={"error":"not_found"}
=== RUN   TestAppResourceHTTPWhenRoleDeterminesFarmScope/member//api/v2/devices/v2-foreign/history?metric=temperature
[GIN] 2026/10/04 - 12:32:46 | 404 |    2.110126ms |       127.0.0.1 | GET      "/api/v2/devices/v2-foreign/history?metric=temperature"
    app_resource_scope_http_test.go:127: http method=GET path=/api/v2/devices/v2-foreign/history?metric=temperature status=404 response={"error":"not_found"}
[GIN] 2026/10/04 - 12:32:46 | 404 |    2.990775ms |       127.0.0.1 | POST     "/api/v1/alarms/2/confirm"
=== NAME  TestAppResourceHTTPWhenRoleDeterminesFarmScope/member
    app_resource_scope_http_test.go:149: http method=POST path=/api/v1/alarms/2/confirm status=404 response={"error":"alarm not found"}
    app_resource_scope_http_test.go:158: scenario=member_hidden_alarm_confirm before={"alarms": [{"id": 1, "level": "warning", "metric": "temperature", "message": "temperature 高于阈值 20", "pond_id": 9401, "device_no": "v2-permission", "threshold": 20, "created_at": "2026-10-04T04:31:46.622447+00:00", "product_id": 1, "confirmed_at": null, "current_value": 25}, {"id": 2, "level": "warning", "metric": "temperature", "message": "temperature 高于阈值 20", "pond_id": 9403, "device_no": "v2-hidden", "threshold": 20, "created_at": "2026-10-04T04:31:46.630643+00:00", "product_id": 1, "confirmed_at": null, "current_value": 25}], "outbox": [{"id": 1, "status": "pending", "next_at": "2026-10-04T04:32:46.622479+00:00", "alarm_id": 1, "attempts": 0, "created_at": "2026-10-04T04:32:46.622479+00:00", "last_error": null, "updated_at": "2026-10-04T04:32:46.622479+00:00", "lease_owner": null, "leased_until": null, "recipient_open_id": null}, {"id": 2, "status": "pending", "next_at": "2026-10-04T04:32:46.630674+00:00", "alarm_id": 2, "attempts": 0, "created_at": "2026-10-04T04:32:46.630674+00:00", "last_error": null, "updated_at": "2026-10-04T04:32:46.630674+00:00", "lease_owner": null, "leased_until": null, "recipient_open_id": null}], "shadows": [{"ts": "2026-10-04T04:31:46.630643+00:00", "last": {"temperature": 25}, "signal": null, "pond_id": 9403, "device_no": "v2-hidden", "tenant_id": 9401, "product_id": 1, "timestamps": {"temperature": "2026-10-04T04:31:46.630643535Z"}, "model_version": 1}, {"ts": "2026-10-04T04:31:46.622447+00:00", "last": {"temperature": 25}, "signal": null, "pond_id": 9401, "device_no": "v2-permission", "tenant_id": 9401, "product_id": 1, "timestamps": {"temperature": "2026-10-04T04:31:46.62244719Z"}, "model_version": 1}], "telemetry": [{"ts": "2026-10-04T04:31:46.622447+00:00", "pond_id": 9401, "device_no": "v2-permission", "tenant_id": 9401, "product_id": 1, "properties": {"temperature": 25}, "model_version": 1}, {"ts": "2026-10-04T04:31:46.630643+00:00", "pond_id": 9403, "device_no": "v2-hidden", "tenant_id": 9401, "product_id": 1, "properties": {"temperature": 25}, "model_version": 1}], "sensor_data": [{"ph": null, "ts": "2026-10-04T04:31:46.622447+00:00", "signal": null, "battery": null, "pond_id": 9401, "salinity": null, "device_no": "v2-permission", "tenant_id": 9401, "turbidity": null, "temperature": 25, "dissolved_oxygen": null}, {"ph": null, "ts": "2026-10-04T04:31:46.630643+00:00", "signal": null, "battery": null, "pond_id": 9403, "salinity": null, "device_no": "v2-hidden", "tenant_id": 9401, "turbidity": null, "temperature": 25, "dissolved_oxygen": null}]} after={"alarms": [{"id": 1, "level": "warning", "metric": "temperature", "message": "temperature 高于阈值 20", "pond_id": 9401, "device_no": "v2-permission", "threshold": 20, "created_at": "2026-10-04T04:31:46.622447+00:00", "product_id": 1, "confirmed_at": null, "current_value": 25}, {"id": 2, "level": "warning", "metric": "temperature", "message": "temperature 高于阈值 20", "pond_id": 9403, "device_no": "v2-hidden", "threshold": 20, "created_at": "2026-10-04T04:31:46.630643+00:00", "product_id": 1, "confirmed_at": null, "current_value": 25}], "outbox": [{"id": 1, "status": "pending", "next_at": "2026-10-04T04:32:46.622479+00:00", "alarm_id": 1, "attempts": 0, "created_at": "2026-10-04T04:32:46.622479+00:00", "last_error": null, "updated_at": "2026-10-04T04:32:46.622479+00:00", "lease_owner": null, "leased_until": null, "recipient_open_id": null}, {"id": 2, "status": "pending", "next_at": "2026-10-04T04:32:46.630674+00:00", "alarm_id": 2, "attempts": 0, "created_at": "2026-10-04T04:32:46.630674+00:00", "last_error": null, "updated_at": "2026-10-04T04:32:46.630674+00:00", "lease_owner": null, "leased_until": null, "recipient_open_id": null}], "shadows": [{"ts": "2026-10-04T04:31:46.630643+00:00", "last": {"temperature": 25}, "signal": null, "pond_id": 9403, "device_no": "v2-hidden", "tenant_id": 9401, "product_id": 1, "timestamps": {"temperature": "2026-10-04T04:31:46.630643535Z"}, "model_version": 1}, {"ts": "2026-10-04T04:31:46.622447+00:00", "last": {"temperature": 25}, "signal": null, "pond_id": 9401, "device_no": "v2-permission", "tenant_id": 9401, "product_id": 1, "timestamps": {"temperature": "2026-10-04T04:31:46.62244719Z"}, "model_version": 1}], "telemetry": [{"ts": "2026-10-04T04:31:46.622447+00:00", "pond_id": 9401, "device_no": "v2-permission", "tenant_id": 9401, "product_id": 1, "properties": {"temperature": 25}, "model_version": 1}, {"ts": "2026-10-04T04:31:46.630643+00:00", "pond_id": 9403, "device_no": "v2-hidden", "tenant_id": 9401, "product_id": 1, "properties": {"temperature": 25}, "model_version": 1}], "sensor_data": [{"ph": null, "ts": "2026-10-04T04:31:46.622447+00:00", "signal": null, "battery": null, "pond_id": 9401, "salinity": null, "device_no": "v2-permission", "tenant_id": 9401, "turbidity": null, "temperature": 25, "dissolved_oxygen": null}, {"ph": null, "ts": "2026-10-04T04:31:46.630643+00:00", "signal": null, "battery": null, "pond_id": 9403, "salinity": null, "device_no": "v2-hidden", "tenant_id": 9401, "turbidity": null, "temperature": 25, "dissolved_oxygen": null}]}
=== RUN   TestAppResourceHTTPWhenRoleDeterminesFarmScope/viewer
    app_resource_scope_http_test.go:72: environment real_timescaledb=2.30.0
[GIN-debug] [WARNING] Running in "debug" mode. Switch to "release" mode in production.
 - using env:	export GIN_MODE=release
 - using code:	gin.SetMode(gin.ReleaseMode)

[GIN-debug] POST   /api/v1/auth/login        --> git.hyhy.fun/rsplab/iolink/internal/appapi.(*Server).login-fm (3 handlers)
[GIN-debug] GET    /api/v1/auth/tenants      --> git.hyhy.fun/rsplab/iolink/internal/appapi.(*Server).listTenants-fm (4 handlers)
[GIN-debug] POST   /api/v1/auth/tenant       --> git.hyhy.fun/rsplab/iolink/internal/appapi.(*Server).switchTenant-fm (4 handlers)
[GIN-debug] GET    /api/v1/ponds             --> git.hyhy.fun/rsplab/iolink/internal/appapi.(*Server).listPonds-fm (4 handlers)
[GIN-debug] GET    /api/v1/ponds/:id         --> git.hyhy.fun/rsplab/iolink/internal/appapi.(*Server).getPond-fm (4 handlers)
[GIN-debug] GET    /api/v1/devices           --> git.hyhy.fun/rsplab/iolink/internal/appapi.(*Server).listDevices-fm (4 handlers)
[GIN-debug] GET    /api/v1/devices/:device_no --> git.hyhy.fun/rsplab/iolink/internal/appapi.(*Server).getDevice-fm (4 handlers)
[GIN-debug] GET    /api/v1/water/latest      --> git.hyhy.fun/rsplab/iolink/internal/appapi.(*Server).waterLatest-fm (4 handlers)
[GIN-debug] GET    /api/v1/water/history     --> git.hyhy.fun/rsplab/iolink/internal/appapi.(*Server).waterHistory-fm (4 handlers)
[GIN-debug] GET    /api/v1/alarms            --> git.hyhy.fun/rsplab/iolink/internal/appapi.(*Server).listAlarms-fm (4 handlers)
[GIN-debug] GET    /api/v1/stats/summary     --> git.hyhy.fun/rsplab/iolink/internal/appapi.(*Server).statsSummary-fm (4 handlers)
[GIN-debug] POST   /api/v1/alarms/:id/confirm --> git.hyhy.fun/rsplab/iolink/internal/appapi.(*Server).confirmAlarm-fm (4 handlers)
[GIN-debug] POST   /api/v2/devices/:device_no/telemetry --> git.hyhy.fun/rsplab/iolink/internal/appapi.(*Server).submitTelemetryV2-fm (4 handlers)
[GIN-debug] GET    /api/v2/devices/:device_no/model/latest --> git.hyhy.fun/rsplab/iolink/internal/appapi.(*Server).modelLatestV2-fm (4 handlers)
[GIN-debug] GET    /api/v2/devices/:device_no/history --> git.hyhy.fun/rsplab/iolink/internal/appapi.(*Server).telemetryHistoryV2-fm (4 handlers)
[GIN] 2026/10/04 - 12:32:47 | 200 |    3.435875ms |       127.0.0.1 | POST     "/api/v1/auth/login"
[GIN] 2026/10/04 - 12:32:47 | 200 |    2.189015ms |       127.0.0.1 | POST     "/api/v1/auth/tenant"
=== RUN   TestAppResourceHTTPWhenRoleDeterminesFarmScope/viewer//api/v1/ponds
[GIN] 2026/10/04 - 12:32:47 | 200 |    4.958663ms |       127.0.0.1 | GET      "/api/v1/ponds"
    app_resource_scope_http_test.go:89: http method=GET path=/api/v1/ponds status=200 response=[{"device_count":1,"latest":{"device_no":"v2-permission","dissolved_oxygen":null,"ph":null,"pond_id":9401,"report_interval":60,"salinity":null,"signal":null,"temperature":25,"timestamps":{"dissolved_oxygen":null,"ph":null,"salinity":null,"signal":null,"temperature":"2026-10-04T04:31:47.02486859Z","turbidity":null},"ts":"2026-10-04T12:31:47.024868+08:00","turbidity":null},"pond_id":9401,"pond_name":"v2-pond","status":"warning"}]
=== RUN   TestAppResourceHTTPWhenRoleDeterminesFarmScope/viewer//api/v1/devices
[GIN] 2026/10/04 - 12:32:47 | 200 |    1.726633ms |       127.0.0.1 | GET      "/api/v1/devices"
    app_resource_scope_http_test.go:89: http method=GET path=/api/v1/devices status=200 response=[{"created_at":"2026-10-04T12:32:47.016483+08:00","device_no":"v2-permission","disabled_at":null,"id":1,"last_seen_at":null,"model":"","name":"","pond_id":9401,"report_interval":60,"status":"offline"}]
=== RUN   TestAppResourceHTTPWhenRoleDeterminesFarmScope/viewer//api/v1/alarms
[GIN] 2026/10/04 - 12:32:47 | 200 |    1.974741ms |       127.0.0.1 | GET      "/api/v1/alarms"
    app_resource_scope_http_test.go:89: http method=GET path=/api/v1/alarms status=200 response=[{"confirmed_at":null,"created_at":"2026-10-04T12:31:47.024868+08:00","current_value":25,"device_no":"v2-permission","id":1,"level":"warning","message":"temperature 高于阈值 20","metric":"temperature","pond_id":9401,"threshold":20}]
=== RUN   TestAppResourceHTTPWhenRoleDeterminesFarmScope/viewer/stats
[GIN] 2026/10/04 - 12:32:47 | 200 |    2.141215ms |       127.0.0.1 | GET      "/api/v1/stats/summary"
    app_resource_scope_http_test.go:98: http method=GET path=/api/v1/stats/summary status=200 response={"alarm_devices":1,"offline_devices":1,"online_devices":0,"ponds":[{"pond_id":9401,"pond_name":"v2-pond","status":"warning"}]}
=== RUN   TestAppResourceHTTPWhenRoleDeterminesFarmScope/viewer//api/v1/ponds/9401
[GIN] 2026/10/04 - 12:32:47 | 200 |     3.30647ms |       127.0.0.1 | GET      "/api/v1/ponds/9401"
    app_resource_scope_http_test.go:127: http method=GET path=/api/v1/ponds/9401 status=200 response={"device_count":1,"latest":{"device_no":"v2-permission","dissolved_oxygen":null,"ph":null,"pond_id":9401,"report_interval":60,"salinity":null,"signal":null,"temperature":25,"timestamps":{"dissolved_oxygen":null,"ph":null,"salinity":null,"signal":null,"temperature":"2026-10-04T04:31:47.02486859Z","turbidity":null},"ts":"2026-10-04T12:31:47.024868+08:00","turbidity":null},"pond_id":9401,"pond_name":"v2-pond","status":"warning"}
=== RUN   TestAppResourceHTTPWhenRoleDeterminesFarmScope/viewer//api/v1/devices?pond_id=9401
[GIN] 2026/10/04 - 12:32:47 | 200 |    1.345105ms |       127.0.0.1 | GET      "/api/v1/devices?pond_id=9401"
    app_resource_scope_http_test.go:127: http method=GET path=/api/v1/devices?pond_id=9401 status=200 response=[{"created_at":"2026-10-04T12:32:47.016483+08:00","device_no":"v2-permission","disabled_at":null,"id":1,"last_seen_at":null,"model":"","name":"","pond_id":9401,"report_interval":60,"status":"offline"}]
=== RUN   TestAppResourceHTTPWhenRoleDeterminesFarmScope/viewer//api/v1/devices/v2-permission
[GIN] 2026/10/04 - 12:32:47 | 200 |     2.60047ms |       127.0.0.1 | GET      "/api/v1/devices/v2-permission"
    app_resource_scope_http_test.go:127: http method=GET path=/api/v1/devices/v2-permission status=200 response={"created_at":"2026-10-04T12:32:47.016483+08:00","device_no":"v2-permission","disabled_at":null,"id":1,"last_seen_at":null,"latest":{"device_no":"v2-permission","dissolved_oxygen":null,"ph":null,"pond_id":9401,"report_interval":60,"salinity":null,"signal":null,"temperature":25,"timestamps":{"dissolved_oxygen":null,"ph":null,"salinity":null,"signal":null,"temperature":"2026-10-04T04:31:47.02486859Z","turbidity":null},"ts":"2026-10-04T12:31:47.024868+08:00","turbidity":null},"model":"","name":"","pond_id":9401,"report_interval":60,"status":"offline"}
=== RUN   TestAppResourceHTTPWhenRoleDeterminesFarmScope/viewer//api/v1/water/latest?device_no=v2-permission
[GIN] 2026/10/04 - 12:32:47 | 200 |    2.332916ms |       127.0.0.1 | GET      "/api/v1/water/latest?device_no=v2-permission"
    app_resource_scope_http_test.go:127: http method=GET path=/api/v1/water/latest?device_no=v2-permission status=200 response={"device_no":"v2-permission","dissolved_oxygen":null,"ph":null,"pond_id":9401,"report_interval":60,"salinity":null,"signal":null,"temperature":25,"timestamps":{"dissolved_oxygen":null,"ph":null,"salinity":null,"signal":null,"temperature":"2026-10-04T04:31:47.02486859Z","turbidity":null},"ts":"2026-10-04T12:31:47.024868+08:00","turbidity":null}
=== RUN   TestAppResourceHTTPWhenRoleDeterminesFarmScope/viewer//api/v1/water/history?device_no=v2-permission&metric=temperature&range=30d
[GIN] 2026/10/04 - 12:32:47 | 200 |    3.042643ms |       127.0.0.1 | GET      "/api/v1/water/history?device_no=v2-permission&metric=temperature&range=30d"
    app_resource_scope_http_test.go:127: http method=GET path=/api/v1/water/history?device_no=v2-permission&metric=temperature&range=30d status=200 response={"metric":"temperature","points":[{"ts":"2026-10-04T08:56:47.069779+08:00","value":25}],"unit":"℃"}
=== RUN   TestAppResourceHTTPWhenRoleDeterminesFarmScope/viewer//api/v2/devices/v2-permission/model/latest
[GIN] 2026/10/04 - 12:32:47 | 200 |    1.937662ms |       127.0.0.1 | GET      "/api/v2/devices/v2-permission/model/latest"
    app_resource_scope_http_test.go:127: http method=GET path=/api/v2/devices/v2-permission/model/latest status=200 response={"device_no":"v2-permission","product_id":1,"model_version":1,"fields":[{"identifier":"temperature","type":"number","unit":"℃","minimum":null,"maximum":null,"enum_values":null,"readable":true,"writable":false,"nullable":true},{"identifier":"dissolved_oxygen","type":"number","unit":"mg/L","minimum":null,"maximum":null,"enum_values":null,"readable":true,"writable":false,"nullable":true},{"identifier":"ph","type":"number","unit":"","minimum":null,"maximum":null,"enum_values":null,"readable":true,"writable":false,"nullable":true},{"identifier":"turbidity","type":"number","unit":"NTU","minimum":null,"maximum":null,"enum_values":null,"readable":true,"writable":false,"nullable":true},{"identifier":"salinity","type":"number","unit":"ppt","minimum":null,"maximum":null,"enum_values":null,"readable":true,"writable":false,"nullable":true}],"ts":"2026-10-04T12:31:47.024868+08:00","properties":{"temperature":25}}
=== RUN   TestAppResourceHTTPWhenRoleDeterminesFarmScope/viewer//api/v2/devices/v2-permission/history?metric=temperature
[GIN] 2026/10/04 - 12:32:47 | 200 |     5.11615ms |       127.0.0.1 | GET      "/api/v2/devices/v2-permission/history?metric=temperature"
    app_resource_scope_http_test.go:127: http method=GET path=/api/v2/devices/v2-permission/history?metric=temperature status=200 response={"device_no":"v2-permission","metric":"temperature","points":[{"ts":"2026-10-04T12:31:47.024868+08:00","value":25,"model_version":1,"unit":"℃"}],"unit":"℃"}
=== RUN   TestAppResourceHTTPWhenRoleDeterminesFarmScope/viewer//api/v1/ponds/9403
[GIN] 2026/10/04 - 12:32:47 | 404 |    1.368498ms |       127.0.0.1 | GET      "/api/v1/ponds/9403"
    app_resource_scope_http_test.go:127: http method=GET path=/api/v1/ponds/9403 status=404 response={"error":"pond not found"}
=== RUN   TestAppResourceHTTPWhenRoleDeterminesFarmScope/viewer//api/v1/devices?pond_id=9403
[GIN] 2026/10/04 - 12:32:47 | 404 |    1.190353ms |       127.0.0.1 | GET      "/api/v1/devices?pond_id=9403"
    app_resource_scope_http_test.go:127: http method=GET path=/api/v1/devices?pond_id=9403 status=404 response={"error":"pond not found"}
=== RUN   TestAppResourceHTTPWhenRoleDeterminesFarmScope/viewer//api/v1/devices/v2-hidden
[GIN] 2026/10/04 - 12:32:47 | 404 |    1.203718ms |       127.0.0.1 | GET      "/api/v1/devices/v2-hidden"
    app_resource_scope_http_test.go:127: http method=GET path=/api/v1/devices/v2-hidden status=404 response={"error":"device not found"}
=== RUN   TestAppResourceHTTPWhenRoleDeterminesFarmScope/viewer//api/v1/water/latest?device_no=v2-hidden
[GIN] 2026/10/04 - 12:32:47 | 404 |    1.229125ms |       127.0.0.1 | GET      "/api/v1/water/latest?device_no=v2-hidden"
    app_resource_scope_http_test.go:127: http method=GET path=/api/v1/water/latest?device_no=v2-hidden status=404 response={"error":"no data"}
=== RUN   TestAppResourceHTTPWhenRoleDeterminesFarmScope/viewer//api/v1/water/history?device_no=v2-hidden&metric=temperature&range=30d
[GIN] 2026/10/04 - 12:32:47 | 404 |    2.304914ms |       127.0.0.1 | GET      "/api/v1/water/history?device_no=v2-hidden&metric=temperature&range=30d"
    app_resource_scope_http_test.go:127: http method=GET path=/api/v1/water/history?device_no=v2-hidden&metric=temperature&range=30d status=404 response={"error":"device not found"}
=== RUN   TestAppResourceHTTPWhenRoleDeterminesFarmScope/viewer//api/v2/devices/v2-hidden/model/latest
[GIN] 2026/10/04 - 12:32:47 | 404 |    1.490168ms |       127.0.0.1 | GET      "/api/v2/devices/v2-hidden/model/latest"
    app_resource_scope_http_test.go:127: http method=GET path=/api/v2/devices/v2-hidden/model/latest status=404 response={"error":"not_found"}
=== RUN   TestAppResourceHTTPWhenRoleDeterminesFarmScope/viewer//api/v2/devices/v2-hidden/history?metric=temperature
[GIN] 2026/10/04 - 12:32:47 | 404 |    1.915128ms |       127.0.0.1 | GET      "/api/v2/devices/v2-hidden/history?metric=temperature"
    app_resource_scope_http_test.go:127: http method=GET path=/api/v2/devices/v2-hidden/history?metric=temperature status=404 response={"error":"not_found"}
=== RUN   TestAppResourceHTTPWhenRoleDeterminesFarmScope/viewer//api/v1/ponds/9402
[GIN] 2026/10/04 - 12:32:47 | 404 |     1.07716ms |       127.0.0.1 | GET      "/api/v1/ponds/9402"
    app_resource_scope_http_test.go:127: http method=GET path=/api/v1/ponds/9402 status=404 response={"error":"pond not found"}
=== RUN   TestAppResourceHTTPWhenRoleDeterminesFarmScope/viewer//api/v1/devices?pond_id=9402
[GIN] 2026/10/04 - 12:32:47 | 404 |    1.153323ms |       127.0.0.1 | GET      "/api/v1/devices?pond_id=9402"
    app_resource_scope_http_test.go:127: http method=GET path=/api/v1/devices?pond_id=9402 status=404 response={"error":"pond not found"}
=== RUN   TestAppResourceHTTPWhenRoleDeterminesFarmScope/viewer//api/v1/devices/v2-foreign
[GIN] 2026/10/04 - 12:32:47 | 404 |     670.313µs |       127.0.0.1 | GET      "/api/v1/devices/v2-foreign"
    app_resource_scope_http_test.go:127: http method=GET path=/api/v1/devices/v2-foreign status=404 response={"error":"device not found"}
=== RUN   TestAppResourceHTTPWhenRoleDeterminesFarmScope/viewer//api/v1/water/latest?device_no=v2-foreign
[GIN] 2026/10/04 - 12:32:47 | 404 |     735.065µs |       127.0.0.1 | GET      "/api/v1/water/latest?device_no=v2-foreign"
    app_resource_scope_http_test.go:127: http method=GET path=/api/v1/water/latest?device_no=v2-foreign status=404 response={"error":"no data"}
=== RUN   TestAppResourceHTTPWhenRoleDeterminesFarmScope/viewer//api/v1/water/history?device_no=v2-foreign&metric=temperature&range=30d
[GIN] 2026/10/04 - 12:32:47 | 404 |     1.70882ms |       127.0.0.1 | GET      "/api/v1/water/history?device_no=v2-foreign&metric=temperature&range=30d"
    app_resource_scope_http_test.go:127: http method=GET path=/api/v1/water/history?device_no=v2-foreign&metric=temperature&range=30d status=404 response={"error":"device not found"}
=== RUN   TestAppResourceHTTPWhenRoleDeterminesFarmScope/viewer//api/v2/devices/v2-foreign/model/latest
[GIN] 2026/10/04 - 12:32:47 | 404 |    1.606507ms |       127.0.0.1 | GET      "/api/v2/devices/v2-foreign/model/latest"
    app_resource_scope_http_test.go:127: http method=GET path=/api/v2/devices/v2-foreign/model/latest status=404 response={"error":"not_found"}
=== RUN   TestAppResourceHTTPWhenRoleDeterminesFarmScope/viewer//api/v2/devices/v2-foreign/history?metric=temperature
[GIN] 2026/10/04 - 12:32:47 | 404 |    1.724259ms |       127.0.0.1 | GET      "/api/v2/devices/v2-foreign/history?metric=temperature"
    app_resource_scope_http_test.go:127: http method=GET path=/api/v2/devices/v2-foreign/history?metric=temperature status=404 response={"error":"not_found"}
[GIN] 2026/10/04 - 12:32:47 | 403 |     554.866µs |       127.0.0.1 | POST     "/api/v1/alarms/2/confirm"
=== NAME  TestAppResourceHTTPWhenRoleDeterminesFarmScope/viewer
    app_resource_scope_http_test.go:149: http method=POST path=/api/v1/alarms/2/confirm status=403 response={"error":"forbidden"}
    app_resource_scope_http_test.go:158: scenario=viewer_hidden_alarm_confirm before={"alarms": [{"id": 1, "level": "warning", "metric": "temperature", "message": "temperature 高于阈值 20", "pond_id": 9401, "device_no": "v2-permission", "threshold": 20, "created_at": "2026-10-04T04:31:47.024868+00:00", "product_id": 1, "confirmed_at": null, "current_value": 25}, {"id": 2, "level": "warning", "metric": "temperature", "message": "temperature 高于阈值 20", "pond_id": 9403, "device_no": "v2-hidden", "threshold": 20, "created_at": "2026-10-04T04:31:47.033616+00:00", "product_id": 1, "confirmed_at": null, "current_value": 25}], "outbox": [{"id": 1, "status": "pending", "next_at": "2026-10-04T04:32:47.024915+00:00", "alarm_id": 1, "attempts": 0, "created_at": "2026-10-04T04:32:47.024915+00:00", "last_error": null, "updated_at": "2026-10-04T04:32:47.024915+00:00", "lease_owner": null, "leased_until": null, "recipient_open_id": null}, {"id": 2, "status": "pending", "next_at": "2026-10-04T04:32:47.033646+00:00", "alarm_id": 2, "attempts": 0, "created_at": "2026-10-04T04:32:47.033646+00:00", "last_error": null, "updated_at": "2026-10-04T04:32:47.033646+00:00", "lease_owner": null, "leased_until": null, "recipient_open_id": null}], "shadows": [{"ts": "2026-10-04T04:31:47.033616+00:00", "last": {"temperature": 25}, "signal": null, "pond_id": 9403, "device_no": "v2-hidden", "tenant_id": 9401, "product_id": 1, "timestamps": {"temperature": "2026-10-04T04:31:47.033616945Z"}, "model_version": 1}, {"ts": "2026-10-04T04:31:47.024868+00:00", "last": {"temperature": 25}, "signal": null, "pond_id": 9401, "device_no": "v2-permission", "tenant_id": 9401, "product_id": 1, "timestamps": {"temperature": "2026-10-04T04:31:47.02486859Z"}, "model_version": 1}], "telemetry": [{"ts": "2026-10-04T04:31:47.024868+00:00", "pond_id": 9401, "device_no": "v2-permission", "tenant_id": 9401, "product_id": 1, "properties": {"temperature": 25}, "model_version": 1}, {"ts": "2026-10-04T04:31:47.033616+00:00", "pond_id": 9403, "device_no": "v2-hidden", "tenant_id": 9401, "product_id": 1, "properties": {"temperature": 25}, "model_version": 1}], "sensor_data": [{"ph": null, "ts": "2026-10-04T04:31:47.024868+00:00", "signal": null, "battery": null, "pond_id": 9401, "salinity": null, "device_no": "v2-permission", "tenant_id": 9401, "turbidity": null, "temperature": 25, "dissolved_oxygen": null}, {"ph": null, "ts": "2026-10-04T04:31:47.033616+00:00", "signal": null, "battery": null, "pond_id": 9403, "salinity": null, "device_no": "v2-hidden", "tenant_id": 9401, "turbidity": null, "temperature": 25, "dissolved_oxygen": null}]} after={"alarms": [{"id": 1, "level": "warning", "metric": "temperature", "message": "temperature 高于阈值 20", "pond_id": 9401, "device_no": "v2-permission", "threshold": 20, "created_at": "2026-10-04T04:31:47.024868+00:00", "product_id": 1, "confirmed_at": null, "current_value": 25}, {"id": 2, "level": "warning", "metric": "temperature", "message": "temperature 高于阈值 20", "pond_id": 9403, "device_no": "v2-hidden", "threshold": 20, "created_at": "2026-10-04T04:31:47.033616+00:00", "product_id": 1, "confirmed_at": null, "current_value": 25}], "outbox": [{"id": 1, "status": "pending", "next_at": "2026-10-04T04:32:47.024915+00:00", "alarm_id": 1, "attempts": 0, "created_at": "2026-10-04T04:32:47.024915+00:00", "last_error": null, "updated_at": "2026-10-04T04:32:47.024915+00:00", "lease_owner": null, "leased_until": null, "recipient_open_id": null}, {"id": 2, "status": "pending", "next_at": "2026-10-04T04:32:47.033646+00:00", "alarm_id": 2, "attempts": 0, "created_at": "2026-10-04T04:32:47.033646+00:00", "last_error": null, "updated_at": "2026-10-04T04:32:47.033646+00:00", "lease_owner": null, "leased_until": null, "recipient_open_id": null}], "shadows": [{"ts": "2026-10-04T04:31:47.033616+00:00", "last": {"temperature": 25}, "signal": null, "pond_id": 9403, "device_no": "v2-hidden", "tenant_id": 9401, "product_id": 1, "timestamps": {"temperature": "2026-10-04T04:31:47.033616945Z"}, "model_version": 1}, {"ts": "2026-10-04T04:31:47.024868+00:00", "last": {"temperature": 25}, "signal": null, "pond_id": 9401, "device_no": "v2-permission", "tenant_id": 9401, "product_id": 1, "timestamps": {"temperature": "2026-10-04T04:31:47.02486859Z"}, "model_version": 1}], "telemetry": [{"ts": "2026-10-04T04:31:47.024868+00:00", "pond_id": 9401, "device_no": "v2-permission", "tenant_id": 9401, "product_id": 1, "properties": {"temperature": 25}, "model_version": 1}, {"ts": "2026-10-04T04:31:47.033616+00:00", "pond_id": 9403, "device_no": "v2-hidden", "tenant_id": 9401, "product_id": 1, "properties": {"temperature": 25}, "model_version": 1}], "sensor_data": [{"ph": null, "ts": "2026-10-04T04:31:47.024868+00:00", "signal": null, "battery": null, "pond_id": 9401, "salinity": null, "device_no": "v2-permission", "tenant_id": 9401, "turbidity": null, "temperature": 25, "dissolved_oxygen": null}, {"ph": null, "ts": "2026-10-04T04:31:47.033616+00:00", "signal": null, "battery": null, "pond_id": 9403, "salinity": null, "device_no": "v2-hidden", "tenant_id": 9401, "turbidity": null, "temperature": 25, "dissolved_oxygen": null}]}
=== RUN   TestAppResourceHTTPWhenRoleDeterminesFarmScope/support
    app_resource_scope_http_test.go:72: environment real_timescaledb=2.30.0
[GIN-debug] [WARNING] Running in "debug" mode. Switch to "release" mode in production.
 - using env:	export GIN_MODE=release
 - using code:	gin.SetMode(gin.ReleaseMode)

[GIN-debug] POST   /api/v1/auth/login        --> git.hyhy.fun/rsplab/iolink/internal/appapi.(*Server).login-fm (3 handlers)
[GIN-debug] GET    /api/v1/auth/tenants      --> git.hyhy.fun/rsplab/iolink/internal/appapi.(*Server).listTenants-fm (4 handlers)
[GIN-debug] POST   /api/v1/auth/tenant       --> git.hyhy.fun/rsplab/iolink/internal/appapi.(*Server).switchTenant-fm (4 handlers)
[GIN-debug] GET    /api/v1/ponds             --> git.hyhy.fun/rsplab/iolink/internal/appapi.(*Server).listPonds-fm (4 handlers)
[GIN-debug] GET    /api/v1/ponds/:id         --> git.hyhy.fun/rsplab/iolink/internal/appapi.(*Server).getPond-fm (4 handlers)
[GIN-debug] GET    /api/v1/devices           --> git.hyhy.fun/rsplab/iolink/internal/appapi.(*Server).listDevices-fm (4 handlers)
[GIN-debug] GET    /api/v1/devices/:device_no --> git.hyhy.fun/rsplab/iolink/internal/appapi.(*Server).getDevice-fm (4 handlers)
[GIN-debug] GET    /api/v1/water/latest      --> git.hyhy.fun/rsplab/iolink/internal/appapi.(*Server).waterLatest-fm (4 handlers)
[GIN-debug] GET    /api/v1/water/history     --> git.hyhy.fun/rsplab/iolink/internal/appapi.(*Server).waterHistory-fm (4 handlers)
[GIN-debug] GET    /api/v1/alarms            --> git.hyhy.fun/rsplab/iolink/internal/appapi.(*Server).listAlarms-fm (4 handlers)
[GIN-debug] GET    /api/v1/stats/summary     --> git.hyhy.fun/rsplab/iolink/internal/appapi.(*Server).statsSummary-fm (4 handlers)
[GIN-debug] POST   /api/v1/alarms/:id/confirm --> git.hyhy.fun/rsplab/iolink/internal/appapi.(*Server).confirmAlarm-fm (4 handlers)
[GIN-debug] POST   /api/v2/devices/:device_no/telemetry --> git.hyhy.fun/rsplab/iolink/internal/appapi.(*Server).submitTelemetryV2-fm (4 handlers)
[GIN-debug] GET    /api/v2/devices/:device_no/model/latest --> git.hyhy.fun/rsplab/iolink/internal/appapi.(*Server).modelLatestV2-fm (4 handlers)
[GIN-debug] GET    /api/v2/devices/:device_no/history --> git.hyhy.fun/rsplab/iolink/internal/appapi.(*Server).telemetryHistoryV2-fm (4 handlers)
[GIN] 2026/10/04 - 12:32:47 | 200 |    3.373046ms |       127.0.0.1 | POST     "/api/v1/auth/login"
[GIN] 2026/10/04 - 12:32:47 | 200 |    2.070241ms |       127.0.0.1 | POST     "/api/v1/auth/tenant"
=== RUN   TestAppResourceHTTPWhenRoleDeterminesFarmScope/support//api/v1/ponds
[GIN] 2026/10/04 - 12:32:47 | 200 |    4.783564ms |       127.0.0.1 | GET      "/api/v1/ponds"
    app_resource_scope_http_test.go:89: http method=GET path=/api/v1/ponds status=200 response=[{"device_count":1,"latest":{"device_no":"v2-permission","dissolved_oxygen":null,"ph":null,"pond_id":9401,"report_interval":60,"salinity":null,"signal":null,"temperature":25,"timestamps":{"dissolved_oxygen":null,"ph":null,"salinity":null,"signal":null,"temperature":"2026-10-04T04:31:47.42235414Z","turbidity":null},"ts":"2026-10-04T12:31:47.422354+08:00","turbidity":null},"pond_id":9401,"pond_name":"v2-pond","status":"warning"}]
=== RUN   TestAppResourceHTTPWhenRoleDeterminesFarmScope/support//api/v1/devices
[GIN] 2026/10/04 - 12:32:47 | 200 |    1.697038ms |       127.0.0.1 | GET      "/api/v1/devices"
    app_resource_scope_http_test.go:89: http method=GET path=/api/v1/devices status=200 response=[{"created_at":"2026-10-04T12:32:47.414307+08:00","device_no":"v2-permission","disabled_at":null,"id":1,"last_seen_at":null,"model":"","name":"","pond_id":9401,"report_interval":60,"status":"offline"}]
=== RUN   TestAppResourceHTTPWhenRoleDeterminesFarmScope/support//api/v1/alarms
[GIN] 2026/10/04 - 12:32:47 | 200 |    1.914798ms |       127.0.0.1 | GET      "/api/v1/alarms"
    app_resource_scope_http_test.go:89: http method=GET path=/api/v1/alarms status=200 response=[{"confirmed_at":null,"created_at":"2026-10-04T12:31:47.422354+08:00","current_value":25,"device_no":"v2-permission","id":1,"level":"warning","message":"temperature 高于阈值 20","metric":"temperature","pond_id":9401,"threshold":20}]
=== RUN   TestAppResourceHTTPWhenRoleDeterminesFarmScope/support/stats
[GIN] 2026/10/04 - 12:32:47 | 200 |    2.145593ms |       127.0.0.1 | GET      "/api/v1/stats/summary"
    app_resource_scope_http_test.go:98: http method=GET path=/api/v1/stats/summary status=200 response={"alarm_devices":1,"offline_devices":1,"online_devices":0,"ponds":[{"pond_id":9401,"pond_name":"v2-pond","status":"warning"}]}
=== RUN   TestAppResourceHTTPWhenRoleDeterminesFarmScope/support//api/v1/ponds/9401
[GIN] 2026/10/04 - 12:32:47 | 200 |    3.579805ms |       127.0.0.1 | GET      "/api/v1/ponds/9401"
    app_resource_scope_http_test.go:127: http method=GET path=/api/v1/ponds/9401 status=200 response={"device_count":1,"latest":{"device_no":"v2-permission","dissolved_oxygen":null,"ph":null,"pond_id":9401,"report_interval":60,"salinity":null,"signal":null,"temperature":25,"timestamps":{"dissolved_oxygen":null,"ph":null,"salinity":null,"signal":null,"temperature":"2026-10-04T04:31:47.42235414Z","turbidity":null},"ts":"2026-10-04T12:31:47.422354+08:00","turbidity":null},"pond_id":9401,"pond_name":"v2-pond","status":"warning"}
=== RUN   TestAppResourceHTTPWhenRoleDeterminesFarmScope/support//api/v1/devices?pond_id=9401
[GIN] 2026/10/04 - 12:32:47 | 200 |    1.334494ms |       127.0.0.1 | GET      "/api/v1/devices?pond_id=9401"
    app_resource_scope_http_test.go:127: http method=GET path=/api/v1/devices?pond_id=9401 status=200 response=[{"created_at":"2026-10-04T12:32:47.414307+08:00","device_no":"v2-permission","disabled_at":null,"id":1,"last_seen_at":null,"model":"","name":"","pond_id":9401,"report_interval":60,"status":"offline"}]
=== RUN   TestAppResourceHTTPWhenRoleDeterminesFarmScope/support//api/v1/devices/v2-permission
[GIN] 2026/10/04 - 12:32:47 | 200 |    2.880017ms |       127.0.0.1 | GET      "/api/v1/devices/v2-permission"
    app_resource_scope_http_test.go:127: http method=GET path=/api/v1/devices/v2-permission status=200 response={"created_at":"2026-10-04T12:32:47.414307+08:00","device_no":"v2-permission","disabled_at":null,"id":1,"last_seen_at":null,"latest":{"device_no":"v2-permission","dissolved_oxygen":null,"ph":null,"pond_id":9401,"report_interval":60,"salinity":null,"signal":null,"temperature":25,"timestamps":{"dissolved_oxygen":null,"ph":null,"salinity":null,"signal":null,"temperature":"2026-10-04T04:31:47.42235414Z","turbidity":null},"ts":"2026-10-04T12:31:47.422354+08:00","turbidity":null},"model":"","name":"","pond_id":9401,"report_interval":60,"status":"offline"}
=== RUN   TestAppResourceHTTPWhenRoleDeterminesFarmScope/support//api/v1/water/latest?device_no=v2-permission
[GIN] 2026/10/04 - 12:32:47 | 200 |     2.29272ms |       127.0.0.1 | GET      "/api/v1/water/latest?device_no=v2-permission"
    app_resource_scope_http_test.go:127: http method=GET path=/api/v1/water/latest?device_no=v2-permission status=200 response={"device_no":"v2-permission","dissolved_oxygen":null,"ph":null,"pond_id":9401,"report_interval":60,"salinity":null,"signal":null,"temperature":25,"timestamps":{"dissolved_oxygen":null,"ph":null,"salinity":null,"signal":null,"temperature":"2026-10-04T04:31:47.42235414Z","turbidity":null},"ts":"2026-10-04T12:31:47.422354+08:00","turbidity":null}
=== RUN   TestAppResourceHTTPWhenRoleDeterminesFarmScope/support//api/v1/water/history?device_no=v2-permission&metric=temperature&range=30d
[GIN] 2026/10/04 - 12:32:47 | 200 |     2.92446ms |       127.0.0.1 | GET      "/api/v1/water/history?device_no=v2-permission&metric=temperature&range=30d"
    app_resource_scope_http_test.go:127: http method=GET path=/api/v1/water/history?device_no=v2-permission&metric=temperature&range=30d status=200 response={"metric":"temperature","points":[{"ts":"2026-10-04T08:56:47.466831+08:00","value":25}],"unit":"℃"}
=== RUN   TestAppResourceHTTPWhenRoleDeterminesFarmScope/support//api/v2/devices/v2-permission/model/latest
[GIN] 2026/10/04 - 12:32:47 | 200 |    1.997044ms |       127.0.0.1 | GET      "/api/v2/devices/v2-permission/model/latest"
    app_resource_scope_http_test.go:127: http method=GET path=/api/v2/devices/v2-permission/model/latest status=200 response={"device_no":"v2-permission","product_id":1,"model_version":1,"fields":[{"identifier":"temperature","type":"number","unit":"℃","minimum":null,"maximum":null,"enum_values":null,"readable":true,"writable":false,"nullable":true},{"identifier":"dissolved_oxygen","type":"number","unit":"mg/L","minimum":null,"maximum":null,"enum_values":null,"readable":true,"writable":false,"nullable":true},{"identifier":"ph","type":"number","unit":"","minimum":null,"maximum":null,"enum_values":null,"readable":true,"writable":false,"nullable":true},{"identifier":"turbidity","type":"number","unit":"NTU","minimum":null,"maximum":null,"enum_values":null,"readable":true,"writable":false,"nullable":true},{"identifier":"salinity","type":"number","unit":"ppt","minimum":null,"maximum":null,"enum_values":null,"readable":true,"writable":false,"nullable":true}],"ts":"2026-10-04T12:31:47.422354+08:00","properties":{"temperature":25}}
=== RUN   TestAppResourceHTTPWhenRoleDeterminesFarmScope/support//api/v2/devices/v2-permission/history?metric=temperature
[GIN] 2026/10/04 - 12:32:47 | 200 |    4.888872ms |       127.0.0.1 | GET      "/api/v2/devices/v2-permission/history?metric=temperature"
    app_resource_scope_http_test.go:127: http method=GET path=/api/v2/devices/v2-permission/history?metric=temperature status=200 response={"device_no":"v2-permission","metric":"temperature","points":[{"ts":"2026-10-04T12:31:47.422354+08:00","value":25,"model_version":1,"unit":"℃"}],"unit":"℃"}
=== RUN   TestAppResourceHTTPWhenRoleDeterminesFarmScope/support//api/v1/ponds/9403
[GIN] 2026/10/04 - 12:32:47 | 404 |    1.093039ms |       127.0.0.1 | GET      "/api/v1/ponds/9403"
    app_resource_scope_http_test.go:127: http method=GET path=/api/v1/ponds/9403 status=404 response={"error":"pond not found"}
=== RUN   TestAppResourceHTTPWhenRoleDeterminesFarmScope/support//api/v1/devices?pond_id=9403
[GIN] 2026/10/04 - 12:32:47 | 404 |    1.112777ms |       127.0.0.1 | GET      "/api/v1/devices?pond_id=9403"
    app_resource_scope_http_test.go:127: http method=GET path=/api/v1/devices?pond_id=9403 status=404 response={"error":"pond not found"}
=== RUN   TestAppResourceHTTPWhenRoleDeterminesFarmScope/support//api/v1/devices/v2-hidden
[GIN] 2026/10/04 - 12:32:47 | 404 |    1.173872ms |       127.0.0.1 | GET      "/api/v1/devices/v2-hidden"
    app_resource_scope_http_test.go:127: http method=GET path=/api/v1/devices/v2-hidden status=404 response={"error":"device not found"}
=== RUN   TestAppResourceHTTPWhenRoleDeterminesFarmScope/support//api/v1/water/latest?device_no=v2-hidden
[GIN] 2026/10/04 - 12:32:47 | 404 |    1.118247ms |       127.0.0.1 | GET      "/api/v1/water/latest?device_no=v2-hidden"
    app_resource_scope_http_test.go:127: http method=GET path=/api/v1/water/latest?device_no=v2-hidden status=404 response={"error":"no data"}
=== RUN   TestAppResourceHTTPWhenRoleDeterminesFarmScope/support//api/v1/water/history?device_no=v2-hidden&metric=temperature&range=30d
[GIN] 2026/10/04 - 12:32:47 | 404 |    2.196549ms |       127.0.0.1 | GET      "/api/v1/water/history?device_no=v2-hidden&metric=temperature&range=30d"
    app_resource_scope_http_test.go:127: http method=GET path=/api/v1/water/history?device_no=v2-hidden&metric=temperature&range=30d status=404 response={"error":"device not found"}
=== RUN   TestAppResourceHTTPWhenRoleDeterminesFarmScope/support//api/v2/devices/v2-hidden/model/latest
[GIN] 2026/10/04 - 12:32:47 | 404 |    1.492643ms |       127.0.0.1 | GET      "/api/v2/devices/v2-hidden/model/latest"
    app_resource_scope_http_test.go:127: http method=GET path=/api/v2/devices/v2-hidden/model/latest status=404 response={"error":"not_found"}
=== RUN   TestAppResourceHTTPWhenRoleDeterminesFarmScope/support//api/v2/devices/v2-hidden/history?metric=temperature
[GIN] 2026/10/04 - 12:32:47 | 404 |    2.026058ms |       127.0.0.1 | GET      "/api/v2/devices/v2-hidden/history?metric=temperature"
    app_resource_scope_http_test.go:127: http method=GET path=/api/v2/devices/v2-hidden/history?metric=temperature status=404 response={"error":"not_found"}
=== RUN   TestAppResourceHTTPWhenRoleDeterminesFarmScope/support//api/v1/ponds/9402
[GIN] 2026/10/04 - 12:32:47 | 404 |    1.192377ms |       127.0.0.1 | GET      "/api/v1/ponds/9402"
    app_resource_scope_http_test.go:127: http method=GET path=/api/v1/ponds/9402 status=404 response={"error":"pond not found"}
=== RUN   TestAppResourceHTTPWhenRoleDeterminesFarmScope/support//api/v1/devices?pond_id=9402
[GIN] 2026/10/04 - 12:32:47 | 404 |    1.163342ms |       127.0.0.1 | GET      "/api/v1/devices?pond_id=9402"
    app_resource_scope_http_test.go:127: http method=GET path=/api/v1/devices?pond_id=9402 status=404 response={"error":"pond not found"}
=== RUN   TestAppResourceHTTPWhenRoleDeterminesFarmScope/support//api/v1/devices/v2-foreign
[GIN] 2026/10/04 - 12:32:47 | 404 |     660.905µs |       127.0.0.1 | GET      "/api/v1/devices/v2-foreign"
    app_resource_scope_http_test.go:127: http method=GET path=/api/v1/devices/v2-foreign status=404 response={"error":"device not found"}
=== RUN   TestAppResourceHTTPWhenRoleDeterminesFarmScope/support//api/v1/water/latest?device_no=v2-foreign
[GIN] 2026/10/04 - 12:32:47 | 404 |      711.01µs |       127.0.0.1 | GET      "/api/v1/water/latest?device_no=v2-foreign"
    app_resource_scope_http_test.go:127: http method=GET path=/api/v1/water/latest?device_no=v2-foreign status=404 response={"error":"no data"}
=== RUN   TestAppResourceHTTPWhenRoleDeterminesFarmScope/support//api/v1/water/history?device_no=v2-foreign&metric=temperature&range=30d
[GIN] 2026/10/04 - 12:32:47 | 404 |    1.669997ms |       127.0.0.1 | GET      "/api/v1/water/history?device_no=v2-foreign&metric=temperature&range=30d"
    app_resource_scope_http_test.go:127: http method=GET path=/api/v1/water/history?device_no=v2-foreign&metric=temperature&range=30d status=404 response={"error":"device not found"}
=== RUN   TestAppResourceHTTPWhenRoleDeterminesFarmScope/support//api/v2/devices/v2-foreign/model/latest
[GIN] 2026/10/04 - 12:32:47 | 404 |    1.486571ms |       127.0.0.1 | GET      "/api/v2/devices/v2-foreign/model/latest"
    app_resource_scope_http_test.go:127: http method=GET path=/api/v2/devices/v2-foreign/model/latest status=404 response={"error":"not_found"}
=== RUN   TestAppResourceHTTPWhenRoleDeterminesFarmScope/support//api/v2/devices/v2-foreign/history?metric=temperature
[GIN] 2026/10/04 - 12:32:47 | 404 |    1.730871ms |       127.0.0.1 | GET      "/api/v2/devices/v2-foreign/history?metric=temperature"
    app_resource_scope_http_test.go:127: http method=GET path=/api/v2/devices/v2-foreign/history?metric=temperature status=404 response={"error":"not_found"}
[GIN] 2026/10/04 - 12:32:47 | 404 |     2.67439ms |       127.0.0.1 | POST     "/api/v1/alarms/2/confirm"
=== NAME  TestAppResourceHTTPWhenRoleDeterminesFarmScope/support
    app_resource_scope_http_test.go:149: http method=POST path=/api/v1/alarms/2/confirm status=404 response={"error":"alarm not found"}
    app_resource_scope_http_test.go:158: scenario=support_hidden_alarm_confirm before={"alarms": [{"id": 1, "level": "warning", "metric": "temperature", "message": "temperature 高于阈值 20", "pond_id": 9401, "device_no": "v2-permission", "threshold": 20, "created_at": "2026-10-04T04:31:47.422354+00:00", "product_id": 1, "confirmed_at": null, "current_value": 25}, {"id": 2, "level": "warning", "metric": "temperature", "message": "temperature 高于阈值 20", "pond_id": 9403, "device_no": "v2-hidden", "threshold": 20, "created_at": "2026-10-04T04:31:47.430489+00:00", "product_id": 1, "confirmed_at": null, "current_value": 25}], "outbox": [{"id": 1, "status": "pending", "next_at": "2026-10-04T04:32:47.422384+00:00", "alarm_id": 1, "attempts": 0, "created_at": "2026-10-04T04:32:47.422384+00:00", "last_error": null, "updated_at": "2026-10-04T04:32:47.422384+00:00", "lease_owner": null, "leased_until": null, "recipient_open_id": null}, {"id": 2, "status": "pending", "next_at": "2026-10-04T04:32:47.430525+00:00", "alarm_id": 2, "attempts": 0, "created_at": "2026-10-04T04:32:47.430525+00:00", "last_error": null, "updated_at": "2026-10-04T04:32:47.430525+00:00", "lease_owner": null, "leased_until": null, "recipient_open_id": null}], "shadows": [{"ts": "2026-10-04T04:31:47.430489+00:00", "last": {"temperature": 25}, "signal": null, "pond_id": 9403, "device_no": "v2-hidden", "tenant_id": 9401, "product_id": 1, "timestamps": {"temperature": "2026-10-04T04:31:47.43048968Z"}, "model_version": 1}, {"ts": "2026-10-04T04:31:47.422354+00:00", "last": {"temperature": 25}, "signal": null, "pond_id": 9401, "device_no": "v2-permission", "tenant_id": 9401, "product_id": 1, "timestamps": {"temperature": "2026-10-04T04:31:47.42235414Z"}, "model_version": 1}], "telemetry": [{"ts": "2026-10-04T04:31:47.422354+00:00", "pond_id": 9401, "device_no": "v2-permission", "tenant_id": 9401, "product_id": 1, "properties": {"temperature": 25}, "model_version": 1}, {"ts": "2026-10-04T04:31:47.430489+00:00", "pond_id": 9403, "device_no": "v2-hidden", "tenant_id": 9401, "product_id": 1, "properties": {"temperature": 25}, "model_version": 1}], "sensor_data": [{"ph": null, "ts": "2026-10-04T04:31:47.422354+00:00", "signal": null, "battery": null, "pond_id": 9401, "salinity": null, "device_no": "v2-permission", "tenant_id": 9401, "turbidity": null, "temperature": 25, "dissolved_oxygen": null}, {"ph": null, "ts": "2026-10-04T04:31:47.430489+00:00", "signal": null, "battery": null, "pond_id": 9403, "salinity": null, "device_no": "v2-hidden", "tenant_id": 9401, "turbidity": null, "temperature": 25, "dissolved_oxygen": null}]} after={"alarms": [{"id": 1, "level": "warning", "metric": "temperature", "message": "temperature 高于阈值 20", "pond_id": 9401, "device_no": "v2-permission", "threshold": 20, "created_at": "2026-10-04T04:31:47.422354+00:00", "product_id": 1, "confirmed_at": null, "current_value": 25}, {"id": 2, "level": "warning", "metric": "temperature", "message": "temperature 高于阈值 20", "pond_id": 9403, "device_no": "v2-hidden", "threshold": 20, "created_at": "2026-10-04T04:31:47.430489+00:00", "product_id": 1, "confirmed_at": null, "current_value": 25}], "outbox": [{"id": 1, "status": "pending", "next_at": "2026-10-04T04:32:47.422384+00:00", "alarm_id": 1, "attempts": 0, "created_at": "2026-10-04T04:32:47.422384+00:00", "last_error": null, "updated_at": "2026-10-04T04:32:47.422384+00:00", "lease_owner": null, "leased_until": null, "recipient_open_id": null}, {"id": 2, "status": "pending", "next_at": "2026-10-04T04:32:47.430525+00:00", "alarm_id": 2, "attempts": 0, "created_at": "2026-10-04T04:32:47.430525+00:00", "last_error": null, "updated_at": "2026-10-04T04:32:47.430525+00:00", "lease_owner": null, "leased_until": null, "recipient_open_id": null}], "shadows": [{"ts": "2026-10-04T04:31:47.430489+00:00", "last": {"temperature": 25}, "signal": null, "pond_id": 9403, "device_no": "v2-hidden", "tenant_id": 9401, "product_id": 1, "timestamps": {"temperature": "2026-10-04T04:31:47.43048968Z"}, "model_version": 1}, {"ts": "2026-10-04T04:31:47.422354+00:00", "last": {"temperature": 25}, "signal": null, "pond_id": 9401, "device_no": "v2-permission", "tenant_id": 9401, "product_id": 1, "timestamps": {"temperature": "2026-10-04T04:31:47.42235414Z"}, "model_version": 1}], "telemetry": [{"ts": "2026-10-04T04:31:47.422354+00:00", "pond_id": 9401, "device_no": "v2-permission", "tenant_id": 9401, "product_id": 1, "properties": {"temperature": 25}, "model_version": 1}, {"ts": "2026-10-04T04:31:47.430489+00:00", "pond_id": 9403, "device_no": "v2-hidden", "tenant_id": 9401, "product_id": 1, "properties": {"temperature": 25}, "model_version": 1}], "sensor_data": [{"ph": null, "ts": "2026-10-04T04:31:47.422354+00:00", "signal": null, "battery": null, "pond_id": 9401, "salinity": null, "device_no": "v2-permission", "tenant_id": 9401, "turbidity": null, "temperature": 25, "dissolved_oxygen": null}, {"ph": null, "ts": "2026-10-04T04:31:47.430489+00:00", "signal": null, "battery": null, "pond_id": 9403, "salinity": null, "device_no": "v2-hidden", "tenant_id": 9401, "turbidity": null, "temperature": 25, "dissolved_oxygen": null}]}
--- PASS: TestAppResourceHTTPWhenRoleDeterminesFarmScope (2.05s)
    --- PASS: TestAppResourceHTTPWhenRoleDeterminesFarmScope/owner (0.42s)
        --- PASS: TestAppResourceHTTPWhenRoleDeterminesFarmScope/owner//api/v1/ponds (0.01s)
        --- PASS: TestAppResourceHTTPWhenRoleDeterminesFarmScope/owner//api/v1/devices (0.00s)
        --- PASS: TestAppResourceHTTPWhenRoleDeterminesFarmScope/owner//api/v1/alarms (0.00s)
        --- PASS: TestAppResourceHTTPWhenRoleDeterminesFarmScope/owner/stats (0.00s)
        --- PASS: TestAppResourceHTTPWhenRoleDeterminesFarmScope/owner//api/v1/ponds/9401 (0.00s)
        --- PASS: TestAppResourceHTTPWhenRoleDeterminesFarmScope/owner//api/v1/devices?pond_id=9401 (0.00s)
        --- PASS: TestAppResourceHTTPWhenRoleDeterminesFarmScope/owner//api/v1/devices/v2-permission (0.00s)
        --- PASS: TestAppResourceHTTPWhenRoleDeterminesFarmScope/owner//api/v1/water/latest?device_no=v2-permission (0.00s)
        --- PASS: TestAppResourceHTTPWhenRoleDeterminesFarmScope/owner//api/v1/water/history?device_no=v2-permission&metric=temperature&range=30d (0.00s)
        --- PASS: TestAppResourceHTTPWhenRoleDeterminesFarmScope/owner//api/v2/devices/v2-permission/model/latest (0.00s)
        --- PASS: TestAppResourceHTTPWhenRoleDeterminesFarmScope/owner//api/v2/devices/v2-permission/history?metric=temperature (0.01s)
        --- PASS: TestAppResourceHTTPWhenRoleDeterminesFarmScope/owner//api/v1/ponds/9403 (0.00s)
        --- PASS: TestAppResourceHTTPWhenRoleDeterminesFarmScope/owner//api/v1/devices?pond_id=9403 (0.00s)
        --- PASS: TestAppResourceHTTPWhenRoleDeterminesFarmScope/owner//api/v1/devices/v2-hidden (0.00s)
        --- PASS: TestAppResourceHTTPWhenRoleDeterminesFarmScope/owner//api/v1/water/latest?device_no=v2-hidden (0.00s)
        --- PASS: TestAppResourceHTTPWhenRoleDeterminesFarmScope/owner//api/v1/water/history?device_no=v2-hidden&metric=temperature&range=30d (0.00s)
        --- PASS: TestAppResourceHTTPWhenRoleDeterminesFarmScope/owner//api/v2/devices/v2-hidden/model/latest (0.00s)
        --- PASS: TestAppResourceHTTPWhenRoleDeterminesFarmScope/owner//api/v2/devices/v2-hidden/history?metric=temperature (0.00s)
        --- PASS: TestAppResourceHTTPWhenRoleDeterminesFarmScope/owner//api/v1/ponds/9402 (0.00s)
        --- PASS: TestAppResourceHTTPWhenRoleDeterminesFarmScope/owner//api/v1/devices?pond_id=9402 (0.00s)
        --- PASS: TestAppResourceHTTPWhenRoleDeterminesFarmScope/owner//api/v1/devices/v2-foreign (0.00s)
        --- PASS: TestAppResourceHTTPWhenRoleDeterminesFarmScope/owner//api/v1/water/latest?device_no=v2-foreign (0.00s)
        --- PASS: TestAppResourceHTTPWhenRoleDeterminesFarmScope/owner//api/v1/water/history?device_no=v2-foreign&metric=temperature&range=30d (0.00s)
        --- PASS: TestAppResourceHTTPWhenRoleDeterminesFarmScope/owner//api/v2/devices/v2-foreign/model/latest (0.00s)
        --- PASS: TestAppResourceHTTPWhenRoleDeterminesFarmScope/owner//api/v2/devices/v2-foreign/history?metric=temperature (0.00s)
    --- PASS: TestAppResourceHTTPWhenRoleDeterminesFarmScope/admin (0.42s)
        --- PASS: TestAppResourceHTTPWhenRoleDeterminesFarmScope/admin//api/v1/ponds (0.01s)
        --- PASS: TestAppResourceHTTPWhenRoleDeterminesFarmScope/admin//api/v1/devices (0.00s)
        --- PASS: TestAppResourceHTTPWhenRoleDeterminesFarmScope/admin//api/v1/alarms (0.00s)
        --- PASS: TestAppResourceHTTPWhenRoleDeterminesFarmScope/admin/stats (0.00s)
        --- PASS: TestAppResourceHTTPWhenRoleDeterminesFarmScope/admin//api/v1/ponds/9401 (0.00s)
        --- PASS: TestAppResourceHTTPWhenRoleDeterminesFarmScope/admin//api/v1/devices?pond_id=9401 (0.00s)
        --- PASS: TestAppResourceHTTPWhenRoleDeterminesFarmScope/admin//api/v1/devices/v2-permission (0.00s)
        --- PASS: TestAppResourceHTTPWhenRoleDeterminesFarmScope/admin//api/v1/water/latest?device_no=v2-permission (0.00s)
        --- PASS: TestAppResourceHTTPWhenRoleDeterminesFarmScope/admin//api/v1/water/history?device_no=v2-permission&metric=temperature&range=30d (0.00s)
        --- PASS: TestAppResourceHTTPWhenRoleDeterminesFarmScope/admin//api/v2/devices/v2-permission/model/latest (0.00s)
        --- PASS: TestAppResourceHTTPWhenRoleDeterminesFarmScope/admin//api/v2/devices/v2-permission/history?metric=temperature (0.01s)
        --- PASS: TestAppResourceHTTPWhenRoleDeterminesFarmScope/admin//api/v1/ponds/9403 (0.00s)
        --- PASS: TestAppResourceHTTPWhenRoleDeterminesFarmScope/admin//api/v1/devices?pond_id=9403 (0.00s)
        --- PASS: TestAppResourceHTTPWhenRoleDeterminesFarmScope/admin//api/v1/devices/v2-hidden (0.00s)
        --- PASS: TestAppResourceHTTPWhenRoleDeterminesFarmScope/admin//api/v1/water/latest?device_no=v2-hidden (0.00s)
        --- PASS: TestAppResourceHTTPWhenRoleDeterminesFarmScope/admin//api/v1/water/history?device_no=v2-hidden&metric=temperature&range=30d (0.00s)
        --- PASS: TestAppResourceHTTPWhenRoleDeterminesFarmScope/admin//api/v2/devices/v2-hidden/model/latest (0.00s)
        --- PASS: TestAppResourceHTTPWhenRoleDeterminesFarmScope/admin//api/v2/devices/v2-hidden/history?metric=temperature (0.00s)
        --- PASS: TestAppResourceHTTPWhenRoleDeterminesFarmScope/admin//api/v1/ponds/9402 (0.00s)
        --- PASS: TestAppResourceHTTPWhenRoleDeterminesFarmScope/admin//api/v1/devices?pond_id=9402 (0.00s)
        --- PASS: TestAppResourceHTTPWhenRoleDeterminesFarmScope/admin//api/v1/devices/v2-foreign (0.00s)
        --- PASS: TestAppResourceHTTPWhenRoleDeterminesFarmScope/admin//api/v1/water/latest?device_no=v2-foreign (0.00s)
        --- PASS: TestAppResourceHTTPWhenRoleDeterminesFarmScope/admin//api/v1/water/history?device_no=v2-foreign&metric=temperature&range=30d (0.00s)
        --- PASS: TestAppResourceHTTPWhenRoleDeterminesFarmScope/admin//api/v2/devices/v2-foreign/model/latest (0.00s)
        --- PASS: TestAppResourceHTTPWhenRoleDeterminesFarmScope/admin//api/v2/devices/v2-foreign/history?metric=temperature (0.00s)
    --- PASS: TestAppResourceHTTPWhenRoleDeterminesFarmScope/member (0.41s)
        --- PASS: TestAppResourceHTTPWhenRoleDeterminesFarmScope/member//api/v1/ponds (0.01s)
        --- PASS: TestAppResourceHTTPWhenRoleDeterminesFarmScope/member//api/v1/devices (0.00s)
        --- PASS: TestAppResourceHTTPWhenRoleDeterminesFarmScope/member//api/v1/alarms (0.00s)
        --- PASS: TestAppResourceHTTPWhenRoleDeterminesFarmScope/member/stats (0.00s)
        --- PASS: TestAppResourceHTTPWhenRoleDeterminesFarmScope/member//api/v1/ponds/9401 (0.00s)
        --- PASS: TestAppResourceHTTPWhenRoleDeterminesFarmScope/member//api/v1/devices?pond_id=9401 (0.00s)
        --- PASS: TestAppResourceHTTPWhenRoleDeterminesFarmScope/member//api/v1/devices/v2-permission (0.00s)
        --- PASS: TestAppResourceHTTPWhenRoleDeterminesFarmScope/member//api/v1/water/latest?device_no=v2-permission (0.00s)
        --- PASS: TestAppResourceHTTPWhenRoleDeterminesFarmScope/member//api/v1/water/history?device_no=v2-permission&metric=temperature&range=30d (0.00s)
        --- PASS: TestAppResourceHTTPWhenRoleDeterminesFarmScope/member//api/v2/devices/v2-permission/model/latest (0.00s)
        --- PASS: TestAppResourceHTTPWhenRoleDeterminesFarmScope/member//api/v2/devices/v2-permission/history?metric=temperature (0.01s)
        --- PASS: TestAppResourceHTTPWhenRoleDeterminesFarmScope/member//api/v1/ponds/9403 (0.00s)
        --- PASS: TestAppResourceHTTPWhenRoleDeterminesFarmScope/member//api/v1/devices?pond_id=9403 (0.00s)
        --- PASS: TestAppResourceHTTPWhenRoleDeterminesFarmScope/member//api/v1/devices/v2-hidden (0.00s)
        --- PASS: TestAppResourceHTTPWhenRoleDeterminesFarmScope/member//api/v1/water/latest?device_no=v2-hidden (0.00s)
        --- PASS: TestAppResourceHTTPWhenRoleDeterminesFarmScope/member//api/v1/water/history?device_no=v2-hidden&metric=temperature&range=30d (0.00s)
        --- PASS: TestAppResourceHTTPWhenRoleDeterminesFarmScope/member//api/v2/devices/v2-hidden/model/latest (0.00s)
        --- PASS: TestAppResourceHTTPWhenRoleDeterminesFarmScope/member//api/v2/devices/v2-hidden/history?metric=temperature (0.00s)
        --- PASS: TestAppResourceHTTPWhenRoleDeterminesFarmScope/member//api/v1/ponds/9402 (0.00s)
        --- PASS: TestAppResourceHTTPWhenRoleDeterminesFarmScope/member//api/v1/devices?pond_id=9402 (0.00s)
        --- PASS: TestAppResourceHTTPWhenRoleDeterminesFarmScope/member//api/v1/devices/v2-foreign (0.00s)
        --- PASS: TestAppResourceHTTPWhenRoleDeterminesFarmScope/member//api/v1/water/latest?device_no=v2-foreign (0.00s)
        --- PASS: TestAppResourceHTTPWhenRoleDeterminesFarmScope/member//api/v1/water/history?device_no=v2-foreign&metric=temperature&range=30d (0.00s)
        --- PASS: TestAppResourceHTTPWhenRoleDeterminesFarmScope/member//api/v2/devices/v2-foreign/model/latest (0.00s)
        --- PASS: TestAppResourceHTTPWhenRoleDeterminesFarmScope/member//api/v2/devices/v2-foreign/history?metric=temperature (0.00s)
    --- PASS: TestAppResourceHTTPWhenRoleDeterminesFarmScope/viewer (0.40s)
        --- PASS: TestAppResourceHTTPWhenRoleDeterminesFarmScope/viewer//api/v1/ponds (0.01s)
        --- PASS: TestAppResourceHTTPWhenRoleDeterminesFarmScope/viewer//api/v1/devices (0.00s)
        --- PASS: TestAppResourceHTTPWhenRoleDeterminesFarmScope/viewer//api/v1/alarms (0.00s)
        --- PASS: TestAppResourceHTTPWhenRoleDeterminesFarmScope/viewer/stats (0.00s)
        --- PASS: TestAppResourceHTTPWhenRoleDeterminesFarmScope/viewer//api/v1/ponds/9401 (0.00s)
        --- PASS: TestAppResourceHTTPWhenRoleDeterminesFarmScope/viewer//api/v1/devices?pond_id=9401 (0.00s)
        --- PASS: TestAppResourceHTTPWhenRoleDeterminesFarmScope/viewer//api/v1/devices/v2-permission (0.00s)
        --- PASS: TestAppResourceHTTPWhenRoleDeterminesFarmScope/viewer//api/v1/water/latest?device_no=v2-permission (0.00s)
        --- PASS: TestAppResourceHTTPWhenRoleDeterminesFarmScope/viewer//api/v1/water/history?device_no=v2-permission&metric=temperature&range=30d (0.00s)
        --- PASS: TestAppResourceHTTPWhenRoleDeterminesFarmScope/viewer//api/v2/devices/v2-permission/model/latest (0.00s)
        --- PASS: TestAppResourceHTTPWhenRoleDeterminesFarmScope/viewer//api/v2/devices/v2-permission/history?metric=temperature (0.01s)
        --- PASS: TestAppResourceHTTPWhenRoleDeterminesFarmScope/viewer//api/v1/ponds/9403 (0.00s)
        --- PASS: TestAppResourceHTTPWhenRoleDeterminesFarmScope/viewer//api/v1/devices?pond_id=9403 (0.00s)
        --- PASS: TestAppResourceHTTPWhenRoleDeterminesFarmScope/viewer//api/v1/devices/v2-hidden (0.00s)
        --- PASS: TestAppResourceHTTPWhenRoleDeterminesFarmScope/viewer//api/v1/water/latest?device_no=v2-hidden (0.00s)
        --- PASS: TestAppResourceHTTPWhenRoleDeterminesFarmScope/viewer//api/v1/water/history?device_no=v2-hidden&metric=temperature&range=30d (0.00s)
        --- PASS: TestAppResourceHTTPWhenRoleDeterminesFarmScope/viewer//api/v2/devices/v2-hidden/model/latest (0.00s)
        --- PASS: TestAppResourceHTTPWhenRoleDeterminesFarmScope/viewer//api/v2/devices/v2-hidden/history?metric=temperature (0.00s)
        --- PASS: TestAppResourceHTTPWhenRoleDeterminesFarmScope/viewer//api/v1/ponds/9402 (0.00s)
        --- PASS: TestAppResourceHTTPWhenRoleDeterminesFarmScope/viewer//api/v1/devices?pond_id=9402 (0.00s)
        --- PASS: TestAppResourceHTTPWhenRoleDeterminesFarmScope/viewer//api/v1/devices/v2-foreign (0.00s)
        --- PASS: TestAppResourceHTTPWhenRoleDeterminesFarmScope/viewer//api/v1/water/latest?device_no=v2-foreign (0.00s)
        --- PASS: TestAppResourceHTTPWhenRoleDeterminesFarmScope/viewer//api/v1/water/history?device_no=v2-foreign&metric=temperature&range=30d (0.00s)
        --- PASS: TestAppResourceHTTPWhenRoleDeterminesFarmScope/viewer//api/v2/devices/v2-foreign/model/latest (0.00s)
        --- PASS: TestAppResourceHTTPWhenRoleDeterminesFarmScope/viewer//api/v2/devices/v2-foreign/history?metric=temperature (0.00s)
    --- PASS: TestAppResourceHTTPWhenRoleDeterminesFarmScope/support (0.40s)
        --- PASS: TestAppResourceHTTPWhenRoleDeterminesFarmScope/support//api/v1/ponds (0.01s)
        --- PASS: TestAppResourceHTTPWhenRoleDeterminesFarmScope/support//api/v1/devices (0.00s)
        --- PASS: TestAppResourceHTTPWhenRoleDeterminesFarmScope/support//api/v1/alarms (0.00s)
        --- PASS: TestAppResourceHTTPWhenRoleDeterminesFarmScope/support/stats (0.00s)
        --- PASS: TestAppResourceHTTPWhenRoleDeterminesFarmScope/support//api/v1/ponds/9401 (0.00s)
        --- PASS: TestAppResourceHTTPWhenRoleDeterminesFarmScope/support//api/v1/devices?pond_id=9401 (0.00s)
        --- PASS: TestAppResourceHTTPWhenRoleDeterminesFarmScope/support//api/v1/devices/v2-permission (0.00s)
        --- PASS: TestAppResourceHTTPWhenRoleDeterminesFarmScope/support//api/v1/water/latest?device_no=v2-permission (0.00s)
        --- PASS: TestAppResourceHTTPWhenRoleDeterminesFarmScope/support//api/v1/water/history?device_no=v2-permission&metric=temperature&range=30d (0.00s)
        --- PASS: TestAppResourceHTTPWhenRoleDeterminesFarmScope/support//api/v2/devices/v2-permission/model/latest (0.00s)
        --- PASS: TestAppResourceHTTPWhenRoleDeterminesFarmScope/support//api/v2/devices/v2-permission/history?metric=temperature (0.01s)
        --- PASS: TestAppResourceHTTPWhenRoleDeterminesFarmScope/support//api/v1/ponds/9403 (0.00s)
        --- PASS: TestAppResourceHTTPWhenRoleDeterminesFarmScope/support//api/v1/devices?pond_id=9403 (0.00s)
        --- PASS: TestAppResourceHTTPWhenRoleDeterminesFarmScope/support//api/v1/devices/v2-hidden (0.00s)
        --- PASS: TestAppResourceHTTPWhenRoleDeterminesFarmScope/support//api/v1/water/latest?device_no=v2-hidden (0.00s)
        --- PASS: TestAppResourceHTTPWhenRoleDeterminesFarmScope/support//api/v1/water/history?device_no=v2-hidden&metric=temperature&range=30d (0.00s)
        --- PASS: TestAppResourceHTTPWhenRoleDeterminesFarmScope/support//api/v2/devices/v2-hidden/model/latest (0.00s)
        --- PASS: TestAppResourceHTTPWhenRoleDeterminesFarmScope/support//api/v2/devices/v2-hidden/history?metric=temperature (0.00s)
        --- PASS: TestAppResourceHTTPWhenRoleDeterminesFarmScope/support//api/v1/ponds/9402 (0.00s)
        --- PASS: TestAppResourceHTTPWhenRoleDeterminesFarmScope/support//api/v1/devices?pond_id=9402 (0.00s)
        --- PASS: TestAppResourceHTTPWhenRoleDeterminesFarmScope/support//api/v1/devices/v2-foreign (0.00s)
        --- PASS: TestAppResourceHTTPWhenRoleDeterminesFarmScope/support//api/v1/water/latest?device_no=v2-foreign (0.00s)
        --- PASS: TestAppResourceHTTPWhenRoleDeterminesFarmScope/support//api/v1/water/history?device_no=v2-foreign&metric=temperature&range=30d (0.00s)
        --- PASS: TestAppResourceHTTPWhenRoleDeterminesFarmScope/support//api/v2/devices/v2-foreign/model/latest (0.00s)
        --- PASS: TestAppResourceHTTPWhenRoleDeterminesFarmScope/support//api/v2/devices/v2-foreign/history?metric=temperature (0.00s)
=== RUN   TestM6bTenantMembershipVersionAndRevocation
    m6b_tenant_test.go:179: inactive tenant telemetry error=no rows in result set
--- PASS: TestM6bTenantMembershipVersionAndRevocation (0.35s)
=== RUN   TestAppResourceScopeWhenManagerContextIsForged
=== RUN   TestAppResourceScopeWhenManagerContextIsForged/actor
    app_resource_scope_test.go:84: environment real_timescaledb=2.30.0
    app_resource_scope_test.go:107: scenario=manager_actor error=not found
=== RUN   TestAppResourceScopeWhenManagerContextIsForged/role
    app_resource_scope_test.go:84: environment real_timescaledb=2.30.0
    app_resource_scope_test.go:107: scenario=manager_role error=not found
=== RUN   TestAppResourceScopeWhenManagerContextIsForged/membership
    app_resource_scope_test.go:84: environment real_timescaledb=2.30.0
    app_resource_scope_test.go:107: scenario=manager_membership error=not found
=== RUN   TestAppResourceScopeWhenManagerContextIsForged/platform_authority
    app_resource_scope_test.go:84: environment real_timescaledb=2.30.0
    app_resource_scope_test.go:107: scenario=manager_platform_authority error=not found
=== RUN   TestAppResourceScopeWhenManagerContextIsForged/missing_actor
    app_resource_scope_test.go:84: environment real_timescaledb=2.30.0
    app_resource_scope_test.go:107: scenario=manager_missing_actor error=not found
--- PASS: TestAppResourceScopeWhenManagerContextIsForged (1.61s)
    --- PASS: TestAppResourceScopeWhenManagerContextIsForged/actor (0.32s)
    --- PASS: TestAppResourceScopeWhenManagerContextIsForged/role (0.32s)
    --- PASS: TestAppResourceScopeWhenManagerContextIsForged/membership (0.32s)
    --- PASS: TestAppResourceScopeWhenManagerContextIsForged/platform_authority (0.33s)
    --- PASS: TestAppResourceScopeWhenManagerContextIsForged/missing_actor (0.33s)
=== RUN   TestAppResourceScopeWhenTenantManagerRoleRevoked
    app_resource_scope_test.go:62: environment real_timescaledb=2.30.0
    app_resource_scope_test.go:74: scenario=manager_role_revoked error=not found before={"alarms": [], "outbox": [], "shadows": [], "telemetry": [], "sensor_data": []} after={"alarms": [], "outbox": [], "shadows": [], "telemetry": [], "sensor_data": []}
--- PASS: TestAppResourceScopeWhenTenantManagerRoleRevoked (0.33s)
=== RUN   TestAppTelemetryWriteWhenTenantManagerHasNoFarmAssignment
=== RUN   TestAppTelemetryWriteWhenTenantManagerHasNoFarmAssignment/owner
    app_resource_scope_test.go:37: environment real_timescaledb=2.30.0
    app_resource_scope_test.go:47: scenario=manager_owner_no_farm_assignment_write result={DeviceNo:v2-hidden ModelVersion:1 Accepted:[temperature] Rejected:[]} error=<nil> before={"alarms": [], "outbox": [], "shadows": [], "telemetry": [], "sensor_data": []} after={"alarms": [], "outbox": [], "shadows": [{"ts": "2026-10-01T00:00:00+00:00", "last": {"temperature": 25}, "signal": null, "pond_id": 9403, "device_no": "v2-hidden", "tenant_id": 9401, "product_id": 1, "timestamps": {"temperature": "2026-10-01T00:00:00Z"}, "model_version": 1}], "telemetry": [{"ts": "2026-10-01T00:00:00+00:00", "pond_id": 9403, "device_no": "v2-hidden", "tenant_id": 9401, "product_id": 1, "properties": {"temperature": 25}, "model_version": 1}], "sensor_data": [{"ph": null, "ts": "2026-10-01T00:00:00+00:00", "signal": null, "battery": null, "pond_id": 9403, "salinity": null, "device_no": "v2-hidden", "tenant_id": 9401, "turbidity": null, "temperature": 25, "dissolved_oxygen": null}]}
=== RUN   TestAppTelemetryWriteWhenTenantManagerHasNoFarmAssignment/admin
    app_resource_scope_test.go:37: environment real_timescaledb=2.30.0
    app_resource_scope_test.go:47: scenario=manager_admin_no_farm_assignment_write result={DeviceNo:v2-hidden ModelVersion:1 Accepted:[temperature] Rejected:[]} error=<nil> before={"alarms": [], "outbox": [], "shadows": [], "telemetry": [], "sensor_data": []} after={"alarms": [], "outbox": [], "shadows": [{"ts": "2026-10-01T00:00:00+00:00", "last": {"temperature": 25}, "signal": null, "pond_id": 9403, "device_no": "v2-hidden", "tenant_id": 9401, "product_id": 1, "timestamps": {"temperature": "2026-10-01T00:00:00Z"}, "model_version": 1}], "telemetry": [{"ts": "2026-10-01T00:00:00+00:00", "pond_id": 9403, "device_no": "v2-hidden", "tenant_id": 9401, "product_id": 1, "properties": {"temperature": 25}, "model_version": 1}], "sensor_data": [{"ph": null, "ts": "2026-10-01T00:00:00+00:00", "signal": null, "battery": null, "pond_id": 9403, "salinity": null, "device_no": "v2-hidden", "tenant_id": 9401, "turbidity": null, "temperature": 25, "dissolved_oxygen": null}]}
--- PASS: TestAppTelemetryWriteWhenTenantManagerHasNoFarmAssignment (0.68s)
    --- PASS: TestAppTelemetryWriteWhenTenantManagerHasNoFarmAssignment/owner (0.34s)
    --- PASS: TestAppTelemetryWriteWhenTenantManagerHasNoFarmAssignment/admin (0.33s)
=== RUN   TestM6bAdminHTTPAssignedFarmReadsAndBatchConfirmation
[GIN-debug] [WARNING] Running in "debug" mode. Switch to "release" mode in production.
 - using env:	export GIN_MODE=release
 - using code:	gin.SetMode(gin.ReleaseMode)

[GIN-debug] POST   /admin/v1/login           --> git.hyhy.fun/rsplab/iolink/internal/adminapi.(*Server).login-fm (2 handlers)
[GIN-debug] GET    /admin/v1/tenants         --> git.hyhy.fun/rsplab/iolink/internal/adminapi.(*Server).listTenants-fm (3 handlers)
[GIN-debug] PUT    /admin/v1/tenants/:id/status --> git.hyhy.fun/rsplab/iolink/internal/adminapi.(*Server).setTenantStatus-fm (3 handlers)
[GIN-debug] GET    /admin/v1/tenants/:id/members --> git.hyhy.fun/rsplab/iolink/internal/adminapi.(*Server).listTenantMembers-fm (3 handlers)
[GIN-debug] PUT    /admin/v1/tenants/:id/members/:user_id --> git.hyhy.fun/rsplab/iolink/internal/adminapi.(*Server).setTenantMember-fm (3 handlers)
[GIN-debug] POST   /admin/v1/password        --> git.hyhy.fun/rsplab/iolink/internal/adminapi.(*Server).changePassword-fm (3 handlers)
[GIN-debug] GET    /admin/v1/farms           --> git.hyhy.fun/rsplab/iolink/internal/adminapi.(*Server).listFarms-fm (4 handlers)
[GIN-debug] POST   /admin/v1/farms           --> git.hyhy.fun/rsplab/iolink/internal/adminapi.(*Server).createFarm-fm (4 handlers)
[GIN-debug] GET    /admin/v1/users           --> git.hyhy.fun/rsplab/iolink/internal/adminapi.(*Server).listUsers-fm (4 handlers)
[GIN-debug] PUT    /admin/v1/farms/:id       --> git.hyhy.fun/rsplab/iolink/internal/adminapi.(*Server).updateFarm-fm (4 handlers)
[GIN-debug] DELETE /admin/v1/farms/:id       --> git.hyhy.fun/rsplab/iolink/internal/adminapi.(*Server).deleteFarm-fm (4 handlers)
[GIN-debug] PUT    /admin/v1/farms/:id/owner --> git.hyhy.fun/rsplab/iolink/internal/adminapi.(*Server).setFarmOwner-fm (4 handlers)
[GIN-debug] GET    /admin/v1/farms/:id/members --> git.hyhy.fun/rsplab/iolink/internal/adminapi.(*Server).listFarmMembers-fm (4 handlers)
[GIN-debug] PUT    /admin/v1/farms/:id/members/:user_id --> git.hyhy.fun/rsplab/iolink/internal/adminapi.(*Server).setFarmMember-fm (4 handlers)
[GIN-debug] GET    /admin/v1/ponds           --> git.hyhy.fun/rsplab/iolink/internal/adminapi.(*Server).listPonds-fm (4 handlers)
[GIN-debug] POST   /admin/v1/ponds           --> git.hyhy.fun/rsplab/iolink/internal/adminapi.(*Server).createPond-fm (4 handlers)
[GIN-debug] PUT    /admin/v1/ponds/:id       --> git.hyhy.fun/rsplab/iolink/internal/adminapi.(*Server).updatePond-fm (4 handlers)
[GIN-debug] DELETE /admin/v1/ponds/:id       --> git.hyhy.fun/rsplab/iolink/internal/adminapi.(*Server).deletePond-fm (4 handlers)
[GIN-debug] GET    /admin/v1/devices         --> git.hyhy.fun/rsplab/iolink/internal/adminapi.(*Server).listDevices-fm (4 handlers)
[GIN-debug] POST   /admin/v1/devices         --> git.hyhy.fun/rsplab/iolink/internal/adminapi.(*Server).registerDevice-fm (4 handlers)
[GIN-debug] GET    /admin/v1/devices/:device_no --> git.hyhy.fun/rsplab/iolink/internal/adminapi.(*Server).getDevice-fm (4 handlers)
[GIN-debug] DELETE /admin/v1/devices/:device_no --> git.hyhy.fun/rsplab/iolink/internal/adminapi.(*Server).deleteDevice-fm (4 handlers)
[GIN-debug] PUT    /admin/v1/devices/:device_no/pond --> git.hyhy.fun/rsplab/iolink/internal/adminapi.(*Server).moveDevice-fm (4 handlers)
[GIN-debug] GET    /admin/v1/alarm-rules     --> git.hyhy.fun/rsplab/iolink/internal/adminapi.(*Server).listRules-fm (4 handlers)
[GIN-debug] POST   /admin/v1/alarm-rules     --> git.hyhy.fun/rsplab/iolink/internal/adminapi.(*Server).createRule-fm (4 handlers)
[GIN-debug] PUT    /admin/v1/alarm-rules/:id --> git.hyhy.fun/rsplab/iolink/internal/adminapi.(*Server).updateRule-fm (4 handlers)
[GIN-debug] DELETE /admin/v1/alarm-rules/:id --> git.hyhy.fun/rsplab/iolink/internal/adminapi.(*Server).deleteRule-fm (4 handlers)
[GIN-debug] GET    /admin/v1/alarms          --> git.hyhy.fun/rsplab/iolink/internal/adminapi.(*Server).listAlarms-fm (4 handlers)
[GIN-debug] POST   /admin/v1/alarms/:id/confirm --> git.hyhy.fun/rsplab/iolink/internal/adminapi.(*Server).confirmAlarm-fm (4 handlers)
[GIN-debug] POST   /admin/v1/alarms/batch-confirm --> git.hyhy.fun/rsplab/iolink/internal/adminapi.(*Server).batchConfirm-fm (4 handlers)
[GIN-debug] GET    /admin/v1/stats           --> git.hyhy.fun/rsplab/iolink/internal/adminapi.(*Server).stats-fm (4 handlers)
[GIN-debug] GET    /admin/v1/products        --> git.hyhy.fun/rsplab/iolink/internal/adminapi.(*Server).listProducts-fm (4 handlers)
[GIN-debug] POST   /admin/v1/products        --> git.hyhy.fun/rsplab/iolink/internal/adminapi.(*Server).createProduct-fm (4 handlers)
[GIN-debug] GET    /admin/v1/products/:product_id/models --> git.hyhy.fun/rsplab/iolink/internal/adminapi.(*Server).listProductModels-fm (4 handlers)
[GIN-debug] POST   /admin/v1/products/:product_id/models --> git.hyhy.fun/rsplab/iolink/internal/adminapi.(*Server).createProductModel-fm (4 handlers)
[GIN-debug] POST   /admin/v1/products/:product_id/models/:version/publish --> git.hyhy.fun/rsplab/iolink/internal/adminapi.(*Server).publishProductModel-fm (4 handlers)
[GIN-debug] GET    /admin/v1/devices/:device_no/product --> git.hyhy.fun/rsplab/iolink/internal/adminapi.(*Server).getDeviceProduct-fm (4 handlers)
[GIN-debug] PUT    /admin/v1/devices/:device_no/product --> git.hyhy.fun/rsplab/iolink/internal/adminapi.(*Server).assignDeviceProduct-fm (4 handlers)
=== RUN   TestM6bAdminHTTPAssignedFarmReadsAndBatchConfirmation/member
=== RUN   TestM6bAdminHTTPAssignedFarmReadsAndBatchConfirmation/viewer
=== RUN   TestM6bAdminHTTPAssignedFarmReadsAndBatchConfirmation/support
=== RUN   TestM6bAdminHTTPAssignedFarmReadsAndBatchConfirmation/tenant_manager_without_farm_assignment_owner
=== RUN   TestM6bAdminHTTPAssignedFarmReadsAndBatchConfirmation/tenant_manager_without_farm_assignment_admin
--- PASS: TestM6bAdminHTTPAssignedFarmReadsAndBatchConfirmation (1.34s)
    --- PASS: TestM6bAdminHTTPAssignedFarmReadsAndBatchConfirmation/member (0.20s)
    --- PASS: TestM6bAdminHTTPAssignedFarmReadsAndBatchConfirmation/viewer (0.17s)
    --- PASS: TestM6bAdminHTTPAssignedFarmReadsAndBatchConfirmation/support (0.18s)
    --- PASS: TestM6bAdminHTTPAssignedFarmReadsAndBatchConfirmation/tenant_manager_without_farm_assignment_owner (0.15s)
    --- PASS: TestM6bAdminHTTPAssignedFarmReadsAndBatchConfirmation/tenant_manager_without_farm_assignment_admin (0.14s)
=== RUN   TestAppTelemetryWriteDeniedWhenTokenRevoked
    telemetry_permission_http_test.go:77: environment real_timescaledb=2.30.0
[GIN-debug] [WARNING] Running in "debug" mode. Switch to "release" mode in production.
 - using env:	export GIN_MODE=release
 - using code:	gin.SetMode(gin.ReleaseMode)

[GIN-debug] POST   /api/v1/auth/login        --> git.hyhy.fun/rsplab/iolink/internal/appapi.(*Server).login-fm (3 handlers)
[GIN-debug] GET    /api/v1/auth/tenants      --> git.hyhy.fun/rsplab/iolink/internal/appapi.(*Server).listTenants-fm (4 handlers)
[GIN-debug] POST   /api/v1/auth/tenant       --> git.hyhy.fun/rsplab/iolink/internal/appapi.(*Server).switchTenant-fm (4 handlers)
[GIN-debug] GET    /api/v1/ponds             --> git.hyhy.fun/rsplab/iolink/internal/appapi.(*Server).listPonds-fm (4 handlers)
[GIN-debug] GET    /api/v1/ponds/:id         --> git.hyhy.fun/rsplab/iolink/internal/appapi.(*Server).getPond-fm (4 handlers)
[GIN-debug] GET    /api/v1/devices           --> git.hyhy.fun/rsplab/iolink/internal/appapi.(*Server).listDevices-fm (4 handlers)
[GIN-debug] GET    /api/v1/devices/:device_no --> git.hyhy.fun/rsplab/iolink/internal/appapi.(*Server).getDevice-fm (4 handlers)
[GIN-debug] GET    /api/v1/water/latest      --> git.hyhy.fun/rsplab/iolink/internal/appapi.(*Server).waterLatest-fm (4 handlers)
[GIN-debug] GET    /api/v1/water/history     --> git.hyhy.fun/rsplab/iolink/internal/appapi.(*Server).waterHistory-fm (4 handlers)
[GIN-debug] GET    /api/v1/alarms            --> git.hyhy.fun/rsplab/iolink/internal/appapi.(*Server).listAlarms-fm (4 handlers)
[GIN-debug] GET    /api/v1/stats/summary     --> git.hyhy.fun/rsplab/iolink/internal/appapi.(*Server).statsSummary-fm (4 handlers)
[GIN-debug] POST   /api/v1/alarms/:id/confirm --> git.hyhy.fun/rsplab/iolink/internal/appapi.(*Server).confirmAlarm-fm (4 handlers)
[GIN-debug] POST   /api/v2/devices/:device_no/telemetry --> git.hyhy.fun/rsplab/iolink/internal/appapi.(*Server).submitTelemetryV2-fm (4 handlers)
[GIN-debug] GET    /api/v2/devices/:device_no/model/latest --> git.hyhy.fun/rsplab/iolink/internal/appapi.(*Server).modelLatestV2-fm (4 handlers)
[GIN-debug] GET    /api/v2/devices/:device_no/history --> git.hyhy.fun/rsplab/iolink/internal/appapi.(*Server).telemetryHistoryV2-fm (4 handlers)
[GIN] 2026/10/04 - 12:32:52 | 200 |    3.581018ms |       127.0.0.1 | POST     "/api/v1/auth/login"
[GIN] 2026/10/04 - 12:32:52 | 200 |    2.026198ms |       127.0.0.1 | POST     "/api/v1/auth/tenant"
[GIN] 2026/10/04 - 12:32:52 | 401 |     582.889µs |       127.0.0.1 | POST     "/api/v2/devices/v2-permission/telemetry"
    telemetry_permission_http_test.go:93: scenario=app_revoked post_status=401 response={"error":"tenant membership revoked"} before={"alarms": [], "outbox": [], "shadows": [], "telemetry": [], "sensor_data": []} after={"alarms": [], "outbox": [], "shadows": [], "telemetry": [], "sensor_data": []}
--- PASS: TestAppTelemetryWriteDeniedWhenTokenRevoked (0.34s)
=== RUN   TestM6bAlarmHTTPRejectsRevocationAfterAuthentication
=== RUN   TestM6bAlarmHTTPRejectsRevocationAfterAuthentication/batch_role
    alarm_revocation_http_test.go:43: environment real_timescaledb=2.30.0
[GIN-debug] [WARNING] Running in "debug" mode. Switch to "release" mode in production.
 - using env:	export GIN_MODE=release
 - using code:	gin.SetMode(gin.ReleaseMode)

[GIN-debug] POST   /admin/v1/login           --> git.hyhy.fun/rsplab/iolink/internal/adminapi.(*Server).login-fm (2 handlers)
[GIN-debug] GET    /admin/v1/tenants         --> git.hyhy.fun/rsplab/iolink/internal/adminapi.(*Server).listTenants-fm (3 handlers)
[GIN-debug] PUT    /admin/v1/tenants/:id/status --> git.hyhy.fun/rsplab/iolink/internal/adminapi.(*Server).setTenantStatus-fm (3 handlers)
[GIN-debug] GET    /admin/v1/tenants/:id/members --> git.hyhy.fun/rsplab/iolink/internal/adminapi.(*Server).listTenantMembers-fm (3 handlers)
[GIN-debug] PUT    /admin/v1/tenants/:id/members/:user_id --> git.hyhy.fun/rsplab/iolink/internal/adminapi.(*Server).setTenantMember-fm (3 handlers)
[GIN-debug] POST   /admin/v1/password        --> git.hyhy.fun/rsplab/iolink/internal/adminapi.(*Server).changePassword-fm (3 handlers)
[GIN-debug] GET    /admin/v1/farms           --> git.hyhy.fun/rsplab/iolink/internal/adminapi.(*Server).listFarms-fm (4 handlers)
[GIN-debug] POST   /admin/v1/farms           --> git.hyhy.fun/rsplab/iolink/internal/adminapi.(*Server).createFarm-fm (4 handlers)
[GIN-debug] GET    /admin/v1/users           --> git.hyhy.fun/rsplab/iolink/internal/adminapi.(*Server).listUsers-fm (4 handlers)
[GIN-debug] PUT    /admin/v1/farms/:id       --> git.hyhy.fun/rsplab/iolink/internal/adminapi.(*Server).updateFarm-fm (4 handlers)
[GIN-debug] DELETE /admin/v1/farms/:id       --> git.hyhy.fun/rsplab/iolink/internal/adminapi.(*Server).deleteFarm-fm (4 handlers)
[GIN-debug] PUT    /admin/v1/farms/:id/owner --> git.hyhy.fun/rsplab/iolink/internal/adminapi.(*Server).setFarmOwner-fm (4 handlers)
[GIN-debug] GET    /admin/v1/farms/:id/members --> git.hyhy.fun/rsplab/iolink/internal/adminapi.(*Server).listFarmMembers-fm (4 handlers)
[GIN-debug] PUT    /admin/v1/farms/:id/members/:user_id --> git.hyhy.fun/rsplab/iolink/internal/adminapi.(*Server).setFarmMember-fm (4 handlers)
[GIN-debug] GET    /admin/v1/ponds           --> git.hyhy.fun/rsplab/iolink/internal/adminapi.(*Server).listPonds-fm (4 handlers)
[GIN-debug] POST   /admin/v1/ponds           --> git.hyhy.fun/rsplab/iolink/internal/adminapi.(*Server).createPond-fm (4 handlers)
[GIN-debug] PUT    /admin/v1/ponds/:id       --> git.hyhy.fun/rsplab/iolink/internal/adminapi.(*Server).updatePond-fm (4 handlers)
[GIN-debug] DELETE /admin/v1/ponds/:id       --> git.hyhy.fun/rsplab/iolink/internal/adminapi.(*Server).deletePond-fm (4 handlers)
[GIN-debug] GET    /admin/v1/devices         --> git.hyhy.fun/rsplab/iolink/internal/adminapi.(*Server).listDevices-fm (4 handlers)
[GIN-debug] POST   /admin/v1/devices         --> git.hyhy.fun/rsplab/iolink/internal/adminapi.(*Server).registerDevice-fm (4 handlers)
[GIN-debug] GET    /admin/v1/devices/:device_no --> git.hyhy.fun/rsplab/iolink/internal/adminapi.(*Server).getDevice-fm (4 handlers)
[GIN-debug] DELETE /admin/v1/devices/:device_no --> git.hyhy.fun/rsplab/iolink/internal/adminapi.(*Server).deleteDevice-fm (4 handlers)
[GIN-debug] PUT    /admin/v1/devices/:device_no/pond --> git.hyhy.fun/rsplab/iolink/internal/adminapi.(*Server).moveDevice-fm (4 handlers)
[GIN-debug] GET    /admin/v1/alarm-rules     --> git.hyhy.fun/rsplab/iolink/internal/adminapi.(*Server).listRules-fm (4 handlers)
[GIN-debug] POST   /admin/v1/alarm-rules     --> git.hyhy.fun/rsplab/iolink/internal/adminapi.(*Server).createRule-fm (4 handlers)
[GIN-debug] PUT    /admin/v1/alarm-rules/:id --> git.hyhy.fun/rsplab/iolink/internal/adminapi.(*Server).updateRule-fm (4 handlers)
[GIN-debug] DELETE /admin/v1/alarm-rules/:id --> git.hyhy.fun/rsplab/iolink/internal/adminapi.(*Server).deleteRule-fm (4 handlers)
[GIN-debug] GET    /admin/v1/alarms          --> git.hyhy.fun/rsplab/iolink/internal/adminapi.(*Server).listAlarms-fm (4 handlers)
[GIN-debug] POST   /admin/v1/alarms/:id/confirm --> git.hyhy.fun/rsplab/iolink/internal/adminapi.(*Server).confirmAlarm-fm (4 handlers)
[GIN-debug] POST   /admin/v1/alarms/batch-confirm --> git.hyhy.fun/rsplab/iolink/internal/adminapi.(*Server).batchConfirm-fm (4 handlers)
[GIN-debug] GET    /admin/v1/stats           --> git.hyhy.fun/rsplab/iolink/internal/adminapi.(*Server).stats-fm (4 handlers)
[GIN-debug] GET    /admin/v1/products        --> git.hyhy.fun/rsplab/iolink/internal/adminapi.(*Server).listProducts-fm (4 handlers)
[GIN-debug] POST   /admin/v1/products        --> git.hyhy.fun/rsplab/iolink/internal/adminapi.(*Server).createProduct-fm (4 handlers)
[GIN-debug] GET    /admin/v1/products/:product_id/models --> git.hyhy.fun/rsplab/iolink/internal/adminapi.(*Server).listProductModels-fm (4 handlers)
[GIN-debug] POST   /admin/v1/products/:product_id/models --> git.hyhy.fun/rsplab/iolink/internal/adminapi.(*Server).createProductModel-fm (4 handlers)
[GIN-debug] POST   /admin/v1/products/:product_id/models/:version/publish --> git.hyhy.fun/rsplab/iolink/internal/adminapi.(*Server).publishProductModel-fm (4 handlers)
[GIN-debug] GET    /admin/v1/devices/:device_no/product --> git.hyhy.fun/rsplab/iolink/internal/adminapi.(*Server).getDeviceProduct-fm (4 handlers)
[GIN-debug] PUT    /admin/v1/devices/:device_no/product --> git.hyhy.fun/rsplab/iolink/internal/adminapi.(*Server).assignDeviceProduct-fm (4 handlers)
    alarm_revocation_http_test.go:94: operation=batch revocation=role injected=true status=404 response={"error":"alarm not found"} unchanged=true
=== RUN   TestM6bAlarmHTTPRejectsRevocationAfterAuthentication/batch_membership
    alarm_revocation_http_test.go:43: environment real_timescaledb=2.30.0
[GIN-debug] [WARNING] Running in "debug" mode. Switch to "release" mode in production.
 - using env:	export GIN_MODE=release
 - using code:	gin.SetMode(gin.ReleaseMode)

[GIN-debug] POST   /admin/v1/login           --> git.hyhy.fun/rsplab/iolink/internal/adminapi.(*Server).login-fm (2 handlers)
[GIN-debug] GET    /admin/v1/tenants         --> git.hyhy.fun/rsplab/iolink/internal/adminapi.(*Server).listTenants-fm (3 handlers)
[GIN-debug] PUT    /admin/v1/tenants/:id/status --> git.hyhy.fun/rsplab/iolink/internal/adminapi.(*Server).setTenantStatus-fm (3 handlers)
[GIN-debug] GET    /admin/v1/tenants/:id/members --> git.hyhy.fun/rsplab/iolink/internal/adminapi.(*Server).listTenantMembers-fm (3 handlers)
[GIN-debug] PUT    /admin/v1/tenants/:id/members/:user_id --> git.hyhy.fun/rsplab/iolink/internal/adminapi.(*Server).setTenantMember-fm (3 handlers)
[GIN-debug] POST   /admin/v1/password        --> git.hyhy.fun/rsplab/iolink/internal/adminapi.(*Server).changePassword-fm (3 handlers)
[GIN-debug] GET    /admin/v1/farms           --> git.hyhy.fun/rsplab/iolink/internal/adminapi.(*Server).listFarms-fm (4 handlers)
[GIN-debug] POST   /admin/v1/farms           --> git.hyhy.fun/rsplab/iolink/internal/adminapi.(*Server).createFarm-fm (4 handlers)
[GIN-debug] GET    /admin/v1/users           --> git.hyhy.fun/rsplab/iolink/internal/adminapi.(*Server).listUsers-fm (4 handlers)
[GIN-debug] PUT    /admin/v1/farms/:id       --> git.hyhy.fun/rsplab/iolink/internal/adminapi.(*Server).updateFarm-fm (4 handlers)
[GIN-debug] DELETE /admin/v1/farms/:id       --> git.hyhy.fun/rsplab/iolink/internal/adminapi.(*Server).deleteFarm-fm (4 handlers)
[GIN-debug] PUT    /admin/v1/farms/:id/owner --> git.hyhy.fun/rsplab/iolink/internal/adminapi.(*Server).setFarmOwner-fm (4 handlers)
[GIN-debug] GET    /admin/v1/farms/:id/members --> git.hyhy.fun/rsplab/iolink/internal/adminapi.(*Server).listFarmMembers-fm (4 handlers)
[GIN-debug] PUT    /admin/v1/farms/:id/members/:user_id --> git.hyhy.fun/rsplab/iolink/internal/adminapi.(*Server).setFarmMember-fm (4 handlers)
[GIN-debug] GET    /admin/v1/ponds           --> git.hyhy.fun/rsplab/iolink/internal/adminapi.(*Server).listPonds-fm (4 handlers)
[GIN-debug] POST   /admin/v1/ponds           --> git.hyhy.fun/rsplab/iolink/internal/adminapi.(*Server).createPond-fm (4 handlers)
[GIN-debug] PUT    /admin/v1/ponds/:id       --> git.hyhy.fun/rsplab/iolink/internal/adminapi.(*Server).updatePond-fm (4 handlers)
[GIN-debug] DELETE /admin/v1/ponds/:id       --> git.hyhy.fun/rsplab/iolink/internal/adminapi.(*Server).deletePond-fm (4 handlers)
[GIN-debug] GET    /admin/v1/devices         --> git.hyhy.fun/rsplab/iolink/internal/adminapi.(*Server).listDevices-fm (4 handlers)
[GIN-debug] POST   /admin/v1/devices         --> git.hyhy.fun/rsplab/iolink/internal/adminapi.(*Server).registerDevice-fm (4 handlers)
[GIN-debug] GET    /admin/v1/devices/:device_no --> git.hyhy.fun/rsplab/iolink/internal/adminapi.(*Server).getDevice-fm (4 handlers)
[GIN-debug] DELETE /admin/v1/devices/:device_no --> git.hyhy.fun/rsplab/iolink/internal/adminapi.(*Server).deleteDevice-fm (4 handlers)
[GIN-debug] PUT    /admin/v1/devices/:device_no/pond --> git.hyhy.fun/rsplab/iolink/internal/adminapi.(*Server).moveDevice-fm (4 handlers)
[GIN-debug] GET    /admin/v1/alarm-rules     --> git.hyhy.fun/rsplab/iolink/internal/adminapi.(*Server).listRules-fm (4 handlers)
[GIN-debug] POST   /admin/v1/alarm-rules     --> git.hyhy.fun/rsplab/iolink/internal/adminapi.(*Server).createRule-fm (4 handlers)
[GIN-debug] PUT    /admin/v1/alarm-rules/:id --> git.hyhy.fun/rsplab/iolink/internal/adminapi.(*Server).updateRule-fm (4 handlers)
[GIN-debug] DELETE /admin/v1/alarm-rules/:id --> git.hyhy.fun/rsplab/iolink/internal/adminapi.(*Server).deleteRule-fm (4 handlers)
[GIN-debug] GET    /admin/v1/alarms          --> git.hyhy.fun/rsplab/iolink/internal/adminapi.(*Server).listAlarms-fm (4 handlers)
[GIN-debug] POST   /admin/v1/alarms/:id/confirm --> git.hyhy.fun/rsplab/iolink/internal/adminapi.(*Server).confirmAlarm-fm (4 handlers)
[GIN-debug] POST   /admin/v1/alarms/batch-confirm --> git.hyhy.fun/rsplab/iolink/internal/adminapi.(*Server).batchConfirm-fm (4 handlers)
[GIN-debug] GET    /admin/v1/stats           --> git.hyhy.fun/rsplab/iolink/internal/adminapi.(*Server).stats-fm (4 handlers)
[GIN-debug] GET    /admin/v1/products        --> git.hyhy.fun/rsplab/iolink/internal/adminapi.(*Server).listProducts-fm (4 handlers)
[GIN-debug] POST   /admin/v1/products        --> git.hyhy.fun/rsplab/iolink/internal/adminapi.(*Server).createProduct-fm (4 handlers)
[GIN-debug] GET    /admin/v1/products/:product_id/models --> git.hyhy.fun/rsplab/iolink/internal/adminapi.(*Server).listProductModels-fm (4 handlers)
[GIN-debug] POST   /admin/v1/products/:product_id/models --> git.hyhy.fun/rsplab/iolink/internal/adminapi.(*Server).createProductModel-fm (4 handlers)
[GIN-debug] POST   /admin/v1/products/:product_id/models/:version/publish --> git.hyhy.fun/rsplab/iolink/internal/adminapi.(*Server).publishProductModel-fm (4 handlers)
[GIN-debug] GET    /admin/v1/devices/:device_no/product --> git.hyhy.fun/rsplab/iolink/internal/adminapi.(*Server).getDeviceProduct-fm (4 handlers)
[GIN-debug] PUT    /admin/v1/devices/:device_no/product --> git.hyhy.fun/rsplab/iolink/internal/adminapi.(*Server).assignDeviceProduct-fm (4 handlers)
    alarm_revocation_http_test.go:94: operation=batch revocation=membership injected=true status=404 response={"error":"alarm not found"} unchanged=true
=== RUN   TestM6bAlarmHTTPRejectsRevocationAfterAuthentication/batch_tenant
    alarm_revocation_http_test.go:43: environment real_timescaledb=2.30.0
[GIN-debug] [WARNING] Running in "debug" mode. Switch to "release" mode in production.
 - using env:	export GIN_MODE=release
 - using code:	gin.SetMode(gin.ReleaseMode)

[GIN-debug] POST   /admin/v1/login           --> git.hyhy.fun/rsplab/iolink/internal/adminapi.(*Server).login-fm (2 handlers)
[GIN-debug] GET    /admin/v1/tenants         --> git.hyhy.fun/rsplab/iolink/internal/adminapi.(*Server).listTenants-fm (3 handlers)
[GIN-debug] PUT    /admin/v1/tenants/:id/status --> git.hyhy.fun/rsplab/iolink/internal/adminapi.(*Server).setTenantStatus-fm (3 handlers)
[GIN-debug] GET    /admin/v1/tenants/:id/members --> git.hyhy.fun/rsplab/iolink/internal/adminapi.(*Server).listTenantMembers-fm (3 handlers)
[GIN-debug] PUT    /admin/v1/tenants/:id/members/:user_id --> git.hyhy.fun/rsplab/iolink/internal/adminapi.(*Server).setTenantMember-fm (3 handlers)
[GIN-debug] POST   /admin/v1/password        --> git.hyhy.fun/rsplab/iolink/internal/adminapi.(*Server).changePassword-fm (3 handlers)
[GIN-debug] GET    /admin/v1/farms           --> git.hyhy.fun/rsplab/iolink/internal/adminapi.(*Server).listFarms-fm (4 handlers)
[GIN-debug] POST   /admin/v1/farms           --> git.hyhy.fun/rsplab/iolink/internal/adminapi.(*Server).createFarm-fm (4 handlers)
[GIN-debug] GET    /admin/v1/users           --> git.hyhy.fun/rsplab/iolink/internal/adminapi.(*Server).listUsers-fm (4 handlers)
[GIN-debug] PUT    /admin/v1/farms/:id       --> git.hyhy.fun/rsplab/iolink/internal/adminapi.(*Server).updateFarm-fm (4 handlers)
[GIN-debug] DELETE /admin/v1/farms/:id       --> git.hyhy.fun/rsplab/iolink/internal/adminapi.(*Server).deleteFarm-fm (4 handlers)
[GIN-debug] PUT    /admin/v1/farms/:id/owner --> git.hyhy.fun/rsplab/iolink/internal/adminapi.(*Server).setFarmOwner-fm (4 handlers)
[GIN-debug] GET    /admin/v1/farms/:id/members --> git.hyhy.fun/rsplab/iolink/internal/adminapi.(*Server).listFarmMembers-fm (4 handlers)
[GIN-debug] PUT    /admin/v1/farms/:id/members/:user_id --> git.hyhy.fun/rsplab/iolink/internal/adminapi.(*Server).setFarmMember-fm (4 handlers)
[GIN-debug] GET    /admin/v1/ponds           --> git.hyhy.fun/rsplab/iolink/internal/adminapi.(*Server).listPonds-fm (4 handlers)
[GIN-debug] POST   /admin/v1/ponds           --> git.hyhy.fun/rsplab/iolink/internal/adminapi.(*Server).createPond-fm (4 handlers)
[GIN-debug] PUT    /admin/v1/ponds/:id       --> git.hyhy.fun/rsplab/iolink/internal/adminapi.(*Server).updatePond-fm (4 handlers)
[GIN-debug] DELETE /admin/v1/ponds/:id       --> git.hyhy.fun/rsplab/iolink/internal/adminapi.(*Server).deletePond-fm (4 handlers)
[GIN-debug] GET    /admin/v1/devices         --> git.hyhy.fun/rsplab/iolink/internal/adminapi.(*Server).listDevices-fm (4 handlers)
[GIN-debug] POST   /admin/v1/devices         --> git.hyhy.fun/rsplab/iolink/internal/adminapi.(*Server).registerDevice-fm (4 handlers)
[GIN-debug] GET    /admin/v1/devices/:device_no --> git.hyhy.fun/rsplab/iolink/internal/adminapi.(*Server).getDevice-fm (4 handlers)
[GIN-debug] DELETE /admin/v1/devices/:device_no --> git.hyhy.fun/rsplab/iolink/internal/adminapi.(*Server).deleteDevice-fm (4 handlers)
[GIN-debug] PUT    /admin/v1/devices/:device_no/pond --> git.hyhy.fun/rsplab/iolink/internal/adminapi.(*Server).moveDevice-fm (4 handlers)
[GIN-debug] GET    /admin/v1/alarm-rules     --> git.hyhy.fun/rsplab/iolink/internal/adminapi.(*Server).listRules-fm (4 handlers)
[GIN-debug] POST   /admin/v1/alarm-rules     --> git.hyhy.fun/rsplab/iolink/internal/adminapi.(*Server).createRule-fm (4 handlers)
[GIN-debug] PUT    /admin/v1/alarm-rules/:id --> git.hyhy.fun/rsplab/iolink/internal/adminapi.(*Server).updateRule-fm (4 handlers)
[GIN-debug] DELETE /admin/v1/alarm-rules/:id --> git.hyhy.fun/rsplab/iolink/internal/adminapi.(*Server).deleteRule-fm (4 handlers)
[GIN-debug] GET    /admin/v1/alarms          --> git.hyhy.fun/rsplab/iolink/internal/adminapi.(*Server).listAlarms-fm (4 handlers)
[GIN-debug] POST   /admin/v1/alarms/:id/confirm --> git.hyhy.fun/rsplab/iolink/internal/adminapi.(*Server).confirmAlarm-fm (4 handlers)
[GIN-debug] POST   /admin/v1/alarms/batch-confirm --> git.hyhy.fun/rsplab/iolink/internal/adminapi.(*Server).batchConfirm-fm (4 handlers)
[GIN-debug] GET    /admin/v1/stats           --> git.hyhy.fun/rsplab/iolink/internal/adminapi.(*Server).stats-fm (4 handlers)
[GIN-debug] GET    /admin/v1/products        --> git.hyhy.fun/rsplab/iolink/internal/adminapi.(*Server).listProducts-fm (4 handlers)
[GIN-debug] POST   /admin/v1/products        --> git.hyhy.fun/rsplab/iolink/internal/adminapi.(*Server).createProduct-fm (4 handlers)
[GIN-debug] GET    /admin/v1/products/:product_id/models --> git.hyhy.fun/rsplab/iolink/internal/adminapi.(*Server).listProductModels-fm (4 handlers)
[GIN-debug] POST   /admin/v1/products/:product_id/models --> git.hyhy.fun/rsplab/iolink/internal/adminapi.(*Server).createProductModel-fm (4 handlers)
[GIN-debug] POST   /admin/v1/products/:product_id/models/:version/publish --> git.hyhy.fun/rsplab/iolink/internal/adminapi.(*Server).publishProductModel-fm (4 handlers)
[GIN-debug] GET    /admin/v1/devices/:device_no/product --> git.hyhy.fun/rsplab/iolink/internal/adminapi.(*Server).getDeviceProduct-fm (4 handlers)
[GIN-debug] PUT    /admin/v1/devices/:device_no/product --> git.hyhy.fun/rsplab/iolink/internal/adminapi.(*Server).assignDeviceProduct-fm (4 handlers)
    alarm_revocation_http_test.go:94: operation=batch revocation=tenant injected=true status=404 response={"error":"alarm not found"} unchanged=true
=== RUN   TestM6bAlarmHTTPRejectsRevocationAfterAuthentication/batch_platform_authority
    alarm_revocation_http_test.go:43: environment real_timescaledb=2.30.0
[GIN-debug] [WARNING] Running in "debug" mode. Switch to "release" mode in production.
 - using env:	export GIN_MODE=release
 - using code:	gin.SetMode(gin.ReleaseMode)

[GIN-debug] POST   /admin/v1/login           --> git.hyhy.fun/rsplab/iolink/internal/adminapi.(*Server).login-fm (2 handlers)
[GIN-debug] GET    /admin/v1/tenants         --> git.hyhy.fun/rsplab/iolink/internal/adminapi.(*Server).listTenants-fm (3 handlers)
[GIN-debug] PUT    /admin/v1/tenants/:id/status --> git.hyhy.fun/rsplab/iolink/internal/adminapi.(*Server).setTenantStatus-fm (3 handlers)
[GIN-debug] GET    /admin/v1/tenants/:id/members --> git.hyhy.fun/rsplab/iolink/internal/adminapi.(*Server).listTenantMembers-fm (3 handlers)
[GIN-debug] PUT    /admin/v1/tenants/:id/members/:user_id --> git.hyhy.fun/rsplab/iolink/internal/adminapi.(*Server).setTenantMember-fm (3 handlers)
[GIN-debug] POST   /admin/v1/password        --> git.hyhy.fun/rsplab/iolink/internal/adminapi.(*Server).changePassword-fm (3 handlers)
[GIN-debug] GET    /admin/v1/farms           --> git.hyhy.fun/rsplab/iolink/internal/adminapi.(*Server).listFarms-fm (4 handlers)
[GIN-debug] POST   /admin/v1/farms           --> git.hyhy.fun/rsplab/iolink/internal/adminapi.(*Server).createFarm-fm (4 handlers)
[GIN-debug] GET    /admin/v1/users           --> git.hyhy.fun/rsplab/iolink/internal/adminapi.(*Server).listUsers-fm (4 handlers)
[GIN-debug] PUT    /admin/v1/farms/:id       --> git.hyhy.fun/rsplab/iolink/internal/adminapi.(*Server).updateFarm-fm (4 handlers)
[GIN-debug] DELETE /admin/v1/farms/:id       --> git.hyhy.fun/rsplab/iolink/internal/adminapi.(*Server).deleteFarm-fm (4 handlers)
[GIN-debug] PUT    /admin/v1/farms/:id/owner --> git.hyhy.fun/rsplab/iolink/internal/adminapi.(*Server).setFarmOwner-fm (4 handlers)
[GIN-debug] GET    /admin/v1/farms/:id/members --> git.hyhy.fun/rsplab/iolink/internal/adminapi.(*Server).listFarmMembers-fm (4 handlers)
[GIN-debug] PUT    /admin/v1/farms/:id/members/:user_id --> git.hyhy.fun/rsplab/iolink/internal/adminapi.(*Server).setFarmMember-fm (4 handlers)
[GIN-debug] GET    /admin/v1/ponds           --> git.hyhy.fun/rsplab/iolink/internal/adminapi.(*Server).listPonds-fm (4 handlers)
[GIN-debug] POST   /admin/v1/ponds           --> git.hyhy.fun/rsplab/iolink/internal/adminapi.(*Server).createPond-fm (4 handlers)
[GIN-debug] PUT    /admin/v1/ponds/:id       --> git.hyhy.fun/rsplab/iolink/internal/adminapi.(*Server).updatePond-fm (4 handlers)
[GIN-debug] DELETE /admin/v1/ponds/:id       --> git.hyhy.fun/rsplab/iolink/internal/adminapi.(*Server).deletePond-fm (4 handlers)
[GIN-debug] GET    /admin/v1/devices         --> git.hyhy.fun/rsplab/iolink/internal/adminapi.(*Server).listDevices-fm (4 handlers)
[GIN-debug] POST   /admin/v1/devices         --> git.hyhy.fun/rsplab/iolink/internal/adminapi.(*Server).registerDevice-fm (4 handlers)
[GIN-debug] GET    /admin/v1/devices/:device_no --> git.hyhy.fun/rsplab/iolink/internal/adminapi.(*Server).getDevice-fm (4 handlers)
[GIN-debug] DELETE /admin/v1/devices/:device_no --> git.hyhy.fun/rsplab/iolink/internal/adminapi.(*Server).deleteDevice-fm (4 handlers)
[GIN-debug] PUT    /admin/v1/devices/:device_no/pond --> git.hyhy.fun/rsplab/iolink/internal/adminapi.(*Server).moveDevice-fm (4 handlers)
[GIN-debug] GET    /admin/v1/alarm-rules     --> git.hyhy.fun/rsplab/iolink/internal/adminapi.(*Server).listRules-fm (4 handlers)
[GIN-debug] POST   /admin/v1/alarm-rules     --> git.hyhy.fun/rsplab/iolink/internal/adminapi.(*Server).createRule-fm (4 handlers)
[GIN-debug] PUT    /admin/v1/alarm-rules/:id --> git.hyhy.fun/rsplab/iolink/internal/adminapi.(*Server).updateRule-fm (4 handlers)
[GIN-debug] DELETE /admin/v1/alarm-rules/:id --> git.hyhy.fun/rsplab/iolink/internal/adminapi.(*Server).deleteRule-fm (4 handlers)
[GIN-debug] GET    /admin/v1/alarms          --> git.hyhy.fun/rsplab/iolink/internal/adminapi.(*Server).listAlarms-fm (4 handlers)
[GIN-debug] POST   /admin/v1/alarms/:id/confirm --> git.hyhy.fun/rsplab/iolink/internal/adminapi.(*Server).confirmAlarm-fm (4 handlers)
[GIN-debug] POST   /admin/v1/alarms/batch-confirm --> git.hyhy.fun/rsplab/iolink/internal/adminapi.(*Server).batchConfirm-fm (4 handlers)
[GIN-debug] GET    /admin/v1/stats           --> git.hyhy.fun/rsplab/iolink/internal/adminapi.(*Server).stats-fm (4 handlers)
[GIN-debug] GET    /admin/v1/products        --> git.hyhy.fun/rsplab/iolink/internal/adminapi.(*Server).listProducts-fm (4 handlers)
[GIN-debug] POST   /admin/v1/products        --> git.hyhy.fun/rsplab/iolink/internal/adminapi.(*Server).createProduct-fm (4 handlers)
[GIN-debug] GET    /admin/v1/products/:product_id/models --> git.hyhy.fun/rsplab/iolink/internal/adminapi.(*Server).listProductModels-fm (4 handlers)
[GIN-debug] POST   /admin/v1/products/:product_id/models --> git.hyhy.fun/rsplab/iolink/internal/adminapi.(*Server).createProductModel-fm (4 handlers)
[GIN-debug] POST   /admin/v1/products/:product_id/models/:version/publish --> git.hyhy.fun/rsplab/iolink/internal/adminapi.(*Server).publishProductModel-fm (4 handlers)
[GIN-debug] GET    /admin/v1/devices/:device_no/product --> git.hyhy.fun/rsplab/iolink/internal/adminapi.(*Server).getDeviceProduct-fm (4 handlers)
[GIN-debug] PUT    /admin/v1/devices/:device_no/product --> git.hyhy.fun/rsplab/iolink/internal/adminapi.(*Server).assignDeviceProduct-fm (4 handlers)
    alarm_revocation_http_test.go:94: operation=batch revocation=platform_authority injected=true status=404 response={"error":"alarm not found"} unchanged=true
=== RUN   TestM6bAlarmHTTPRejectsRevocationAfterAuthentication/singular_role
    alarm_revocation_http_test.go:43: environment real_timescaledb=2.30.0
[GIN-debug] [WARNING] Running in "debug" mode. Switch to "release" mode in production.
 - using env:	export GIN_MODE=release
 - using code:	gin.SetMode(gin.ReleaseMode)

[GIN-debug] POST   /admin/v1/login           --> git.hyhy.fun/rsplab/iolink/internal/adminapi.(*Server).login-fm (2 handlers)
[GIN-debug] GET    /admin/v1/tenants         --> git.hyhy.fun/rsplab/iolink/internal/adminapi.(*Server).listTenants-fm (3 handlers)
[GIN-debug] PUT    /admin/v1/tenants/:id/status --> git.hyhy.fun/rsplab/iolink/internal/adminapi.(*Server).setTenantStatus-fm (3 handlers)
[GIN-debug] GET    /admin/v1/tenants/:id/members --> git.hyhy.fun/rsplab/iolink/internal/adminapi.(*Server).listTenantMembers-fm (3 handlers)
[GIN-debug] PUT    /admin/v1/tenants/:id/members/:user_id --> git.hyhy.fun/rsplab/iolink/internal/adminapi.(*Server).setTenantMember-fm (3 handlers)
[GIN-debug] POST   /admin/v1/password        --> git.hyhy.fun/rsplab/iolink/internal/adminapi.(*Server).changePassword-fm (3 handlers)
[GIN-debug] GET    /admin/v1/farms           --> git.hyhy.fun/rsplab/iolink/internal/adminapi.(*Server).listFarms-fm (4 handlers)
[GIN-debug] POST   /admin/v1/farms           --> git.hyhy.fun/rsplab/iolink/internal/adminapi.(*Server).createFarm-fm (4 handlers)
[GIN-debug] GET    /admin/v1/users           --> git.hyhy.fun/rsplab/iolink/internal/adminapi.(*Server).listUsers-fm (4 handlers)
[GIN-debug] PUT    /admin/v1/farms/:id       --> git.hyhy.fun/rsplab/iolink/internal/adminapi.(*Server).updateFarm-fm (4 handlers)
[GIN-debug] DELETE /admin/v1/farms/:id       --> git.hyhy.fun/rsplab/iolink/internal/adminapi.(*Server).deleteFarm-fm (4 handlers)
[GIN-debug] PUT    /admin/v1/farms/:id/owner --> git.hyhy.fun/rsplab/iolink/internal/adminapi.(*Server).setFarmOwner-fm (4 handlers)
[GIN-debug] GET    /admin/v1/farms/:id/members --> git.hyhy.fun/rsplab/iolink/internal/adminapi.(*Server).listFarmMembers-fm (4 handlers)
[GIN-debug] PUT    /admin/v1/farms/:id/members/:user_id --> git.hyhy.fun/rsplab/iolink/internal/adminapi.(*Server).setFarmMember-fm (4 handlers)
[GIN-debug] GET    /admin/v1/ponds           --> git.hyhy.fun/rsplab/iolink/internal/adminapi.(*Server).listPonds-fm (4 handlers)
[GIN-debug] POST   /admin/v1/ponds           --> git.hyhy.fun/rsplab/iolink/internal/adminapi.(*Server).createPond-fm (4 handlers)
[GIN-debug] PUT    /admin/v1/ponds/:id       --> git.hyhy.fun/rsplab/iolink/internal/adminapi.(*Server).updatePond-fm (4 handlers)
[GIN-debug] DELETE /admin/v1/ponds/:id       --> git.hyhy.fun/rsplab/iolink/internal/adminapi.(*Server).deletePond-fm (4 handlers)
[GIN-debug] GET    /admin/v1/devices         --> git.hyhy.fun/rsplab/iolink/internal/adminapi.(*Server).listDevices-fm (4 handlers)
[GIN-debug] POST   /admin/v1/devices         --> git.hyhy.fun/rsplab/iolink/internal/adminapi.(*Server).registerDevice-fm (4 handlers)
[GIN-debug] GET    /admin/v1/devices/:device_no --> git.hyhy.fun/rsplab/iolink/internal/adminapi.(*Server).getDevice-fm (4 handlers)
[GIN-debug] DELETE /admin/v1/devices/:device_no --> git.hyhy.fun/rsplab/iolink/internal/adminapi.(*Server).deleteDevice-fm (4 handlers)
[GIN-debug] PUT    /admin/v1/devices/:device_no/pond --> git.hyhy.fun/rsplab/iolink/internal/adminapi.(*Server).moveDevice-fm (4 handlers)
[GIN-debug] GET    /admin/v1/alarm-rules     --> git.hyhy.fun/rsplab/iolink/internal/adminapi.(*Server).listRules-fm (4 handlers)
[GIN-debug] POST   /admin/v1/alarm-rules     --> git.hyhy.fun/rsplab/iolink/internal/adminapi.(*Server).createRule-fm (4 handlers)
[GIN-debug] PUT    /admin/v1/alarm-rules/:id --> git.hyhy.fun/rsplab/iolink/internal/adminapi.(*Server).updateRule-fm (4 handlers)
[GIN-debug] DELETE /admin/v1/alarm-rules/:id --> git.hyhy.fun/rsplab/iolink/internal/adminapi.(*Server).deleteRule-fm (4 handlers)
[GIN-debug] GET    /admin/v1/alarms          --> git.hyhy.fun/rsplab/iolink/internal/adminapi.(*Server).listAlarms-fm (4 handlers)
[GIN-debug] POST   /admin/v1/alarms/:id/confirm --> git.hyhy.fun/rsplab/iolink/internal/adminapi.(*Server).confirmAlarm-fm (4 handlers)
[GIN-debug] POST   /admin/v1/alarms/batch-confirm --> git.hyhy.fun/rsplab/iolink/internal/adminapi.(*Server).batchConfirm-fm (4 handlers)
[GIN-debug] GET    /admin/v1/stats           --> git.hyhy.fun/rsplab/iolink/internal/adminapi.(*Server).stats-fm (4 handlers)
[GIN-debug] GET    /admin/v1/products        --> git.hyhy.fun/rsplab/iolink/internal/adminapi.(*Server).listProducts-fm (4 handlers)
[GIN-debug] POST   /admin/v1/products        --> git.hyhy.fun/rsplab/iolink/internal/adminapi.(*Server).createProduct-fm (4 handlers)
[GIN-debug] GET    /admin/v1/products/:product_id/models --> git.hyhy.fun/rsplab/iolink/internal/adminapi.(*Server).listProductModels-fm (4 handlers)
[GIN-debug] POST   /admin/v1/products/:product_id/models --> git.hyhy.fun/rsplab/iolink/internal/adminapi.(*Server).createProductModel-fm (4 handlers)
[GIN-debug] POST   /admin/v1/products/:product_id/models/:version/publish --> git.hyhy.fun/rsplab/iolink/internal/adminapi.(*Server).publishProductModel-fm (4 handlers)
[GIN-debug] GET    /admin/v1/devices/:device_no/product --> git.hyhy.fun/rsplab/iolink/internal/adminapi.(*Server).getDeviceProduct-fm (4 handlers)
[GIN-debug] PUT    /admin/v1/devices/:device_no/product --> git.hyhy.fun/rsplab/iolink/internal/adminapi.(*Server).assignDeviceProduct-fm (4 handlers)
    alarm_revocation_http_test.go:94: operation=singular revocation=role injected=true status=404 response={"error":"alarm not found"} unchanged=true
=== RUN   TestM6bAlarmHTTPRejectsRevocationAfterAuthentication/singular_membership
    alarm_revocation_http_test.go:43: environment real_timescaledb=2.30.0
[GIN-debug] [WARNING] Running in "debug" mode. Switch to "release" mode in production.
 - using env:	export GIN_MODE=release
 - using code:	gin.SetMode(gin.ReleaseMode)

[GIN-debug] POST   /admin/v1/login           --> git.hyhy.fun/rsplab/iolink/internal/adminapi.(*Server).login-fm (2 handlers)
[GIN-debug] GET    /admin/v1/tenants         --> git.hyhy.fun/rsplab/iolink/internal/adminapi.(*Server).listTenants-fm (3 handlers)
[GIN-debug] PUT    /admin/v1/tenants/:id/status --> git.hyhy.fun/rsplab/iolink/internal/adminapi.(*Server).setTenantStatus-fm (3 handlers)
[GIN-debug] GET    /admin/v1/tenants/:id/members --> git.hyhy.fun/rsplab/iolink/internal/adminapi.(*Server).listTenantMembers-fm (3 handlers)
[GIN-debug] PUT    /admin/v1/tenants/:id/members/:user_id --> git.hyhy.fun/rsplab/iolink/internal/adminapi.(*Server).setTenantMember-fm (3 handlers)
[GIN-debug] POST   /admin/v1/password        --> git.hyhy.fun/rsplab/iolink/internal/adminapi.(*Server).changePassword-fm (3 handlers)
[GIN-debug] GET    /admin/v1/farms           --> git.hyhy.fun/rsplab/iolink/internal/adminapi.(*Server).listFarms-fm (4 handlers)
[GIN-debug] POST   /admin/v1/farms           --> git.hyhy.fun/rsplab/iolink/internal/adminapi.(*Server).createFarm-fm (4 handlers)
[GIN-debug] GET    /admin/v1/users           --> git.hyhy.fun/rsplab/iolink/internal/adminapi.(*Server).listUsers-fm (4 handlers)
[GIN-debug] PUT    /admin/v1/farms/:id       --> git.hyhy.fun/rsplab/iolink/internal/adminapi.(*Server).updateFarm-fm (4 handlers)
[GIN-debug] DELETE /admin/v1/farms/:id       --> git.hyhy.fun/rsplab/iolink/internal/adminapi.(*Server).deleteFarm-fm (4 handlers)
[GIN-debug] PUT    /admin/v1/farms/:id/owner --> git.hyhy.fun/rsplab/iolink/internal/adminapi.(*Server).setFarmOwner-fm (4 handlers)
[GIN-debug] GET    /admin/v1/farms/:id/members --> git.hyhy.fun/rsplab/iolink/internal/adminapi.(*Server).listFarmMembers-fm (4 handlers)
[GIN-debug] PUT    /admin/v1/farms/:id/members/:user_id --> git.hyhy.fun/rsplab/iolink/internal/adminapi.(*Server).setFarmMember-fm (4 handlers)
[GIN-debug] GET    /admin/v1/ponds           --> git.hyhy.fun/rsplab/iolink/internal/adminapi.(*Server).listPonds-fm (4 handlers)
[GIN-debug] POST   /admin/v1/ponds           --> git.hyhy.fun/rsplab/iolink/internal/adminapi.(*Server).createPond-fm (4 handlers)
[GIN-debug] PUT    /admin/v1/ponds/:id       --> git.hyhy.fun/rsplab/iolink/internal/adminapi.(*Server).updatePond-fm (4 handlers)
[GIN-debug] DELETE /admin/v1/ponds/:id       --> git.hyhy.fun/rsplab/iolink/internal/adminapi.(*Server).deletePond-fm (4 handlers)
[GIN-debug] GET    /admin/v1/devices         --> git.hyhy.fun/rsplab/iolink/internal/adminapi.(*Server).listDevices-fm (4 handlers)
[GIN-debug] POST   /admin/v1/devices         --> git.hyhy.fun/rsplab/iolink/internal/adminapi.(*Server).registerDevice-fm (4 handlers)
[GIN-debug] GET    /admin/v1/devices/:device_no --> git.hyhy.fun/rsplab/iolink/internal/adminapi.(*Server).getDevice-fm (4 handlers)
[GIN-debug] DELETE /admin/v1/devices/:device_no --> git.hyhy.fun/rsplab/iolink/internal/adminapi.(*Server).deleteDevice-fm (4 handlers)
[GIN-debug] PUT    /admin/v1/devices/:device_no/pond --> git.hyhy.fun/rsplab/iolink/internal/adminapi.(*Server).moveDevice-fm (4 handlers)
[GIN-debug] GET    /admin/v1/alarm-rules     --> git.hyhy.fun/rsplab/iolink/internal/adminapi.(*Server).listRules-fm (4 handlers)
[GIN-debug] POST   /admin/v1/alarm-rules     --> git.hyhy.fun/rsplab/iolink/internal/adminapi.(*Server).createRule-fm (4 handlers)
[GIN-debug] PUT    /admin/v1/alarm-rules/:id --> git.hyhy.fun/rsplab/iolink/internal/adminapi.(*Server).updateRule-fm (4 handlers)
[GIN-debug] DELETE /admin/v1/alarm-rules/:id --> git.hyhy.fun/rsplab/iolink/internal/adminapi.(*Server).deleteRule-fm (4 handlers)
[GIN-debug] GET    /admin/v1/alarms          --> git.hyhy.fun/rsplab/iolink/internal/adminapi.(*Server).listAlarms-fm (4 handlers)
[GIN-debug] POST   /admin/v1/alarms/:id/confirm --> git.hyhy.fun/rsplab/iolink/internal/adminapi.(*Server).confirmAlarm-fm (4 handlers)
[GIN-debug] POST   /admin/v1/alarms/batch-confirm --> git.hyhy.fun/rsplab/iolink/internal/adminapi.(*Server).batchConfirm-fm (4 handlers)
[GIN-debug] GET    /admin/v1/stats           --> git.hyhy.fun/rsplab/iolink/internal/adminapi.(*Server).stats-fm (4 handlers)
[GIN-debug] GET    /admin/v1/products        --> git.hyhy.fun/rsplab/iolink/internal/adminapi.(*Server).listProducts-fm (4 handlers)
[GIN-debug] POST   /admin/v1/products        --> git.hyhy.fun/rsplab/iolink/internal/adminapi.(*Server).createProduct-fm (4 handlers)
[GIN-debug] GET    /admin/v1/products/:product_id/models --> git.hyhy.fun/rsplab/iolink/internal/adminapi.(*Server).listProductModels-fm (4 handlers)
[GIN-debug] POST   /admin/v1/products/:product_id/models --> git.hyhy.fun/rsplab/iolink/internal/adminapi.(*Server).createProductModel-fm (4 handlers)
[GIN-debug] POST   /admin/v1/products/:product_id/models/:version/publish --> git.hyhy.fun/rsplab/iolink/internal/adminapi.(*Server).publishProductModel-fm (4 handlers)
[GIN-debug] GET    /admin/v1/devices/:device_no/product --> git.hyhy.fun/rsplab/iolink/internal/adminapi.(*Server).getDeviceProduct-fm (4 handlers)
[GIN-debug] PUT    /admin/v1/devices/:device_no/product --> git.hyhy.fun/rsplab/iolink/internal/adminapi.(*Server).assignDeviceProduct-fm (4 handlers)
    alarm_revocation_http_test.go:94: operation=singular revocation=membership injected=true status=404 response={"error":"alarm not found"} unchanged=true
=== RUN   TestM6bAlarmHTTPRejectsRevocationAfterAuthentication/singular_tenant
    alarm_revocation_http_test.go:43: environment real_timescaledb=2.30.0
[GIN-debug] [WARNING] Running in "debug" mode. Switch to "release" mode in production.
 - using env:	export GIN_MODE=release
 - using code:	gin.SetMode(gin.ReleaseMode)

[GIN-debug] POST   /admin/v1/login           --> git.hyhy.fun/rsplab/iolink/internal/adminapi.(*Server).login-fm (2 handlers)
[GIN-debug] GET    /admin/v1/tenants         --> git.hyhy.fun/rsplab/iolink/internal/adminapi.(*Server).listTenants-fm (3 handlers)
[GIN-debug] PUT    /admin/v1/tenants/:id/status --> git.hyhy.fun/rsplab/iolink/internal/adminapi.(*Server).setTenantStatus-fm (3 handlers)
[GIN-debug] GET    /admin/v1/tenants/:id/members --> git.hyhy.fun/rsplab/iolink/internal/adminapi.(*Server).listTenantMembers-fm (3 handlers)
[GIN-debug] PUT    /admin/v1/tenants/:id/members/:user_id --> git.hyhy.fun/rsplab/iolink/internal/adminapi.(*Server).setTenantMember-fm (3 handlers)
[GIN-debug] POST   /admin/v1/password        --> git.hyhy.fun/rsplab/iolink/internal/adminapi.(*Server).changePassword-fm (3 handlers)
[GIN-debug] GET    /admin/v1/farms           --> git.hyhy.fun/rsplab/iolink/internal/adminapi.(*Server).listFarms-fm (4 handlers)
[GIN-debug] POST   /admin/v1/farms           --> git.hyhy.fun/rsplab/iolink/internal/adminapi.(*Server).createFarm-fm (4 handlers)
[GIN-debug] GET    /admin/v1/users           --> git.hyhy.fun/rsplab/iolink/internal/adminapi.(*Server).listUsers-fm (4 handlers)
[GIN-debug] PUT    /admin/v1/farms/:id       --> git.hyhy.fun/rsplab/iolink/internal/adminapi.(*Server).updateFarm-fm (4 handlers)
[GIN-debug] DELETE /admin/v1/farms/:id       --> git.hyhy.fun/rsplab/iolink/internal/adminapi.(*Server).deleteFarm-fm (4 handlers)
[GIN-debug] PUT    /admin/v1/farms/:id/owner --> git.hyhy.fun/rsplab/iolink/internal/adminapi.(*Server).setFarmOwner-fm (4 handlers)
[GIN-debug] GET    /admin/v1/farms/:id/members --> git.hyhy.fun/rsplab/iolink/internal/adminapi.(*Server).listFarmMembers-fm (4 handlers)
[GIN-debug] PUT    /admin/v1/farms/:id/members/:user_id --> git.hyhy.fun/rsplab/iolink/internal/adminapi.(*Server).setFarmMember-fm (4 handlers)
[GIN-debug] GET    /admin/v1/ponds           --> git.hyhy.fun/rsplab/iolink/internal/adminapi.(*Server).listPonds-fm (4 handlers)
[GIN-debug] POST   /admin/v1/ponds           --> git.hyhy.fun/rsplab/iolink/internal/adminapi.(*Server).createPond-fm (4 handlers)
[GIN-debug] PUT    /admin/v1/ponds/:id       --> git.hyhy.fun/rsplab/iolink/internal/adminapi.(*Server).updatePond-fm (4 handlers)
[GIN-debug] DELETE /admin/v1/ponds/:id       --> git.hyhy.fun/rsplab/iolink/internal/adminapi.(*Server).deletePond-fm (4 handlers)
[GIN-debug] GET    /admin/v1/devices         --> git.hyhy.fun/rsplab/iolink/internal/adminapi.(*Server).listDevices-fm (4 handlers)
[GIN-debug] POST   /admin/v1/devices         --> git.hyhy.fun/rsplab/iolink/internal/adminapi.(*Server).registerDevice-fm (4 handlers)
[GIN-debug] GET    /admin/v1/devices/:device_no --> git.hyhy.fun/rsplab/iolink/internal/adminapi.(*Server).getDevice-fm (4 handlers)
[GIN-debug] DELETE /admin/v1/devices/:device_no --> git.hyhy.fun/rsplab/iolink/internal/adminapi.(*Server).deleteDevice-fm (4 handlers)
[GIN-debug] PUT    /admin/v1/devices/:device_no/pond --> git.hyhy.fun/rsplab/iolink/internal/adminapi.(*Server).moveDevice-fm (4 handlers)
[GIN-debug] GET    /admin/v1/alarm-rules     --> git.hyhy.fun/rsplab/iolink/internal/adminapi.(*Server).listRules-fm (4 handlers)
[GIN-debug] POST   /admin/v1/alarm-rules     --> git.hyhy.fun/rsplab/iolink/internal/adminapi.(*Server).createRule-fm (4 handlers)
[GIN-debug] PUT    /admin/v1/alarm-rules/:id --> git.hyhy.fun/rsplab/iolink/internal/adminapi.(*Server).updateRule-fm (4 handlers)
[GIN-debug] DELETE /admin/v1/alarm-rules/:id --> git.hyhy.fun/rsplab/iolink/internal/adminapi.(*Server).deleteRule-fm (4 handlers)
[GIN-debug] GET    /admin/v1/alarms          --> git.hyhy.fun/rsplab/iolink/internal/adminapi.(*Server).listAlarms-fm (4 handlers)
[GIN-debug] POST   /admin/v1/alarms/:id/confirm --> git.hyhy.fun/rsplab/iolink/internal/adminapi.(*Server).confirmAlarm-fm (4 handlers)
[GIN-debug] POST   /admin/v1/alarms/batch-confirm --> git.hyhy.fun/rsplab/iolink/internal/adminapi.(*Server).batchConfirm-fm (4 handlers)
[GIN-debug] GET    /admin/v1/stats           --> git.hyhy.fun/rsplab/iolink/internal/adminapi.(*Server).stats-fm (4 handlers)
[GIN-debug] GET    /admin/v1/products        --> git.hyhy.fun/rsplab/iolink/internal/adminapi.(*Server).listProducts-fm (4 handlers)
[GIN-debug] POST   /admin/v1/products        --> git.hyhy.fun/rsplab/iolink/internal/adminapi.(*Server).createProduct-fm (4 handlers)
[GIN-debug] GET    /admin/v1/products/:product_id/models --> git.hyhy.fun/rsplab/iolink/internal/adminapi.(*Server).listProductModels-fm (4 handlers)
[GIN-debug] POST   /admin/v1/products/:product_id/models --> git.hyhy.fun/rsplab/iolink/internal/adminapi.(*Server).createProductModel-fm (4 handlers)
[GIN-debug] POST   /admin/v1/products/:product_id/models/:version/publish --> git.hyhy.fun/rsplab/iolink/internal/adminapi.(*Server).publishProductModel-fm (4 handlers)
[GIN-debug] GET    /admin/v1/devices/:device_no/product --> git.hyhy.fun/rsplab/iolink/internal/adminapi.(*Server).getDeviceProduct-fm (4 handlers)
[GIN-debug] PUT    /admin/v1/devices/:device_no/product --> git.hyhy.fun/rsplab/iolink/internal/adminapi.(*Server).assignDeviceProduct-fm (4 handlers)
    alarm_revocation_http_test.go:94: operation=singular revocation=tenant injected=true status=404 response={"error":"alarm not found"} unchanged=true
=== RUN   TestM6bAlarmHTTPRejectsRevocationAfterAuthentication/singular_platform_authority
    alarm_revocation_http_test.go:43: environment real_timescaledb=2.30.0
[GIN-debug] [WARNING] Running in "debug" mode. Switch to "release" mode in production.
 - using env:	export GIN_MODE=release
 - using code:	gin.SetMode(gin.ReleaseMode)

[GIN-debug] POST   /admin/v1/login           --> git.hyhy.fun/rsplab/iolink/internal/adminapi.(*Server).login-fm (2 handlers)
[GIN-debug] GET    /admin/v1/tenants         --> git.hyhy.fun/rsplab/iolink/internal/adminapi.(*Server).listTenants-fm (3 handlers)
[GIN-debug] PUT    /admin/v1/tenants/:id/status --> git.hyhy.fun/rsplab/iolink/internal/adminapi.(*Server).setTenantStatus-fm (3 handlers)
[GIN-debug] GET    /admin/v1/tenants/:id/members --> git.hyhy.fun/rsplab/iolink/internal/adminapi.(*Server).listTenantMembers-fm (3 handlers)
[GIN-debug] PUT    /admin/v1/tenants/:id/members/:user_id --> git.hyhy.fun/rsplab/iolink/internal/adminapi.(*Server).setTenantMember-fm (3 handlers)
[GIN-debug] POST   /admin/v1/password        --> git.hyhy.fun/rsplab/iolink/internal/adminapi.(*Server).changePassword-fm (3 handlers)
[GIN-debug] GET    /admin/v1/farms           --> git.hyhy.fun/rsplab/iolink/internal/adminapi.(*Server).listFarms-fm (4 handlers)
[GIN-debug] POST   /admin/v1/farms           --> git.hyhy.fun/rsplab/iolink/internal/adminapi.(*Server).createFarm-fm (4 handlers)
[GIN-debug] GET    /admin/v1/users           --> git.hyhy.fun/rsplab/iolink/internal/adminapi.(*Server).listUsers-fm (4 handlers)
[GIN-debug] PUT    /admin/v1/farms/:id       --> git.hyhy.fun/rsplab/iolink/internal/adminapi.(*Server).updateFarm-fm (4 handlers)
[GIN-debug] DELETE /admin/v1/farms/:id       --> git.hyhy.fun/rsplab/iolink/internal/adminapi.(*Server).deleteFarm-fm (4 handlers)
[GIN-debug] PUT    /admin/v1/farms/:id/owner --> git.hyhy.fun/rsplab/iolink/internal/adminapi.(*Server).setFarmOwner-fm (4 handlers)
[GIN-debug] GET    /admin/v1/farms/:id/members --> git.hyhy.fun/rsplab/iolink/internal/adminapi.(*Server).listFarmMembers-fm (4 handlers)
[GIN-debug] PUT    /admin/v1/farms/:id/members/:user_id --> git.hyhy.fun/rsplab/iolink/internal/adminapi.(*Server).setFarmMember-fm (4 handlers)
[GIN-debug] GET    /admin/v1/ponds           --> git.hyhy.fun/rsplab/iolink/internal/adminapi.(*Server).listPonds-fm (4 handlers)
[GIN-debug] POST   /admin/v1/ponds           --> git.hyhy.fun/rsplab/iolink/internal/adminapi.(*Server).createPond-fm (4 handlers)
[GIN-debug] PUT    /admin/v1/ponds/:id       --> git.hyhy.fun/rsplab/iolink/internal/adminapi.(*Server).updatePond-fm (4 handlers)
[GIN-debug] DELETE /admin/v1/ponds/:id       --> git.hyhy.fun/rsplab/iolink/internal/adminapi.(*Server).deletePond-fm (4 handlers)
[GIN-debug] GET    /admin/v1/devices         --> git.hyhy.fun/rsplab/iolink/internal/adminapi.(*Server).listDevices-fm (4 handlers)
[GIN-debug] POST   /admin/v1/devices         --> git.hyhy.fun/rsplab/iolink/internal/adminapi.(*Server).registerDevice-fm (4 handlers)
[GIN-debug] GET    /admin/v1/devices/:device_no --> git.hyhy.fun/rsplab/iolink/internal/adminapi.(*Server).getDevice-fm (4 handlers)
[GIN-debug] DELETE /admin/v1/devices/:device_no --> git.hyhy.fun/rsplab/iolink/internal/adminapi.(*Server).deleteDevice-fm (4 handlers)
[GIN-debug] PUT    /admin/v1/devices/:device_no/pond --> git.hyhy.fun/rsplab/iolink/internal/adminapi.(*Server).moveDevice-fm (4 handlers)
[GIN-debug] GET    /admin/v1/alarm-rules     --> git.hyhy.fun/rsplab/iolink/internal/adminapi.(*Server).listRules-fm (4 handlers)
[GIN-debug] POST   /admin/v1/alarm-rules     --> git.hyhy.fun/rsplab/iolink/internal/adminapi.(*Server).createRule-fm (4 handlers)
[GIN-debug] PUT    /admin/v1/alarm-rules/:id --> git.hyhy.fun/rsplab/iolink/internal/adminapi.(*Server).updateRule-fm (4 handlers)
[GIN-debug] DELETE /admin/v1/alarm-rules/:id --> git.hyhy.fun/rsplab/iolink/internal/adminapi.(*Server).deleteRule-fm (4 handlers)
[GIN-debug] GET    /admin/v1/alarms          --> git.hyhy.fun/rsplab/iolink/internal/adminapi.(*Server).listAlarms-fm (4 handlers)
[GIN-debug] POST   /admin/v1/alarms/:id/confirm --> git.hyhy.fun/rsplab/iolink/internal/adminapi.(*Server).confirmAlarm-fm (4 handlers)
[GIN-debug] POST   /admin/v1/alarms/batch-confirm --> git.hyhy.fun/rsplab/iolink/internal/adminapi.(*Server).batchConfirm-fm (4 handlers)
[GIN-debug] GET    /admin/v1/stats           --> git.hyhy.fun/rsplab/iolink/internal/adminapi.(*Server).stats-fm (4 handlers)
[GIN-debug] GET    /admin/v1/products        --> git.hyhy.fun/rsplab/iolink/internal/adminapi.(*Server).listProducts-fm (4 handlers)
[GIN-debug] POST   /admin/v1/products        --> git.hyhy.fun/rsplab/iolink/internal/adminapi.(*Server).createProduct-fm (4 handlers)
[GIN-debug] GET    /admin/v1/products/:product_id/models --> git.hyhy.fun/rsplab/iolink/internal/adminapi.(*Server).listProductModels-fm (4 handlers)
[GIN-debug] POST   /admin/v1/products/:product_id/models --> git.hyhy.fun/rsplab/iolink/internal/adminapi.(*Server).createProductModel-fm (4 handlers)
[GIN-debug] POST   /admin/v1/products/:product_id/models/:version/publish --> git.hyhy.fun/rsplab/iolink/internal/adminapi.(*Server).publishProductModel-fm (4 handlers)
[GIN-debug] GET    /admin/v1/devices/:device_no/product --> git.hyhy.fun/rsplab/iolink/internal/adminapi.(*Server).getDeviceProduct-fm (4 handlers)
[GIN-debug] PUT    /admin/v1/devices/:device_no/product --> git.hyhy.fun/rsplab/iolink/internal/adminapi.(*Server).assignDeviceProduct-fm (4 handlers)
    alarm_revocation_http_test.go:94: operation=singular revocation=platform_authority injected=true status=404 response={"error":"alarm not found"} unchanged=true
--- PASS: TestM6bAlarmHTTPRejectsRevocationAfterAuthentication (4.96s)
    --- PASS: TestM6bAlarmHTTPRejectsRevocationAfterAuthentication/batch_role (0.62s)
    --- PASS: TestM6bAlarmHTTPRejectsRevocationAfterAuthentication/batch_membership (0.61s)
    --- PASS: TestM6bAlarmHTTPRejectsRevocationAfterAuthentication/batch_tenant (0.62s)
    --- PASS: TestM6bAlarmHTTPRejectsRevocationAfterAuthentication/batch_platform_authority (0.62s)
    --- PASS: TestM6bAlarmHTTPRejectsRevocationAfterAuthentication/singular_role (0.62s)
    --- PASS: TestM6bAlarmHTTPRejectsRevocationAfterAuthentication/singular_membership (0.63s)
    --- PASS: TestM6bAlarmHTTPRejectsRevocationAfterAuthentication/singular_tenant (0.62s)
    --- PASS: TestM6bAlarmHTTPRejectsRevocationAfterAuthentication/singular_platform_authority (0.62s)
=== RUN   TestAppAlarmConfirmDeniedWhenLiveRoleCannotConfirm
=== RUN   TestAppAlarmConfirmDeniedWhenLiveRoleCannotConfirm/viewer
    app_resource_scope_test.go:119: environment real_timescaledb=2.30.0
    app_resource_scope_test.go:134: scenario=confirm_viewer error=not found before={"alarms": [{"id": 1, "level": "warning", "metric": "temperature", "message": "temperature 高于阈值 20", "pond_id": 9401, "device_no": "v2-permission", "threshold": 20, "created_at": "2026-10-04T04:31:57.430248+00:00", "product_id": 1, "confirmed_at": null, "current_value": 25}, {"id": 2, "level": "warning", "metric": "temperature", "message": "temperature 高于阈值 20", "pond_id": 9403, "device_no": "v2-hidden", "threshold": 20, "created_at": "2026-10-04T04:31:57.43842+00:00", "product_id": 1, "confirmed_at": null, "current_value": 25}], "outbox": [{"id": 1, "status": "pending", "next_at": "2026-10-04T04:32:57.430282+00:00", "alarm_id": 1, "attempts": 0, "created_at": "2026-10-04T04:32:57.430282+00:00", "last_error": null, "updated_at": "2026-10-04T04:32:57.430282+00:00", "lease_owner": null, "leased_until": null, "recipient_open_id": null}, {"id": 2, "status": "pending", "next_at": "2026-10-04T04:32:57.438459+00:00", "alarm_id": 2, "attempts": 0, "created_at": "2026-10-04T04:32:57.438459+00:00", "last_error": null, "updated_at": "2026-10-04T04:32:57.438459+00:00", "lease_owner": null, "leased_until": null, "recipient_open_id": null}], "shadows": [{"ts": "2026-10-04T04:31:57.43842+00:00", "last": {"temperature": 25}, "signal": null, "pond_id": 9403, "device_no": "v2-hidden", "tenant_id": 9401, "product_id": 1, "timestamps": {"temperature": "2026-10-04T04:31:57.438420866Z"}, "model_version": 1}, {"ts": "2026-10-04T04:31:57.430248+00:00", "last": {"temperature": 25}, "signal": null, "pond_id": 9401, "device_no": "v2-permission", "tenant_id": 9401, "product_id": 1, "timestamps": {"temperature": "2026-10-04T04:31:57.430248045Z"}, "model_version": 1}], "telemetry": [{"ts": "2026-10-04T04:31:57.430248+00:00", "pond_id": 9401, "device_no": "v2-permission", "tenant_id": 9401, "product_id": 1, "properties": {"temperature": 25}, "model_version": 1}, {"ts": "2026-10-04T04:31:57.43842+00:00", "pond_id": 9403, "device_no": "v2-hidden", "tenant_id": 9401, "product_id": 1, "properties": {"temperature": 25}, "model_version": 1}], "sensor_data": [{"ph": null, "ts": "2026-10-04T04:31:57.430248+00:00", "signal": null, "battery": null, "pond_id": 9401, "salinity": null, "device_no": "v2-permission", "tenant_id": 9401, "turbidity": null, "temperature": 25, "dissolved_oxygen": null}, {"ph": null, "ts": "2026-10-04T04:31:57.43842+00:00", "signal": null, "battery": null, "pond_id": 9403, "salinity": null, "device_no": "v2-hidden", "tenant_id": 9401, "turbidity": null, "temperature": 25, "dissolved_oxygen": null}]} after={"alarms": [{"id": 1, "level": "warning", "metric": "temperature", "message": "temperature 高于阈值 20", "pond_id": 9401, "device_no": "v2-permission", "threshold": 20, "created_at": "2026-10-04T04:31:57.430248+00:00", "product_id": 1, "confirmed_at": null, "current_value": 25}, {"id": 2, "level": "warning", "metric": "temperature", "message": "temperature 高于阈值 20", "pond_id": 9403, "device_no": "v2-hidden", "threshold": 20, "created_at": "2026-10-04T04:31:57.43842+00:00", "product_id": 1, "confirmed_at": null, "current_value": 25}], "outbox": [{"id": 1, "status": "pending", "next_at": "2026-10-04T04:32:57.430282+00:00", "alarm_id": 1, "attempts": 0, "created_at": "2026-10-04T04:32:57.430282+00:00", "last_error": null, "updated_at": "2026-10-04T04:32:57.430282+00:00", "lease_owner": null, "leased_until": null, "recipient_open_id": null}, {"id": 2, "status": "pending", "next_at": "2026-10-04T04:32:57.438459+00:00", "alarm_id": 2, "attempts": 0, "created_at": "2026-10-04T04:32:57.438459+00:00", "last_error": null, "updated_at": "2026-10-04T04:32:57.438459+00:00", "lease_owner": null, "leased_until": null, "recipient_open_id": null}], "shadows": [{"ts": "2026-10-04T04:31:57.43842+00:00", "last": {"temperature": 25}, "signal": null, "pond_id": 9403, "device_no": "v2-hidden", "tenant_id": 9401, "product_id": 1, "timestamps": {"temperature": "2026-10-04T04:31:57.438420866Z"}, "model_version": 1}, {"ts": "2026-10-04T04:31:57.430248+00:00", "last": {"temperature": 25}, "signal": null, "pond_id": 9401, "device_no": "v2-permission", "tenant_id": 9401, "product_id": 1, "timestamps": {"temperature": "2026-10-04T04:31:57.430248045Z"}, "model_version": 1}], "telemetry": [{"ts": "2026-10-04T04:31:57.430248+00:00", "pond_id": 9401, "device_no": "v2-permission", "tenant_id": 9401, "product_id": 1, "properties": {"temperature": 25}, "model_version": 1}, {"ts": "2026-10-04T04:31:57.43842+00:00", "pond_id": 9403, "device_no": "v2-hidden", "tenant_id": 9401, "product_id": 1, "properties": {"temperature": 25}, "model_version": 1}], "sensor_data": [{"ph": null, "ts": "2026-10-04T04:31:57.430248+00:00", "signal": null, "battery": null, "pond_id": 9401, "salinity": null, "device_no": "v2-permission", "tenant_id": 9401, "turbidity": null, "temperature": 25, "dissolved_oxygen": null}, {"ph": null, "ts": "2026-10-04T04:31:57.43842+00:00", "signal": null, "battery": null, "pond_id": 9403, "salinity": null, "device_no": "v2-hidden", "tenant_id": 9401, "turbidity": null, "temperature": 25, "dissolved_oxygen": null}]}
=== RUN   TestAppAlarmConfirmDeniedWhenLiveRoleCannotConfirm/revoked_admin
    app_resource_scope_test.go:119: environment real_timescaledb=2.30.0
    app_resource_scope_test.go:134: scenario=confirm_revoked_admin error=not found before={"alarms": [{"id": 1, "level": "warning", "metric": "temperature", "message": "temperature 高于阈值 20", "pond_id": 9401, "device_no": "v2-permission", "threshold": 20, "created_at": "2026-10-04T04:31:57.768286+00:00", "product_id": 1, "confirmed_at": null, "current_value": 25}, {"id": 2, "level": "warning", "metric": "temperature", "message": "temperature 高于阈值 20", "pond_id": 9403, "device_no": "v2-hidden", "threshold": 20, "created_at": "2026-10-04T04:31:57.776677+00:00", "product_id": 1, "confirmed_at": null, "current_value": 25}], "outbox": [{"id": 1, "status": "pending", "next_at": "2026-10-04T04:32:57.76832+00:00", "alarm_id": 1, "attempts": 0, "created_at": "2026-10-04T04:32:57.76832+00:00", "last_error": null, "updated_at": "2026-10-04T04:32:57.76832+00:00", "lease_owner": null, "leased_until": null, "recipient_open_id": null}, {"id": 2, "status": "pending", "next_at": "2026-10-04T04:32:57.776708+00:00", "alarm_id": 2, "attempts": 0, "created_at": "2026-10-04T04:32:57.776708+00:00", "last_error": null, "updated_at": "2026-10-04T04:32:57.776708+00:00", "lease_owner": null, "leased_until": null, "recipient_open_id": null}], "shadows": [{"ts": "2026-10-04T04:31:57.776677+00:00", "last": {"temperature": 25}, "signal": null, "pond_id": 9403, "device_no": "v2-hidden", "tenant_id": 9401, "product_id": 1, "timestamps": {"temperature": "2026-10-04T04:31:57.776677866Z"}, "model_version": 1}, {"ts": "2026-10-04T04:31:57.768286+00:00", "last": {"temperature": 25}, "signal": null, "pond_id": 9401, "device_no": "v2-permission", "tenant_id": 9401, "product_id": 1, "timestamps": {"temperature": "2026-10-04T04:31:57.768286564Z"}, "model_version": 1}], "telemetry": [{"ts": "2026-10-04T04:31:57.768286+00:00", "pond_id": 9401, "device_no": "v2-permission", "tenant_id": 9401, "product_id": 1, "properties": {"temperature": 25}, "model_version": 1}, {"ts": "2026-10-04T04:31:57.776677+00:00", "pond_id": 9403, "device_no": "v2-hidden", "tenant_id": 9401, "product_id": 1, "properties": {"temperature": 25}, "model_version": 1}], "sensor_data": [{"ph": null, "ts": "2026-10-04T04:31:57.768286+00:00", "signal": null, "battery": null, "pond_id": 9401, "salinity": null, "device_no": "v2-permission", "tenant_id": 9401, "turbidity": null, "temperature": 25, "dissolved_oxygen": null}, {"ph": null, "ts": "2026-10-04T04:31:57.776677+00:00", "signal": null, "battery": null, "pond_id": 9403, "salinity": null, "device_no": "v2-hidden", "tenant_id": 9401, "turbidity": null, "temperature": 25, "dissolved_oxygen": null}]} after={"alarms": [{"id": 1, "level": "warning", "metric": "temperature", "message": "temperature 高于阈值 20", "pond_id": 9401, "device_no": "v2-permission", "threshold": 20, "created_at": "2026-10-04T04:31:57.768286+00:00", "product_id": 1, "confirmed_at": null, "current_value": 25}, {"id": 2, "level": "warning", "metric": "temperature", "message": "temperature 高于阈值 20", "pond_id": 9403, "device_no": "v2-hidden", "threshold": 20, "created_at": "2026-10-04T04:31:57.776677+00:00", "product_id": 1, "confirmed_at": null, "current_value": 25}], "outbox": [{"id": 1, "status": "pending", "next_at": "2026-10-04T04:32:57.76832+00:00", "alarm_id": 1, "attempts": 0, "created_at": "2026-10-04T04:32:57.76832+00:00", "last_error": null, "updated_at": "2026-10-04T04:32:57.76832+00:00", "lease_owner": null, "leased_until": null, "recipient_open_id": null}, {"id": 2, "status": "pending", "next_at": "2026-10-04T04:32:57.776708+00:00", "alarm_id": 2, "attempts": 0, "created_at": "2026-10-04T04:32:57.776708+00:00", "last_error": null, "updated_at": "2026-10-04T04:32:57.776708+00:00", "lease_owner": null, "leased_until": null, "recipient_open_id": null}], "shadows": [{"ts": "2026-10-04T04:31:57.776677+00:00", "last": {"temperature": 25}, "signal": null, "pond_id": 9403, "device_no": "v2-hidden", "tenant_id": 9401, "product_id": 1, "timestamps": {"temperature": "2026-10-04T04:31:57.776677866Z"}, "model_version": 1}, {"ts": "2026-10-04T04:31:57.768286+00:00", "last": {"temperature": 25}, "signal": null, "pond_id": 9401, "device_no": "v2-permission", "tenant_id": 9401, "product_id": 1, "timestamps": {"temperature": "2026-10-04T04:31:57.768286564Z"}, "model_version": 1}], "telemetry": [{"ts": "2026-10-04T04:31:57.768286+00:00", "pond_id": 9401, "device_no": "v2-permission", "tenant_id": 9401, "product_id": 1, "properties": {"temperature": 25}, "model_version": 1}, {"ts": "2026-10-04T04:31:57.776677+00:00", "pond_id": 9403, "device_no": "v2-hidden", "tenant_id": 9401, "product_id": 1, "properties": {"temperature": 25}, "model_version": 1}], "sensor_data": [{"ph": null, "ts": "2026-10-04T04:31:57.768286+00:00", "signal": null, "battery": null, "pond_id": 9401, "salinity": null, "device_no": "v2-permission", "tenant_id": 9401, "turbidity": null, "temperature": 25, "dissolved_oxygen": null}, {"ph": null, "ts": "2026-10-04T04:31:57.776677+00:00", "signal": null, "battery": null, "pond_id": 9403, "salinity": null, "device_no": "v2-hidden", "tenant_id": 9401, "turbidity": null, "temperature": 25, "dissolved_oxygen": null}]}
--- PASS: TestAppAlarmConfirmDeniedWhenLiveRoleCannotConfirm (0.68s)
    --- PASS: TestAppAlarmConfirmDeniedWhenLiveRoleCannotConfirm/viewer (0.34s)
    --- PASS: TestAppAlarmConfirmDeniedWhenLiveRoleCannotConfirm/revoked_admin (0.34s)
=== RUN   TestM6bManagerBatchRejectsLiveRevocation
=== RUN   TestM6bManagerBatchRejectsLiveRevocation/role_batch
    alarm_batch_revocation_test.go:19: environment real_timescaledb=2.30.0
    alarm_batch_revocation_test.go:45: revocation=role actor_entry=false confirmed=0 error=not found unchanged=true
=== RUN   TestM6bManagerBatchRejectsLiveRevocation/role_batch_by_actor
    alarm_batch_revocation_test.go:19: environment real_timescaledb=2.30.0
    alarm_batch_revocation_test.go:45: revocation=role actor_entry=true confirmed=0 error=not found unchanged=true
=== RUN   TestM6bManagerBatchRejectsLiveRevocation/membership_batch
    alarm_batch_revocation_test.go:19: environment real_timescaledb=2.30.0
    alarm_batch_revocation_test.go:45: revocation=membership actor_entry=false confirmed=0 error=not found unchanged=true
=== RUN   TestM6bManagerBatchRejectsLiveRevocation/membership_batch_by_actor
    alarm_batch_revocation_test.go:19: environment real_timescaledb=2.30.0
    alarm_batch_revocation_test.go:45: revocation=membership actor_entry=true confirmed=0 error=not found unchanged=true
=== RUN   TestM6bManagerBatchRejectsLiveRevocation/tenant_batch
    alarm_batch_revocation_test.go:19: environment real_timescaledb=2.30.0
    alarm_batch_revocation_test.go:45: revocation=tenant actor_entry=false confirmed=0 error=not found unchanged=true
=== RUN   TestM6bManagerBatchRejectsLiveRevocation/tenant_batch_by_actor
    alarm_batch_revocation_test.go:19: environment real_timescaledb=2.30.0
    alarm_batch_revocation_test.go:45: revocation=tenant actor_entry=true confirmed=0 error=not found unchanged=true
=== RUN   TestM6bManagerBatchRejectsLiveRevocation/platform_authority_batch
    alarm_batch_revocation_test.go:19: environment real_timescaledb=2.30.0
    alarm_batch_revocation_test.go:45: revocation=platform_authority actor_entry=false confirmed=0 error=not found unchanged=true
=== RUN   TestM6bManagerBatchRejectsLiveRevocation/platform_authority_batch_by_actor
    alarm_batch_revocation_test.go:19: environment real_timescaledb=2.30.0
    alarm_batch_revocation_test.go:45: revocation=platform_authority actor_entry=true confirmed=0 error=not found unchanged=true
--- PASS: TestM6bManagerBatchRejectsLiveRevocation (2.95s)
    --- PASS: TestM6bManagerBatchRejectsLiveRevocation/role_batch (0.34s)
    --- PASS: TestM6bManagerBatchRejectsLiveRevocation/role_batch_by_actor (0.37s)
    --- PASS: TestM6bManagerBatchRejectsLiveRevocation/membership_batch (0.39s)
    --- PASS: TestM6bManagerBatchRejectsLiveRevocation/membership_batch_by_actor (0.39s)
    --- PASS: TestM6bManagerBatchRejectsLiveRevocation/tenant_batch (0.38s)
    --- PASS: TestM6bManagerBatchRejectsLiveRevocation/tenant_batch_by_actor (0.37s)
    --- PASS: TestM6bManagerBatchRejectsLiveRevocation/platform_authority_batch (0.37s)
    --- PASS: TestM6bManagerBatchRejectsLiveRevocation/platform_authority_batch_by_actor (0.34s)
PASS
ok  	git.hyhy.fun/rsplab/iolink/internal/core	24.727s
-test.shuffle 1791088357115117891
=== RUN   TestM6bLegacyPlatformOwnerBusinessBoundary
[GIN-debug] [WARNING] Running in "debug" mode. Switch to "release" mode in production.
 - using env:	export GIN_MODE=release
 - using code:	gin.SetMode(gin.ReleaseMode)

[GIN-debug] POST   /admin/v1/login           --> git.hyhy.fun/rsplab/iolink/internal/adminapi.(*Server).login-fm (2 handlers)
[GIN-debug] GET    /admin/v1/tenants         --> git.hyhy.fun/rsplab/iolink/internal/adminapi.(*Server).listTenants-fm (3 handlers)
[GIN-debug] PUT    /admin/v1/tenants/:id/status --> git.hyhy.fun/rsplab/iolink/internal/adminapi.(*Server).setTenantStatus-fm (3 handlers)
[GIN-debug] GET    /admin/v1/tenants/:id/members --> git.hyhy.fun/rsplab/iolink/internal/adminapi.(*Server).listTenantMembers-fm (3 handlers)
[GIN-debug] PUT    /admin/v1/tenants/:id/members/:user_id --> git.hyhy.fun/rsplab/iolink/internal/adminapi.(*Server).setTenantMember-fm (3 handlers)
[GIN-debug] POST   /admin/v1/password        --> git.hyhy.fun/rsplab/iolink/internal/adminapi.(*Server).changePassword-fm (3 handlers)
[GIN-debug] GET    /admin/v1/farms           --> git.hyhy.fun/rsplab/iolink/internal/adminapi.(*Server).listFarms-fm (4 handlers)
[GIN-debug] POST   /admin/v1/farms           --> git.hyhy.fun/rsplab/iolink/internal/adminapi.(*Server).createFarm-fm (4 handlers)
[GIN-debug] GET    /admin/v1/users           --> git.hyhy.fun/rsplab/iolink/internal/adminapi.(*Server).listUsers-fm (4 handlers)
[GIN-debug] PUT    /admin/v1/farms/:id       --> git.hyhy.fun/rsplab/iolink/internal/adminapi.(*Server).updateFarm-fm (4 handlers)
[GIN-debug] DELETE /admin/v1/farms/:id       --> git.hyhy.fun/rsplab/iolink/internal/adminapi.(*Server).deleteFarm-fm (4 handlers)
[GIN-debug] PUT    /admin/v1/farms/:id/owner --> git.hyhy.fun/rsplab/iolink/internal/adminapi.(*Server).setFarmOwner-fm (4 handlers)
[GIN-debug] GET    /admin/v1/farms/:id/members --> git.hyhy.fun/rsplab/iolink/internal/adminapi.(*Server).listFarmMembers-fm (4 handlers)
[GIN-debug] PUT    /admin/v1/farms/:id/members/:user_id --> git.hyhy.fun/rsplab/iolink/internal/adminapi.(*Server).setFarmMember-fm (4 handlers)
[GIN-debug] GET    /admin/v1/ponds           --> git.hyhy.fun/rsplab/iolink/internal/adminapi.(*Server).listPonds-fm (4 handlers)
[GIN-debug] POST   /admin/v1/ponds           --> git.hyhy.fun/rsplab/iolink/internal/adminapi.(*Server).createPond-fm (4 handlers)
[GIN-debug] PUT    /admin/v1/ponds/:id       --> git.hyhy.fun/rsplab/iolink/internal/adminapi.(*Server).updatePond-fm (4 handlers)
[GIN-debug] DELETE /admin/v1/ponds/:id       --> git.hyhy.fun/rsplab/iolink/internal/adminapi.(*Server).deletePond-fm (4 handlers)
[GIN-debug] GET    /admin/v1/devices         --> git.hyhy.fun/rsplab/iolink/internal/adminapi.(*Server).listDevices-fm (4 handlers)
[GIN-debug] POST   /admin/v1/devices         --> git.hyhy.fun/rsplab/iolink/internal/adminapi.(*Server).registerDevice-fm (4 handlers)
[GIN-debug] GET    /admin/v1/devices/:device_no --> git.hyhy.fun/rsplab/iolink/internal/adminapi.(*Server).getDevice-fm (4 handlers)
[GIN-debug] DELETE /admin/v1/devices/:device_no --> git.hyhy.fun/rsplab/iolink/internal/adminapi.(*Server).deleteDevice-fm (4 handlers)
[GIN-debug] PUT    /admin/v1/devices/:device_no/pond --> git.hyhy.fun/rsplab/iolink/internal/adminapi.(*Server).moveDevice-fm (4 handlers)
[GIN-debug] GET    /admin/v1/alarm-rules     --> git.hyhy.fun/rsplab/iolink/internal/adminapi.(*Server).listRules-fm (4 handlers)
[GIN-debug] POST   /admin/v1/alarm-rules     --> git.hyhy.fun/rsplab/iolink/internal/adminapi.(*Server).createRule-fm (4 handlers)
[GIN-debug] PUT    /admin/v1/alarm-rules/:id --> git.hyhy.fun/rsplab/iolink/internal/adminapi.(*Server).updateRule-fm (4 handlers)
[GIN-debug] DELETE /admin/v1/alarm-rules/:id --> git.hyhy.fun/rsplab/iolink/internal/adminapi.(*Server).deleteRule-fm (4 handlers)
[GIN-debug] GET    /admin/v1/alarms          --> git.hyhy.fun/rsplab/iolink/internal/adminapi.(*Server).listAlarms-fm (4 handlers)
[GIN-debug] POST   /admin/v1/alarms/:id/confirm --> git.hyhy.fun/rsplab/iolink/internal/adminapi.(*Server).confirmAlarm-fm (4 handlers)
[GIN-debug] POST   /admin/v1/alarms/batch-confirm --> git.hyhy.fun/rsplab/iolink/internal/adminapi.(*Server).batchConfirm-fm (4 handlers)
[GIN-debug] GET    /admin/v1/stats           --> git.hyhy.fun/rsplab/iolink/internal/adminapi.(*Server).stats-fm (4 handlers)
[GIN-debug] GET    /admin/v1/products        --> git.hyhy.fun/rsplab/iolink/internal/adminapi.(*Server).listProducts-fm (4 handlers)
[GIN-debug] POST   /admin/v1/products        --> git.hyhy.fun/rsplab/iolink/internal/adminapi.(*Server).createProduct-fm (4 handlers)
[GIN-debug] GET    /admin/v1/products/:product_id/models --> git.hyhy.fun/rsplab/iolink/internal/adminapi.(*Server).listProductModels-fm (4 handlers)
[GIN-debug] POST   /admin/v1/products/:product_id/models --> git.hyhy.fun/rsplab/iolink/internal/adminapi.(*Server).createProductModel-fm (4 handlers)
[GIN-debug] POST   /admin/v1/products/:product_id/models/:version/publish --> git.hyhy.fun/rsplab/iolink/internal/adminapi.(*Server).publishProductModel-fm (4 handlers)
[GIN-debug] GET    /admin/v1/devices/:device_no/product --> git.hyhy.fun/rsplab/iolink/internal/adminapi.(*Server).getDeviceProduct-fm (4 handlers)
[GIN-debug] PUT    /admin/v1/devices/:device_no/product --> git.hyhy.fun/rsplab/iolink/internal/adminapi.(*Server).assignDeviceProduct-fm (4 handlers)
    platform_owner_test.go:57: POST /admin/v1/login status=200 expected=200
    platform_owner_test.go:58: GET /admin/v1/farms status=403 expected=403
    platform_owner_test.go:66: migration platform memberships=0 reconciliation=1 legacy farm/owner preserved=1
    platform_owner_test.go:67: POST /admin/v1/login status=200 expected=200
    platform_owner_test.go:69: GET /admin/v1/farms status=200 expected=200
    platform_owner_test.go:91: POST /admin/v1/login status=200 expected=200
    platform_owner_test.go:92: GET /admin/v1/farms status=200 expected=200
    platform_owner_test.go:99: GET /admin/v1/farms status=401 expected=401
    platform_owner_test.go:100: POST /admin/v1/login status=200 expected=200
    platform_owner_test.go:101: GET /admin/v1/farms status=403 expected=403
    platform_owner_test.go:105: POST /admin/v1/login status=200 expected=200
    platform_owner_test.go:109: GET /admin/v1/farms status=401 expected=401
--- PASS: TestM6bLegacyPlatformOwnerBusinessBoundary (1.36s)
=== RUN   TestLegacyTenantReconciliationAndRollback
--- PASS: TestLegacyTenantReconciliationAndRollback (0.46s)
=== RUN   TestM6bMembershipMigrationRollbackAndLegacyBackfill
--- PASS: TestM6bMembershipMigrationRollbackAndLegacyBackfill (0.42s)
PASS
ok  	git.hyhy.fun/rsplab/iolink/internal/migrate	3.305s
-test.shuffle 1791088357110940199
testing: warning: no tests to run
PASS
ok  	git.hyhy.fun/rsplab/iolink/internal/appapi	1.026s [no tests to run]
-test.shuffle 1791088357110702441
=== RUN   TestPlatformAdminCannotGrantTenantMembership
[GIN-debug] [WARNING] Running in "debug" mode. Switch to "release" mode in production.
 - using env:	export GIN_MODE=release
 - using code:	gin.SetMode(gin.ReleaseMode)

[GIN-debug] POST   /admin/v1/login           --> git.hyhy.fun/rsplab/iolink/internal/adminapi.(*Server).login-fm (2 handlers)
[GIN-debug] GET    /admin/v1/tenants         --> git.hyhy.fun/rsplab/iolink/internal/adminapi.(*Server).listTenants-fm (3 handlers)
[GIN-debug] PUT    /admin/v1/tenants/:id/status --> git.hyhy.fun/rsplab/iolink/internal/adminapi.(*Server).setTenantStatus-fm (3 handlers)
[GIN-debug] GET    /admin/v1/tenants/:id/members --> git.hyhy.fun/rsplab/iolink/internal/adminapi.(*Server).listTenantMembers-fm (3 handlers)
[GIN-debug] PUT    /admin/v1/tenants/:id/members/:user_id --> git.hyhy.fun/rsplab/iolink/internal/adminapi.(*Server).setTenantMember-fm (3 handlers)
[GIN-debug] POST   /admin/v1/password        --> git.hyhy.fun/rsplab/iolink/internal/adminapi.(*Server).changePassword-fm (3 handlers)
[GIN-debug] GET    /admin/v1/farms           --> git.hyhy.fun/rsplab/iolink/internal/adminapi.(*Server).listFarms-fm (4 handlers)
[GIN-debug] POST   /admin/v1/farms           --> git.hyhy.fun/rsplab/iolink/internal/adminapi.(*Server).createFarm-fm (4 handlers)
[GIN-debug] GET    /admin/v1/users           --> git.hyhy.fun/rsplab/iolink/internal/adminapi.(*Server).listUsers-fm (4 handlers)
[GIN-debug] PUT    /admin/v1/farms/:id       --> git.hyhy.fun/rsplab/iolink/internal/adminapi.(*Server).updateFarm-fm (4 handlers)
[GIN-debug] DELETE /admin/v1/farms/:id       --> git.hyhy.fun/rsplab/iolink/internal/adminapi.(*Server).deleteFarm-fm (4 handlers)
[GIN-debug] PUT    /admin/v1/farms/:id/owner --> git.hyhy.fun/rsplab/iolink/internal/adminapi.(*Server).setFarmOwner-fm (4 handlers)
[GIN-debug] GET    /admin/v1/farms/:id/members --> git.hyhy.fun/rsplab/iolink/internal/adminapi.(*Server).listFarmMembers-fm (4 handlers)
[GIN-debug] PUT    /admin/v1/farms/:id/members/:user_id --> git.hyhy.fun/rsplab/iolink/internal/adminapi.(*Server).setFarmMember-fm (4 handlers)
[GIN-debug] GET    /admin/v1/ponds           --> git.hyhy.fun/rsplab/iolink/internal/adminapi.(*Server).listPonds-fm (4 handlers)
[GIN-debug] POST   /admin/v1/ponds           --> git.hyhy.fun/rsplab/iolink/internal/adminapi.(*Server).createPond-fm (4 handlers)
[GIN-debug] PUT    /admin/v1/ponds/:id       --> git.hyhy.fun/rsplab/iolink/internal/adminapi.(*Server).updatePond-fm (4 handlers)
[GIN-debug] DELETE /admin/v1/ponds/:id       --> git.hyhy.fun/rsplab/iolink/internal/adminapi.(*Server).deletePond-fm (4 handlers)
[GIN-debug] GET    /admin/v1/devices         --> git.hyhy.fun/rsplab/iolink/internal/adminapi.(*Server).listDevices-fm (4 handlers)
[GIN-debug] POST   /admin/v1/devices         --> git.hyhy.fun/rsplab/iolink/internal/adminapi.(*Server).registerDevice-fm (4 handlers)
[GIN-debug] GET    /admin/v1/devices/:device_no --> git.hyhy.fun/rsplab/iolink/internal/adminapi.(*Server).getDevice-fm (4 handlers)
[GIN-debug] DELETE /admin/v1/devices/:device_no --> git.hyhy.fun/rsplab/iolink/internal/adminapi.(*Server).deleteDevice-fm (4 handlers)
[GIN-debug] PUT    /admin/v1/devices/:device_no/pond --> git.hyhy.fun/rsplab/iolink/internal/adminapi.(*Server).moveDevice-fm (4 handlers)
[GIN-debug] GET    /admin/v1/alarm-rules     --> git.hyhy.fun/rsplab/iolink/internal/adminapi.(*Server).listRules-fm (4 handlers)
[GIN-debug] POST   /admin/v1/alarm-rules     --> git.hyhy.fun/rsplab/iolink/internal/adminapi.(*Server).createRule-fm (4 handlers)
[GIN-debug] PUT    /admin/v1/alarm-rules/:id --> git.hyhy.fun/rsplab/iolink/internal/adminapi.(*Server).updateRule-fm (4 handlers)
[GIN-debug] DELETE /admin/v1/alarm-rules/:id --> git.hyhy.fun/rsplab/iolink/internal/adminapi.(*Server).deleteRule-fm (4 handlers)
[GIN-debug] GET    /admin/v1/alarms          --> git.hyhy.fun/rsplab/iolink/internal/adminapi.(*Server).listAlarms-fm (4 handlers)
[GIN-debug] POST   /admin/v1/alarms/:id/confirm --> git.hyhy.fun/rsplab/iolink/internal/adminapi.(*Server).confirmAlarm-fm (4 handlers)
[GIN-debug] POST   /admin/v1/alarms/batch-confirm --> git.hyhy.fun/rsplab/iolink/internal/adminapi.(*Server).batchConfirm-fm (4 handlers)
[GIN-debug] GET    /admin/v1/stats           --> git.hyhy.fun/rsplab/iolink/internal/adminapi.(*Server).stats-fm (4 handlers)
[GIN-debug] GET    /admin/v1/products        --> git.hyhy.fun/rsplab/iolink/internal/adminapi.(*Server).listProducts-fm (4 handlers)
[GIN-debug] POST   /admin/v1/products        --> git.hyhy.fun/rsplab/iolink/internal/adminapi.(*Server).createProduct-fm (4 handlers)
[GIN-debug] GET    /admin/v1/products/:product_id/models --> git.hyhy.fun/rsplab/iolink/internal/adminapi.(*Server).listProductModels-fm (4 handlers)
[GIN-debug] POST   /admin/v1/products/:product_id/models --> git.hyhy.fun/rsplab/iolink/internal/adminapi.(*Server).createProductModel-fm (4 handlers)
[GIN-debug] POST   /admin/v1/products/:product_id/models/:version/publish --> git.hyhy.fun/rsplab/iolink/internal/adminapi.(*Server).publishProductModel-fm (4 handlers)
[GIN-debug] GET    /admin/v1/devices/:device_no/product --> git.hyhy.fun/rsplab/iolink/internal/adminapi.(*Server).getDeviceProduct-fm (4 handlers)
[GIN-debug] PUT    /admin/v1/devices/:device_no/product --> git.hyhy.fun/rsplab/iolink/internal/adminapi.(*Server).assignDeviceProduct-fm (4 handlers)
--- PASS: TestPlatformAdminCannotGrantTenantMembership (0.34s)
=== RUN   TestPlatformAdminCanLoginAfterTenantMembershipExpires
[GIN-debug] [WARNING] Running in "debug" mode. Switch to "release" mode in production.
 - using env:	export GIN_MODE=release
 - using code:	gin.SetMode(gin.ReleaseMode)

[GIN-debug] POST   /admin/v1/login           --> git.hyhy.fun/rsplab/iolink/internal/adminapi.(*Server).login-fm (2 handlers)
[GIN-debug] GET    /admin/v1/tenants         --> git.hyhy.fun/rsplab/iolink/internal/adminapi.(*Server).listTenants-fm (3 handlers)
[GIN-debug] PUT    /admin/v1/tenants/:id/status --> git.hyhy.fun/rsplab/iolink/internal/adminapi.(*Server).setTenantStatus-fm (3 handlers)
[GIN-debug] GET    /admin/v1/tenants/:id/members --> git.hyhy.fun/rsplab/iolink/internal/adminapi.(*Server).listTenantMembers-fm (3 handlers)
[GIN-debug] PUT    /admin/v1/tenants/:id/members/:user_id --> git.hyhy.fun/rsplab/iolink/internal/adminapi.(*Server).setTenantMember-fm (3 handlers)
[GIN-debug] POST   /admin/v1/password        --> git.hyhy.fun/rsplab/iolink/internal/adminapi.(*Server).changePassword-fm (3 handlers)
[GIN-debug] GET    /admin/v1/farms           --> git.hyhy.fun/rsplab/iolink/internal/adminapi.(*Server).listFarms-fm (4 handlers)
[GIN-debug] POST   /admin/v1/farms           --> git.hyhy.fun/rsplab/iolink/internal/adminapi.(*Server).createFarm-fm (4 handlers)
[GIN-debug] GET    /admin/v1/users           --> git.hyhy.fun/rsplab/iolink/internal/adminapi.(*Server).listUsers-fm (4 handlers)
[GIN-debug] PUT    /admin/v1/farms/:id       --> git.hyhy.fun/rsplab/iolink/internal/adminapi.(*Server).updateFarm-fm (4 handlers)
[GIN-debug] DELETE /admin/v1/farms/:id       --> git.hyhy.fun/rsplab/iolink/internal/adminapi.(*Server).deleteFarm-fm (4 handlers)
[GIN-debug] PUT    /admin/v1/farms/:id/owner --> git.hyhy.fun/rsplab/iolink/internal/adminapi.(*Server).setFarmOwner-fm (4 handlers)
[GIN-debug] GET    /admin/v1/farms/:id/members --> git.hyhy.fun/rsplab/iolink/internal/adminapi.(*Server).listFarmMembers-fm (4 handlers)
[GIN-debug] PUT    /admin/v1/farms/:id/members/:user_id --> git.hyhy.fun/rsplab/iolink/internal/adminapi.(*Server).setFarmMember-fm (4 handlers)
[GIN-debug] GET    /admin/v1/ponds           --> git.hyhy.fun/rsplab/iolink/internal/adminapi.(*Server).listPonds-fm (4 handlers)
[GIN-debug] POST   /admin/v1/ponds           --> git.hyhy.fun/rsplab/iolink/internal/adminapi.(*Server).createPond-fm (4 handlers)
[GIN-debug] PUT    /admin/v1/ponds/:id       --> git.hyhy.fun/rsplab/iolink/internal/adminapi.(*Server).updatePond-fm (4 handlers)
[GIN-debug] DELETE /admin/v1/ponds/:id       --> git.hyhy.fun/rsplab/iolink/internal/adminapi.(*Server).deletePond-fm (4 handlers)
[GIN-debug] GET    /admin/v1/devices         --> git.hyhy.fun/rsplab/iolink/internal/adminapi.(*Server).listDevices-fm (4 handlers)
[GIN-debug] POST   /admin/v1/devices         --> git.hyhy.fun/rsplab/iolink/internal/adminapi.(*Server).registerDevice-fm (4 handlers)
[GIN-debug] GET    /admin/v1/devices/:device_no --> git.hyhy.fun/rsplab/iolink/internal/adminapi.(*Server).getDevice-fm (4 handlers)
[GIN-debug] DELETE /admin/v1/devices/:device_no --> git.hyhy.fun/rsplab/iolink/internal/adminapi.(*Server).deleteDevice-fm (4 handlers)
[GIN-debug] PUT    /admin/v1/devices/:device_no/pond --> git.hyhy.fun/rsplab/iolink/internal/adminapi.(*Server).moveDevice-fm (4 handlers)
[GIN-debug] GET    /admin/v1/alarm-rules     --> git.hyhy.fun/rsplab/iolink/internal/adminapi.(*Server).listRules-fm (4 handlers)
[GIN-debug] POST   /admin/v1/alarm-rules     --> git.hyhy.fun/rsplab/iolink/internal/adminapi.(*Server).createRule-fm (4 handlers)
[GIN-debug] PUT    /admin/v1/alarm-rules/:id --> git.hyhy.fun/rsplab/iolink/internal/adminapi.(*Server).updateRule-fm (4 handlers)
[GIN-debug] DELETE /admin/v1/alarm-rules/:id --> git.hyhy.fun/rsplab/iolink/internal/adminapi.(*Server).deleteRule-fm (4 handlers)
[GIN-debug] GET    /admin/v1/alarms          --> git.hyhy.fun/rsplab/iolink/internal/adminapi.(*Server).listAlarms-fm (4 handlers)
[GIN-debug] POST   /admin/v1/alarms/:id/confirm --> git.hyhy.fun/rsplab/iolink/internal/adminapi.(*Server).confirmAlarm-fm (4 handlers)
[GIN-debug] POST   /admin/v1/alarms/batch-confirm --> git.hyhy.fun/rsplab/iolink/internal/adminapi.(*Server).batchConfirm-fm (4 handlers)
[GIN-debug] GET    /admin/v1/stats           --> git.hyhy.fun/rsplab/iolink/internal/adminapi.(*Server).stats-fm (4 handlers)
[GIN-debug] GET    /admin/v1/products        --> git.hyhy.fun/rsplab/iolink/internal/adminapi.(*Server).listProducts-fm (4 handlers)
[GIN-debug] POST   /admin/v1/products        --> git.hyhy.fun/rsplab/iolink/internal/adminapi.(*Server).createProduct-fm (4 handlers)
[GIN-debug] GET    /admin/v1/products/:product_id/models --> git.hyhy.fun/rsplab/iolink/internal/adminapi.(*Server).listProductModels-fm (4 handlers)
[GIN-debug] POST   /admin/v1/products/:product_id/models --> git.hyhy.fun/rsplab/iolink/internal/adminapi.(*Server).createProductModel-fm (4 handlers)
[GIN-debug] POST   /admin/v1/products/:product_id/models/:version/publish --> git.hyhy.fun/rsplab/iolink/internal/adminapi.(*Server).publishProductModel-fm (4 handlers)
[GIN-debug] GET    /admin/v1/devices/:device_no/product --> git.hyhy.fun/rsplab/iolink/internal/adminapi.(*Server).getDeviceProduct-fm (4 handlers)
[GIN-debug] PUT    /admin/v1/devices/:device_no/product --> git.hyhy.fun/rsplab/iolink/internal/adminapi.(*Server).assignDeviceProduct-fm (4 handlers)
--- PASS: TestPlatformAdminCanLoginAfterTenantMembershipExpires (0.28s)
PASS
ok  	git.hyhy.fun/rsplab/iolink/internal/adminapi	1.681s

EXIT 0
