$ make verify
go build ./...
go vet ./...
go test -race -shuffle=on ./... -count=1
ok  	git.hyhy.fun/rsplab/iolink/cmd/iolinkd	1.071s
?   	git.hyhy.fun/rsplab/iolink/cmd/mqtt-once	[no test files]
?   	git.hyhy.fun/rsplab/iolink/cmd/mqtt-sim	[no test files]
?   	git.hyhy.fun/rsplab/iolink/cmd/tp-spike-pub	[no test files]
ok  	git.hyhy.fun/rsplab/iolink/internal/access	1.026s
ok  	git.hyhy.fun/rsplab/iolink/internal/adminapi	6.721s
ok  	git.hyhy.fun/rsplab/iolink/internal/appapi	1.088s
ok  	git.hyhy.fun/rsplab/iolink/internal/authorization	1.019s
-test.shuffle 1791107137302736160
[GIN-debug] [WARNING] Running in "debug" mode. Switch to "release" mode in production.
 - using env:	export GIN_MODE=release
 - using code:	gin.SetMode(gin.ReleaseMode)

[GIN-debug] POST   /api/v1/auth/login        --> git.hyhy.fun/rsplab/iolink/internal/appapi.(*Server).login-fm (2 handlers)
[GIN-debug] GET    /api/v1/auth/tenants      --> git.hyhy.fun/rsplab/iolink/internal/appapi.(*Server).listTenants-fm (3 handlers)
[GIN-debug] POST   /api/v1/auth/tenant       --> git.hyhy.fun/rsplab/iolink/internal/appapi.(*Server).switchTenant-fm (3 handlers)
[GIN-debug] GET    /api/v1/ponds             --> git.hyhy.fun/rsplab/iolink/internal/appapi.(*Server).listPonds-fm (3 handlers)
[GIN-debug] GET    /api/v1/ponds/:id         --> git.hyhy.fun/rsplab/iolink/internal/appapi.(*Server).getPond-fm (3 handlers)
[GIN-debug] GET    /api/v1/devices           --> git.hyhy.fun/rsplab/iolink/internal/appapi.(*Server).listDevices-fm (3 handlers)
[GIN-debug] GET    /api/v1/devices/:device_no --> git.hyhy.fun/rsplab/iolink/internal/appapi.(*Server).getDevice-fm (3 handlers)
[GIN-debug] GET    /api/v1/water/latest      --> git.hyhy.fun/rsplab/iolink/internal/appapi.(*Server).waterLatest-fm (3 handlers)
[GIN-debug] GET    /api/v1/water/history     --> git.hyhy.fun/rsplab/iolink/internal/appapi.(*Server).waterHistory-fm (3 handlers)
[GIN-debug] GET    /api/v1/alarms            --> git.hyhy.fun/rsplab/iolink/internal/appapi.(*Server).listAlarms-fm (3 handlers)
[GIN-debug] GET    /api/v1/stats/summary     --> git.hyhy.fun/rsplab/iolink/internal/appapi.(*Server).statsSummary-fm (3 handlers)
[GIN-debug] POST   /api/v1/alarms/:id/confirm --> git.hyhy.fun/rsplab/iolink/internal/appapi.(*Server).confirmAlarm-fm (3 handlers)
[GIN-debug] POST   /api/v2/devices/:device_no/telemetry --> git.hyhy.fun/rsplab/iolink/internal/appapi.(*Server).submitTelemetryV2-fm (3 handlers)
[GIN-debug] GET    /api/v2/devices/:device_no/model/latest --> git.hyhy.fun/rsplab/iolink/internal/appapi.(*Server).modelLatestV2-fm (3 handlers)
[GIN-debug] GET    /api/v2/devices/:device_no/history --> git.hyhy.fun/rsplab/iolink/internal/appapi.(*Server).telemetryHistoryV2-fm (3 handlers)
[GIN-debug] [WARNING] Running in "debug" mode. Switch to "release" mode in production.
 - using env:	export GIN_MODE=release
 - using code:	gin.SetMode(gin.ReleaseMode)

[GIN-debug] POST   /admin/v1/login           --> git.hyhy.fun/rsplab/iolink/internal/adminapi.(*Server).login-fm (2 handlers)
[GIN-debug] GET    /admin/v1/tenants         --> git.hyhy.fun/rsplab/iolink/internal/adminapi.(*Server).listTenants-fm (3 handlers)
[GIN-debug] PUT    /admin/v1/tenants/:id/status --> git.hyhy.fun/rsplab/iolink/internal/adminapi.(*Server).setTenantStatus-fm (3 handlers)
[GIN-debug] GET    /admin/v1/tenants/:id/members --> git.hyhy.fun/rsplab/iolink/internal/adminapi.(*Server).listTenantMembers-fm (3 handlers)
[GIN-debug] PUT    /admin/v1/tenants/:id/members/:user_id --> git.hyhy.fun/rsplab/iolink/internal/adminapi.(*Server).setTenantMember-fm (3 handlers)
[GIN-debug] POST   /admin/v1/password        --> git.hyhy.fun/rsplab/iolink/internal/adminapi.(*Server).changePassword-fm (3 handlers)
[GIN-debug] GET    /admin/v1/farms           --> git.hyhy.fun/rsplab/iolink/internal/adminapi.(*Server).listFarms-fm (4 handlers)
[GIN-debug] POST   /admin/v1/farms           --> git.hyhy.fun/rsplab/iolink/internal/adminapi.(*Server).createFarm-fm (4 handlers)
[GIN-debug] GET    /admin/v1/users           --> git.hyhy.fun/rsplab/iolink/internal/adminapi.(*Server).listUsers-fm (4 handlers)
[GIN-debug] PUT    /admin/v1/farms/:id       --> git.hyhy.fun/rsplab/iolink/internal/adminapi.(*Server).updateFarm-fm (4 handlers)
[GIN-debug] DELETE /admin/v1/farms/:id       --> git.hyhy.fun/rsplab/iolink/internal/adminapi.(*Server).deleteFarm-fm (4 handlers)
[GIN-debug] PUT    /admin/v1/farms/:id/owner --> git.hyhy.fun/rsplab/iolink/internal/adminapi.(*Server).setFarmOwner-fm (4 handlers)
[GIN-debug] GET    /admin/v1/farms/:id/members --> git.hyhy.fun/rsplab/iolink/internal/adminapi.(*Server).listFarmMembers-fm (4 handlers)
[GIN-debug] PUT    /admin/v1/farms/:id/members/:user_id --> git.hyhy.fun/rsplab/iolink/internal/adminapi.(*Server).setFarmMember-fm (4 handlers)
[GIN-debug] GET    /admin/v1/ponds           --> git.hyhy.fun/rsplab/iolink/internal/adminapi.(*Server).listPonds-fm (4 handlers)
[GIN-debug] POST   /admin/v1/ponds           --> git.hyhy.fun/rsplab/iolink/internal/adminapi.(*Server).createPond-fm (4 handlers)
[GIN-debug] PUT    /admin/v1/ponds/:id       --> git.hyhy.fun/rsplab/iolink/internal/adminapi.(*Server).updatePond-fm (4 handlers)
[GIN-debug] DELETE /admin/v1/ponds/:id       --> git.hyhy.fun/rsplab/iolink/internal/adminapi.(*Server).deletePond-fm (4 handlers)
[GIN-debug] GET    /admin/v1/devices         --> git.hyhy.fun/rsplab/iolink/internal/adminapi.(*Server).listDevices-fm (4 handlers)
[GIN-debug] POST   /admin/v1/devices         --> git.hyhy.fun/rsplab/iolink/internal/adminapi.(*Server).registerDevice-fm (4 handlers)
[GIN-debug] GET    /admin/v1/devices/:device_no --> git.hyhy.fun/rsplab/iolink/internal/adminapi.(*Server).getDevice-fm (4 handlers)
[GIN-debug] DELETE /admin/v1/devices/:device_no --> git.hyhy.fun/rsplab/iolink/internal/adminapi.(*Server).deleteDevice-fm (4 handlers)
[GIN-debug] PUT    /admin/v1/devices/:device_no/pond --> git.hyhy.fun/rsplab/iolink/internal/adminapi.(*Server).moveDevice-fm (4 handlers)
[GIN-debug] GET    /admin/v1/alarm-rules     --> git.hyhy.fun/rsplab/iolink/internal/adminapi.(*Server).listRules-fm (4 handlers)
[GIN-debug] POST   /admin/v1/alarm-rules     --> git.hyhy.fun/rsplab/iolink/internal/adminapi.(*Server).createRule-fm (4 handlers)
[GIN-debug] PUT    /admin/v1/alarm-rules/:id --> git.hyhy.fun/rsplab/iolink/internal/adminapi.(*Server).updateRule-fm (4 handlers)
[GIN-debug] DELETE /admin/v1/alarm-rules/:id --> git.hyhy.fun/rsplab/iolink/internal/adminapi.(*Server).deleteRule-fm (4 handlers)
[GIN-debug] GET    /admin/v1/alarms          --> git.hyhy.fun/rsplab/iolink/internal/adminapi.(*Server).listAlarms-fm (4 handlers)
[GIN-debug] POST   /admin/v1/alarms/:id/confirm --> git.hyhy.fun/rsplab/iolink/internal/adminapi.(*Server).confirmAlarm-fm (4 handlers)
[GIN-debug] POST   /admin/v1/alarms/batch-confirm --> git.hyhy.fun/rsplab/iolink/internal/adminapi.(*Server).batchConfirm-fm (4 handlers)
[GIN-debug] GET    /admin/v1/stats           --> git.hyhy.fun/rsplab/iolink/internal/adminapi.(*Server).stats-fm (4 handlers)
[GIN-debug] GET    /admin/v1/products        --> git.hyhy.fun/rsplab/iolink/internal/adminapi.(*Server).listProducts-fm (4 handlers)
[GIN-debug] POST   /admin/v1/products        --> git.hyhy.fun/rsplab/iolink/internal/adminapi.(*Server).createProduct-fm (4 handlers)
[GIN-debug] GET    /admin/v1/products/:product_id/models --> git.hyhy.fun/rsplab/iolink/internal/adminapi.(*Server).listProductModels-fm (4 handlers)
[GIN-debug] POST   /admin/v1/products/:product_id/models --> git.hyhy.fun/rsplab/iolink/internal/adminapi.(*Server).createProductModel-fm (4 handlers)
[GIN-debug] POST   /admin/v1/products/:product_id/models/:version/publish --> git.hyhy.fun/rsplab/iolink/internal/adminapi.(*Server).publishProductModel-fm (4 handlers)
[GIN-debug] GET    /admin/v1/devices/:device_no/product --> git.hyhy.fun/rsplab/iolink/internal/adminapi.(*Server).getDeviceProduct-fm (4 handlers)
[GIN-debug] PUT    /admin/v1/devices/:device_no/product --> git.hyhy.fun/rsplab/iolink/internal/adminapi.(*Server).assignDeviceProduct-fm (4 handlers)
2026/10/04 17:45:49 INFO http request request_id=CF6VQ3O5VZSUOGWBVFACWI7KU7 route=/admin/v1/login method=POST status=200 duration_ms=177 tenant_id=0 actor_id=0
2026/10/04 17:45:49 INFO http request request_id=K3MD4H6IPSA3HNME7P2Y5C3UWT route=/admin/v1/password method=POST status=204 duration_ms=305 tenant_id=0 actor_id=0
2026/10/04 17:45:49 WARN http request request_id=K4QRGHLIJKQZJSUMS2LISSYZE5 route=/admin/v1/stats method=GET status=401 duration_ms=0 tenant_id=0 actor_id=0
[GIN-debug] [WARNING] Running in "debug" mode. Switch to "release" mode in production.
 - using env:	export GIN_MODE=release
 - using code:	gin.SetMode(gin.ReleaseMode)

[GIN-debug] POST   /api/v1/auth/login        --> git.hyhy.fun/rsplab/iolink/internal/appapi.(*Server).login-fm (2 handlers)
[GIN-debug] GET    /api/v1/auth/tenants      --> git.hyhy.fun/rsplab/iolink/internal/appapi.(*Server).listTenants-fm (3 handlers)
[GIN-debug] POST   /api/v1/auth/tenant       --> git.hyhy.fun/rsplab/iolink/internal/appapi.(*Server).switchTenant-fm (3 handlers)
[GIN-debug] GET    /api/v1/ponds             --> git.hyhy.fun/rsplab/iolink/internal/appapi.(*Server).listPonds-fm (3 handlers)
[GIN-debug] GET    /api/v1/ponds/:id         --> git.hyhy.fun/rsplab/iolink/internal/appapi.(*Server).getPond-fm (3 handlers)
[GIN-debug] GET    /api/v1/devices           --> git.hyhy.fun/rsplab/iolink/internal/appapi.(*Server).listDevices-fm (3 handlers)
[GIN-debug] GET    /api/v1/devices/:device_no --> git.hyhy.fun/rsplab/iolink/internal/appapi.(*Server).getDevice-fm (3 handlers)
[GIN-debug] GET    /api/v1/water/latest      --> git.hyhy.fun/rsplab/iolink/internal/appapi.(*Server).waterLatest-fm (3 handlers)
[GIN-debug] GET    /api/v1/water/history     --> git.hyhy.fun/rsplab/iolink/internal/appapi.(*Server).waterHistory-fm (3 handlers)
[GIN-debug] GET    /api/v1/alarms            --> git.hyhy.fun/rsplab/iolink/internal/appapi.(*Server).listAlarms-fm (3 handlers)
[GIN-debug] GET    /api/v1/stats/summary     --> git.hyhy.fun/rsplab/iolink/internal/appapi.(*Server).statsSummary-fm (3 handlers)
[GIN-debug] POST   /api/v1/alarms/:id/confirm --> git.hyhy.fun/rsplab/iolink/internal/appapi.(*Server).confirmAlarm-fm (3 handlers)
[GIN-debug] POST   /api/v2/devices/:device_no/telemetry --> git.hyhy.fun/rsplab/iolink/internal/appapi.(*Server).submitTelemetryV2-fm (3 handlers)
[GIN-debug] GET    /api/v2/devices/:device_no/model/latest --> git.hyhy.fun/rsplab/iolink/internal/appapi.(*Server).modelLatestV2-fm (3 handlers)
[GIN-debug] GET    /api/v2/devices/:device_no/history --> git.hyhy.fun/rsplab/iolink/internal/appapi.(*Server).telemetryHistoryV2-fm (3 handlers)
[GIN-debug] [WARNING] Running in "debug" mode. Switch to "release" mode in production.
 - using env:	export GIN_MODE=release
 - using code:	gin.SetMode(gin.ReleaseMode)

[GIN-debug] POST   /api/v1/auth/login        --> git.hyhy.fun/rsplab/iolink/internal/appapi.(*Server).login-fm (2 handlers)
[GIN-debug] GET    /api/v1/auth/tenants      --> git.hyhy.fun/rsplab/iolink/internal/appapi.(*Server).listTenants-fm (3 handlers)
[GIN-debug] POST   /api/v1/auth/tenant       --> git.hyhy.fun/rsplab/iolink/internal/appapi.(*Server).switchTenant-fm (3 handlers)
[GIN-debug] GET    /api/v1/ponds             --> git.hyhy.fun/rsplab/iolink/internal/appapi.(*Server).listPonds-fm (3 handlers)
[GIN-debug] GET    /api/v1/ponds/:id         --> git.hyhy.fun/rsplab/iolink/internal/appapi.(*Server).getPond-fm (3 handlers)
[GIN-debug] GET    /api/v1/devices           --> git.hyhy.fun/rsplab/iolink/internal/appapi.(*Server).listDevices-fm (3 handlers)
[GIN-debug] GET    /api/v1/devices/:device_no --> git.hyhy.fun/rsplab/iolink/internal/appapi.(*Server).getDevice-fm (3 handlers)
[GIN-debug] GET    /api/v1/water/latest      --> git.hyhy.fun/rsplab/iolink/internal/appapi.(*Server).waterLatest-fm (3 handlers)
[GIN-debug] GET    /api/v1/water/history     --> git.hyhy.fun/rsplab/iolink/internal/appapi.(*Server).waterHistory-fm (3 handlers)
[GIN-debug] GET    /api/v1/alarms            --> git.hyhy.fun/rsplab/iolink/internal/appapi.(*Server).listAlarms-fm (3 handlers)
[GIN-debug] GET    /api/v1/stats/summary     --> git.hyhy.fun/rsplab/iolink/internal/appapi.(*Server).statsSummary-fm (3 handlers)
[GIN-debug] POST   /api/v1/alarms/:id/confirm --> git.hyhy.fun/rsplab/iolink/internal/appapi.(*Server).confirmAlarm-fm (3 handlers)
[GIN-debug] POST   /api/v2/devices/:device_no/telemetry --> git.hyhy.fun/rsplab/iolink/internal/appapi.(*Server).submitTelemetryV2-fm (3 handlers)
[GIN-debug] GET    /api/v2/devices/:device_no/model/latest --> git.hyhy.fun/rsplab/iolink/internal/appapi.(*Server).modelLatestV2-fm (3 handlers)
[GIN-debug] GET    /api/v2/devices/:device_no/history --> git.hyhy.fun/rsplab/iolink/internal/appapi.(*Server).telemetryHistoryV2-fm (3 handlers)
[GIN-debug] [WARNING] Running in "debug" mode. Switch to "release" mode in production.
 - using env:	export GIN_MODE=release
 - using code:	gin.SetMode(gin.ReleaseMode)

[GIN-debug] POST   /api/v1/auth/login        --> git.hyhy.fun/rsplab/iolink/internal/appapi.(*Server).login-fm (2 handlers)
[GIN-debug] GET    /api/v1/auth/tenants      --> git.hyhy.fun/rsplab/iolink/internal/appapi.(*Server).listTenants-fm (3 handlers)
[GIN-debug] POST   /api/v1/auth/tenant       --> git.hyhy.fun/rsplab/iolink/internal/appapi.(*Server).switchTenant-fm (3 handlers)
[GIN-debug] GET    /api/v1/ponds             --> git.hyhy.fun/rsplab/iolink/internal/appapi.(*Server).listPonds-fm (3 handlers)
[GIN-debug] GET    /api/v1/ponds/:id         --> git.hyhy.fun/rsplab/iolink/internal/appapi.(*Server).getPond-fm (3 handlers)
[GIN-debug] GET    /api/v1/devices           --> git.hyhy.fun/rsplab/iolink/internal/appapi.(*Server).listDevices-fm (3 handlers)
[GIN-debug] GET    /api/v1/devices/:device_no --> git.hyhy.fun/rsplab/iolink/internal/appapi.(*Server).getDevice-fm (3 handlers)
[GIN-debug] GET    /api/v1/water/latest      --> git.hyhy.fun/rsplab/iolink/internal/appapi.(*Server).waterLatest-fm (3 handlers)
[GIN-debug] GET    /api/v1/water/history     --> git.hyhy.fun/rsplab/iolink/internal/appapi.(*Server).waterHistory-fm (3 handlers)
[GIN-debug] GET    /api/v1/alarms            --> git.hyhy.fun/rsplab/iolink/internal/appapi.(*Server).listAlarms-fm (3 handlers)
[GIN-debug] GET    /api/v1/stats/summary     --> git.hyhy.fun/rsplab/iolink/internal/appapi.(*Server).statsSummary-fm (3 handlers)
[GIN-debug] POST   /api/v1/alarms/:id/confirm --> git.hyhy.fun/rsplab/iolink/internal/appapi.(*Server).confirmAlarm-fm (3 handlers)
[GIN-debug] POST   /api/v2/devices/:device_no/telemetry --> git.hyhy.fun/rsplab/iolink/internal/appapi.(*Server).submitTelemetryV2-fm (3 handlers)
[GIN-debug] GET    /api/v2/devices/:device_no/model/latest --> git.hyhy.fun/rsplab/iolink/internal/appapi.(*Server).modelLatestV2-fm (3 handlers)
[GIN-debug] GET    /api/v2/devices/:device_no/history --> git.hyhy.fun/rsplab/iolink/internal/appapi.(*Server).telemetryHistoryV2-fm (3 handlers)
[GIN-debug] [WARNING] Running in "debug" mode. Switch to "release" mode in production.
 - using env:	export GIN_MODE=release
 - using code:	gin.SetMode(gin.ReleaseMode)

[GIN-debug] POST   /api/v1/auth/login        --> git.hyhy.fun/rsplab/iolink/internal/appapi.(*Server).login-fm (2 handlers)
[GIN-debug] GET    /api/v1/auth/tenants      --> git.hyhy.fun/rsplab/iolink/internal/appapi.(*Server).listTenants-fm (3 handlers)
[GIN-debug] POST   /api/v1/auth/tenant       --> git.hyhy.fun/rsplab/iolink/internal/appapi.(*Server).switchTenant-fm (3 handlers)
[GIN-debug] GET    /api/v1/ponds             --> git.hyhy.fun/rsplab/iolink/internal/appapi.(*Server).listPonds-fm (3 handlers)
[GIN-debug] GET    /api/v1/ponds/:id         --> git.hyhy.fun/rsplab/iolink/internal/appapi.(*Server).getPond-fm (3 handlers)
[GIN-debug] GET    /api/v1/devices           --> git.hyhy.fun/rsplab/iolink/internal/appapi.(*Server).listDevices-fm (3 handlers)
[GIN-debug] GET    /api/v1/devices/:device_no --> git.hyhy.fun/rsplab/iolink/internal/appapi.(*Server).getDevice-fm (3 handlers)
[GIN-debug] GET    /api/v1/water/latest      --> git.hyhy.fun/rsplab/iolink/internal/appapi.(*Server).waterLatest-fm (3 handlers)
[GIN-debug] GET    /api/v1/water/history     --> git.hyhy.fun/rsplab/iolink/internal/appapi.(*Server).waterHistory-fm (3 handlers)
[GIN-debug] GET    /api/v1/alarms            --> git.hyhy.fun/rsplab/iolink/internal/appapi.(*Server).listAlarms-fm (3 handlers)
[GIN-debug] GET    /api/v1/stats/summary     --> git.hyhy.fun/rsplab/iolink/internal/appapi.(*Server).statsSummary-fm (3 handlers)
[GIN-debug] POST   /api/v1/alarms/:id/confirm --> git.hyhy.fun/rsplab/iolink/internal/appapi.(*Server).confirmAlarm-fm (3 handlers)
[GIN-debug] POST   /api/v2/devices/:device_no/telemetry --> git.hyhy.fun/rsplab/iolink/internal/appapi.(*Server).submitTelemetryV2-fm (3 handlers)
[GIN-debug] GET    /api/v2/devices/:device_no/model/latest --> git.hyhy.fun/rsplab/iolink/internal/appapi.(*Server).modelLatestV2-fm (3 handlers)
[GIN-debug] GET    /api/v2/devices/:device_no/history --> git.hyhy.fun/rsplab/iolink/internal/appapi.(*Server).telemetryHistoryV2-fm (3 handlers)
[GIN-debug] [WARNING] Running in "debug" mode. Switch to "release" mode in production.
 - using env:	export GIN_MODE=release
 - using code:	gin.SetMode(gin.ReleaseMode)

[GIN-debug] POST   /admin/v1/login           --> git.hyhy.fun/rsplab/iolink/internal/adminapi.(*Server).login-fm (2 handlers)
[GIN-debug] GET    /admin/v1/tenants         --> git.hyhy.fun/rsplab/iolink/internal/adminapi.(*Server).listTenants-fm (3 handlers)
[GIN-debug] PUT    /admin/v1/tenants/:id/status --> git.hyhy.fun/rsplab/iolink/internal/adminapi.(*Server).setTenantStatus-fm (3 handlers)
[GIN-debug] GET    /admin/v1/tenants/:id/members --> git.hyhy.fun/rsplab/iolink/internal/adminapi.(*Server).listTenantMembers-fm (3 handlers)
[GIN-debug] PUT    /admin/v1/tenants/:id/members/:user_id --> git.hyhy.fun/rsplab/iolink/internal/adminapi.(*Server).setTenantMember-fm (3 handlers)
[GIN-debug] POST   /admin/v1/password        --> git.hyhy.fun/rsplab/iolink/internal/adminapi.(*Server).changePassword-fm (3 handlers)
[GIN-debug] GET    /admin/v1/farms           --> git.hyhy.fun/rsplab/iolink/internal/adminapi.(*Server).listFarms-fm (4 handlers)
[GIN-debug] POST   /admin/v1/farms           --> git.hyhy.fun/rsplab/iolink/internal/adminapi.(*Server).createFarm-fm (4 handlers)
[GIN-debug] GET    /admin/v1/users           --> git.hyhy.fun/rsplab/iolink/internal/adminapi.(*Server).listUsers-fm (4 handlers)
[GIN-debug] PUT    /admin/v1/farms/:id       --> git.hyhy.fun/rsplab/iolink/internal/adminapi.(*Server).updateFarm-fm (4 handlers)
[GIN-debug] DELETE /admin/v1/farms/:id       --> git.hyhy.fun/rsplab/iolink/internal/adminapi.(*Server).deleteFarm-fm (4 handlers)
[GIN-debug] PUT    /admin/v1/farms/:id/owner --> git.hyhy.fun/rsplab/iolink/internal/adminapi.(*Server).setFarmOwner-fm (4 handlers)
[GIN-debug] GET    /admin/v1/farms/:id/members --> git.hyhy.fun/rsplab/iolink/internal/adminapi.(*Server).listFarmMembers-fm (4 handlers)
[GIN-debug] PUT    /admin/v1/farms/:id/members/:user_id --> git.hyhy.fun/rsplab/iolink/internal/adminapi.(*Server).setFarmMember-fm (4 handlers)
[GIN-debug] GET    /admin/v1/ponds           --> git.hyhy.fun/rsplab/iolink/internal/adminapi.(*Server).listPonds-fm (4 handlers)
[GIN-debug] POST   /admin/v1/ponds           --> git.hyhy.fun/rsplab/iolink/internal/adminapi.(*Server).createPond-fm (4 handlers)
[GIN-debug] PUT    /admin/v1/ponds/:id       --> git.hyhy.fun/rsplab/iolink/internal/adminapi.(*Server).updatePond-fm (4 handlers)
[GIN-debug] DELETE /admin/v1/ponds/:id       --> git.hyhy.fun/rsplab/iolink/internal/adminapi.(*Server).deletePond-fm (4 handlers)
[GIN-debug] GET    /admin/v1/devices         --> git.hyhy.fun/rsplab/iolink/internal/adminapi.(*Server).listDevices-fm (4 handlers)
[GIN-debug] POST   /admin/v1/devices         --> git.hyhy.fun/rsplab/iolink/internal/adminapi.(*Server).registerDevice-fm (4 handlers)
[GIN-debug] GET    /admin/v1/devices/:device_no --> git.hyhy.fun/rsplab/iolink/internal/adminapi.(*Server).getDevice-fm (4 handlers)
[GIN-debug] DELETE /admin/v1/devices/:device_no --> git.hyhy.fun/rsplab/iolink/internal/adminapi.(*Server).deleteDevice-fm (4 handlers)
[GIN-debug] PUT    /admin/v1/devices/:device_no/pond --> git.hyhy.fun/rsplab/iolink/internal/adminapi.(*Server).moveDevice-fm (4 handlers)
[GIN-debug] GET    /admin/v1/alarm-rules     --> git.hyhy.fun/rsplab/iolink/internal/adminapi.(*Server).listRules-fm (4 handlers)
[GIN-debug] POST   /admin/v1/alarm-rules     --> git.hyhy.fun/rsplab/iolink/internal/adminapi.(*Server).createRule-fm (4 handlers)
[GIN-debug] PUT    /admin/v1/alarm-rules/:id --> git.hyhy.fun/rsplab/iolink/internal/adminapi.(*Server).updateRule-fm (4 handlers)
[GIN-debug] DELETE /admin/v1/alarm-rules/:id --> git.hyhy.fun/rsplab/iolink/internal/adminapi.(*Server).deleteRule-fm (4 handlers)
[GIN-debug] GET    /admin/v1/alarms          --> git.hyhy.fun/rsplab/iolink/internal/adminapi.(*Server).listAlarms-fm (4 handlers)
[GIN-debug] POST   /admin/v1/alarms/:id/confirm --> git.hyhy.fun/rsplab/iolink/internal/adminapi.(*Server).confirmAlarm-fm (4 handlers)
[GIN-debug] POST   /admin/v1/alarms/batch-confirm --> git.hyhy.fun/rsplab/iolink/internal/adminapi.(*Server).batchConfirm-fm (4 handlers)
[GIN-debug] GET    /admin/v1/stats           --> git.hyhy.fun/rsplab/iolink/internal/adminapi.(*Server).stats-fm (4 handlers)
[GIN-debug] GET    /admin/v1/products        --> git.hyhy.fun/rsplab/iolink/internal/adminapi.(*Server).listProducts-fm (4 handlers)
[GIN-debug] POST   /admin/v1/products        --> git.hyhy.fun/rsplab/iolink/internal/adminapi.(*Server).createProduct-fm (4 handlers)
[GIN-debug] GET    /admin/v1/products/:product_id/models --> git.hyhy.fun/rsplab/iolink/internal/adminapi.(*Server).listProductModels-fm (4 handlers)
[GIN-debug] POST   /admin/v1/products/:product_id/models --> git.hyhy.fun/rsplab/iolink/internal/adminapi.(*Server).createProductModel-fm (4 handlers)
[GIN-debug] POST   /admin/v1/products/:product_id/models/:version/publish --> git.hyhy.fun/rsplab/iolink/internal/adminapi.(*Server).publishProductModel-fm (4 handlers)
[GIN-debug] GET    /admin/v1/devices/:device_no/product --> git.hyhy.fun/rsplab/iolink/internal/adminapi.(*Server).getDeviceProduct-fm (4 handlers)
[GIN-debug] PUT    /admin/v1/devices/:device_no/product --> git.hyhy.fun/rsplab/iolink/internal/adminapi.(*Server).assignDeviceProduct-fm (4 handlers)
2026/10/04 17:45:55 WARN http request request_id=MZV55CD65WHYXNTVO4OJTMNRTR route=/admin/v1/farms method=GET status=401 duration_ms=2 tenant_id=0 actor_id=0
2026/10/04 17:45:55 INFO http request request_id=CTMLME2KWJCPIZKSNJ2GZY54AE route=/admin/v1/login method=POST status=200 duration_ms=165 tenant_id=0 actor_id=0
2026/10/04 17:45:55 WARN http request request_id=BV5H54N7USHTNQLHSK7A3A267N route=/admin/v1/farms method=GET status=403 duration_ms=1 tenant_id=0 actor_id=0
2026/10/04 17:45:55 WARN http request request_id=6KJMXIN77NIUH4K73YOVWHZSBH route=/admin/v1/farms method=GET status=401 duration_ms=0 tenant_id=0 actor_id=0
2026/10/04 17:45:55 INFO http request request_id=JNUJC56M3GSJ3ARRGP5CVKLS3F route=/admin/v1/login method=POST status=200 duration_ms=181 tenant_id=0 actor_id=0
2026/10/04 17:45:55 WARN http request request_id=WLYSU3ATZKGGTIDAEGSF5OBJHG route=/admin/v1/farms method=GET status=403 duration_ms=1 tenant_id=0 actor_id=0
2026/10/04 17:45:55 WARN http request request_id=57WCPC4XYNZ5WI2I7K7YVQ2XUC route=/admin/v1/farms method=GET status=401 duration_ms=0 tenant_id=0 actor_id=0
2026/10/04 17:45:55 INFO http request request_id=QCJZCITD33UNTX6QXDJA3BMQLO route=/admin/v1/login method=POST status=200 duration_ms=147 tenant_id=0 actor_id=0
2026/10/04 17:45:55 WARN http request request_id=GNX5TDJ4R3VLHJWEPMABQ3ZC4S route=/admin/v1/farms method=GET status=403 duration_ms=1 tenant_id=0 actor_id=0
2026/10/04 17:45:55 WARN http request request_id=S4UCFDNYNCZZ4RLKJ43DZTAQLG route=/admin/v1/farms method=GET status=401 duration_ms=0 tenant_id=0 actor_id=0
2026/10/04 17:45:55 INFO http request request_id=EXMASTZ2TBHSDLTXGG6WIKZMRX route=/admin/v1/login method=POST status=200 duration_ms=157 tenant_id=0 actor_id=0
2026/10/04 17:45:55 WARN http request request_id=3S2M7BC5WU6P6X3PBQWSINA5PQ route=/admin/v1/farms method=GET status=403 duration_ms=0 tenant_id=0 actor_id=0
[GIN-debug] [WARNING] Running in "debug" mode. Switch to "release" mode in production.
 - using env:	export GIN_MODE=release
 - using code:	gin.SetMode(gin.ReleaseMode)

[GIN-debug] POST   /api/v1/auth/login        --> git.hyhy.fun/rsplab/iolink/internal/appapi.(*Server).login-fm (2 handlers)
[GIN-debug] GET    /api/v1/auth/tenants      --> git.hyhy.fun/rsplab/iolink/internal/appapi.(*Server).listTenants-fm (3 handlers)
[GIN-debug] POST   /api/v1/auth/tenant       --> git.hyhy.fun/rsplab/iolink/internal/appapi.(*Server).switchTenant-fm (3 handlers)
[GIN-debug] GET    /api/v1/ponds             --> git.hyhy.fun/rsplab/iolink/internal/appapi.(*Server).listPonds-fm (3 handlers)
[GIN-debug] GET    /api/v1/ponds/:id         --> git.hyhy.fun/rsplab/iolink/internal/appapi.(*Server).getPond-fm (3 handlers)
[GIN-debug] GET    /api/v1/devices           --> git.hyhy.fun/rsplab/iolink/internal/appapi.(*Server).listDevices-fm (3 handlers)
[GIN-debug] GET    /api/v1/devices/:device_no --> git.hyhy.fun/rsplab/iolink/internal/appapi.(*Server).getDevice-fm (3 handlers)
[GIN-debug] GET    /api/v1/water/latest      --> git.hyhy.fun/rsplab/iolink/internal/appapi.(*Server).waterLatest-fm (3 handlers)
[GIN-debug] GET    /api/v1/water/history     --> git.hyhy.fun/rsplab/iolink/internal/appapi.(*Server).waterHistory-fm (3 handlers)
[GIN-debug] GET    /api/v1/alarms            --> git.hyhy.fun/rsplab/iolink/internal/appapi.(*Server).listAlarms-fm (3 handlers)
[GIN-debug] GET    /api/v1/stats/summary     --> git.hyhy.fun/rsplab/iolink/internal/appapi.(*Server).statsSummary-fm (3 handlers)
[GIN-debug] POST   /api/v1/alarms/:id/confirm --> git.hyhy.fun/rsplab/iolink/internal/appapi.(*Server).confirmAlarm-fm (3 handlers)
[GIN-debug] POST   /api/v2/devices/:device_no/telemetry --> git.hyhy.fun/rsplab/iolink/internal/appapi.(*Server).submitTelemetryV2-fm (3 handlers)
[GIN-debug] GET    /api/v2/devices/:device_no/model/latest --> git.hyhy.fun/rsplab/iolink/internal/appapi.(*Server).modelLatestV2-fm (3 handlers)
[GIN-debug] GET    /api/v2/devices/:device_no/history --> git.hyhy.fun/rsplab/iolink/internal/appapi.(*Server).telemetryHistoryV2-fm (3 handlers)
[GIN-debug] [WARNING] Running in "debug" mode. Switch to "release" mode in production.
 - using env:	export GIN_MODE=release
 - using code:	gin.SetMode(gin.ReleaseMode)

[GIN-debug] POST   /api/v1/auth/login        --> git.hyhy.fun/rsplab/iolink/internal/appapi.(*Server).login-fm (2 handlers)
[GIN-debug] GET    /api/v1/auth/tenants      --> git.hyhy.fun/rsplab/iolink/internal/appapi.(*Server).listTenants-fm (3 handlers)
[GIN-debug] POST   /api/v1/auth/tenant       --> git.hyhy.fun/rsplab/iolink/internal/appapi.(*Server).switchTenant-fm (3 handlers)
[GIN-debug] GET    /api/v1/ponds             --> git.hyhy.fun/rsplab/iolink/internal/appapi.(*Server).listPonds-fm (3 handlers)
[GIN-debug] GET    /api/v1/ponds/:id         --> git.hyhy.fun/rsplab/iolink/internal/appapi.(*Server).getPond-fm (3 handlers)
[GIN-debug] GET    /api/v1/devices           --> git.hyhy.fun/rsplab/iolink/internal/appapi.(*Server).listDevices-fm (3 handlers)
[GIN-debug] GET    /api/v1/devices/:device_no --> git.hyhy.fun/rsplab/iolink/internal/appapi.(*Server).getDevice-fm (3 handlers)
[GIN-debug] GET    /api/v1/water/latest      --> git.hyhy.fun/rsplab/iolink/internal/appapi.(*Server).waterLatest-fm (3 handlers)
[GIN-debug] GET    /api/v1/water/history     --> git.hyhy.fun/rsplab/iolink/internal/appapi.(*Server).waterHistory-fm (3 handlers)
[GIN-debug] GET    /api/v1/alarms            --> git.hyhy.fun/rsplab/iolink/internal/appapi.(*Server).listAlarms-fm (3 handlers)
[GIN-debug] GET    /api/v1/stats/summary     --> git.hyhy.fun/rsplab/iolink/internal/appapi.(*Server).statsSummary-fm (3 handlers)
[GIN-debug] POST   /api/v1/alarms/:id/confirm --> git.hyhy.fun/rsplab/iolink/internal/appapi.(*Server).confirmAlarm-fm (3 handlers)
[GIN-debug] POST   /api/v2/devices/:device_no/telemetry --> git.hyhy.fun/rsplab/iolink/internal/appapi.(*Server).submitTelemetryV2-fm (3 handlers)
[GIN-debug] GET    /api/v2/devices/:device_no/model/latest --> git.hyhy.fun/rsplab/iolink/internal/appapi.(*Server).modelLatestV2-fm (3 handlers)
[GIN-debug] GET    /api/v2/devices/:device_no/history --> git.hyhy.fun/rsplab/iolink/internal/appapi.(*Server).telemetryHistoryV2-fm (3 handlers)
[GIN-debug] [WARNING] Running in "debug" mode. Switch to "release" mode in production.
 - using env:	export GIN_MODE=release
 - using code:	gin.SetMode(gin.ReleaseMode)

[GIN-debug] POST   /api/v1/auth/login        --> git.hyhy.fun/rsplab/iolink/internal/appapi.(*Server).login-fm (2 handlers)
[GIN-debug] GET    /api/v1/auth/tenants      --> git.hyhy.fun/rsplab/iolink/internal/appapi.(*Server).listTenants-fm (3 handlers)
[GIN-debug] POST   /api/v1/auth/tenant       --> git.hyhy.fun/rsplab/iolink/internal/appapi.(*Server).switchTenant-fm (3 handlers)
[GIN-debug] GET    /api/v1/ponds             --> git.hyhy.fun/rsplab/iolink/internal/appapi.(*Server).listPonds-fm (3 handlers)
[GIN-debug] GET    /api/v1/ponds/:id         --> git.hyhy.fun/rsplab/iolink/internal/appapi.(*Server).getPond-fm (3 handlers)
[GIN-debug] GET    /api/v1/devices           --> git.hyhy.fun/rsplab/iolink/internal/appapi.(*Server).listDevices-fm (3 handlers)
[GIN-debug] GET    /api/v1/devices/:device_no --> git.hyhy.fun/rsplab/iolink/internal/appapi.(*Server).getDevice-fm (3 handlers)
[GIN-debug] GET    /api/v1/water/latest      --> git.hyhy.fun/rsplab/iolink/internal/appapi.(*Server).waterLatest-fm (3 handlers)
[GIN-debug] GET    /api/v1/water/history     --> git.hyhy.fun/rsplab/iolink/internal/appapi.(*Server).waterHistory-fm (3 handlers)
[GIN-debug] GET    /api/v1/alarms            --> git.hyhy.fun/rsplab/iolink/internal/appapi.(*Server).listAlarms-fm (3 handlers)
[GIN-debug] GET    /api/v1/stats/summary     --> git.hyhy.fun/rsplab/iolink/internal/appapi.(*Server).statsSummary-fm (3 handlers)
[GIN-debug] POST   /api/v1/alarms/:id/confirm --> git.hyhy.fun/rsplab/iolink/internal/appapi.(*Server).confirmAlarm-fm (3 handlers)
[GIN-debug] POST   /api/v2/devices/:device_no/telemetry --> git.hyhy.fun/rsplab/iolink/internal/appapi.(*Server).submitTelemetryV2-fm (3 handlers)
[GIN-debug] GET    /api/v2/devices/:device_no/model/latest --> git.hyhy.fun/rsplab/iolink/internal/appapi.(*Server).modelLatestV2-fm (3 handlers)
[GIN-debug] GET    /api/v2/devices/:device_no/history --> git.hyhy.fun/rsplab/iolink/internal/appapi.(*Server).telemetryHistoryV2-fm (3 handlers)
[GIN-debug] [WARNING] Running in "debug" mode. Switch to "release" mode in production.
 - using env:	export GIN_MODE=release
 - using code:	gin.SetMode(gin.ReleaseMode)

[GIN-debug] POST   /api/v1/auth/login        --> git.hyhy.fun/rsplab/iolink/internal/appapi.(*Server).login-fm (2 handlers)
[GIN-debug] GET    /api/v1/auth/tenants      --> git.hyhy.fun/rsplab/iolink/internal/appapi.(*Server).listTenants-fm (3 handlers)
[GIN-debug] POST   /api/v1/auth/tenant       --> git.hyhy.fun/rsplab/iolink/internal/appapi.(*Server).switchTenant-fm (3 handlers)
[GIN-debug] GET    /api/v1/ponds             --> git.hyhy.fun/rsplab/iolink/internal/appapi.(*Server).listPonds-fm (3 handlers)
[GIN-debug] GET    /api/v1/ponds/:id         --> git.hyhy.fun/rsplab/iolink/internal/appapi.(*Server).getPond-fm (3 handlers)
[GIN-debug] GET    /api/v1/devices           --> git.hyhy.fun/rsplab/iolink/internal/appapi.(*Server).listDevices-fm (3 handlers)
[GIN-debug] GET    /api/v1/devices/:device_no --> git.hyhy.fun/rsplab/iolink/internal/appapi.(*Server).getDevice-fm (3 handlers)
[GIN-debug] GET    /api/v1/water/latest      --> git.hyhy.fun/rsplab/iolink/internal/appapi.(*Server).waterLatest-fm (3 handlers)
[GIN-debug] GET    /api/v1/water/history     --> git.hyhy.fun/rsplab/iolink/internal/appapi.(*Server).waterHistory-fm (3 handlers)
[GIN-debug] GET    /api/v1/alarms            --> git.hyhy.fun/rsplab/iolink/internal/appapi.(*Server).listAlarms-fm (3 handlers)
[GIN-debug] GET    /api/v1/stats/summary     --> git.hyhy.fun/rsplab/iolink/internal/appapi.(*Server).statsSummary-fm (3 handlers)
[GIN-debug] POST   /api/v1/alarms/:id/confirm --> git.hyhy.fun/rsplab/iolink/internal/appapi.(*Server).confirmAlarm-fm (3 handlers)
[GIN-debug] POST   /api/v2/devices/:device_no/telemetry --> git.hyhy.fun/rsplab/iolink/internal/appapi.(*Server).submitTelemetryV2-fm (3 handlers)
[GIN-debug] GET    /api/v2/devices/:device_no/model/latest --> git.hyhy.fun/rsplab/iolink/internal/appapi.(*Server).modelLatestV2-fm (3 handlers)
[GIN-debug] GET    /api/v2/devices/:device_no/history --> git.hyhy.fun/rsplab/iolink/internal/appapi.(*Server).telemetryHistoryV2-fm (3 handlers)
[GIN-debug] [WARNING] Running in "debug" mode. Switch to "release" mode in production.
 - using env:	export GIN_MODE=release
 - using code:	gin.SetMode(gin.ReleaseMode)

[GIN-debug] POST   /api/v1/auth/login        --> git.hyhy.fun/rsplab/iolink/internal/appapi.(*Server).login-fm (2 handlers)
[GIN-debug] GET    /api/v1/auth/tenants      --> git.hyhy.fun/rsplab/iolink/internal/appapi.(*Server).listTenants-fm (3 handlers)
[GIN-debug] POST   /api/v1/auth/tenant       --> git.hyhy.fun/rsplab/iolink/internal/appapi.(*Server).switchTenant-fm (3 handlers)
[GIN-debug] GET    /api/v1/ponds             --> git.hyhy.fun/rsplab/iolink/internal/appapi.(*Server).listPonds-fm (3 handlers)
[GIN-debug] GET    /api/v1/ponds/:id         --> git.hyhy.fun/rsplab/iolink/internal/appapi.(*Server).getPond-fm (3 handlers)
[GIN-debug] GET    /api/v1/devices           --> git.hyhy.fun/rsplab/iolink/internal/appapi.(*Server).listDevices-fm (3 handlers)
[GIN-debug] GET    /api/v1/devices/:device_no --> git.hyhy.fun/rsplab/iolink/internal/appapi.(*Server).getDevice-fm (3 handlers)
[GIN-debug] GET    /api/v1/water/latest      --> git.hyhy.fun/rsplab/iolink/internal/appapi.(*Server).waterLatest-fm (3 handlers)
[GIN-debug] GET    /api/v1/water/history     --> git.hyhy.fun/rsplab/iolink/internal/appapi.(*Server).waterHistory-fm (3 handlers)
[GIN-debug] GET    /api/v1/alarms            --> git.hyhy.fun/rsplab/iolink/internal/appapi.(*Server).listAlarms-fm (3 handlers)
[GIN-debug] GET    /api/v1/stats/summary     --> git.hyhy.fun/rsplab/iolink/internal/appapi.(*Server).statsSummary-fm (3 handlers)
[GIN-debug] POST   /api/v1/alarms/:id/confirm --> git.hyhy.fun/rsplab/iolink/internal/appapi.(*Server).confirmAlarm-fm (3 handlers)
[GIN-debug] POST   /api/v2/devices/:device_no/telemetry --> git.hyhy.fun/rsplab/iolink/internal/appapi.(*Server).submitTelemetryV2-fm (3 handlers)
[GIN-debug] GET    /api/v2/devices/:device_no/model/latest --> git.hyhy.fun/rsplab/iolink/internal/appapi.(*Server).modelLatestV2-fm (3 handlers)
[GIN-debug] GET    /api/v2/devices/:device_no/history --> git.hyhy.fun/rsplab/iolink/internal/appapi.(*Server).telemetryHistoryV2-fm (3 handlers)
[GIN-debug] [WARNING] Running in "debug" mode. Switch to "release" mode in production.
 - using env:	export GIN_MODE=release
 - using code:	gin.SetMode(gin.ReleaseMode)

[GIN-debug] POST   /admin/v1/login           --> git.hyhy.fun/rsplab/iolink/internal/adminapi.(*Server).login-fm (2 handlers)
[GIN-debug] GET    /admin/v1/tenants         --> git.hyhy.fun/rsplab/iolink/internal/adminapi.(*Server).listTenants-fm (3 handlers)
[GIN-debug] PUT    /admin/v1/tenants/:id/status --> git.hyhy.fun/rsplab/iolink/internal/adminapi.(*Server).setTenantStatus-fm (3 handlers)
[GIN-debug] GET    /admin/v1/tenants/:id/members --> git.hyhy.fun/rsplab/iolink/internal/adminapi.(*Server).listTenantMembers-fm (3 handlers)
[GIN-debug] PUT    /admin/v1/tenants/:id/members/:user_id --> git.hyhy.fun/rsplab/iolink/internal/adminapi.(*Server).setTenantMember-fm (3 handlers)
[GIN-debug] POST   /admin/v1/password        --> git.hyhy.fun/rsplab/iolink/internal/adminapi.(*Server).changePassword-fm (3 handlers)
[GIN-debug] GET    /admin/v1/farms           --> git.hyhy.fun/rsplab/iolink/internal/adminapi.(*Server).listFarms-fm (4 handlers)
[GIN-debug] POST   /admin/v1/farms           --> git.hyhy.fun/rsplab/iolink/internal/adminapi.(*Server).createFarm-fm (4 handlers)
[GIN-debug] GET    /admin/v1/users           --> git.hyhy.fun/rsplab/iolink/internal/adminapi.(*Server).listUsers-fm (4 handlers)
[GIN-debug] PUT    /admin/v1/farms/:id       --> git.hyhy.fun/rsplab/iolink/internal/adminapi.(*Server).updateFarm-fm (4 handlers)
[GIN-debug] DELETE /admin/v1/farms/:id       --> git.hyhy.fun/rsplab/iolink/internal/adminapi.(*Server).deleteFarm-fm (4 handlers)
[GIN-debug] PUT    /admin/v1/farms/:id/owner --> git.hyhy.fun/rsplab/iolink/internal/adminapi.(*Server).setFarmOwner-fm (4 handlers)
[GIN-debug] GET    /admin/v1/farms/:id/members --> git.hyhy.fun/rsplab/iolink/internal/adminapi.(*Server).listFarmMembers-fm (4 handlers)
[GIN-debug] PUT    /admin/v1/farms/:id/members/:user_id --> git.hyhy.fun/rsplab/iolink/internal/adminapi.(*Server).setFarmMember-fm (4 handlers)
[GIN-debug] GET    /admin/v1/ponds           --> git.hyhy.fun/rsplab/iolink/internal/adminapi.(*Server).listPonds-fm (4 handlers)
[GIN-debug] POST   /admin/v1/ponds           --> git.hyhy.fun/rsplab/iolink/internal/adminapi.(*Server).createPond-fm (4 handlers)
[GIN-debug] PUT    /admin/v1/ponds/:id       --> git.hyhy.fun/rsplab/iolink/internal/adminapi.(*Server).updatePond-fm (4 handlers)
[GIN-debug] DELETE /admin/v1/ponds/:id       --> git.hyhy.fun/rsplab/iolink/internal/adminapi.(*Server).deletePond-fm (4 handlers)
[GIN-debug] GET    /admin/v1/devices         --> git.hyhy.fun/rsplab/iolink/internal/adminapi.(*Server).listDevices-fm (4 handlers)
[GIN-debug] POST   /admin/v1/devices         --> git.hyhy.fun/rsplab/iolink/internal/adminapi.(*Server).registerDevice-fm (4 handlers)
[GIN-debug] GET    /admin/v1/devices/:device_no --> git.hyhy.fun/rsplab/iolink/internal/adminapi.(*Server).getDevice-fm (4 handlers)
[GIN-debug] DELETE /admin/v1/devices/:device_no --> git.hyhy.fun/rsplab/iolink/internal/adminapi.(*Server).deleteDevice-fm (4 handlers)
[GIN-debug] PUT    /admin/v1/devices/:device_no/pond --> git.hyhy.fun/rsplab/iolink/internal/adminapi.(*Server).moveDevice-fm (4 handlers)
[GIN-debug] GET    /admin/v1/alarm-rules     --> git.hyhy.fun/rsplab/iolink/internal/adminapi.(*Server).listRules-fm (4 handlers)
[GIN-debug] POST   /admin/v1/alarm-rules     --> git.hyhy.fun/rsplab/iolink/internal/adminapi.(*Server).createRule-fm (4 handlers)
[GIN-debug] PUT    /admin/v1/alarm-rules/:id --> git.hyhy.fun/rsplab/iolink/internal/adminapi.(*Server).updateRule-fm (4 handlers)
[GIN-debug] DELETE /admin/v1/alarm-rules/:id --> git.hyhy.fun/rsplab/iolink/internal/adminapi.(*Server).deleteRule-fm (4 handlers)
[GIN-debug] GET    /admin/v1/alarms          --> git.hyhy.fun/rsplab/iolink/internal/adminapi.(*Server).listAlarms-fm (4 handlers)
[GIN-debug] POST   /admin/v1/alarms/:id/confirm --> git.hyhy.fun/rsplab/iolink/internal/adminapi.(*Server).confirmAlarm-fm (4 handlers)
[GIN-debug] POST   /admin/v1/alarms/batch-confirm --> git.hyhy.fun/rsplab/iolink/internal/adminapi.(*Server).batchConfirm-fm (4 handlers)
[GIN-debug] GET    /admin/v1/stats           --> git.hyhy.fun/rsplab/iolink/internal/adminapi.(*Server).stats-fm (4 handlers)
[GIN-debug] GET    /admin/v1/products        --> git.hyhy.fun/rsplab/iolink/internal/adminapi.(*Server).listProducts-fm (4 handlers)
[GIN-debug] POST   /admin/v1/products        --> git.hyhy.fun/rsplab/iolink/internal/adminapi.(*Server).createProduct-fm (4 handlers)
[GIN-debug] GET    /admin/v1/products/:product_id/models --> git.hyhy.fun/rsplab/iolink/internal/adminapi.(*Server).listProductModels-fm (4 handlers)
[GIN-debug] POST   /admin/v1/products/:product_id/models --> git.hyhy.fun/rsplab/iolink/internal/adminapi.(*Server).createProductModel-fm (4 handlers)
[GIN-debug] POST   /admin/v1/products/:product_id/models/:version/publish --> git.hyhy.fun/rsplab/iolink/internal/adminapi.(*Server).publishProductModel-fm (4 handlers)
[GIN-debug] GET    /admin/v1/devices/:device_no/product --> git.hyhy.fun/rsplab/iolink/internal/adminapi.(*Server).getDeviceProduct-fm (4 handlers)
[GIN-debug] PUT    /admin/v1/devices/:device_no/product --> git.hyhy.fun/rsplab/iolink/internal/adminapi.(*Server).assignDeviceProduct-fm (4 handlers)
2026/10/04 17:45:59 INFO http request request_id=FGMBYGNOZI4Q6ZMI7AAZ7WCB4X route=/admin/v1/login method=POST status=200 duration_ms=167 tenant_id=0 actor_id=0
2026/10/04 17:45:59 INFO http request request_id=PMEG336U6AP6MFA3H2UGLLINBR route=/admin/v1/farms method=GET status=200 duration_ms=2 tenant_id=801 actor_id=802
2026/10/04 17:45:59 INFO http request request_id=YG6OGEO7HYL6GHMBEAGAQMCP4F route=/admin/v1/ponds method=GET status=200 duration_ms=7 tenant_id=801 actor_id=802
2026/10/04 17:45:59 INFO http request request_id=ZJXD5TCW543ZEJFEEZTUYKVYMB route=/admin/v1/devices method=GET status=200 duration_ms=2 tenant_id=801 actor_id=802
2026/10/04 17:45:59 INFO http request request_id=IPPFC7TSM24QY64ZM32K6TQWOF route=/admin/v1/alarms method=GET status=200 duration_ms=3 tenant_id=801 actor_id=802
2026/10/04 17:45:59 INFO http request request_id=IQCV6Q7SZLZMSQ6PSJOA23MS47 route=/admin/v1/stats method=GET status=200 duration_ms=3 tenant_id=801 actor_id=802
2026/10/04 17:45:59 WARN http request request_id=2CMBM42WN2CTGDXWUY5HKLS7B3 route=/admin/v1/devices/:device_no method=GET status=404 duration_ms=2 tenant_id=801 actor_id=802
2026/10/04 17:45:59 WARN http request request_id=FTQCONQHJYHTL37XSZZNSHCNH3 route=/admin/v1/devices/:device_no/product method=GET status=404 duration_ms=2 tenant_id=801 actor_id=802
2026/10/04 17:45:59 WARN http request request_id=67CDWGDG5MJU3KITMGTRSWTCVN route=/admin/v1/farms/:id/members method=GET status=403 duration_ms=1 tenant_id=801 actor_id=802
2026/10/04 17:45:59 WARN http request request_id=ZUS26PVTU4LRVCIOAGY77CVQNK route=/admin/v1/alarms/batch-confirm method=POST status=404 duration_ms=2 tenant_id=801 actor_id=802
2026/10/04 17:45:59 INFO http request request_id=UHBQQGFDO67NE6RG2IQTREWNED route=/admin/v1/alarms/batch-confirm method=POST status=200 duration_ms=4 tenant_id=801 actor_id=802
2026/10/04 17:45:59 INFO http request request_id=O7ESLIER6ZSMDFC2XY652DOXFU route=/admin/v1/alarms/batch-confirm method=POST status=200 duration_ms=4 tenant_id=801 actor_id=802
2026/10/04 17:45:59 INFO http request request_id=BPPHPD4YJ3WJKXL3CSTW7IVEKH route=/admin/v1/login method=POST status=200 duration_ms=163 tenant_id=0 actor_id=0
2026/10/04 17:45:59 INFO http request request_id=NC7I3XQDVE6KWLTR6X7RL3WQ4N route=/admin/v1/farms method=GET status=200 duration_ms=2 tenant_id=801 actor_id=802
2026/10/04 17:45:59 INFO http request request_id=WGMNDFKU7YOFKHG2IUFZEFTPUN route=/admin/v1/ponds method=GET status=200 duration_ms=9 tenant_id=801 actor_id=802
2026/10/04 17:45:59 INFO http request request_id=IE6VLU73YABVAEPBVJYE6W3QVX route=/admin/v1/devices method=GET status=200 duration_ms=3 tenant_id=801 actor_id=802
2026/10/04 17:45:59 INFO http request request_id=PSIRDMQKXVGQZUIX3J4R62D35Z route=/admin/v1/alarms method=GET status=200 duration_ms=2 tenant_id=801 actor_id=802
2026/10/04 17:45:59 INFO http request request_id=4NXRHBSK5AEGVMTXCUICCNEK6M route=/admin/v1/stats method=GET status=200 duration_ms=3 tenant_id=801 actor_id=802
2026/10/04 17:45:59 WARN http request request_id=WKAEVBEN5YLC24674XFGLDAUEH route=/admin/v1/devices/:device_no method=GET status=404 duration_ms=1 tenant_id=801 actor_id=802
2026/10/04 17:45:59 WARN http request request_id=GWO6LLB575I2O3ZNSJSZG7L77I route=/admin/v1/devices/:device_no/product method=GET status=404 duration_ms=2 tenant_id=801 actor_id=802
2026/10/04 17:45:59 WARN http request request_id=AZEVTH4WKW5VR5T5ZYX2H63O5S route=/admin/v1/farms/:id/members method=GET status=403 duration_ms=0 tenant_id=801 actor_id=802
2026/10/04 17:45:59 WARN http request request_id=4W5NLRTZSQTVFKMYEBMEZG2CNI route=/admin/v1/alarms/batch-confirm method=POST status=403 duration_ms=0 tenant_id=801 actor_id=802
2026/10/04 17:45:59 INFO http request request_id=NYAL6CXDOWGWN4XKH36G5W2RZI route=/admin/v1/login method=POST status=200 duration_ms=161 tenant_id=0 actor_id=0
2026/10/04 17:45:59 INFO http request request_id=TY4JRUK4CRLAJ6ZKSQEOJYIT75 route=/admin/v1/farms method=GET status=200 duration_ms=1 tenant_id=801 actor_id=802
2026/10/04 17:45:59 INFO http request request_id=BPF54N5CD4GMCWZITKXU43YDN6 route=/admin/v1/ponds method=GET status=200 duration_ms=4 tenant_id=801 actor_id=802
2026/10/04 17:45:59 INFO http request request_id=SNKBJQXMEPZUTZPPPM5TSVVQZX route=/admin/v1/devices method=GET status=200 duration_ms=1 tenant_id=801 actor_id=802
2026/10/04 17:45:59 INFO http request request_id=L4TIOG66BDZ65Q5P4AYVH3TW4D route=/admin/v1/alarms method=GET status=200 duration_ms=1 tenant_id=801 actor_id=802
2026/10/04 17:45:59 INFO http request request_id=ANGMCYPIYUZQZWYQSFQMI3DVHW route=/admin/v1/stats method=GET status=200 duration_ms=2 tenant_id=801 actor_id=802
2026/10/04 17:45:59 WARN http request request_id=7OAOW6ZKSA2Q7WTIOOUKGKJRPU route=/admin/v1/devices/:device_no method=GET status=404 duration_ms=1 tenant_id=801 actor_id=802
2026/10/04 17:45:59 WARN http request request_id=4LFORTTJOWI4ETSPKRKI3LQTPZ route=/admin/v1/devices/:device_no/product method=GET status=404 duration_ms=1 tenant_id=801 actor_id=802
2026/10/04 17:45:59 WARN http request request_id=FT2CUJDCNE3UK5C4HSQTNP35AM route=/admin/v1/farms/:id/members method=GET status=403 duration_ms=1 tenant_id=801 actor_id=802
2026/10/04 17:45:59 WARN http request request_id=ECEHMKT2XAVM2QEPOFSH2GMLBD route=/admin/v1/alarms/batch-confirm method=POST status=404 duration_ms=4 tenant_id=801 actor_id=802
2026/10/04 17:45:59 INFO http request request_id=ALZTTNV6GMSO5AKNMPDYCCZV2M route=/admin/v1/alarms/batch-confirm method=POST status=200 duration_ms=4 tenant_id=801 actor_id=802
2026/10/04 17:45:59 INFO http request request_id=S5TCURHITXPR3CXHTM2JRZ7SQM route=/admin/v1/alarms/batch-confirm method=POST status=200 duration_ms=4 tenant_id=801 actor_id=802
2026/10/04 17:45:59 INFO http request request_id=YBWLWSJLMQKGP7EDPQVXXOQVX7 route=/admin/v1/login method=POST status=200 duration_ms=162 tenant_id=0 actor_id=0
2026/10/04 17:46:00 INFO http request request_id=V72XQTGEPSVH5ZJ2K5EJTXGJ3V route=/admin/v1/alarms/batch-confirm method=POST status=200 duration_ms=5 tenant_id=801 actor_id=802
2026/10/04 17:46:00 INFO http request request_id=WAUHPO2NT6DDLBELDK6URSQHSS route=/admin/v1/login method=POST status=200 duration_ms=157 tenant_id=0 actor_id=0
2026/10/04 17:46:00 INFO http request request_id=LQEF4FRWBURYUBRFJHFWFYRS2Y route=/admin/v1/alarms/batch-confirm method=POST status=200 duration_ms=6 tenant_id=801 actor_id=802
[GIN-debug] [WARNING] Running in "debug" mode. Switch to "release" mode in production.
 - using env:	export GIN_MODE=release
 - using code:	gin.SetMode(gin.ReleaseMode)

[GIN-debug] POST   /api/v1/auth/login        --> git.hyhy.fun/rsplab/iolink/internal/appapi.(*Server).login-fm (2 handlers)
[GIN-debug] GET    /api/v1/auth/tenants      --> git.hyhy.fun/rsplab/iolink/internal/appapi.(*Server).listTenants-fm (3 handlers)
[GIN-debug] POST   /api/v1/auth/tenant       --> git.hyhy.fun/rsplab/iolink/internal/appapi.(*Server).switchTenant-fm (3 handlers)
[GIN-debug] GET    /api/v1/ponds             --> git.hyhy.fun/rsplab/iolink/internal/appapi.(*Server).listPonds-fm (3 handlers)
[GIN-debug] GET    /api/v1/ponds/:id         --> git.hyhy.fun/rsplab/iolink/internal/appapi.(*Server).getPond-fm (3 handlers)
[GIN-debug] GET    /api/v1/devices           --> git.hyhy.fun/rsplab/iolink/internal/appapi.(*Server).listDevices-fm (3 handlers)
[GIN-debug] GET    /api/v1/devices/:device_no --> git.hyhy.fun/rsplab/iolink/internal/appapi.(*Server).getDevice-fm (3 handlers)
[GIN-debug] GET    /api/v1/water/latest      --> git.hyhy.fun/rsplab/iolink/internal/appapi.(*Server).waterLatest-fm (3 handlers)
[GIN-debug] GET    /api/v1/water/history     --> git.hyhy.fun/rsplab/iolink/internal/appapi.(*Server).waterHistory-fm (3 handlers)
[GIN-debug] GET    /api/v1/alarms            --> git.hyhy.fun/rsplab/iolink/internal/appapi.(*Server).listAlarms-fm (3 handlers)
[GIN-debug] GET    /api/v1/stats/summary     --> git.hyhy.fun/rsplab/iolink/internal/appapi.(*Server).statsSummary-fm (3 handlers)
[GIN-debug] POST   /api/v1/alarms/:id/confirm --> git.hyhy.fun/rsplab/iolink/internal/appapi.(*Server).confirmAlarm-fm (3 handlers)
[GIN-debug] POST   /api/v2/devices/:device_no/telemetry --> git.hyhy.fun/rsplab/iolink/internal/appapi.(*Server).submitTelemetryV2-fm (3 handlers)
[GIN-debug] GET    /api/v2/devices/:device_no/model/latest --> git.hyhy.fun/rsplab/iolink/internal/appapi.(*Server).modelLatestV2-fm (3 handlers)
[GIN-debug] GET    /api/v2/devices/:device_no/history --> git.hyhy.fun/rsplab/iolink/internal/appapi.(*Server).telemetryHistoryV2-fm (3 handlers)
[GIN-debug] [WARNING] Running in "debug" mode. Switch to "release" mode in production.
 - using env:	export GIN_MODE=release
 - using code:	gin.SetMode(gin.ReleaseMode)

[GIN-debug] POST   /api/v1/auth/login        --> git.hyhy.fun/rsplab/iolink/internal/appapi.(*Server).login-fm (2 handlers)
[GIN-debug] GET    /api/v1/auth/tenants      --> git.hyhy.fun/rsplab/iolink/internal/appapi.(*Server).listTenants-fm (3 handlers)
[GIN-debug] POST   /api/v1/auth/tenant       --> git.hyhy.fun/rsplab/iolink/internal/appapi.(*Server).switchTenant-fm (3 handlers)
[GIN-debug] GET    /api/v1/ponds             --> git.hyhy.fun/rsplab/iolink/internal/appapi.(*Server).listPonds-fm (3 handlers)
[GIN-debug] GET    /api/v1/ponds/:id         --> git.hyhy.fun/rsplab/iolink/internal/appapi.(*Server).getPond-fm (3 handlers)
[GIN-debug] GET    /api/v1/devices           --> git.hyhy.fun/rsplab/iolink/internal/appapi.(*Server).listDevices-fm (3 handlers)
[GIN-debug] GET    /api/v1/devices/:device_no --> git.hyhy.fun/rsplab/iolink/internal/appapi.(*Server).getDevice-fm (3 handlers)
[GIN-debug] GET    /api/v1/water/latest      --> git.hyhy.fun/rsplab/iolink/internal/appapi.(*Server).waterLatest-fm (3 handlers)
[GIN-debug] GET    /api/v1/water/history     --> git.hyhy.fun/rsplab/iolink/internal/appapi.(*Server).waterHistory-fm (3 handlers)
[GIN-debug] GET    /api/v1/alarms            --> git.hyhy.fun/rsplab/iolink/internal/appapi.(*Server).listAlarms-fm (3 handlers)
[GIN-debug] GET    /api/v1/stats/summary     --> git.hyhy.fun/rsplab/iolink/internal/appapi.(*Server).statsSummary-fm (3 handlers)
[GIN-debug] POST   /api/v1/alarms/:id/confirm --> git.hyhy.fun/rsplab/iolink/internal/appapi.(*Server).confirmAlarm-fm (3 handlers)
[GIN-debug] POST   /api/v2/devices/:device_no/telemetry --> git.hyhy.fun/rsplab/iolink/internal/appapi.(*Server).submitTelemetryV2-fm (3 handlers)
[GIN-debug] GET    /api/v2/devices/:device_no/model/latest --> git.hyhy.fun/rsplab/iolink/internal/appapi.(*Server).modelLatestV2-fm (3 handlers)
[GIN-debug] GET    /api/v2/devices/:device_no/history --> git.hyhy.fun/rsplab/iolink/internal/appapi.(*Server).telemetryHistoryV2-fm (3 handlers)
[GIN-debug] [WARNING] Running in "debug" mode. Switch to "release" mode in production.
 - using env:	export GIN_MODE=release
 - using code:	gin.SetMode(gin.ReleaseMode)

[GIN-debug] POST   /api/v1/auth/login        --> git.hyhy.fun/rsplab/iolink/internal/appapi.(*Server).login-fm (2 handlers)
[GIN-debug] GET    /api/v1/auth/tenants      --> git.hyhy.fun/rsplab/iolink/internal/appapi.(*Server).listTenants-fm (3 handlers)
[GIN-debug] POST   /api/v1/auth/tenant       --> git.hyhy.fun/rsplab/iolink/internal/appapi.(*Server).switchTenant-fm (3 handlers)
[GIN-debug] GET    /api/v1/ponds             --> git.hyhy.fun/rsplab/iolink/internal/appapi.(*Server).listPonds-fm (3 handlers)
[GIN-debug] GET    /api/v1/ponds/:id         --> git.hyhy.fun/rsplab/iolink/internal/appapi.(*Server).getPond-fm (3 handlers)
[GIN-debug] GET    /api/v1/devices           --> git.hyhy.fun/rsplab/iolink/internal/appapi.(*Server).listDevices-fm (3 handlers)
[GIN-debug] GET    /api/v1/devices/:device_no --> git.hyhy.fun/rsplab/iolink/internal/appapi.(*Server).getDevice-fm (3 handlers)
[GIN-debug] GET    /api/v1/water/latest      --> git.hyhy.fun/rsplab/iolink/internal/appapi.(*Server).waterLatest-fm (3 handlers)
[GIN-debug] GET    /api/v1/water/history     --> git.hyhy.fun/rsplab/iolink/internal/appapi.(*Server).waterHistory-fm (3 handlers)
[GIN-debug] GET    /api/v1/alarms            --> git.hyhy.fun/rsplab/iolink/internal/appapi.(*Server).listAlarms-fm (3 handlers)
[GIN-debug] GET    /api/v1/stats/summary     --> git.hyhy.fun/rsplab/iolink/internal/appapi.(*Server).statsSummary-fm (3 handlers)
[GIN-debug] POST   /api/v1/alarms/:id/confirm --> git.hyhy.fun/rsplab/iolink/internal/appapi.(*Server).confirmAlarm-fm (3 handlers)
[GIN-debug] POST   /api/v2/devices/:device_no/telemetry --> git.hyhy.fun/rsplab/iolink/internal/appapi.(*Server).submitTelemetryV2-fm (3 handlers)
[GIN-debug] GET    /api/v2/devices/:device_no/model/latest --> git.hyhy.fun/rsplab/iolink/internal/appapi.(*Server).modelLatestV2-fm (3 handlers)
[GIN-debug] GET    /api/v2/devices/:device_no/history --> git.hyhy.fun/rsplab/iolink/internal/appapi.(*Server).telemetryHistoryV2-fm (3 handlers)
[GIN-debug] [WARNING] Running in "debug" mode. Switch to "release" mode in production.
 - using env:	export GIN_MODE=release
 - using code:	gin.SetMode(gin.ReleaseMode)

[GIN-debug] POST   /api/v1/auth/login        --> git.hyhy.fun/rsplab/iolink/internal/appapi.(*Server).login-fm (2 handlers)
[GIN-debug] GET    /api/v1/auth/tenants      --> git.hyhy.fun/rsplab/iolink/internal/appapi.(*Server).listTenants-fm (3 handlers)
[GIN-debug] POST   /api/v1/auth/tenant       --> git.hyhy.fun/rsplab/iolink/internal/appapi.(*Server).switchTenant-fm (3 handlers)
[GIN-debug] GET    /api/v1/ponds             --> git.hyhy.fun/rsplab/iolink/internal/appapi.(*Server).listPonds-fm (3 handlers)
[GIN-debug] GET    /api/v1/ponds/:id         --> git.hyhy.fun/rsplab/iolink/internal/appapi.(*Server).getPond-fm (3 handlers)
[GIN-debug] GET    /api/v1/devices           --> git.hyhy.fun/rsplab/iolink/internal/appapi.(*Server).listDevices-fm (3 handlers)
[GIN-debug] GET    /api/v1/devices/:device_no --> git.hyhy.fun/rsplab/iolink/internal/appapi.(*Server).getDevice-fm (3 handlers)
[GIN-debug] GET    /api/v1/water/latest      --> git.hyhy.fun/rsplab/iolink/internal/appapi.(*Server).waterLatest-fm (3 handlers)
[GIN-debug] GET    /api/v1/water/history     --> git.hyhy.fun/rsplab/iolink/internal/appapi.(*Server).waterHistory-fm (3 handlers)
[GIN-debug] GET    /api/v1/alarms            --> git.hyhy.fun/rsplab/iolink/internal/appapi.(*Server).listAlarms-fm (3 handlers)
[GIN-debug] GET    /api/v1/stats/summary     --> git.hyhy.fun/rsplab/iolink/internal/appapi.(*Server).statsSummary-fm (3 handlers)
[GIN-debug] POST   /api/v1/alarms/:id/confirm --> git.hyhy.fun/rsplab/iolink/internal/appapi.(*Server).confirmAlarm-fm (3 handlers)
[GIN-debug] POST   /api/v2/devices/:device_no/telemetry --> git.hyhy.fun/rsplab/iolink/internal/appapi.(*Server).submitTelemetryV2-fm (3 handlers)
[GIN-debug] GET    /api/v2/devices/:device_no/model/latest --> git.hyhy.fun/rsplab/iolink/internal/appapi.(*Server).modelLatestV2-fm (3 handlers)
[GIN-debug] GET    /api/v2/devices/:device_no/history --> git.hyhy.fun/rsplab/iolink/internal/appapi.(*Server).telemetryHistoryV2-fm (3 handlers)
[GIN-debug] [WARNING] Running in "debug" mode. Switch to "release" mode in production.
 - using env:	export GIN_MODE=release
 - using code:	gin.SetMode(gin.ReleaseMode)

[GIN-debug] POST   /api/v1/auth/login        --> git.hyhy.fun/rsplab/iolink/internal/appapi.(*Server).login-fm (2 handlers)
[GIN-debug] GET    /api/v1/auth/tenants      --> git.hyhy.fun/rsplab/iolink/internal/appapi.(*Server).listTenants-fm (3 handlers)
[GIN-debug] POST   /api/v1/auth/tenant       --> git.hyhy.fun/rsplab/iolink/internal/appapi.(*Server).switchTenant-fm (3 handlers)
[GIN-debug] GET    /api/v1/ponds             --> git.hyhy.fun/rsplab/iolink/internal/appapi.(*Server).listPonds-fm (3 handlers)
[GIN-debug] GET    /api/v1/ponds/:id         --> git.hyhy.fun/rsplab/iolink/internal/appapi.(*Server).getPond-fm (3 handlers)
[GIN-debug] GET    /api/v1/devices           --> git.hyhy.fun/rsplab/iolink/internal/appapi.(*Server).listDevices-fm (3 handlers)
[GIN-debug] GET    /api/v1/devices/:device_no --> git.hyhy.fun/rsplab/iolink/internal/appapi.(*Server).getDevice-fm (3 handlers)
[GIN-debug] GET    /api/v1/water/latest      --> git.hyhy.fun/rsplab/iolink/internal/appapi.(*Server).waterLatest-fm (3 handlers)
[GIN-debug] GET    /api/v1/water/history     --> git.hyhy.fun/rsplab/iolink/internal/appapi.(*Server).waterHistory-fm (3 handlers)
[GIN-debug] GET    /api/v1/alarms            --> git.hyhy.fun/rsplab/iolink/internal/appapi.(*Server).listAlarms-fm (3 handlers)
[GIN-debug] GET    /api/v1/stats/summary     --> git.hyhy.fun/rsplab/iolink/internal/appapi.(*Server).statsSummary-fm (3 handlers)
[GIN-debug] POST   /api/v1/alarms/:id/confirm --> git.hyhy.fun/rsplab/iolink/internal/appapi.(*Server).confirmAlarm-fm (3 handlers)
[GIN-debug] POST   /api/v2/devices/:device_no/telemetry --> git.hyhy.fun/rsplab/iolink/internal/appapi.(*Server).submitTelemetryV2-fm (3 handlers)
[GIN-debug] GET    /api/v2/devices/:device_no/model/latest --> git.hyhy.fun/rsplab/iolink/internal/appapi.(*Server).modelLatestV2-fm (3 handlers)
[GIN-debug] GET    /api/v2/devices/:device_no/history --> git.hyhy.fun/rsplab/iolink/internal/appapi.(*Server).telemetryHistoryV2-fm (3 handlers)
[GIN-debug] [WARNING] Running in "debug" mode. Switch to "release" mode in production.
 - using env:	export GIN_MODE=release
 - using code:	gin.SetMode(gin.ReleaseMode)

[GIN-debug] POST   /api/v1/auth/login        --> git.hyhy.fun/rsplab/iolink/internal/appapi.(*Server).login-fm (2 handlers)
[GIN-debug] GET    /api/v1/auth/tenants      --> git.hyhy.fun/rsplab/iolink/internal/appapi.(*Server).listTenants-fm (3 handlers)
[GIN-debug] POST   /api/v1/auth/tenant       --> git.hyhy.fun/rsplab/iolink/internal/appapi.(*Server).switchTenant-fm (3 handlers)
[GIN-debug] GET    /api/v1/ponds             --> git.hyhy.fun/rsplab/iolink/internal/appapi.(*Server).listPonds-fm (3 handlers)
[GIN-debug] GET    /api/v1/ponds/:id         --> git.hyhy.fun/rsplab/iolink/internal/appapi.(*Server).getPond-fm (3 handlers)
[GIN-debug] GET    /api/v1/devices           --> git.hyhy.fun/rsplab/iolink/internal/appapi.(*Server).listDevices-fm (3 handlers)
[GIN-debug] GET    /api/v1/devices/:device_no --> git.hyhy.fun/rsplab/iolink/internal/appapi.(*Server).getDevice-fm (3 handlers)
[GIN-debug] GET    /api/v1/water/latest      --> git.hyhy.fun/rsplab/iolink/internal/appapi.(*Server).waterLatest-fm (3 handlers)
[GIN-debug] GET    /api/v1/water/history     --> git.hyhy.fun/rsplab/iolink/internal/appapi.(*Server).waterHistory-fm (3 handlers)
[GIN-debug] GET    /api/v1/alarms            --> git.hyhy.fun/rsplab/iolink/internal/appapi.(*Server).listAlarms-fm (3 handlers)
[GIN-debug] GET    /api/v1/stats/summary     --> git.hyhy.fun/rsplab/iolink/internal/appapi.(*Server).statsSummary-fm (3 handlers)
[GIN-debug] POST   /api/v1/alarms/:id/confirm --> git.hyhy.fun/rsplab/iolink/internal/appapi.(*Server).confirmAlarm-fm (3 handlers)
[GIN-debug] POST   /api/v2/devices/:device_no/telemetry --> git.hyhy.fun/rsplab/iolink/internal/appapi.(*Server).submitTelemetryV2-fm (3 handlers)
[GIN-debug] GET    /api/v2/devices/:device_no/model/latest --> git.hyhy.fun/rsplab/iolink/internal/appapi.(*Server).modelLatestV2-fm (3 handlers)
[GIN-debug] GET    /api/v2/devices/:device_no/history --> git.hyhy.fun/rsplab/iolink/internal/appapi.(*Server).telemetryHistoryV2-fm (3 handlers)
[GIN-debug] [WARNING] Running in "debug" mode. Switch to "release" mode in production.
 - using env:	export GIN_MODE=release
 - using code:	gin.SetMode(gin.ReleaseMode)

[GIN-debug] POST   /admin/v1/login           --> git.hyhy.fun/rsplab/iolink/internal/adminapi.(*Server).login-fm (2 handlers)
[GIN-debug] GET    /admin/v1/tenants         --> git.hyhy.fun/rsplab/iolink/internal/adminapi.(*Server).listTenants-fm (3 handlers)
[GIN-debug] PUT    /admin/v1/tenants/:id/status --> git.hyhy.fun/rsplab/iolink/internal/adminapi.(*Server).setTenantStatus-fm (3 handlers)
[GIN-debug] GET    /admin/v1/tenants/:id/members --> git.hyhy.fun/rsplab/iolink/internal/adminapi.(*Server).listTenantMembers-fm (3 handlers)
[GIN-debug] PUT    /admin/v1/tenants/:id/members/:user_id --> git.hyhy.fun/rsplab/iolink/internal/adminapi.(*Server).setTenantMember-fm (3 handlers)
[GIN-debug] POST   /admin/v1/password        --> git.hyhy.fun/rsplab/iolink/internal/adminapi.(*Server).changePassword-fm (3 handlers)
[GIN-debug] GET    /admin/v1/farms           --> git.hyhy.fun/rsplab/iolink/internal/adminapi.(*Server).listFarms-fm (4 handlers)
[GIN-debug] POST   /admin/v1/farms           --> git.hyhy.fun/rsplab/iolink/internal/adminapi.(*Server).createFarm-fm (4 handlers)
[GIN-debug] GET    /admin/v1/users           --> git.hyhy.fun/rsplab/iolink/internal/adminapi.(*Server).listUsers-fm (4 handlers)
[GIN-debug] PUT    /admin/v1/farms/:id       --> git.hyhy.fun/rsplab/iolink/internal/adminapi.(*Server).updateFarm-fm (4 handlers)
[GIN-debug] DELETE /admin/v1/farms/:id       --> git.hyhy.fun/rsplab/iolink/internal/adminapi.(*Server).deleteFarm-fm (4 handlers)
[GIN-debug] PUT    /admin/v1/farms/:id/owner --> git.hyhy.fun/rsplab/iolink/internal/adminapi.(*Server).setFarmOwner-fm (4 handlers)
[GIN-debug] GET    /admin/v1/farms/:id/members --> git.hyhy.fun/rsplab/iolink/internal/adminapi.(*Server).listFarmMembers-fm (4 handlers)
[GIN-debug] PUT    /admin/v1/farms/:id/members/:user_id --> git.hyhy.fun/rsplab/iolink/internal/adminapi.(*Server).setFarmMember-fm (4 handlers)
[GIN-debug] GET    /admin/v1/ponds           --> git.hyhy.fun/rsplab/iolink/internal/adminapi.(*Server).listPonds-fm (4 handlers)
[GIN-debug] POST   /admin/v1/ponds           --> git.hyhy.fun/rsplab/iolink/internal/adminapi.(*Server).createPond-fm (4 handlers)
[GIN-debug] PUT    /admin/v1/ponds/:id       --> git.hyhy.fun/rsplab/iolink/internal/adminapi.(*Server).updatePond-fm (4 handlers)
[GIN-debug] DELETE /admin/v1/ponds/:id       --> git.hyhy.fun/rsplab/iolink/internal/adminapi.(*Server).deletePond-fm (4 handlers)
[GIN-debug] GET    /admin/v1/devices         --> git.hyhy.fun/rsplab/iolink/internal/adminapi.(*Server).listDevices-fm (4 handlers)
[GIN-debug] POST   /admin/v1/devices         --> git.hyhy.fun/rsplab/iolink/internal/adminapi.(*Server).registerDevice-fm (4 handlers)
[GIN-debug] GET    /admin/v1/devices/:device_no --> git.hyhy.fun/rsplab/iolink/internal/adminapi.(*Server).getDevice-fm (4 handlers)
[GIN-debug] DELETE /admin/v1/devices/:device_no --> git.hyhy.fun/rsplab/iolink/internal/adminapi.(*Server).deleteDevice-fm (4 handlers)
[GIN-debug] PUT    /admin/v1/devices/:device_no/pond --> git.hyhy.fun/rsplab/iolink/internal/adminapi.(*Server).moveDevice-fm (4 handlers)
[GIN-debug] GET    /admin/v1/alarm-rules     --> git.hyhy.fun/rsplab/iolink/internal/adminapi.(*Server).listRules-fm (4 handlers)
[GIN-debug] POST   /admin/v1/alarm-rules     --> git.hyhy.fun/rsplab/iolink/internal/adminapi.(*Server).createRule-fm (4 handlers)
[GIN-debug] PUT    /admin/v1/alarm-rules/:id --> git.hyhy.fun/rsplab/iolink/internal/adminapi.(*Server).updateRule-fm (4 handlers)
[GIN-debug] DELETE /admin/v1/alarm-rules/:id --> git.hyhy.fun/rsplab/iolink/internal/adminapi.(*Server).deleteRule-fm (4 handlers)
[GIN-debug] GET    /admin/v1/alarms          --> git.hyhy.fun/rsplab/iolink/internal/adminapi.(*Server).listAlarms-fm (4 handlers)
[GIN-debug] POST   /admin/v1/alarms/:id/confirm --> git.hyhy.fun/rsplab/iolink/internal/adminapi.(*Server).confirmAlarm-fm (4 handlers)
[GIN-debug] POST   /admin/v1/alarms/batch-confirm --> git.hyhy.fun/rsplab/iolink/internal/adminapi.(*Server).batchConfirm-fm (4 handlers)
[GIN-debug] GET    /admin/v1/stats           --> git.hyhy.fun/rsplab/iolink/internal/adminapi.(*Server).stats-fm (4 handlers)
[GIN-debug] GET    /admin/v1/products        --> git.hyhy.fun/rsplab/iolink/internal/adminapi.(*Server).listProducts-fm (4 handlers)
[GIN-debug] POST   /admin/v1/products        --> git.hyhy.fun/rsplab/iolink/internal/adminapi.(*Server).createProduct-fm (4 handlers)
[GIN-debug] GET    /admin/v1/products/:product_id/models --> git.hyhy.fun/rsplab/iolink/internal/adminapi.(*Server).listProductModels-fm (4 handlers)
[GIN-debug] POST   /admin/v1/products/:product_id/models --> git.hyhy.fun/rsplab/iolink/internal/adminapi.(*Server).createProductModel-fm (4 handlers)
[GIN-debug] POST   /admin/v1/products/:product_id/models/:version/publish --> git.hyhy.fun/rsplab/iolink/internal/adminapi.(*Server).publishProductModel-fm (4 handlers)
[GIN-debug] GET    /admin/v1/devices/:device_no/product --> git.hyhy.fun/rsplab/iolink/internal/adminapi.(*Server).getDeviceProduct-fm (4 handlers)
[GIN-debug] PUT    /admin/v1/devices/:device_no/product --> git.hyhy.fun/rsplab/iolink/internal/adminapi.(*Server).assignDeviceProduct-fm (4 handlers)
2026/10/04 17:46:10 INFO http request request_id=XP5ECXN2BSWXI7VQ5MKFTDGOVL route=/admin/v1/login method=POST status=200 duration_ms=173 tenant_id=0 actor_id=0
2026/10/04 17:46:10 WARN http request request_id=WNSSOIFWEH7WSFH5RMUMQOZJYJ route=/admin/v1/alarms/batch-confirm method=POST status=404 duration_ms=4 tenant_id=9401 actor_id=9402
[GIN-debug] [WARNING] Running in "debug" mode. Switch to "release" mode in production.
 - using env:	export GIN_MODE=release
 - using code:	gin.SetMode(gin.ReleaseMode)

[GIN-debug] POST   /admin/v1/login           --> git.hyhy.fun/rsplab/iolink/internal/adminapi.(*Server).login-fm (2 handlers)
[GIN-debug] GET    /admin/v1/tenants         --> git.hyhy.fun/rsplab/iolink/internal/adminapi.(*Server).listTenants-fm (3 handlers)
[GIN-debug] PUT    /admin/v1/tenants/:id/status --> git.hyhy.fun/rsplab/iolink/internal/adminapi.(*Server).setTenantStatus-fm (3 handlers)
[GIN-debug] GET    /admin/v1/tenants/:id/members --> git.hyhy.fun/rsplab/iolink/internal/adminapi.(*Server).listTenantMembers-fm (3 handlers)
[GIN-debug] PUT    /admin/v1/tenants/:id/members/:user_id --> git.hyhy.fun/rsplab/iolink/internal/adminapi.(*Server).setTenantMember-fm (3 handlers)
[GIN-debug] POST   /admin/v1/password        --> git.hyhy.fun/rsplab/iolink/internal/adminapi.(*Server).changePassword-fm (3 handlers)
[GIN-debug] GET    /admin/v1/farms           --> git.hyhy.fun/rsplab/iolink/internal/adminapi.(*Server).listFarms-fm (4 handlers)
[GIN-debug] POST   /admin/v1/farms           --> git.hyhy.fun/rsplab/iolink/internal/adminapi.(*Server).createFarm-fm (4 handlers)
[GIN-debug] GET    /admin/v1/users           --> git.hyhy.fun/rsplab/iolink/internal/adminapi.(*Server).listUsers-fm (4 handlers)
[GIN-debug] PUT    /admin/v1/farms/:id       --> git.hyhy.fun/rsplab/iolink/internal/adminapi.(*Server).updateFarm-fm (4 handlers)
[GIN-debug] DELETE /admin/v1/farms/:id       --> git.hyhy.fun/rsplab/iolink/internal/adminapi.(*Server).deleteFarm-fm (4 handlers)
[GIN-debug] PUT    /admin/v1/farms/:id/owner --> git.hyhy.fun/rsplab/iolink/internal/adminapi.(*Server).setFarmOwner-fm (4 handlers)
[GIN-debug] GET    /admin/v1/farms/:id/members --> git.hyhy.fun/rsplab/iolink/internal/adminapi.(*Server).listFarmMembers-fm (4 handlers)
[GIN-debug] PUT    /admin/v1/farms/:id/members/:user_id --> git.hyhy.fun/rsplab/iolink/internal/adminapi.(*Server).setFarmMember-fm (4 handlers)
[GIN-debug] GET    /admin/v1/ponds           --> git.hyhy.fun/rsplab/iolink/internal/adminapi.(*Server).listPonds-fm (4 handlers)
[GIN-debug] POST   /admin/v1/ponds           --> git.hyhy.fun/rsplab/iolink/internal/adminapi.(*Server).createPond-fm (4 handlers)
[GIN-debug] PUT    /admin/v1/ponds/:id       --> git.hyhy.fun/rsplab/iolink/internal/adminapi.(*Server).updatePond-fm (4 handlers)
[GIN-debug] DELETE /admin/v1/ponds/:id       --> git.hyhy.fun/rsplab/iolink/internal/adminapi.(*Server).deletePond-fm (4 handlers)
[GIN-debug] GET    /admin/v1/devices         --> git.hyhy.fun/rsplab/iolink/internal/adminapi.(*Server).listDevices-fm (4 handlers)
[GIN-debug] POST   /admin/v1/devices         --> git.hyhy.fun/rsplab/iolink/internal/adminapi.(*Server).registerDevice-fm (4 handlers)
[GIN-debug] GET    /admin/v1/devices/:device_no --> git.hyhy.fun/rsplab/iolink/internal/adminapi.(*Server).getDevice-fm (4 handlers)
[GIN-debug] DELETE /admin/v1/devices/:device_no --> git.hyhy.fun/rsplab/iolink/internal/adminapi.(*Server).deleteDevice-fm (4 handlers)
[GIN-debug] PUT    /admin/v1/devices/:device_no/pond --> git.hyhy.fun/rsplab/iolink/internal/adminapi.(*Server).moveDevice-fm (4 handlers)
[GIN-debug] GET    /admin/v1/alarm-rules     --> git.hyhy.fun/rsplab/iolink/internal/adminapi.(*Server).listRules-fm (4 handlers)
[GIN-debug] POST   /admin/v1/alarm-rules     --> git.hyhy.fun/rsplab/iolink/internal/adminapi.(*Server).createRule-fm (4 handlers)
[GIN-debug] PUT    /admin/v1/alarm-rules/:id --> git.hyhy.fun/rsplab/iolink/internal/adminapi.(*Server).updateRule-fm (4 handlers)
[GIN-debug] DELETE /admin/v1/alarm-rules/:id --> git.hyhy.fun/rsplab/iolink/internal/adminapi.(*Server).deleteRule-fm (4 handlers)
[GIN-debug] GET    /admin/v1/alarms          --> git.hyhy.fun/rsplab/iolink/internal/adminapi.(*Server).listAlarms-fm (4 handlers)
[GIN-debug] POST   /admin/v1/alarms/:id/confirm --> git.hyhy.fun/rsplab/iolink/internal/adminapi.(*Server).confirmAlarm-fm (4 handlers)
[GIN-debug] POST   /admin/v1/alarms/batch-confirm --> git.hyhy.fun/rsplab/iolink/internal/adminapi.(*Server).batchConfirm-fm (4 handlers)
[GIN-debug] GET    /admin/v1/stats           --> git.hyhy.fun/rsplab/iolink/internal/adminapi.(*Server).stats-fm (4 handlers)
[GIN-debug] GET    /admin/v1/products        --> git.hyhy.fun/rsplab/iolink/internal/adminapi.(*Server).listProducts-fm (4 handlers)
[GIN-debug] POST   /admin/v1/products        --> git.hyhy.fun/rsplab/iolink/internal/adminapi.(*Server).createProduct-fm (4 handlers)
[GIN-debug] GET    /admin/v1/products/:product_id/models --> git.hyhy.fun/rsplab/iolink/internal/adminapi.(*Server).listProductModels-fm (4 handlers)
[GIN-debug] POST   /admin/v1/products/:product_id/models --> git.hyhy.fun/rsplab/iolink/internal/adminapi.(*Server).createProductModel-fm (4 handlers)
[GIN-debug] POST   /admin/v1/products/:product_id/models/:version/publish --> git.hyhy.fun/rsplab/iolink/internal/adminapi.(*Server).publishProductModel-fm (4 handlers)
[GIN-debug] GET    /admin/v1/devices/:device_no/product --> git.hyhy.fun/rsplab/iolink/internal/adminapi.(*Server).getDeviceProduct-fm (4 handlers)
[GIN-debug] PUT    /admin/v1/devices/:device_no/product --> git.hyhy.fun/rsplab/iolink/internal/adminapi.(*Server).assignDeviceProduct-fm (4 handlers)
2026/10/04 17:46:10 INFO http request request_id=SJK47EKYAXZN4A4YVPQBN2AUXA route=/admin/v1/login method=POST status=200 duration_ms=149 tenant_id=0 actor_id=0
2026/10/04 17:46:10 WARN http request request_id=QBYVA4QWCSQ4UT76OV4L54Q5DR route=/admin/v1/alarms/batch-confirm method=POST status=404 duration_ms=5 tenant_id=9401 actor_id=9402
[GIN-debug] [WARNING] Running in "debug" mode. Switch to "release" mode in production.
 - using env:	export GIN_MODE=release
 - using code:	gin.SetMode(gin.ReleaseMode)

[GIN-debug] POST   /admin/v1/login           --> git.hyhy.fun/rsplab/iolink/internal/adminapi.(*Server).login-fm (2 handlers)
[GIN-debug] GET    /admin/v1/tenants         --> git.hyhy.fun/rsplab/iolink/internal/adminapi.(*Server).listTenants-fm (3 handlers)
[GIN-debug] PUT    /admin/v1/tenants/:id/status --> git.hyhy.fun/rsplab/iolink/internal/adminapi.(*Server).setTenantStatus-fm (3 handlers)
[GIN-debug] GET    /admin/v1/tenants/:id/members --> git.hyhy.fun/rsplab/iolink/internal/adminapi.(*Server).listTenantMembers-fm (3 handlers)
[GIN-debug] PUT    /admin/v1/tenants/:id/members/:user_id --> git.hyhy.fun/rsplab/iolink/internal/adminapi.(*Server).setTenantMember-fm (3 handlers)
[GIN-debug] POST   /admin/v1/password        --> git.hyhy.fun/rsplab/iolink/internal/adminapi.(*Server).changePassword-fm (3 handlers)
[GIN-debug] GET    /admin/v1/farms           --> git.hyhy.fun/rsplab/iolink/internal/adminapi.(*Server).listFarms-fm (4 handlers)
[GIN-debug] POST   /admin/v1/farms           --> git.hyhy.fun/rsplab/iolink/internal/adminapi.(*Server).createFarm-fm (4 handlers)
[GIN-debug] GET    /admin/v1/users           --> git.hyhy.fun/rsplab/iolink/internal/adminapi.(*Server).listUsers-fm (4 handlers)
[GIN-debug] PUT    /admin/v1/farms/:id       --> git.hyhy.fun/rsplab/iolink/internal/adminapi.(*Server).updateFarm-fm (4 handlers)
[GIN-debug] DELETE /admin/v1/farms/:id       --> git.hyhy.fun/rsplab/iolink/internal/adminapi.(*Server).deleteFarm-fm (4 handlers)
[GIN-debug] PUT    /admin/v1/farms/:id/owner --> git.hyhy.fun/rsplab/iolink/internal/adminapi.(*Server).setFarmOwner-fm (4 handlers)
[GIN-debug] GET    /admin/v1/farms/:id/members --> git.hyhy.fun/rsplab/iolink/internal/adminapi.(*Server).listFarmMembers-fm (4 handlers)
[GIN-debug] PUT    /admin/v1/farms/:id/members/:user_id --> git.hyhy.fun/rsplab/iolink/internal/adminapi.(*Server).setFarmMember-fm (4 handlers)
[GIN-debug] GET    /admin/v1/ponds           --> git.hyhy.fun/rsplab/iolink/internal/adminapi.(*Server).listPonds-fm (4 handlers)
[GIN-debug] POST   /admin/v1/ponds           --> git.hyhy.fun/rsplab/iolink/internal/adminapi.(*Server).createPond-fm (4 handlers)
[GIN-debug] PUT    /admin/v1/ponds/:id       --> git.hyhy.fun/rsplab/iolink/internal/adminapi.(*Server).updatePond-fm (4 handlers)
[GIN-debug] DELETE /admin/v1/ponds/:id       --> git.hyhy.fun/rsplab/iolink/internal/adminapi.(*Server).deletePond-fm (4 handlers)
[GIN-debug] GET    /admin/v1/devices         --> git.hyhy.fun/rsplab/iolink/internal/adminapi.(*Server).listDevices-fm (4 handlers)
[GIN-debug] POST   /admin/v1/devices         --> git.hyhy.fun/rsplab/iolink/internal/adminapi.(*Server).registerDevice-fm (4 handlers)
[GIN-debug] GET    /admin/v1/devices/:device_no --> git.hyhy.fun/rsplab/iolink/internal/adminapi.(*Server).getDevice-fm (4 handlers)
[GIN-debug] DELETE /admin/v1/devices/:device_no --> git.hyhy.fun/rsplab/iolink/internal/adminapi.(*Server).deleteDevice-fm (4 handlers)
[GIN-debug] PUT    /admin/v1/devices/:device_no/pond --> git.hyhy.fun/rsplab/iolink/internal/adminapi.(*Server).moveDevice-fm (4 handlers)
[GIN-debug] GET    /admin/v1/alarm-rules     --> git.hyhy.fun/rsplab/iolink/internal/adminapi.(*Server).listRules-fm (4 handlers)
[GIN-debug] POST   /admin/v1/alarm-rules     --> git.hyhy.fun/rsplab/iolink/internal/adminapi.(*Server).createRule-fm (4 handlers)
[GIN-debug] PUT    /admin/v1/alarm-rules/:id --> git.hyhy.fun/rsplab/iolink/internal/adminapi.(*Server).updateRule-fm (4 handlers)
[GIN-debug] DELETE /admin/v1/alarm-rules/:id --> git.hyhy.fun/rsplab/iolink/internal/adminapi.(*Server).deleteRule-fm (4 handlers)
[GIN-debug] GET    /admin/v1/alarms          --> git.hyhy.fun/rsplab/iolink/internal/adminapi.(*Server).listAlarms-fm (4 handlers)
[GIN-debug] POST   /admin/v1/alarms/:id/confirm --> git.hyhy.fun/rsplab/iolink/internal/adminapi.(*Server).confirmAlarm-fm (4 handlers)
[GIN-debug] POST   /admin/v1/alarms/batch-confirm --> git.hyhy.fun/rsplab/iolink/internal/adminapi.(*Server).batchConfirm-fm (4 handlers)
[GIN-debug] GET    /admin/v1/stats           --> git.hyhy.fun/rsplab/iolink/internal/adminapi.(*Server).stats-fm (4 handlers)
[GIN-debug] GET    /admin/v1/products        --> git.hyhy.fun/rsplab/iolink/internal/adminapi.(*Server).listProducts-fm (4 handlers)
[GIN-debug] POST   /admin/v1/products        --> git.hyhy.fun/rsplab/iolink/internal/adminapi.(*Server).createProduct-fm (4 handlers)
[GIN-debug] GET    /admin/v1/products/:product_id/models --> git.hyhy.fun/rsplab/iolink/internal/adminapi.(*Server).listProductModels-fm (4 handlers)
[GIN-debug] POST   /admin/v1/products/:product_id/models --> git.hyhy.fun/rsplab/iolink/internal/adminapi.(*Server).createProductModel-fm (4 handlers)
[GIN-debug] POST   /admin/v1/products/:product_id/models/:version/publish --> git.hyhy.fun/rsplab/iolink/internal/adminapi.(*Server).publishProductModel-fm (4 handlers)
[GIN-debug] GET    /admin/v1/devices/:device_no/product --> git.hyhy.fun/rsplab/iolink/internal/adminapi.(*Server).getDeviceProduct-fm (4 handlers)
[GIN-debug] PUT    /admin/v1/devices/:device_no/product --> git.hyhy.fun/rsplab/iolink/internal/adminapi.(*Server).assignDeviceProduct-fm (4 handlers)
2026/10/04 17:46:11 INFO http request request_id=RQZ32MNK63NHM7NJL674BQBYO6 route=/admin/v1/login method=POST status=200 duration_ms=161 tenant_id=0 actor_id=0
2026/10/04 17:46:11 WARN http request request_id=QNM72KJZHUUJBIJGFEQXURIOBK route=/admin/v1/alarms/batch-confirm method=POST status=404 duration_ms=4 tenant_id=9401 actor_id=9402
[GIN-debug] [WARNING] Running in "debug" mode. Switch to "release" mode in production.
 - using env:	export GIN_MODE=release
 - using code:	gin.SetMode(gin.ReleaseMode)

[GIN-debug] POST   /admin/v1/login           --> git.hyhy.fun/rsplab/iolink/internal/adminapi.(*Server).login-fm (2 handlers)
[GIN-debug] GET    /admin/v1/tenants         --> git.hyhy.fun/rsplab/iolink/internal/adminapi.(*Server).listTenants-fm (3 handlers)
[GIN-debug] PUT    /admin/v1/tenants/:id/status --> git.hyhy.fun/rsplab/iolink/internal/adminapi.(*Server).setTenantStatus-fm (3 handlers)
[GIN-debug] GET    /admin/v1/tenants/:id/members --> git.hyhy.fun/rsplab/iolink/internal/adminapi.(*Server).listTenantMembers-fm (3 handlers)
[GIN-debug] PUT    /admin/v1/tenants/:id/members/:user_id --> git.hyhy.fun/rsplab/iolink/internal/adminapi.(*Server).setTenantMember-fm (3 handlers)
[GIN-debug] POST   /admin/v1/password        --> git.hyhy.fun/rsplab/iolink/internal/adminapi.(*Server).changePassword-fm (3 handlers)
[GIN-debug] GET    /admin/v1/farms           --> git.hyhy.fun/rsplab/iolink/internal/adminapi.(*Server).listFarms-fm (4 handlers)
[GIN-debug] POST   /admin/v1/farms           --> git.hyhy.fun/rsplab/iolink/internal/adminapi.(*Server).createFarm-fm (4 handlers)
[GIN-debug] GET    /admin/v1/users           --> git.hyhy.fun/rsplab/iolink/internal/adminapi.(*Server).listUsers-fm (4 handlers)
[GIN-debug] PUT    /admin/v1/farms/:id       --> git.hyhy.fun/rsplab/iolink/internal/adminapi.(*Server).updateFarm-fm (4 handlers)
[GIN-debug] DELETE /admin/v1/farms/:id       --> git.hyhy.fun/rsplab/iolink/internal/adminapi.(*Server).deleteFarm-fm (4 handlers)
[GIN-debug] PUT    /admin/v1/farms/:id/owner --> git.hyhy.fun/rsplab/iolink/internal/adminapi.(*Server).setFarmOwner-fm (4 handlers)
[GIN-debug] GET    /admin/v1/farms/:id/members --> git.hyhy.fun/rsplab/iolink/internal/adminapi.(*Server).listFarmMembers-fm (4 handlers)
[GIN-debug] PUT    /admin/v1/farms/:id/members/:user_id --> git.hyhy.fun/rsplab/iolink/internal/adminapi.(*Server).setFarmMember-fm (4 handlers)
[GIN-debug] GET    /admin/v1/ponds           --> git.hyhy.fun/rsplab/iolink/internal/adminapi.(*Server).listPonds-fm (4 handlers)
[GIN-debug] POST   /admin/v1/ponds           --> git.hyhy.fun/rsplab/iolink/internal/adminapi.(*Server).createPond-fm (4 handlers)
[GIN-debug] PUT    /admin/v1/ponds/:id       --> git.hyhy.fun/rsplab/iolink/internal/adminapi.(*Server).updatePond-fm (4 handlers)
[GIN-debug] DELETE /admin/v1/ponds/:id       --> git.hyhy.fun/rsplab/iolink/internal/adminapi.(*Server).deletePond-fm (4 handlers)
[GIN-debug] GET    /admin/v1/devices         --> git.hyhy.fun/rsplab/iolink/internal/adminapi.(*Server).listDevices-fm (4 handlers)
[GIN-debug] POST   /admin/v1/devices         --> git.hyhy.fun/rsplab/iolink/internal/adminapi.(*Server).registerDevice-fm (4 handlers)
[GIN-debug] GET    /admin/v1/devices/:device_no --> git.hyhy.fun/rsplab/iolink/internal/adminapi.(*Server).getDevice-fm (4 handlers)
[GIN-debug] DELETE /admin/v1/devices/:device_no --> git.hyhy.fun/rsplab/iolink/internal/adminapi.(*Server).deleteDevice-fm (4 handlers)
[GIN-debug] PUT    /admin/v1/devices/:device_no/pond --> git.hyhy.fun/rsplab/iolink/internal/adminapi.(*Server).moveDevice-fm (4 handlers)
[GIN-debug] GET    /admin/v1/alarm-rules     --> git.hyhy.fun/rsplab/iolink/internal/adminapi.(*Server).listRules-fm (4 handlers)
[GIN-debug] POST   /admin/v1/alarm-rules     --> git.hyhy.fun/rsplab/iolink/internal/adminapi.(*Server).createRule-fm (4 handlers)
[GIN-debug] PUT    /admin/v1/alarm-rules/:id --> git.hyhy.fun/rsplab/iolink/internal/adminapi.(*Server).updateRule-fm (4 handlers)
[GIN-debug] DELETE /admin/v1/alarm-rules/:id --> git.hyhy.fun/rsplab/iolink/internal/adminapi.(*Server).deleteRule-fm (4 handlers)
[GIN-debug] GET    /admin/v1/alarms          --> git.hyhy.fun/rsplab/iolink/internal/adminapi.(*Server).listAlarms-fm (4 handlers)
[GIN-debug] POST   /admin/v1/alarms/:id/confirm --> git.hyhy.fun/rsplab/iolink/internal/adminapi.(*Server).confirmAlarm-fm (4 handlers)
[GIN-debug] POST   /admin/v1/alarms/batch-confirm --> git.hyhy.fun/rsplab/iolink/internal/adminapi.(*Server).batchConfirm-fm (4 handlers)
[GIN-debug] GET    /admin/v1/stats           --> git.hyhy.fun/rsplab/iolink/internal/adminapi.(*Server).stats-fm (4 handlers)
[GIN-debug] GET    /admin/v1/products        --> git.hyhy.fun/rsplab/iolink/internal/adminapi.(*Server).listProducts-fm (4 handlers)
[GIN-debug] POST   /admin/v1/products        --> git.hyhy.fun/rsplab/iolink/internal/adminapi.(*Server).createProduct-fm (4 handlers)
[GIN-debug] GET    /admin/v1/products/:product_id/models --> git.hyhy.fun/rsplab/iolink/internal/adminapi.(*Server).listProductModels-fm (4 handlers)
[GIN-debug] POST   /admin/v1/products/:product_id/models --> git.hyhy.fun/rsplab/iolink/internal/adminapi.(*Server).createProductModel-fm (4 handlers)
[GIN-debug] POST   /admin/v1/products/:product_id/models/:version/publish --> git.hyhy.fun/rsplab/iolink/internal/adminapi.(*Server).publishProductModel-fm (4 handlers)
[GIN-debug] GET    /admin/v1/devices/:device_no/product --> git.hyhy.fun/rsplab/iolink/internal/adminapi.(*Server).getDeviceProduct-fm (4 handlers)
[GIN-debug] PUT    /admin/v1/devices/:device_no/product --> git.hyhy.fun/rsplab/iolink/internal/adminapi.(*Server).assignDeviceProduct-fm (4 handlers)
2026/10/04 17:46:12 INFO http request request_id=EPQPSH7F3IHKK3STJ52QAMCH37 route=/admin/v1/login method=POST status=200 duration_ms=143 tenant_id=0 actor_id=0
2026/10/04 17:46:12 WARN http request request_id=KEEIE7JEQN3VVT5YKMPVLXGCUV route=/admin/v1/alarms/batch-confirm method=POST status=404 duration_ms=4 tenant_id=9401 actor_id=9402
[GIN-debug] [WARNING] Running in "debug" mode. Switch to "release" mode in production.
 - using env:	export GIN_MODE=release
 - using code:	gin.SetMode(gin.ReleaseMode)

[GIN-debug] POST   /admin/v1/login           --> git.hyhy.fun/rsplab/iolink/internal/adminapi.(*Server).login-fm (2 handlers)
[GIN-debug] GET    /admin/v1/tenants         --> git.hyhy.fun/rsplab/iolink/internal/adminapi.(*Server).listTenants-fm (3 handlers)
[GIN-debug] PUT    /admin/v1/tenants/:id/status --> git.hyhy.fun/rsplab/iolink/internal/adminapi.(*Server).setTenantStatus-fm (3 handlers)
[GIN-debug] GET    /admin/v1/tenants/:id/members --> git.hyhy.fun/rsplab/iolink/internal/adminapi.(*Server).listTenantMembers-fm (3 handlers)
[GIN-debug] PUT    /admin/v1/tenants/:id/members/:user_id --> git.hyhy.fun/rsplab/iolink/internal/adminapi.(*Server).setTenantMember-fm (3 handlers)
[GIN-debug] POST   /admin/v1/password        --> git.hyhy.fun/rsplab/iolink/internal/adminapi.(*Server).changePassword-fm (3 handlers)
[GIN-debug] GET    /admin/v1/farms           --> git.hyhy.fun/rsplab/iolink/internal/adminapi.(*Server).listFarms-fm (4 handlers)
[GIN-debug] POST   /admin/v1/farms           --> git.hyhy.fun/rsplab/iolink/internal/adminapi.(*Server).createFarm-fm (4 handlers)
[GIN-debug] GET    /admin/v1/users           --> git.hyhy.fun/rsplab/iolink/internal/adminapi.(*Server).listUsers-fm (4 handlers)
[GIN-debug] PUT    /admin/v1/farms/:id       --> git.hyhy.fun/rsplab/iolink/internal/adminapi.(*Server).updateFarm-fm (4 handlers)
[GIN-debug] DELETE /admin/v1/farms/:id       --> git.hyhy.fun/rsplab/iolink/internal/adminapi.(*Server).deleteFarm-fm (4 handlers)
[GIN-debug] PUT    /admin/v1/farms/:id/owner --> git.hyhy.fun/rsplab/iolink/internal/adminapi.(*Server).setFarmOwner-fm (4 handlers)
[GIN-debug] GET    /admin/v1/farms/:id/members --> git.hyhy.fun/rsplab/iolink/internal/adminapi.(*Server).listFarmMembers-fm (4 handlers)
[GIN-debug] PUT    /admin/v1/farms/:id/members/:user_id --> git.hyhy.fun/rsplab/iolink/internal/adminapi.(*Server).setFarmMember-fm (4 handlers)
[GIN-debug] GET    /admin/v1/ponds           --> git.hyhy.fun/rsplab/iolink/internal/adminapi.(*Server).listPonds-fm (4 handlers)
[GIN-debug] POST   /admin/v1/ponds           --> git.hyhy.fun/rsplab/iolink/internal/adminapi.(*Server).createPond-fm (4 handlers)
[GIN-debug] PUT    /admin/v1/ponds/:id       --> git.hyhy.fun/rsplab/iolink/internal/adminapi.(*Server).updatePond-fm (4 handlers)
[GIN-debug] DELETE /admin/v1/ponds/:id       --> git.hyhy.fun/rsplab/iolink/internal/adminapi.(*Server).deletePond-fm (4 handlers)
[GIN-debug] GET    /admin/v1/devices         --> git.hyhy.fun/rsplab/iolink/internal/adminapi.(*Server).listDevices-fm (4 handlers)
[GIN-debug] POST   /admin/v1/devices         --> git.hyhy.fun/rsplab/iolink/internal/adminapi.(*Server).registerDevice-fm (4 handlers)
[GIN-debug] GET    /admin/v1/devices/:device_no --> git.hyhy.fun/rsplab/iolink/internal/adminapi.(*Server).getDevice-fm (4 handlers)
[GIN-debug] DELETE /admin/v1/devices/:device_no --> git.hyhy.fun/rsplab/iolink/internal/adminapi.(*Server).deleteDevice-fm (4 handlers)
[GIN-debug] PUT    /admin/v1/devices/:device_no/pond --> git.hyhy.fun/rsplab/iolink/internal/adminapi.(*Server).moveDevice-fm (4 handlers)
[GIN-debug] GET    /admin/v1/alarm-rules     --> git.hyhy.fun/rsplab/iolink/internal/adminapi.(*Server).listRules-fm (4 handlers)
[GIN-debug] POST   /admin/v1/alarm-rules     --> git.hyhy.fun/rsplab/iolink/internal/adminapi.(*Server).createRule-fm (4 handlers)
[GIN-debug] PUT    /admin/v1/alarm-rules/:id --> git.hyhy.fun/rsplab/iolink/internal/adminapi.(*Server).updateRule-fm (4 handlers)
[GIN-debug] DELETE /admin/v1/alarm-rules/:id --> git.hyhy.fun/rsplab/iolink/internal/adminapi.(*Server).deleteRule-fm (4 handlers)
[GIN-debug] GET    /admin/v1/alarms          --> git.hyhy.fun/rsplab/iolink/internal/adminapi.(*Server).listAlarms-fm (4 handlers)
[GIN-debug] POST   /admin/v1/alarms/:id/confirm --> git.hyhy.fun/rsplab/iolink/internal/adminapi.(*Server).confirmAlarm-fm (4 handlers)
[GIN-debug] POST   /admin/v1/alarms/batch-confirm --> git.hyhy.fun/rsplab/iolink/internal/adminapi.(*Server).batchConfirm-fm (4 handlers)
[GIN-debug] GET    /admin/v1/stats           --> git.hyhy.fun/rsplab/iolink/internal/adminapi.(*Server).stats-fm (4 handlers)
[GIN-debug] GET    /admin/v1/products        --> git.hyhy.fun/rsplab/iolink/internal/adminapi.(*Server).listProducts-fm (4 handlers)
[GIN-debug] POST   /admin/v1/products        --> git.hyhy.fun/rsplab/iolink/internal/adminapi.(*Server).createProduct-fm (4 handlers)
[GIN-debug] GET    /admin/v1/products/:product_id/models --> git.hyhy.fun/rsplab/iolink/internal/adminapi.(*Server).listProductModels-fm (4 handlers)
[GIN-debug] POST   /admin/v1/products/:product_id/models --> git.hyhy.fun/rsplab/iolink/internal/adminapi.(*Server).createProductModel-fm (4 handlers)
[GIN-debug] POST   /admin/v1/products/:product_id/models/:version/publish --> git.hyhy.fun/rsplab/iolink/internal/adminapi.(*Server).publishProductModel-fm (4 handlers)
[GIN-debug] GET    /admin/v1/devices/:device_no/product --> git.hyhy.fun/rsplab/iolink/internal/adminapi.(*Server).getDeviceProduct-fm (4 handlers)
[GIN-debug] PUT    /admin/v1/devices/:device_no/product --> git.hyhy.fun/rsplab/iolink/internal/adminapi.(*Server).assignDeviceProduct-fm (4 handlers)
2026/10/04 17:46:12 INFO http request request_id=TNM4VD553ISVC4D7HIUSD7JAIR route=/admin/v1/login method=POST status=200 duration_ms=147 tenant_id=0 actor_id=0
2026/10/04 17:46:12 WARN http request request_id=GI4MUQWLSNTMCBEI4RSGEXLGBF route=/admin/v1/alarms/batch-confirm method=POST status=404 duration_ms=4 tenant_id=9401 actor_id=9402
[GIN-debug] [WARNING] Running in "debug" mode. Switch to "release" mode in production.
 - using env:	export GIN_MODE=release
 - using code:	gin.SetMode(gin.ReleaseMode)

[GIN-debug] POST   /admin/v1/login           --> git.hyhy.fun/rsplab/iolink/internal/adminapi.(*Server).login-fm (2 handlers)
[GIN-debug] GET    /admin/v1/tenants         --> git.hyhy.fun/rsplab/iolink/internal/adminapi.(*Server).listTenants-fm (3 handlers)
[GIN-debug] PUT    /admin/v1/tenants/:id/status --> git.hyhy.fun/rsplab/iolink/internal/adminapi.(*Server).setTenantStatus-fm (3 handlers)
[GIN-debug] GET    /admin/v1/tenants/:id/members --> git.hyhy.fun/rsplab/iolink/internal/adminapi.(*Server).listTenantMembers-fm (3 handlers)
[GIN-debug] PUT    /admin/v1/tenants/:id/members/:user_id --> git.hyhy.fun/rsplab/iolink/internal/adminapi.(*Server).setTenantMember-fm (3 handlers)
[GIN-debug] POST   /admin/v1/password        --> git.hyhy.fun/rsplab/iolink/internal/adminapi.(*Server).changePassword-fm (3 handlers)
[GIN-debug] GET    /admin/v1/farms           --> git.hyhy.fun/rsplab/iolink/internal/adminapi.(*Server).listFarms-fm (4 handlers)
[GIN-debug] POST   /admin/v1/farms           --> git.hyhy.fun/rsplab/iolink/internal/adminapi.(*Server).createFarm-fm (4 handlers)
[GIN-debug] GET    /admin/v1/users           --> git.hyhy.fun/rsplab/iolink/internal/adminapi.(*Server).listUsers-fm (4 handlers)
[GIN-debug] PUT    /admin/v1/farms/:id       --> git.hyhy.fun/rsplab/iolink/internal/adminapi.(*Server).updateFarm-fm (4 handlers)
[GIN-debug] DELETE /admin/v1/farms/:id       --> git.hyhy.fun/rsplab/iolink/internal/adminapi.(*Server).deleteFarm-fm (4 handlers)
[GIN-debug] PUT    /admin/v1/farms/:id/owner --> git.hyhy.fun/rsplab/iolink/internal/adminapi.(*Server).setFarmOwner-fm (4 handlers)
[GIN-debug] GET    /admin/v1/farms/:id/members --> git.hyhy.fun/rsplab/iolink/internal/adminapi.(*Server).listFarmMembers-fm (4 handlers)
[GIN-debug] PUT    /admin/v1/farms/:id/members/:user_id --> git.hyhy.fun/rsplab/iolink/internal/adminapi.(*Server).setFarmMember-fm (4 handlers)
[GIN-debug] GET    /admin/v1/ponds           --> git.hyhy.fun/rsplab/iolink/internal/adminapi.(*Server).listPonds-fm (4 handlers)
[GIN-debug] POST   /admin/v1/ponds           --> git.hyhy.fun/rsplab/iolink/internal/adminapi.(*Server).createPond-fm (4 handlers)
[GIN-debug] PUT    /admin/v1/ponds/:id       --> git.hyhy.fun/rsplab/iolink/internal/adminapi.(*Server).updatePond-fm (4 handlers)
[GIN-debug] DELETE /admin/v1/ponds/:id       --> git.hyhy.fun/rsplab/iolink/internal/adminapi.(*Server).deletePond-fm (4 handlers)
[GIN-debug] GET    /admin/v1/devices         --> git.hyhy.fun/rsplab/iolink/internal/adminapi.(*Server).listDevices-fm (4 handlers)
[GIN-debug] POST   /admin/v1/devices         --> git.hyhy.fun/rsplab/iolink/internal/adminapi.(*Server).registerDevice-fm (4 handlers)
[GIN-debug] GET    /admin/v1/devices/:device_no --> git.hyhy.fun/rsplab/iolink/internal/adminapi.(*Server).getDevice-fm (4 handlers)
[GIN-debug] DELETE /admin/v1/devices/:device_no --> git.hyhy.fun/rsplab/iolink/internal/adminapi.(*Server).deleteDevice-fm (4 handlers)
[GIN-debug] PUT    /admin/v1/devices/:device_no/pond --> git.hyhy.fun/rsplab/iolink/internal/adminapi.(*Server).moveDevice-fm (4 handlers)
[GIN-debug] GET    /admin/v1/alarm-rules     --> git.hyhy.fun/rsplab/iolink/internal/adminapi.(*Server).listRules-fm (4 handlers)
[GIN-debug] POST   /admin/v1/alarm-rules     --> git.hyhy.fun/rsplab/iolink/internal/adminapi.(*Server).createRule-fm (4 handlers)
[GIN-debug] PUT    /admin/v1/alarm-rules/:id --> git.hyhy.fun/rsplab/iolink/internal/adminapi.(*Server).updateRule-fm (4 handlers)
[GIN-debug] DELETE /admin/v1/alarm-rules/:id --> git.hyhy.fun/rsplab/iolink/internal/adminapi.(*Server).deleteRule-fm (4 handlers)
[GIN-debug] GET    /admin/v1/alarms          --> git.hyhy.fun/rsplab/iolink/internal/adminapi.(*Server).listAlarms-fm (4 handlers)
[GIN-debug] POST   /admin/v1/alarms/:id/confirm --> git.hyhy.fun/rsplab/iolink/internal/adminapi.(*Server).confirmAlarm-fm (4 handlers)
[GIN-debug] POST   /admin/v1/alarms/batch-confirm --> git.hyhy.fun/rsplab/iolink/internal/adminapi.(*Server).batchConfirm-fm (4 handlers)
[GIN-debug] GET    /admin/v1/stats           --> git.hyhy.fun/rsplab/iolink/internal/adminapi.(*Server).stats-fm (4 handlers)
[GIN-debug] GET    /admin/v1/products        --> git.hyhy.fun/rsplab/iolink/internal/adminapi.(*Server).listProducts-fm (4 handlers)
[GIN-debug] POST   /admin/v1/products        --> git.hyhy.fun/rsplab/iolink/internal/adminapi.(*Server).createProduct-fm (4 handlers)
[GIN-debug] GET    /admin/v1/products/:product_id/models --> git.hyhy.fun/rsplab/iolink/internal/adminapi.(*Server).listProductModels-fm (4 handlers)
[GIN-debug] POST   /admin/v1/products/:product_id/models --> git.hyhy.fun/rsplab/iolink/internal/adminapi.(*Server).createProductModel-fm (4 handlers)
[GIN-debug] POST   /admin/v1/products/:product_id/models/:version/publish --> git.hyhy.fun/rsplab/iolink/internal/adminapi.(*Server).publishProductModel-fm (4 handlers)
[GIN-debug] GET    /admin/v1/devices/:device_no/product --> git.hyhy.fun/rsplab/iolink/internal/adminapi.(*Server).getDeviceProduct-fm (4 handlers)
[GIN-debug] PUT    /admin/v1/devices/:device_no/product --> git.hyhy.fun/rsplab/iolink/internal/adminapi.(*Server).assignDeviceProduct-fm (4 handlers)
2026/10/04 17:46:13 INFO http request request_id=AQ6DXTPWTRZYOHHGRZW2RKFZPG route=/admin/v1/login method=POST status=200 duration_ms=146 tenant_id=0 actor_id=0
2026/10/04 17:46:13 WARN http request request_id=MUTKATUNLVH7BWCST3QQY2E4WN route=/admin/v1/alarms/:id/confirm method=POST status=404 duration_ms=5 tenant_id=9401 actor_id=9402
[GIN-debug] [WARNING] Running in "debug" mode. Switch to "release" mode in production.
 - using env:	export GIN_MODE=release
 - using code:	gin.SetMode(gin.ReleaseMode)

[GIN-debug] POST   /admin/v1/login           --> git.hyhy.fun/rsplab/iolink/internal/adminapi.(*Server).login-fm (2 handlers)
[GIN-debug] GET    /admin/v1/tenants         --> git.hyhy.fun/rsplab/iolink/internal/adminapi.(*Server).listTenants-fm (3 handlers)
[GIN-debug] PUT    /admin/v1/tenants/:id/status --> git.hyhy.fun/rsplab/iolink/internal/adminapi.(*Server).setTenantStatus-fm (3 handlers)
[GIN-debug] GET    /admin/v1/tenants/:id/members --> git.hyhy.fun/rsplab/iolink/internal/adminapi.(*Server).listTenantMembers-fm (3 handlers)
[GIN-debug] PUT    /admin/v1/tenants/:id/members/:user_id --> git.hyhy.fun/rsplab/iolink/internal/adminapi.(*Server).setTenantMember-fm (3 handlers)
[GIN-debug] POST   /admin/v1/password        --> git.hyhy.fun/rsplab/iolink/internal/adminapi.(*Server).changePassword-fm (3 handlers)
[GIN-debug] GET    /admin/v1/farms           --> git.hyhy.fun/rsplab/iolink/internal/adminapi.(*Server).listFarms-fm (4 handlers)
[GIN-debug] POST   /admin/v1/farms           --> git.hyhy.fun/rsplab/iolink/internal/adminapi.(*Server).createFarm-fm (4 handlers)
[GIN-debug] GET    /admin/v1/users           --> git.hyhy.fun/rsplab/iolink/internal/adminapi.(*Server).listUsers-fm (4 handlers)
[GIN-debug] PUT    /admin/v1/farms/:id       --> git.hyhy.fun/rsplab/iolink/internal/adminapi.(*Server).updateFarm-fm (4 handlers)
[GIN-debug] DELETE /admin/v1/farms/:id       --> git.hyhy.fun/rsplab/iolink/internal/adminapi.(*Server).deleteFarm-fm (4 handlers)
[GIN-debug] PUT    /admin/v1/farms/:id/owner --> git.hyhy.fun/rsplab/iolink/internal/adminapi.(*Server).setFarmOwner-fm (4 handlers)
[GIN-debug] GET    /admin/v1/farms/:id/members --> git.hyhy.fun/rsplab/iolink/internal/adminapi.(*Server).listFarmMembers-fm (4 handlers)
[GIN-debug] PUT    /admin/v1/farms/:id/members/:user_id --> git.hyhy.fun/rsplab/iolink/internal/adminapi.(*Server).setFarmMember-fm (4 handlers)
[GIN-debug] GET    /admin/v1/ponds           --> git.hyhy.fun/rsplab/iolink/internal/adminapi.(*Server).listPonds-fm (4 handlers)
[GIN-debug] POST   /admin/v1/ponds           --> git.hyhy.fun/rsplab/iolink/internal/adminapi.(*Server).createPond-fm (4 handlers)
[GIN-debug] PUT    /admin/v1/ponds/:id       --> git.hyhy.fun/rsplab/iolink/internal/adminapi.(*Server).updatePond-fm (4 handlers)
[GIN-debug] DELETE /admin/v1/ponds/:id       --> git.hyhy.fun/rsplab/iolink/internal/adminapi.(*Server).deletePond-fm (4 handlers)
[GIN-debug] GET    /admin/v1/devices         --> git.hyhy.fun/rsplab/iolink/internal/adminapi.(*Server).listDevices-fm (4 handlers)
[GIN-debug] POST   /admin/v1/devices         --> git.hyhy.fun/rsplab/iolink/internal/adminapi.(*Server).registerDevice-fm (4 handlers)
[GIN-debug] GET    /admin/v1/devices/:device_no --> git.hyhy.fun/rsplab/iolink/internal/adminapi.(*Server).getDevice-fm (4 handlers)
[GIN-debug] DELETE /admin/v1/devices/:device_no --> git.hyhy.fun/rsplab/iolink/internal/adminapi.(*Server).deleteDevice-fm (4 handlers)
[GIN-debug] PUT    /admin/v1/devices/:device_no/pond --> git.hyhy.fun/rsplab/iolink/internal/adminapi.(*Server).moveDevice-fm (4 handlers)
[GIN-debug] GET    /admin/v1/alarm-rules     --> git.hyhy.fun/rsplab/iolink/internal/adminapi.(*Server).listRules-fm (4 handlers)
[GIN-debug] POST   /admin/v1/alarm-rules     --> git.hyhy.fun/rsplab/iolink/internal/adminapi.(*Server).createRule-fm (4 handlers)
[GIN-debug] PUT    /admin/v1/alarm-rules/:id --> git.hyhy.fun/rsplab/iolink/internal/adminapi.(*Server).updateRule-fm (4 handlers)
[GIN-debug] DELETE /admin/v1/alarm-rules/:id --> git.hyhy.fun/rsplab/iolink/internal/adminapi.(*Server).deleteRule-fm (4 handlers)
[GIN-debug] GET    /admin/v1/alarms          --> git.hyhy.fun/rsplab/iolink/internal/adminapi.(*Server).listAlarms-fm (4 handlers)
[GIN-debug] POST   /admin/v1/alarms/:id/confirm --> git.hyhy.fun/rsplab/iolink/internal/adminapi.(*Server).confirmAlarm-fm (4 handlers)
[GIN-debug] POST   /admin/v1/alarms/batch-confirm --> git.hyhy.fun/rsplab/iolink/internal/adminapi.(*Server).batchConfirm-fm (4 handlers)
[GIN-debug] GET    /admin/v1/stats           --> git.hyhy.fun/rsplab/iolink/internal/adminapi.(*Server).stats-fm (4 handlers)
[GIN-debug] GET    /admin/v1/products        --> git.hyhy.fun/rsplab/iolink/internal/adminapi.(*Server).listProducts-fm (4 handlers)
[GIN-debug] POST   /admin/v1/products        --> git.hyhy.fun/rsplab/iolink/internal/adminapi.(*Server).createProduct-fm (4 handlers)
[GIN-debug] GET    /admin/v1/products/:product_id/models --> git.hyhy.fun/rsplab/iolink/internal/adminapi.(*Server).listProductModels-fm (4 handlers)
[GIN-debug] POST   /admin/v1/products/:product_id/models --> git.hyhy.fun/rsplab/iolink/internal/adminapi.(*Server).createProductModel-fm (4 handlers)
[GIN-debug] POST   /admin/v1/products/:product_id/models/:version/publish --> git.hyhy.fun/rsplab/iolink/internal/adminapi.(*Server).publishProductModel-fm (4 handlers)
[GIN-debug] GET    /admin/v1/devices/:device_no/product --> git.hyhy.fun/rsplab/iolink/internal/adminapi.(*Server).getDeviceProduct-fm (4 handlers)
[GIN-debug] PUT    /admin/v1/devices/:device_no/product --> git.hyhy.fun/rsplab/iolink/internal/adminapi.(*Server).assignDeviceProduct-fm (4 handlers)
2026/10/04 17:46:14 INFO http request request_id=RR23PZYE6P4EGQ4JEXEH6LENDV route=/admin/v1/login method=POST status=200 duration_ms=147 tenant_id=0 actor_id=0
2026/10/04 17:46:14 WARN http request request_id=V6JO2AYGKBXLZ4DZIC5SMNXHXB route=/admin/v1/alarms/:id/confirm method=POST status=404 duration_ms=5 tenant_id=9401 actor_id=9402
[GIN-debug] [WARNING] Running in "debug" mode. Switch to "release" mode in production.
 - using env:	export GIN_MODE=release
 - using code:	gin.SetMode(gin.ReleaseMode)

[GIN-debug] POST   /admin/v1/login           --> git.hyhy.fun/rsplab/iolink/internal/adminapi.(*Server).login-fm (2 handlers)
[GIN-debug] GET    /admin/v1/tenants         --> git.hyhy.fun/rsplab/iolink/internal/adminapi.(*Server).listTenants-fm (3 handlers)
[GIN-debug] PUT    /admin/v1/tenants/:id/status --> git.hyhy.fun/rsplab/iolink/internal/adminapi.(*Server).setTenantStatus-fm (3 handlers)
[GIN-debug] GET    /admin/v1/tenants/:id/members --> git.hyhy.fun/rsplab/iolink/internal/adminapi.(*Server).listTenantMembers-fm (3 handlers)
[GIN-debug] PUT    /admin/v1/tenants/:id/members/:user_id --> git.hyhy.fun/rsplab/iolink/internal/adminapi.(*Server).setTenantMember-fm (3 handlers)
[GIN-debug] POST   /admin/v1/password        --> git.hyhy.fun/rsplab/iolink/internal/adminapi.(*Server).changePassword-fm (3 handlers)
[GIN-debug] GET    /admin/v1/farms           --> git.hyhy.fun/rsplab/iolink/internal/adminapi.(*Server).listFarms-fm (4 handlers)
[GIN-debug] POST   /admin/v1/farms           --> git.hyhy.fun/rsplab/iolink/internal/adminapi.(*Server).createFarm-fm (4 handlers)
[GIN-debug] GET    /admin/v1/users           --> git.hyhy.fun/rsplab/iolink/internal/adminapi.(*Server).listUsers-fm (4 handlers)
[GIN-debug] PUT    /admin/v1/farms/:id       --> git.hyhy.fun/rsplab/iolink/internal/adminapi.(*Server).updateFarm-fm (4 handlers)
[GIN-debug] DELETE /admin/v1/farms/:id       --> git.hyhy.fun/rsplab/iolink/internal/adminapi.(*Server).deleteFarm-fm (4 handlers)
[GIN-debug] PUT    /admin/v1/farms/:id/owner --> git.hyhy.fun/rsplab/iolink/internal/adminapi.(*Server).setFarmOwner-fm (4 handlers)
[GIN-debug] GET    /admin/v1/farms/:id/members --> git.hyhy.fun/rsplab/iolink/internal/adminapi.(*Server).listFarmMembers-fm (4 handlers)
[GIN-debug] PUT    /admin/v1/farms/:id/members/:user_id --> git.hyhy.fun/rsplab/iolink/internal/adminapi.(*Server).setFarmMember-fm (4 handlers)
[GIN-debug] GET    /admin/v1/ponds           --> git.hyhy.fun/rsplab/iolink/internal/adminapi.(*Server).listPonds-fm (4 handlers)
[GIN-debug] POST   /admin/v1/ponds           --> git.hyhy.fun/rsplab/iolink/internal/adminapi.(*Server).createPond-fm (4 handlers)
[GIN-debug] PUT    /admin/v1/ponds/:id       --> git.hyhy.fun/rsplab/iolink/internal/adminapi.(*Server).updatePond-fm (4 handlers)
[GIN-debug] DELETE /admin/v1/ponds/:id       --> git.hyhy.fun/rsplab/iolink/internal/adminapi.(*Server).deletePond-fm (4 handlers)
[GIN-debug] GET    /admin/v1/devices         --> git.hyhy.fun/rsplab/iolink/internal/adminapi.(*Server).listDevices-fm (4 handlers)
[GIN-debug] POST   /admin/v1/devices         --> git.hyhy.fun/rsplab/iolink/internal/adminapi.(*Server).registerDevice-fm (4 handlers)
[GIN-debug] GET    /admin/v1/devices/:device_no --> git.hyhy.fun/rsplab/iolink/internal/adminapi.(*Server).getDevice-fm (4 handlers)
[GIN-debug] DELETE /admin/v1/devices/:device_no --> git.hyhy.fun/rsplab/iolink/internal/adminapi.(*Server).deleteDevice-fm (4 handlers)
[GIN-debug] PUT    /admin/v1/devices/:device_no/pond --> git.hyhy.fun/rsplab/iolink/internal/adminapi.(*Server).moveDevice-fm (4 handlers)
[GIN-debug] GET    /admin/v1/alarm-rules     --> git.hyhy.fun/rsplab/iolink/internal/adminapi.(*Server).listRules-fm (4 handlers)
[GIN-debug] POST   /admin/v1/alarm-rules     --> git.hyhy.fun/rsplab/iolink/internal/adminapi.(*Server).createRule-fm (4 handlers)
[GIN-debug] PUT    /admin/v1/alarm-rules/:id --> git.hyhy.fun/rsplab/iolink/internal/adminapi.(*Server).updateRule-fm (4 handlers)
[GIN-debug] DELETE /admin/v1/alarm-rules/:id --> git.hyhy.fun/rsplab/iolink/internal/adminapi.(*Server).deleteRule-fm (4 handlers)
[GIN-debug] GET    /admin/v1/alarms          --> git.hyhy.fun/rsplab/iolink/internal/adminapi.(*Server).listAlarms-fm (4 handlers)
[GIN-debug] POST   /admin/v1/alarms/:id/confirm --> git.hyhy.fun/rsplab/iolink/internal/adminapi.(*Server).confirmAlarm-fm (4 handlers)
[GIN-debug] POST   /admin/v1/alarms/batch-confirm --> git.hyhy.fun/rsplab/iolink/internal/adminapi.(*Server).batchConfirm-fm (4 handlers)
[GIN-debug] GET    /admin/v1/stats           --> git.hyhy.fun/rsplab/iolink/internal/adminapi.(*Server).stats-fm (4 handlers)
[GIN-debug] GET    /admin/v1/products        --> git.hyhy.fun/rsplab/iolink/internal/adminapi.(*Server).listProducts-fm (4 handlers)
[GIN-debug] POST   /admin/v1/products        --> git.hyhy.fun/rsplab/iolink/internal/adminapi.(*Server).createProduct-fm (4 handlers)
[GIN-debug] GET    /admin/v1/products/:product_id/models --> git.hyhy.fun/rsplab/iolink/internal/adminapi.(*Server).listProductModels-fm (4 handlers)
[GIN-debug] POST   /admin/v1/products/:product_id/models --> git.hyhy.fun/rsplab/iolink/internal/adminapi.(*Server).createProductModel-fm (4 handlers)
[GIN-debug] POST   /admin/v1/products/:product_id/models/:version/publish --> git.hyhy.fun/rsplab/iolink/internal/adminapi.(*Server).publishProductModel-fm (4 handlers)
[GIN-debug] GET    /admin/v1/devices/:device_no/product --> git.hyhy.fun/rsplab/iolink/internal/adminapi.(*Server).getDeviceProduct-fm (4 handlers)
[GIN-debug] PUT    /admin/v1/devices/:device_no/product --> git.hyhy.fun/rsplab/iolink/internal/adminapi.(*Server).assignDeviceProduct-fm (4 handlers)
2026/10/04 17:46:14 INFO http request request_id=VC4YMS45Q3RNTVM35DJUADZ7YW route=/admin/v1/login method=POST status=200 duration_ms=149 tenant_id=0 actor_id=0
2026/10/04 17:46:14 WARN http request request_id=SJMY6V6QVCV7PLB42DGRWMPDJL route=/admin/v1/alarms/:id/confirm method=POST status=404 duration_ms=5 tenant_id=9401 actor_id=9402
[GIN-debug] [WARNING] Running in "debug" mode. Switch to "release" mode in production.
 - using env:	export GIN_MODE=release
 - using code:	gin.SetMode(gin.ReleaseMode)

[GIN-debug] POST   /admin/v1/login           --> git.hyhy.fun/rsplab/iolink/internal/adminapi.(*Server).login-fm (2 handlers)
[GIN-debug] GET    /admin/v1/tenants         --> git.hyhy.fun/rsplab/iolink/internal/adminapi.(*Server).listTenants-fm (3 handlers)
[GIN-debug] PUT    /admin/v1/tenants/:id/status --> git.hyhy.fun/rsplab/iolink/internal/adminapi.(*Server).setTenantStatus-fm (3 handlers)
[GIN-debug] GET    /admin/v1/tenants/:id/members --> git.hyhy.fun/rsplab/iolink/internal/adminapi.(*Server).listTenantMembers-fm (3 handlers)
[GIN-debug] PUT    /admin/v1/tenants/:id/members/:user_id --> git.hyhy.fun/rsplab/iolink/internal/adminapi.(*Server).setTenantMember-fm (3 handlers)
[GIN-debug] POST   /admin/v1/password        --> git.hyhy.fun/rsplab/iolink/internal/adminapi.(*Server).changePassword-fm (3 handlers)
[GIN-debug] GET    /admin/v1/farms           --> git.hyhy.fun/rsplab/iolink/internal/adminapi.(*Server).listFarms-fm (4 handlers)
[GIN-debug] POST   /admin/v1/farms           --> git.hyhy.fun/rsplab/iolink/internal/adminapi.(*Server).createFarm-fm (4 handlers)
[GIN-debug] GET    /admin/v1/users           --> git.hyhy.fun/rsplab/iolink/internal/adminapi.(*Server).listUsers-fm (4 handlers)
[GIN-debug] PUT    /admin/v1/farms/:id       --> git.hyhy.fun/rsplab/iolink/internal/adminapi.(*Server).updateFarm-fm (4 handlers)
[GIN-debug] DELETE /admin/v1/farms/:id       --> git.hyhy.fun/rsplab/iolink/internal/adminapi.(*Server).deleteFarm-fm (4 handlers)
[GIN-debug] PUT    /admin/v1/farms/:id/owner --> git.hyhy.fun/rsplab/iolink/internal/adminapi.(*Server).setFarmOwner-fm (4 handlers)
[GIN-debug] GET    /admin/v1/farms/:id/members --> git.hyhy.fun/rsplab/iolink/internal/adminapi.(*Server).listFarmMembers-fm (4 handlers)
[GIN-debug] PUT    /admin/v1/farms/:id/members/:user_id --> git.hyhy.fun/rsplab/iolink/internal/adminapi.(*Server).setFarmMember-fm (4 handlers)
[GIN-debug] GET    /admin/v1/ponds           --> git.hyhy.fun/rsplab/iolink/internal/adminapi.(*Server).listPonds-fm (4 handlers)
[GIN-debug] POST   /admin/v1/ponds           --> git.hyhy.fun/rsplab/iolink/internal/adminapi.(*Server).createPond-fm (4 handlers)
[GIN-debug] PUT    /admin/v1/ponds/:id       --> git.hyhy.fun/rsplab/iolink/internal/adminapi.(*Server).updatePond-fm (4 handlers)
[GIN-debug] DELETE /admin/v1/ponds/:id       --> git.hyhy.fun/rsplab/iolink/internal/adminapi.(*Server).deletePond-fm (4 handlers)
[GIN-debug] GET    /admin/v1/devices         --> git.hyhy.fun/rsplab/iolink/internal/adminapi.(*Server).listDevices-fm (4 handlers)
[GIN-debug] POST   /admin/v1/devices         --> git.hyhy.fun/rsplab/iolink/internal/adminapi.(*Server).registerDevice-fm (4 handlers)
[GIN-debug] GET    /admin/v1/devices/:device_no --> git.hyhy.fun/rsplab/iolink/internal/adminapi.(*Server).getDevice-fm (4 handlers)
[GIN-debug] DELETE /admin/v1/devices/:device_no --> git.hyhy.fun/rsplab/iolink/internal/adminapi.(*Server).deleteDevice-fm (4 handlers)
[GIN-debug] PUT    /admin/v1/devices/:device_no/pond --> git.hyhy.fun/rsplab/iolink/internal/adminapi.(*Server).moveDevice-fm (4 handlers)
[GIN-debug] GET    /admin/v1/alarm-rules     --> git.hyhy.fun/rsplab/iolink/internal/adminapi.(*Server).listRules-fm (4 handlers)
[GIN-debug] POST   /admin/v1/alarm-rules     --> git.hyhy.fun/rsplab/iolink/internal/adminapi.(*Server).createRule-fm (4 handlers)
[GIN-debug] PUT    /admin/v1/alarm-rules/:id --> git.hyhy.fun/rsplab/iolink/internal/adminapi.(*Server).updateRule-fm (4 handlers)
[GIN-debug] DELETE /admin/v1/alarm-rules/:id --> git.hyhy.fun/rsplab/iolink/internal/adminapi.(*Server).deleteRule-fm (4 handlers)
[GIN-debug] GET    /admin/v1/alarms          --> git.hyhy.fun/rsplab/iolink/internal/adminapi.(*Server).listAlarms-fm (4 handlers)
[GIN-debug] POST   /admin/v1/alarms/:id/confirm --> git.hyhy.fun/rsplab/iolink/internal/adminapi.(*Server).confirmAlarm-fm (4 handlers)
[GIN-debug] POST   /admin/v1/alarms/batch-confirm --> git.hyhy.fun/rsplab/iolink/internal/adminapi.(*Server).batchConfirm-fm (4 handlers)
[GIN-debug] GET    /admin/v1/stats           --> git.hyhy.fun/rsplab/iolink/internal/adminapi.(*Server).stats-fm (4 handlers)
[GIN-debug] GET    /admin/v1/products        --> git.hyhy.fun/rsplab/iolink/internal/adminapi.(*Server).listProducts-fm (4 handlers)
[GIN-debug] POST   /admin/v1/products        --> git.hyhy.fun/rsplab/iolink/internal/adminapi.(*Server).createProduct-fm (4 handlers)
[GIN-debug] GET    /admin/v1/products/:product_id/models --> git.hyhy.fun/rsplab/iolink/internal/adminapi.(*Server).listProductModels-fm (4 handlers)
[GIN-debug] POST   /admin/v1/products/:product_id/models --> git.hyhy.fun/rsplab/iolink/internal/adminapi.(*Server).createProductModel-fm (4 handlers)
[GIN-debug] POST   /admin/v1/products/:product_id/models/:version/publish --> git.hyhy.fun/rsplab/iolink/internal/adminapi.(*Server).publishProductModel-fm (4 handlers)
[GIN-debug] GET    /admin/v1/devices/:device_no/product --> git.hyhy.fun/rsplab/iolink/internal/adminapi.(*Server).getDeviceProduct-fm (4 handlers)
[GIN-debug] PUT    /admin/v1/devices/:device_no/product --> git.hyhy.fun/rsplab/iolink/internal/adminapi.(*Server).assignDeviceProduct-fm (4 handlers)
2026/10/04 17:46:15 INFO http request request_id=PADZFUGE4EVMGSYYQUXDY5WLBW route=/admin/v1/login method=POST status=200 duration_ms=144 tenant_id=0 actor_id=0
2026/10/04 17:46:15 WARN http request request_id=N6IVWRXNUQCWGN2YBVAQ4DTH5W route=/admin/v1/alarms/:id/confirm method=POST status=404 duration_ms=5 tenant_id=9401 actor_id=9402
[GIN-debug] [WARNING] Running in "debug" mode. Switch to "release" mode in production.
 - using env:	export GIN_MODE=release
 - using code:	gin.SetMode(gin.ReleaseMode)

[GIN-debug] POST   /admin/v1/login           --> git.hyhy.fun/rsplab/iolink/internal/adminapi.(*Server).login-fm (2 handlers)
[GIN-debug] GET    /admin/v1/tenants         --> git.hyhy.fun/rsplab/iolink/internal/adminapi.(*Server).listTenants-fm (3 handlers)
[GIN-debug] PUT    /admin/v1/tenants/:id/status --> git.hyhy.fun/rsplab/iolink/internal/adminapi.(*Server).setTenantStatus-fm (3 handlers)
[GIN-debug] GET    /admin/v1/tenants/:id/members --> git.hyhy.fun/rsplab/iolink/internal/adminapi.(*Server).listTenantMembers-fm (3 handlers)
[GIN-debug] PUT    /admin/v1/tenants/:id/members/:user_id --> git.hyhy.fun/rsplab/iolink/internal/adminapi.(*Server).setTenantMember-fm (3 handlers)
[GIN-debug] POST   /admin/v1/password        --> git.hyhy.fun/rsplab/iolink/internal/adminapi.(*Server).changePassword-fm (3 handlers)
[GIN-debug] GET    /admin/v1/farms           --> git.hyhy.fun/rsplab/iolink/internal/adminapi.(*Server).listFarms-fm (4 handlers)
[GIN-debug] POST   /admin/v1/farms           --> git.hyhy.fun/rsplab/iolink/internal/adminapi.(*Server).createFarm-fm (4 handlers)
[GIN-debug] GET    /admin/v1/users           --> git.hyhy.fun/rsplab/iolink/internal/adminapi.(*Server).listUsers-fm (4 handlers)
[GIN-debug] PUT    /admin/v1/farms/:id       --> git.hyhy.fun/rsplab/iolink/internal/adminapi.(*Server).updateFarm-fm (4 handlers)
[GIN-debug] DELETE /admin/v1/farms/:id       --> git.hyhy.fun/rsplab/iolink/internal/adminapi.(*Server).deleteFarm-fm (4 handlers)
[GIN-debug] PUT    /admin/v1/farms/:id/owner --> git.hyhy.fun/rsplab/iolink/internal/adminapi.(*Server).setFarmOwner-fm (4 handlers)
[GIN-debug] GET    /admin/v1/farms/:id/members --> git.hyhy.fun/rsplab/iolink/internal/adminapi.(*Server).listFarmMembers-fm (4 handlers)
[GIN-debug] PUT    /admin/v1/farms/:id/members/:user_id --> git.hyhy.fun/rsplab/iolink/internal/adminapi.(*Server).setFarmMember-fm (4 handlers)
[GIN-debug] GET    /admin/v1/ponds           --> git.hyhy.fun/rsplab/iolink/internal/adminapi.(*Server).listPonds-fm (4 handlers)
[GIN-debug] POST   /admin/v1/ponds           --> git.hyhy.fun/rsplab/iolink/internal/adminapi.(*Server).createPond-fm (4 handlers)
[GIN-debug] PUT    /admin/v1/ponds/:id       --> git.hyhy.fun/rsplab/iolink/internal/adminapi.(*Server).updatePond-fm (4 handlers)
[GIN-debug] DELETE /admin/v1/ponds/:id       --> git.hyhy.fun/rsplab/iolink/internal/adminapi.(*Server).deletePond-fm (4 handlers)
[GIN-debug] GET    /admin/v1/devices         --> git.hyhy.fun/rsplab/iolink/internal/adminapi.(*Server).listDevices-fm (4 handlers)
[GIN-debug] POST   /admin/v1/devices         --> git.hyhy.fun/rsplab/iolink/internal/adminapi.(*Server).registerDevice-fm (4 handlers)
[GIN-debug] GET    /admin/v1/devices/:device_no --> git.hyhy.fun/rsplab/iolink/internal/adminapi.(*Server).getDevice-fm (4 handlers)
[GIN-debug] DELETE /admin/v1/devices/:device_no --> git.hyhy.fun/rsplab/iolink/internal/adminapi.(*Server).deleteDevice-fm (4 handlers)
[GIN-debug] PUT    /admin/v1/devices/:device_no/pond --> git.hyhy.fun/rsplab/iolink/internal/adminapi.(*Server).moveDevice-fm (4 handlers)
[GIN-debug] GET    /admin/v1/alarm-rules     --> git.hyhy.fun/rsplab/iolink/internal/adminapi.(*Server).listRules-fm (4 handlers)
[GIN-debug] POST   /admin/v1/alarm-rules     --> git.hyhy.fun/rsplab/iolink/internal/adminapi.(*Server).createRule-fm (4 handlers)
[GIN-debug] PUT    /admin/v1/alarm-rules/:id --> git.hyhy.fun/rsplab/iolink/internal/adminapi.(*Server).updateRule-fm (4 handlers)
[GIN-debug] DELETE /admin/v1/alarm-rules/:id --> git.hyhy.fun/rsplab/iolink/internal/adminapi.(*Server).deleteRule-fm (4 handlers)
[GIN-debug] GET    /admin/v1/alarms          --> git.hyhy.fun/rsplab/iolink/internal/adminapi.(*Server).listAlarms-fm (4 handlers)
[GIN-debug] POST   /admin/v1/alarms/:id/confirm --> git.hyhy.fun/rsplab/iolink/internal/adminapi.(*Server).confirmAlarm-fm (4 handlers)
[GIN-debug] POST   /admin/v1/alarms/batch-confirm --> git.hyhy.fun/rsplab/iolink/internal/adminapi.(*Server).batchConfirm-fm (4 handlers)
[GIN-debug] GET    /admin/v1/stats           --> git.hyhy.fun/rsplab/iolink/internal/adminapi.(*Server).stats-fm (4 handlers)
[GIN-debug] GET    /admin/v1/products        --> git.hyhy.fun/rsplab/iolink/internal/adminapi.(*Server).listProducts-fm (4 handlers)
[GIN-debug] POST   /admin/v1/products        --> git.hyhy.fun/rsplab/iolink/internal/adminapi.(*Server).createProduct-fm (4 handlers)
[GIN-debug] GET    /admin/v1/products/:product_id/models --> git.hyhy.fun/rsplab/iolink/internal/adminapi.(*Server).listProductModels-fm (4 handlers)
[GIN-debug] POST   /admin/v1/products/:product_id/models --> git.hyhy.fun/rsplab/iolink/internal/adminapi.(*Server).createProductModel-fm (4 handlers)
[GIN-debug] POST   /admin/v1/products/:product_id/models/:version/publish --> git.hyhy.fun/rsplab/iolink/internal/adminapi.(*Server).publishProductModel-fm (4 handlers)
[GIN-debug] GET    /admin/v1/devices/:device_no/product --> git.hyhy.fun/rsplab/iolink/internal/adminapi.(*Server).getDeviceProduct-fm (4 handlers)
[GIN-debug] PUT    /admin/v1/devices/:device_no/product --> git.hyhy.fun/rsplab/iolink/internal/adminapi.(*Server).assignDeviceProduct-fm (4 handlers)
2026/10/04 17:46:16 INFO http request request_id=N2OXLYXQA6IBOWV77H6JEYVP57 route=/admin/v1/login method=POST status=200 duration_ms=148 tenant_id=0 actor_id=0
2026/10/04 17:46:16 WARN http request request_id=AKH2NM7BOE3X4Y3PZSTK3PNENN route=/admin/v1/alarms/:id/confirm method=POST status=404 duration_ms=5 tenant_id=9401 actor_id=9402
[GIN-debug] [WARNING] Running in "debug" mode. Switch to "release" mode in production.
 - using env:	export GIN_MODE=release
 - using code:	gin.SetMode(gin.ReleaseMode)

[GIN-debug] POST   /admin/v1/login           --> git.hyhy.fun/rsplab/iolink/internal/adminapi.(*Server).login-fm (2 handlers)
[GIN-debug] GET    /admin/v1/tenants         --> git.hyhy.fun/rsplab/iolink/internal/adminapi.(*Server).listTenants-fm (3 handlers)
[GIN-debug] PUT    /admin/v1/tenants/:id/status --> git.hyhy.fun/rsplab/iolink/internal/adminapi.(*Server).setTenantStatus-fm (3 handlers)
[GIN-debug] GET    /admin/v1/tenants/:id/members --> git.hyhy.fun/rsplab/iolink/internal/adminapi.(*Server).listTenantMembers-fm (3 handlers)
[GIN-debug] PUT    /admin/v1/tenants/:id/members/:user_id --> git.hyhy.fun/rsplab/iolink/internal/adminapi.(*Server).setTenantMember-fm (3 handlers)
[GIN-debug] POST   /admin/v1/password        --> git.hyhy.fun/rsplab/iolink/internal/adminapi.(*Server).changePassword-fm (3 handlers)
[GIN-debug] GET    /admin/v1/farms           --> git.hyhy.fun/rsplab/iolink/internal/adminapi.(*Server).listFarms-fm (4 handlers)
[GIN-debug] POST   /admin/v1/farms           --> git.hyhy.fun/rsplab/iolink/internal/adminapi.(*Server).createFarm-fm (4 handlers)
[GIN-debug] GET    /admin/v1/users           --> git.hyhy.fun/rsplab/iolink/internal/adminapi.(*Server).listUsers-fm (4 handlers)
[GIN-debug] PUT    /admin/v1/farms/:id       --> git.hyhy.fun/rsplab/iolink/internal/adminapi.(*Server).updateFarm-fm (4 handlers)
[GIN-debug] DELETE /admin/v1/farms/:id       --> git.hyhy.fun/rsplab/iolink/internal/adminapi.(*Server).deleteFarm-fm (4 handlers)
[GIN-debug] PUT    /admin/v1/farms/:id/owner --> git.hyhy.fun/rsplab/iolink/internal/adminapi.(*Server).setFarmOwner-fm (4 handlers)
[GIN-debug] GET    /admin/v1/farms/:id/members --> git.hyhy.fun/rsplab/iolink/internal/adminapi.(*Server).listFarmMembers-fm (4 handlers)
[GIN-debug] PUT    /admin/v1/farms/:id/members/:user_id --> git.hyhy.fun/rsplab/iolink/internal/adminapi.(*Server).setFarmMember-fm (4 handlers)
[GIN-debug] GET    /admin/v1/ponds           --> git.hyhy.fun/rsplab/iolink/internal/adminapi.(*Server).listPonds-fm (4 handlers)
[GIN-debug] POST   /admin/v1/ponds           --> git.hyhy.fun/rsplab/iolink/internal/adminapi.(*Server).createPond-fm (4 handlers)
[GIN-debug] PUT    /admin/v1/ponds/:id       --> git.hyhy.fun/rsplab/iolink/internal/adminapi.(*Server).updatePond-fm (4 handlers)
[GIN-debug] DELETE /admin/v1/ponds/:id       --> git.hyhy.fun/rsplab/iolink/internal/adminapi.(*Server).deletePond-fm (4 handlers)
[GIN-debug] GET    /admin/v1/devices         --> git.hyhy.fun/rsplab/iolink/internal/adminapi.(*Server).listDevices-fm (4 handlers)
[GIN-debug] POST   /admin/v1/devices         --> git.hyhy.fun/rsplab/iolink/internal/adminapi.(*Server).registerDevice-fm (4 handlers)
[GIN-debug] GET    /admin/v1/devices/:device_no --> git.hyhy.fun/rsplab/iolink/internal/adminapi.(*Server).getDevice-fm (4 handlers)
[GIN-debug] DELETE /admin/v1/devices/:device_no --> git.hyhy.fun/rsplab/iolink/internal/adminapi.(*Server).deleteDevice-fm (4 handlers)
[GIN-debug] PUT    /admin/v1/devices/:device_no/pond --> git.hyhy.fun/rsplab/iolink/internal/adminapi.(*Server).moveDevice-fm (4 handlers)
[GIN-debug] GET    /admin/v1/alarm-rules     --> git.hyhy.fun/rsplab/iolink/internal/adminapi.(*Server).listRules-fm (4 handlers)
[GIN-debug] POST   /admin/v1/alarm-rules     --> git.hyhy.fun/rsplab/iolink/internal/adminapi.(*Server).createRule-fm (4 handlers)
[GIN-debug] PUT    /admin/v1/alarm-rules/:id --> git.hyhy.fun/rsplab/iolink/internal/adminapi.(*Server).updateRule-fm (4 handlers)
[GIN-debug] DELETE /admin/v1/alarm-rules/:id --> git.hyhy.fun/rsplab/iolink/internal/adminapi.(*Server).deleteRule-fm (4 handlers)
[GIN-debug] GET    /admin/v1/alarms          --> git.hyhy.fun/rsplab/iolink/internal/adminapi.(*Server).listAlarms-fm (4 handlers)
[GIN-debug] POST   /admin/v1/alarms/:id/confirm --> git.hyhy.fun/rsplab/iolink/internal/adminapi.(*Server).confirmAlarm-fm (4 handlers)
[GIN-debug] POST   /admin/v1/alarms/batch-confirm --> git.hyhy.fun/rsplab/iolink/internal/adminapi.(*Server).batchConfirm-fm (4 handlers)
[GIN-debug] GET    /admin/v1/stats           --> git.hyhy.fun/rsplab/iolink/internal/adminapi.(*Server).stats-fm (4 handlers)
[GIN-debug] GET    /admin/v1/products        --> git.hyhy.fun/rsplab/iolink/internal/adminapi.(*Server).listProducts-fm (4 handlers)
[GIN-debug] POST   /admin/v1/products        --> git.hyhy.fun/rsplab/iolink/internal/adminapi.(*Server).createProduct-fm (4 handlers)
[GIN-debug] GET    /admin/v1/products/:product_id/models --> git.hyhy.fun/rsplab/iolink/internal/adminapi.(*Server).listProductModels-fm (4 handlers)
[GIN-debug] POST   /admin/v1/products/:product_id/models --> git.hyhy.fun/rsplab/iolink/internal/adminapi.(*Server).createProductModel-fm (4 handlers)
[GIN-debug] POST   /admin/v1/products/:product_id/models/:version/publish --> git.hyhy.fun/rsplab/iolink/internal/adminapi.(*Server).publishProductModel-fm (4 handlers)
[GIN-debug] GET    /admin/v1/devices/:device_no/product --> git.hyhy.fun/rsplab/iolink/internal/adminapi.(*Server).getDeviceProduct-fm (4 handlers)
[GIN-debug] PUT    /admin/v1/devices/:device_no/product --> git.hyhy.fun/rsplab/iolink/internal/adminapi.(*Server).assignDeviceProduct-fm (4 handlers)
2026/10/04 17:46:17 INFO http request request_id=4KGSPD2B24VWVL75Y6ADSYNT6K route=/admin/v1/login method=POST status=200 duration_ms=148 tenant_id=0 actor_id=0
2026/10/04 17:46:17 WARN http request request_id=LCUD6ENHWZ2NBMATEFGMQV6LEJ route=/admin/v1/products method=POST status=403 duration_ms=3 tenant_id=9401 actor_id=9402
[GIN-debug] [WARNING] Running in "debug" mode. Switch to "release" mode in production.
 - using env:	export GIN_MODE=release
 - using code:	gin.SetMode(gin.ReleaseMode)

[GIN-debug] POST   /admin/v1/login           --> git.hyhy.fun/rsplab/iolink/internal/adminapi.(*Server).login-fm (2 handlers)
[GIN-debug] GET    /admin/v1/tenants         --> git.hyhy.fun/rsplab/iolink/internal/adminapi.(*Server).listTenants-fm (3 handlers)
[GIN-debug] PUT    /admin/v1/tenants/:id/status --> git.hyhy.fun/rsplab/iolink/internal/adminapi.(*Server).setTenantStatus-fm (3 handlers)
[GIN-debug] GET    /admin/v1/tenants/:id/members --> git.hyhy.fun/rsplab/iolink/internal/adminapi.(*Server).listTenantMembers-fm (3 handlers)
[GIN-debug] PUT    /admin/v1/tenants/:id/members/:user_id --> git.hyhy.fun/rsplab/iolink/internal/adminapi.(*Server).setTenantMember-fm (3 handlers)
[GIN-debug] POST   /admin/v1/password        --> git.hyhy.fun/rsplab/iolink/internal/adminapi.(*Server).changePassword-fm (3 handlers)
[GIN-debug] GET    /admin/v1/farms           --> git.hyhy.fun/rsplab/iolink/internal/adminapi.(*Server).listFarms-fm (4 handlers)
[GIN-debug] POST   /admin/v1/farms           --> git.hyhy.fun/rsplab/iolink/internal/adminapi.(*Server).createFarm-fm (4 handlers)
[GIN-debug] GET    /admin/v1/users           --> git.hyhy.fun/rsplab/iolink/internal/adminapi.(*Server).listUsers-fm (4 handlers)
[GIN-debug] PUT    /admin/v1/farms/:id       --> git.hyhy.fun/rsplab/iolink/internal/adminapi.(*Server).updateFarm-fm (4 handlers)
[GIN-debug] DELETE /admin/v1/farms/:id       --> git.hyhy.fun/rsplab/iolink/internal/adminapi.(*Server).deleteFarm-fm (4 handlers)
[GIN-debug] PUT    /admin/v1/farms/:id/owner --> git.hyhy.fun/rsplab/iolink/internal/adminapi.(*Server).setFarmOwner-fm (4 handlers)
[GIN-debug] GET    /admin/v1/farms/:id/members --> git.hyhy.fun/rsplab/iolink/internal/adminapi.(*Server).listFarmMembers-fm (4 handlers)
[GIN-debug] PUT    /admin/v1/farms/:id/members/:user_id --> git.hyhy.fun/rsplab/iolink/internal/adminapi.(*Server).setFarmMember-fm (4 handlers)
[GIN-debug] GET    /admin/v1/ponds           --> git.hyhy.fun/rsplab/iolink/internal/adminapi.(*Server).listPonds-fm (4 handlers)
[GIN-debug] POST   /admin/v1/ponds           --> git.hyhy.fun/rsplab/iolink/internal/adminapi.(*Server).createPond-fm (4 handlers)
[GIN-debug] PUT    /admin/v1/ponds/:id       --> git.hyhy.fun/rsplab/iolink/internal/adminapi.(*Server).updatePond-fm (4 handlers)
[GIN-debug] DELETE /admin/v1/ponds/:id       --> git.hyhy.fun/rsplab/iolink/internal/adminapi.(*Server).deletePond-fm (4 handlers)
[GIN-debug] GET    /admin/v1/devices         --> git.hyhy.fun/rsplab/iolink/internal/adminapi.(*Server).listDevices-fm (4 handlers)
[GIN-debug] POST   /admin/v1/devices         --> git.hyhy.fun/rsplab/iolink/internal/adminapi.(*Server).registerDevice-fm (4 handlers)
[GIN-debug] GET    /admin/v1/devices/:device_no --> git.hyhy.fun/rsplab/iolink/internal/adminapi.(*Server).getDevice-fm (4 handlers)
[GIN-debug] DELETE /admin/v1/devices/:device_no --> git.hyhy.fun/rsplab/iolink/internal/adminapi.(*Server).deleteDevice-fm (4 handlers)
[GIN-debug] PUT    /admin/v1/devices/:device_no/pond --> git.hyhy.fun/rsplab/iolink/internal/adminapi.(*Server).moveDevice-fm (4 handlers)
[GIN-debug] GET    /admin/v1/alarm-rules     --> git.hyhy.fun/rsplab/iolink/internal/adminapi.(*Server).listRules-fm (4 handlers)
[GIN-debug] POST   /admin/v1/alarm-rules     --> git.hyhy.fun/rsplab/iolink/internal/adminapi.(*Server).createRule-fm (4 handlers)
[GIN-debug] PUT    /admin/v1/alarm-rules/:id --> git.hyhy.fun/rsplab/iolink/internal/adminapi.(*Server).updateRule-fm (4 handlers)
[GIN-debug] DELETE /admin/v1/alarm-rules/:id --> git.hyhy.fun/rsplab/iolink/internal/adminapi.(*Server).deleteRule-fm (4 handlers)
[GIN-debug] GET    /admin/v1/alarms          --> git.hyhy.fun/rsplab/iolink/internal/adminapi.(*Server).listAlarms-fm (4 handlers)
[GIN-debug] POST   /admin/v1/alarms/:id/confirm --> git.hyhy.fun/rsplab/iolink/internal/adminapi.(*Server).confirmAlarm-fm (4 handlers)
[GIN-debug] POST   /admin/v1/alarms/batch-confirm --> git.hyhy.fun/rsplab/iolink/internal/adminapi.(*Server).batchConfirm-fm (4 handlers)
[GIN-debug] GET    /admin/v1/stats           --> git.hyhy.fun/rsplab/iolink/internal/adminapi.(*Server).stats-fm (4 handlers)
[GIN-debug] GET    /admin/v1/products        --> git.hyhy.fun/rsplab/iolink/internal/adminapi.(*Server).listProducts-fm (4 handlers)
[GIN-debug] POST   /admin/v1/products        --> git.hyhy.fun/rsplab/iolink/internal/adminapi.(*Server).createProduct-fm (4 handlers)
[GIN-debug] GET    /admin/v1/products/:product_id/models --> git.hyhy.fun/rsplab/iolink/internal/adminapi.(*Server).listProductModels-fm (4 handlers)
[GIN-debug] POST   /admin/v1/products/:product_id/models --> git.hyhy.fun/rsplab/iolink/internal/adminapi.(*Server).createProductModel-fm (4 handlers)
[GIN-debug] POST   /admin/v1/products/:product_id/models/:version/publish --> git.hyhy.fun/rsplab/iolink/internal/adminapi.(*Server).publishProductModel-fm (4 handlers)
[GIN-debug] GET    /admin/v1/devices/:device_no/product --> git.hyhy.fun/rsplab/iolink/internal/adminapi.(*Server).getDeviceProduct-fm (4 handlers)
[GIN-debug] PUT    /admin/v1/devices/:device_no/product --> git.hyhy.fun/rsplab/iolink/internal/adminapi.(*Server).assignDeviceProduct-fm (4 handlers)
2026/10/04 17:46:18 INFO http request request_id=MAOLIKKSAMPFBBY3NQWTMSGKJO route=/admin/v1/login method=POST status=200 duration_ms=152 tenant_id=0 actor_id=0
2026/10/04 17:46:18 WARN http request request_id=WBPZ3Y3HV3KDEBBPVUKFJT554H route=/admin/v1/products method=POST status=403 duration_ms=3 tenant_id=9401 actor_id=9402
[GIN-debug] [WARNING] Running in "debug" mode. Switch to "release" mode in production.
 - using env:	export GIN_MODE=release
 - using code:	gin.SetMode(gin.ReleaseMode)

[GIN-debug] POST   /admin/v1/login           --> git.hyhy.fun/rsplab/iolink/internal/adminapi.(*Server).login-fm (2 handlers)
[GIN-debug] GET    /admin/v1/tenants         --> git.hyhy.fun/rsplab/iolink/internal/adminapi.(*Server).listTenants-fm (3 handlers)
[GIN-debug] PUT    /admin/v1/tenants/:id/status --> git.hyhy.fun/rsplab/iolink/internal/adminapi.(*Server).setTenantStatus-fm (3 handlers)
[GIN-debug] GET    /admin/v1/tenants/:id/members --> git.hyhy.fun/rsplab/iolink/internal/adminapi.(*Server).listTenantMembers-fm (3 handlers)
[GIN-debug] PUT    /admin/v1/tenants/:id/members/:user_id --> git.hyhy.fun/rsplab/iolink/internal/adminapi.(*Server).setTenantMember-fm (3 handlers)
[GIN-debug] POST   /admin/v1/password        --> git.hyhy.fun/rsplab/iolink/internal/adminapi.(*Server).changePassword-fm (3 handlers)
[GIN-debug] GET    /admin/v1/farms           --> git.hyhy.fun/rsplab/iolink/internal/adminapi.(*Server).listFarms-fm (4 handlers)
[GIN-debug] POST   /admin/v1/farms           --> git.hyhy.fun/rsplab/iolink/internal/adminapi.(*Server).createFarm-fm (4 handlers)
[GIN-debug] GET    /admin/v1/users           --> git.hyhy.fun/rsplab/iolink/internal/adminapi.(*Server).listUsers-fm (4 handlers)
[GIN-debug] PUT    /admin/v1/farms/:id       --> git.hyhy.fun/rsplab/iolink/internal/adminapi.(*Server).updateFarm-fm (4 handlers)
[GIN-debug] DELETE /admin/v1/farms/:id       --> git.hyhy.fun/rsplab/iolink/internal/adminapi.(*Server).deleteFarm-fm (4 handlers)
[GIN-debug] PUT    /admin/v1/farms/:id/owner --> git.hyhy.fun/rsplab/iolink/internal/adminapi.(*Server).setFarmOwner-fm (4 handlers)
[GIN-debug] GET    /admin/v1/farms/:id/members --> git.hyhy.fun/rsplab/iolink/internal/adminapi.(*Server).listFarmMembers-fm (4 handlers)
[GIN-debug] PUT    /admin/v1/farms/:id/members/:user_id --> git.hyhy.fun/rsplab/iolink/internal/adminapi.(*Server).setFarmMember-fm (4 handlers)
[GIN-debug] GET    /admin/v1/ponds           --> git.hyhy.fun/rsplab/iolink/internal/adminapi.(*Server).listPonds-fm (4 handlers)
[GIN-debug] POST   /admin/v1/ponds           --> git.hyhy.fun/rsplab/iolink/internal/adminapi.(*Server).createPond-fm (4 handlers)
[GIN-debug] PUT    /admin/v1/ponds/:id       --> git.hyhy.fun/rsplab/iolink/internal/adminapi.(*Server).updatePond-fm (4 handlers)
[GIN-debug] DELETE /admin/v1/ponds/:id       --> git.hyhy.fun/rsplab/iolink/internal/adminapi.(*Server).deletePond-fm (4 handlers)
[GIN-debug] GET    /admin/v1/devices         --> git.hyhy.fun/rsplab/iolink/internal/adminapi.(*Server).listDevices-fm (4 handlers)
[GIN-debug] POST   /admin/v1/devices         --> git.hyhy.fun/rsplab/iolink/internal/adminapi.(*Server).registerDevice-fm (4 handlers)
[GIN-debug] GET    /admin/v1/devices/:device_no --> git.hyhy.fun/rsplab/iolink/internal/adminapi.(*Server).getDevice-fm (4 handlers)
[GIN-debug] DELETE /admin/v1/devices/:device_no --> git.hyhy.fun/rsplab/iolink/internal/adminapi.(*Server).deleteDevice-fm (4 handlers)
[GIN-debug] PUT    /admin/v1/devices/:device_no/pond --> git.hyhy.fun/rsplab/iolink/internal/adminapi.(*Server).moveDevice-fm (4 handlers)
[GIN-debug] GET    /admin/v1/alarm-rules     --> git.hyhy.fun/rsplab/iolink/internal/adminapi.(*Server).listRules-fm (4 handlers)
[GIN-debug] POST   /admin/v1/alarm-rules     --> git.hyhy.fun/rsplab/iolink/internal/adminapi.(*Server).createRule-fm (4 handlers)
[GIN-debug] PUT    /admin/v1/alarm-rules/:id --> git.hyhy.fun/rsplab/iolink/internal/adminapi.(*Server).updateRule-fm (4 handlers)
[GIN-debug] DELETE /admin/v1/alarm-rules/:id --> git.hyhy.fun/rsplab/iolink/internal/adminapi.(*Server).deleteRule-fm (4 handlers)
[GIN-debug] GET    /admin/v1/alarms          --> git.hyhy.fun/rsplab/iolink/internal/adminapi.(*Server).listAlarms-fm (4 handlers)
[GIN-debug] POST   /admin/v1/alarms/:id/confirm --> git.hyhy.fun/rsplab/iolink/internal/adminapi.(*Server).confirmAlarm-fm (4 handlers)
[GIN-debug] POST   /admin/v1/alarms/batch-confirm --> git.hyhy.fun/rsplab/iolink/internal/adminapi.(*Server).batchConfirm-fm (4 handlers)
[GIN-debug] GET    /admin/v1/stats           --> git.hyhy.fun/rsplab/iolink/internal/adminapi.(*Server).stats-fm (4 handlers)
[GIN-debug] GET    /admin/v1/products        --> git.hyhy.fun/rsplab/iolink/internal/adminapi.(*Server).listProducts-fm (4 handlers)
[GIN-debug] POST   /admin/v1/products        --> git.hyhy.fun/rsplab/iolink/internal/adminapi.(*Server).createProduct-fm (4 handlers)
[GIN-debug] GET    /admin/v1/products/:product_id/models --> git.hyhy.fun/rsplab/iolink/internal/adminapi.(*Server).listProductModels-fm (4 handlers)
[GIN-debug] POST   /admin/v1/products/:product_id/models --> git.hyhy.fun/rsplab/iolink/internal/adminapi.(*Server).createProductModel-fm (4 handlers)
[GIN-debug] POST   /admin/v1/products/:product_id/models/:version/publish --> git.hyhy.fun/rsplab/iolink/internal/adminapi.(*Server).publishProductModel-fm (4 handlers)
[GIN-debug] GET    /admin/v1/devices/:device_no/product --> git.hyhy.fun/rsplab/iolink/internal/adminapi.(*Server).getDeviceProduct-fm (4 handlers)
[GIN-debug] PUT    /admin/v1/devices/:device_no/product --> git.hyhy.fun/rsplab/iolink/internal/adminapi.(*Server).assignDeviceProduct-fm (4 handlers)
2026/10/04 17:46:18 INFO http request request_id=WIKVD6EXHJMI3STLYCST7U3HBY route=/admin/v1/login method=POST status=200 duration_ms=140 tenant_id=0 actor_id=0
2026/10/04 17:46:18 WARN http request request_id=3PRBGQCSU5GCTG74GARMDG7EQY route=/admin/v1/products method=POST status=403 duration_ms=2 tenant_id=9401 actor_id=9402
[GIN-debug] [WARNING] Running in "debug" mode. Switch to "release" mode in production.
 - using env:	export GIN_MODE=release
 - using code:	gin.SetMode(gin.ReleaseMode)

[GIN-debug] POST   /admin/v1/login           --> git.hyhy.fun/rsplab/iolink/internal/adminapi.(*Server).login-fm (2 handlers)
[GIN-debug] GET    /admin/v1/tenants         --> git.hyhy.fun/rsplab/iolink/internal/adminapi.(*Server).listTenants-fm (3 handlers)
[GIN-debug] PUT    /admin/v1/tenants/:id/status --> git.hyhy.fun/rsplab/iolink/internal/adminapi.(*Server).setTenantStatus-fm (3 handlers)
[GIN-debug] GET    /admin/v1/tenants/:id/members --> git.hyhy.fun/rsplab/iolink/internal/adminapi.(*Server).listTenantMembers-fm (3 handlers)
[GIN-debug] PUT    /admin/v1/tenants/:id/members/:user_id --> git.hyhy.fun/rsplab/iolink/internal/adminapi.(*Server).setTenantMember-fm (3 handlers)
[GIN-debug] POST   /admin/v1/password        --> git.hyhy.fun/rsplab/iolink/internal/adminapi.(*Server).changePassword-fm (3 handlers)
[GIN-debug] GET    /admin/v1/farms           --> git.hyhy.fun/rsplab/iolink/internal/adminapi.(*Server).listFarms-fm (4 handlers)
[GIN-debug] POST   /admin/v1/farms           --> git.hyhy.fun/rsplab/iolink/internal/adminapi.(*Server).createFarm-fm (4 handlers)
[GIN-debug] GET    /admin/v1/users           --> git.hyhy.fun/rsplab/iolink/internal/adminapi.(*Server).listUsers-fm (4 handlers)
[GIN-debug] PUT    /admin/v1/farms/:id       --> git.hyhy.fun/rsplab/iolink/internal/adminapi.(*Server).updateFarm-fm (4 handlers)
[GIN-debug] DELETE /admin/v1/farms/:id       --> git.hyhy.fun/rsplab/iolink/internal/adminapi.(*Server).deleteFarm-fm (4 handlers)
[GIN-debug] PUT    /admin/v1/farms/:id/owner --> git.hyhy.fun/rsplab/iolink/internal/adminapi.(*Server).setFarmOwner-fm (4 handlers)
[GIN-debug] GET    /admin/v1/farms/:id/members --> git.hyhy.fun/rsplab/iolink/internal/adminapi.(*Server).listFarmMembers-fm (4 handlers)
[GIN-debug] PUT    /admin/v1/farms/:id/members/:user_id --> git.hyhy.fun/rsplab/iolink/internal/adminapi.(*Server).setFarmMember-fm (4 handlers)
[GIN-debug] GET    /admin/v1/ponds           --> git.hyhy.fun/rsplab/iolink/internal/adminapi.(*Server).listPonds-fm (4 handlers)
[GIN-debug] POST   /admin/v1/ponds           --> git.hyhy.fun/rsplab/iolink/internal/adminapi.(*Server).createPond-fm (4 handlers)
[GIN-debug] PUT    /admin/v1/ponds/:id       --> git.hyhy.fun/rsplab/iolink/internal/adminapi.(*Server).updatePond-fm (4 handlers)
[GIN-debug] DELETE /admin/v1/ponds/:id       --> git.hyhy.fun/rsplab/iolink/internal/adminapi.(*Server).deletePond-fm (4 handlers)
[GIN-debug] GET    /admin/v1/devices         --> git.hyhy.fun/rsplab/iolink/internal/adminapi.(*Server).listDevices-fm (4 handlers)
[GIN-debug] POST   /admin/v1/devices         --> git.hyhy.fun/rsplab/iolink/internal/adminapi.(*Server).registerDevice-fm (4 handlers)
[GIN-debug] GET    /admin/v1/devices/:device_no --> git.hyhy.fun/rsplab/iolink/internal/adminapi.(*Server).getDevice-fm (4 handlers)
[GIN-debug] DELETE /admin/v1/devices/:device_no --> git.hyhy.fun/rsplab/iolink/internal/adminapi.(*Server).deleteDevice-fm (4 handlers)
[GIN-debug] PUT    /admin/v1/devices/:device_no/pond --> git.hyhy.fun/rsplab/iolink/internal/adminapi.(*Server).moveDevice-fm (4 handlers)
[GIN-debug] GET    /admin/v1/alarm-rules     --> git.hyhy.fun/rsplab/iolink/internal/adminapi.(*Server).listRules-fm (4 handlers)
[GIN-debug] POST   /admin/v1/alarm-rules     --> git.hyhy.fun/rsplab/iolink/internal/adminapi.(*Server).createRule-fm (4 handlers)
[GIN-debug] PUT    /admin/v1/alarm-rules/:id --> git.hyhy.fun/rsplab/iolink/internal/adminapi.(*Server).updateRule-fm (4 handlers)
[GIN-debug] DELETE /admin/v1/alarm-rules/:id --> git.hyhy.fun/rsplab/iolink/internal/adminapi.(*Server).deleteRule-fm (4 handlers)
[GIN-debug] GET    /admin/v1/alarms          --> git.hyhy.fun/rsplab/iolink/internal/adminapi.(*Server).listAlarms-fm (4 handlers)
[GIN-debug] POST   /admin/v1/alarms/:id/confirm --> git.hyhy.fun/rsplab/iolink/internal/adminapi.(*Server).confirmAlarm-fm (4 handlers)
[GIN-debug] POST   /admin/v1/alarms/batch-confirm --> git.hyhy.fun/rsplab/iolink/internal/adminapi.(*Server).batchConfirm-fm (4 handlers)
[GIN-debug] GET    /admin/v1/stats           --> git.hyhy.fun/rsplab/iolink/internal/adminapi.(*Server).stats-fm (4 handlers)
[GIN-debug] GET    /admin/v1/products        --> git.hyhy.fun/rsplab/iolink/internal/adminapi.(*Server).listProducts-fm (4 handlers)
[GIN-debug] POST   /admin/v1/products        --> git.hyhy.fun/rsplab/iolink/internal/adminapi.(*Server).createProduct-fm (4 handlers)
[GIN-debug] GET    /admin/v1/products/:product_id/models --> git.hyhy.fun/rsplab/iolink/internal/adminapi.(*Server).listProductModels-fm (4 handlers)
[GIN-debug] POST   /admin/v1/products/:product_id/models --> git.hyhy.fun/rsplab/iolink/internal/adminapi.(*Server).createProductModel-fm (4 handlers)
[GIN-debug] POST   /admin/v1/products/:product_id/models/:version/publish --> git.hyhy.fun/rsplab/iolink/internal/adminapi.(*Server).publishProductModel-fm (4 handlers)
[GIN-debug] GET    /admin/v1/devices/:device_no/product --> git.hyhy.fun/rsplab/iolink/internal/adminapi.(*Server).getDeviceProduct-fm (4 handlers)
[GIN-debug] PUT    /admin/v1/devices/:device_no/product --> git.hyhy.fun/rsplab/iolink/internal/adminapi.(*Server).assignDeviceProduct-fm (4 handlers)
2026/10/04 17:46:19 INFO http request request_id=OHPP3SWMDT2U6GO4GWW5C7LFJ4 route=/admin/v1/login method=POST status=200 duration_ms=144 tenant_id=0 actor_id=0
2026/10/04 17:46:19 WARN http request request_id=QCDCHSTG4WQZYJEIUQOT326VJQ route=/admin/v1/products method=POST status=403 duration_ms=3 tenant_id=9401 actor_id=9402
[GIN-debug] [WARNING] Running in "debug" mode. Switch to "release" mode in production.
 - using env:	export GIN_MODE=release
 - using code:	gin.SetMode(gin.ReleaseMode)

[GIN-debug] POST   /admin/v1/login           --> git.hyhy.fun/rsplab/iolink/internal/adminapi.(*Server).login-fm (2 handlers)
[GIN-debug] GET    /admin/v1/tenants         --> git.hyhy.fun/rsplab/iolink/internal/adminapi.(*Server).listTenants-fm (3 handlers)
[GIN-debug] PUT    /admin/v1/tenants/:id/status --> git.hyhy.fun/rsplab/iolink/internal/adminapi.(*Server).setTenantStatus-fm (3 handlers)
[GIN-debug] GET    /admin/v1/tenants/:id/members --> git.hyhy.fun/rsplab/iolink/internal/adminapi.(*Server).listTenantMembers-fm (3 handlers)
[GIN-debug] PUT    /admin/v1/tenants/:id/members/:user_id --> git.hyhy.fun/rsplab/iolink/internal/adminapi.(*Server).setTenantMember-fm (3 handlers)
[GIN-debug] POST   /admin/v1/password        --> git.hyhy.fun/rsplab/iolink/internal/adminapi.(*Server).changePassword-fm (3 handlers)
[GIN-debug] GET    /admin/v1/farms           --> git.hyhy.fun/rsplab/iolink/internal/adminapi.(*Server).listFarms-fm (4 handlers)
[GIN-debug] POST   /admin/v1/farms           --> git.hyhy.fun/rsplab/iolink/internal/adminapi.(*Server).createFarm-fm (4 handlers)
[GIN-debug] GET    /admin/v1/users           --> git.hyhy.fun/rsplab/iolink/internal/adminapi.(*Server).listUsers-fm (4 handlers)
[GIN-debug] PUT    /admin/v1/farms/:id       --> git.hyhy.fun/rsplab/iolink/internal/adminapi.(*Server).updateFarm-fm (4 handlers)
[GIN-debug] DELETE /admin/v1/farms/:id       --> git.hyhy.fun/rsplab/iolink/internal/adminapi.(*Server).deleteFarm-fm (4 handlers)
[GIN-debug] PUT    /admin/v1/farms/:id/owner --> git.hyhy.fun/rsplab/iolink/internal/adminapi.(*Server).setFarmOwner-fm (4 handlers)
[GIN-debug] GET    /admin/v1/farms/:id/members --> git.hyhy.fun/rsplab/iolink/internal/adminapi.(*Server).listFarmMembers-fm (4 handlers)
[GIN-debug] PUT    /admin/v1/farms/:id/members/:user_id --> git.hyhy.fun/rsplab/iolink/internal/adminapi.(*Server).setFarmMember-fm (4 handlers)
[GIN-debug] GET    /admin/v1/ponds           --> git.hyhy.fun/rsplab/iolink/internal/adminapi.(*Server).listPonds-fm (4 handlers)
[GIN-debug] POST   /admin/v1/ponds           --> git.hyhy.fun/rsplab/iolink/internal/adminapi.(*Server).createPond-fm (4 handlers)
[GIN-debug] PUT    /admin/v1/ponds/:id       --> git.hyhy.fun/rsplab/iolink/internal/adminapi.(*Server).updatePond-fm (4 handlers)
[GIN-debug] DELETE /admin/v1/ponds/:id       --> git.hyhy.fun/rsplab/iolink/internal/adminapi.(*Server).deletePond-fm (4 handlers)
[GIN-debug] GET    /admin/v1/devices         --> git.hyhy.fun/rsplab/iolink/internal/adminapi.(*Server).listDevices-fm (4 handlers)
[GIN-debug] POST   /admin/v1/devices         --> git.hyhy.fun/rsplab/iolink/internal/adminapi.(*Server).registerDevice-fm (4 handlers)
[GIN-debug] GET    /admin/v1/devices/:device_no --> git.hyhy.fun/rsplab/iolink/internal/adminapi.(*Server).getDevice-fm (4 handlers)
[GIN-debug] DELETE /admin/v1/devices/:device_no --> git.hyhy.fun/rsplab/iolink/internal/adminapi.(*Server).deleteDevice-fm (4 handlers)
[GIN-debug] PUT    /admin/v1/devices/:device_no/pond --> git.hyhy.fun/rsplab/iolink/internal/adminapi.(*Server).moveDevice-fm (4 handlers)
[GIN-debug] GET    /admin/v1/alarm-rules     --> git.hyhy.fun/rsplab/iolink/internal/adminapi.(*Server).listRules-fm (4 handlers)
[GIN-debug] POST   /admin/v1/alarm-rules     --> git.hyhy.fun/rsplab/iolink/internal/adminapi.(*Server).createRule-fm (4 handlers)
[GIN-debug] PUT    /admin/v1/alarm-rules/:id --> git.hyhy.fun/rsplab/iolink/internal/adminapi.(*Server).updateRule-fm (4 handlers)
[GIN-debug] DELETE /admin/v1/alarm-rules/:id --> git.hyhy.fun/rsplab/iolink/internal/adminapi.(*Server).deleteRule-fm (4 handlers)
[GIN-debug] GET    /admin/v1/alarms          --> git.hyhy.fun/rsplab/iolink/internal/adminapi.(*Server).listAlarms-fm (4 handlers)
[GIN-debug] POST   /admin/v1/alarms/:id/confirm --> git.hyhy.fun/rsplab/iolink/internal/adminapi.(*Server).confirmAlarm-fm (4 handlers)
[GIN-debug] POST   /admin/v1/alarms/batch-confirm --> git.hyhy.fun/rsplab/iolink/internal/adminapi.(*Server).batchConfirm-fm (4 handlers)
[GIN-debug] GET    /admin/v1/stats           --> git.hyhy.fun/rsplab/iolink/internal/adminapi.(*Server).stats-fm (4 handlers)
[GIN-debug] GET    /admin/v1/products        --> git.hyhy.fun/rsplab/iolink/internal/adminapi.(*Server).listProducts-fm (4 handlers)
[GIN-debug] POST   /admin/v1/products        --> git.hyhy.fun/rsplab/iolink/internal/adminapi.(*Server).createProduct-fm (4 handlers)
[GIN-debug] GET    /admin/v1/products/:product_id/models --> git.hyhy.fun/rsplab/iolink/internal/adminapi.(*Server).listProductModels-fm (4 handlers)
[GIN-debug] POST   /admin/v1/products/:product_id/models --> git.hyhy.fun/rsplab/iolink/internal/adminapi.(*Server).createProductModel-fm (4 handlers)
[GIN-debug] POST   /admin/v1/products/:product_id/models/:version/publish --> git.hyhy.fun/rsplab/iolink/internal/adminapi.(*Server).publishProductModel-fm (4 handlers)
[GIN-debug] GET    /admin/v1/devices/:device_no/product --> git.hyhy.fun/rsplab/iolink/internal/adminapi.(*Server).getDeviceProduct-fm (4 handlers)
[GIN-debug] PUT    /admin/v1/devices/:device_no/product --> git.hyhy.fun/rsplab/iolink/internal/adminapi.(*Server).assignDeviceProduct-fm (4 handlers)
2026/10/04 17:46:20 INFO http request request_id=OCEHSNQALNA7QQAZ6U2NCIBLZP route=/admin/v1/login method=POST status=200 duration_ms=149 tenant_id=0 actor_id=0
2026/10/04 17:46:20 WARN http request request_id=PVLJAZMG6BNJ6HEVUVOIJKVEV6 route=/admin/v1/products method=POST status=403 duration_ms=3 tenant_id=9401 actor_id=9402
[GIN-debug] [WARNING] Running in "debug" mode. Switch to "release" mode in production.
 - using env:	export GIN_MODE=release
 - using code:	gin.SetMode(gin.ReleaseMode)

[GIN-debug] POST   /admin/v1/login           --> git.hyhy.fun/rsplab/iolink/internal/adminapi.(*Server).login-fm (2 handlers)
[GIN-debug] GET    /admin/v1/tenants         --> git.hyhy.fun/rsplab/iolink/internal/adminapi.(*Server).listTenants-fm (3 handlers)
[GIN-debug] PUT    /admin/v1/tenants/:id/status --> git.hyhy.fun/rsplab/iolink/internal/adminapi.(*Server).setTenantStatus-fm (3 handlers)
[GIN-debug] GET    /admin/v1/tenants/:id/members --> git.hyhy.fun/rsplab/iolink/internal/adminapi.(*Server).listTenantMembers-fm (3 handlers)
[GIN-debug] PUT    /admin/v1/tenants/:id/members/:user_id --> git.hyhy.fun/rsplab/iolink/internal/adminapi.(*Server).setTenantMember-fm (3 handlers)
[GIN-debug] POST   /admin/v1/password        --> git.hyhy.fun/rsplab/iolink/internal/adminapi.(*Server).changePassword-fm (3 handlers)
[GIN-debug] GET    /admin/v1/farms           --> git.hyhy.fun/rsplab/iolink/internal/adminapi.(*Server).listFarms-fm (4 handlers)
[GIN-debug] POST   /admin/v1/farms           --> git.hyhy.fun/rsplab/iolink/internal/adminapi.(*Server).createFarm-fm (4 handlers)
[GIN-debug] GET    /admin/v1/users           --> git.hyhy.fun/rsplab/iolink/internal/adminapi.(*Server).listUsers-fm (4 handlers)
[GIN-debug] PUT    /admin/v1/farms/:id       --> git.hyhy.fun/rsplab/iolink/internal/adminapi.(*Server).updateFarm-fm (4 handlers)
[GIN-debug] DELETE /admin/v1/farms/:id       --> git.hyhy.fun/rsplab/iolink/internal/adminapi.(*Server).deleteFarm-fm (4 handlers)
[GIN-debug] PUT    /admin/v1/farms/:id/owner --> git.hyhy.fun/rsplab/iolink/internal/adminapi.(*Server).setFarmOwner-fm (4 handlers)
[GIN-debug] GET    /admin/v1/farms/:id/members --> git.hyhy.fun/rsplab/iolink/internal/adminapi.(*Server).listFarmMembers-fm (4 handlers)
[GIN-debug] PUT    /admin/v1/farms/:id/members/:user_id --> git.hyhy.fun/rsplab/iolink/internal/adminapi.(*Server).setFarmMember-fm (4 handlers)
[GIN-debug] GET    /admin/v1/ponds           --> git.hyhy.fun/rsplab/iolink/internal/adminapi.(*Server).listPonds-fm (4 handlers)
[GIN-debug] POST   /admin/v1/ponds           --> git.hyhy.fun/rsplab/iolink/internal/adminapi.(*Server).createPond-fm (4 handlers)
[GIN-debug] PUT    /admin/v1/ponds/:id       --> git.hyhy.fun/rsplab/iolink/internal/adminapi.(*Server).updatePond-fm (4 handlers)
[GIN-debug] DELETE /admin/v1/ponds/:id       --> git.hyhy.fun/rsplab/iolink/internal/adminapi.(*Server).deletePond-fm (4 handlers)
[GIN-debug] GET    /admin/v1/devices         --> git.hyhy.fun/rsplab/iolink/internal/adminapi.(*Server).listDevices-fm (4 handlers)
[GIN-debug] POST   /admin/v1/devices         --> git.hyhy.fun/rsplab/iolink/internal/adminapi.(*Server).registerDevice-fm (4 handlers)
[GIN-debug] GET    /admin/v1/devices/:device_no --> git.hyhy.fun/rsplab/iolink/internal/adminapi.(*Server).getDevice-fm (4 handlers)
[GIN-debug] DELETE /admin/v1/devices/:device_no --> git.hyhy.fun/rsplab/iolink/internal/adminapi.(*Server).deleteDevice-fm (4 handlers)
[GIN-debug] PUT    /admin/v1/devices/:device_no/pond --> git.hyhy.fun/rsplab/iolink/internal/adminapi.(*Server).moveDevice-fm (4 handlers)
[GIN-debug] GET    /admin/v1/alarm-rules     --> git.hyhy.fun/rsplab/iolink/internal/adminapi.(*Server).listRules-fm (4 handlers)
[GIN-debug] POST   /admin/v1/alarm-rules     --> git.hyhy.fun/rsplab/iolink/internal/adminapi.(*Server).createRule-fm (4 handlers)
[GIN-debug] PUT    /admin/v1/alarm-rules/:id --> git.hyhy.fun/rsplab/iolink/internal/adminapi.(*Server).updateRule-fm (4 handlers)
[GIN-debug] DELETE /admin/v1/alarm-rules/:id --> git.hyhy.fun/rsplab/iolink/internal/adminapi.(*Server).deleteRule-fm (4 handlers)
[GIN-debug] GET    /admin/v1/alarms          --> git.hyhy.fun/rsplab/iolink/internal/adminapi.(*Server).listAlarms-fm (4 handlers)
[GIN-debug] POST   /admin/v1/alarms/:id/confirm --> git.hyhy.fun/rsplab/iolink/internal/adminapi.(*Server).confirmAlarm-fm (4 handlers)
[GIN-debug] POST   /admin/v1/alarms/batch-confirm --> git.hyhy.fun/rsplab/iolink/internal/adminapi.(*Server).batchConfirm-fm (4 handlers)
[GIN-debug] GET    /admin/v1/stats           --> git.hyhy.fun/rsplab/iolink/internal/adminapi.(*Server).stats-fm (4 handlers)
[GIN-debug] GET    /admin/v1/products        --> git.hyhy.fun/rsplab/iolink/internal/adminapi.(*Server).listProducts-fm (4 handlers)
[GIN-debug] POST   /admin/v1/products        --> git.hyhy.fun/rsplab/iolink/internal/adminapi.(*Server).createProduct-fm (4 handlers)
[GIN-debug] GET    /admin/v1/products/:product_id/models --> git.hyhy.fun/rsplab/iolink/internal/adminapi.(*Server).listProductModels-fm (4 handlers)
[GIN-debug] POST   /admin/v1/products/:product_id/models --> git.hyhy.fun/rsplab/iolink/internal/adminapi.(*Server).createProductModel-fm (4 handlers)
[GIN-debug] POST   /admin/v1/products/:product_id/models/:version/publish --> git.hyhy.fun/rsplab/iolink/internal/adminapi.(*Server).publishProductModel-fm (4 handlers)
[GIN-debug] GET    /admin/v1/devices/:device_no/product --> git.hyhy.fun/rsplab/iolink/internal/adminapi.(*Server).getDeviceProduct-fm (4 handlers)
[GIN-debug] PUT    /admin/v1/devices/:device_no/product --> git.hyhy.fun/rsplab/iolink/internal/adminapi.(*Server).assignDeviceProduct-fm (4 handlers)
2026/10/04 17:46:20 INFO http request request_id=IIOU75D6HQ5EL4SFKXUHZ6ILEL route=/admin/v1/login method=POST status=200 duration_ms=149 tenant_id=0 actor_id=0
2026/10/04 17:46:20 WARN http request request_id=NUHK6CWO3RULFO3JO6VJ5DVLYV route=/admin/v1/products/:product_id/models method=POST status=403 duration_ms=6 tenant_id=9401 actor_id=9402
[GIN-debug] [WARNING] Running in "debug" mode. Switch to "release" mode in production.
 - using env:	export GIN_MODE=release
 - using code:	gin.SetMode(gin.ReleaseMode)

[GIN-debug] POST   /admin/v1/login           --> git.hyhy.fun/rsplab/iolink/internal/adminapi.(*Server).login-fm (2 handlers)
[GIN-debug] GET    /admin/v1/tenants         --> git.hyhy.fun/rsplab/iolink/internal/adminapi.(*Server).listTenants-fm (3 handlers)
[GIN-debug] PUT    /admin/v1/tenants/:id/status --> git.hyhy.fun/rsplab/iolink/internal/adminapi.(*Server).setTenantStatus-fm (3 handlers)
[GIN-debug] GET    /admin/v1/tenants/:id/members --> git.hyhy.fun/rsplab/iolink/internal/adminapi.(*Server).listTenantMembers-fm (3 handlers)
[GIN-debug] PUT    /admin/v1/tenants/:id/members/:user_id --> git.hyhy.fun/rsplab/iolink/internal/adminapi.(*Server).setTenantMember-fm (3 handlers)
[GIN-debug] POST   /admin/v1/password        --> git.hyhy.fun/rsplab/iolink/internal/adminapi.(*Server).changePassword-fm (3 handlers)
[GIN-debug] GET    /admin/v1/farms           --> git.hyhy.fun/rsplab/iolink/internal/adminapi.(*Server).listFarms-fm (4 handlers)
[GIN-debug] POST   /admin/v1/farms           --> git.hyhy.fun/rsplab/iolink/internal/adminapi.(*Server).createFarm-fm (4 handlers)
[GIN-debug] GET    /admin/v1/users           --> git.hyhy.fun/rsplab/iolink/internal/adminapi.(*Server).listUsers-fm (4 handlers)
[GIN-debug] PUT    /admin/v1/farms/:id       --> git.hyhy.fun/rsplab/iolink/internal/adminapi.(*Server).updateFarm-fm (4 handlers)
[GIN-debug] DELETE /admin/v1/farms/:id       --> git.hyhy.fun/rsplab/iolink/internal/adminapi.(*Server).deleteFarm-fm (4 handlers)
[GIN-debug] PUT    /admin/v1/farms/:id/owner --> git.hyhy.fun/rsplab/iolink/internal/adminapi.(*Server).setFarmOwner-fm (4 handlers)
[GIN-debug] GET    /admin/v1/farms/:id/members --> git.hyhy.fun/rsplab/iolink/internal/adminapi.(*Server).listFarmMembers-fm (4 handlers)
[GIN-debug] PUT    /admin/v1/farms/:id/members/:user_id --> git.hyhy.fun/rsplab/iolink/internal/adminapi.(*Server).setFarmMember-fm (4 handlers)
[GIN-debug] GET    /admin/v1/ponds           --> git.hyhy.fun/rsplab/iolink/internal/adminapi.(*Server).listPonds-fm (4 handlers)
[GIN-debug] POST   /admin/v1/ponds           --> git.hyhy.fun/rsplab/iolink/internal/adminapi.(*Server).createPond-fm (4 handlers)
[GIN-debug] PUT    /admin/v1/ponds/:id       --> git.hyhy.fun/rsplab/iolink/internal/adminapi.(*Server).updatePond-fm (4 handlers)
[GIN-debug] DELETE /admin/v1/ponds/:id       --> git.hyhy.fun/rsplab/iolink/internal/adminapi.(*Server).deletePond-fm (4 handlers)
[GIN-debug] GET    /admin/v1/devices         --> git.hyhy.fun/rsplab/iolink/internal/adminapi.(*Server).listDevices-fm (4 handlers)
[GIN-debug] POST   /admin/v1/devices         --> git.hyhy.fun/rsplab/iolink/internal/adminapi.(*Server).registerDevice-fm (4 handlers)
[GIN-debug] GET    /admin/v1/devices/:device_no --> git.hyhy.fun/rsplab/iolink/internal/adminapi.(*Server).getDevice-fm (4 handlers)
[GIN-debug] DELETE /admin/v1/devices/:device_no --> git.hyhy.fun/rsplab/iolink/internal/adminapi.(*Server).deleteDevice-fm (4 handlers)
[GIN-debug] PUT    /admin/v1/devices/:device_no/pond --> git.hyhy.fun/rsplab/iolink/internal/adminapi.(*Server).moveDevice-fm (4 handlers)
[GIN-debug] GET    /admin/v1/alarm-rules     --> git.hyhy.fun/rsplab/iolink/internal/adminapi.(*Server).listRules-fm (4 handlers)
[GIN-debug] POST   /admin/v1/alarm-rules     --> git.hyhy.fun/rsplab/iolink/internal/adminapi.(*Server).createRule-fm (4 handlers)
[GIN-debug] PUT    /admin/v1/alarm-rules/:id --> git.hyhy.fun/rsplab/iolink/internal/adminapi.(*Server).updateRule-fm (4 handlers)
[GIN-debug] DELETE /admin/v1/alarm-rules/:id --> git.hyhy.fun/rsplab/iolink/internal/adminapi.(*Server).deleteRule-fm (4 handlers)
[GIN-debug] GET    /admin/v1/alarms          --> git.hyhy.fun/rsplab/iolink/internal/adminapi.(*Server).listAlarms-fm (4 handlers)
[GIN-debug] POST   /admin/v1/alarms/:id/confirm --> git.hyhy.fun/rsplab/iolink/internal/adminapi.(*Server).confirmAlarm-fm (4 handlers)
[GIN-debug] POST   /admin/v1/alarms/batch-confirm --> git.hyhy.fun/rsplab/iolink/internal/adminapi.(*Server).batchConfirm-fm (4 handlers)
[GIN-debug] GET    /admin/v1/stats           --> git.hyhy.fun/rsplab/iolink/internal/adminapi.(*Server).stats-fm (4 handlers)
[GIN-debug] GET    /admin/v1/products        --> git.hyhy.fun/rsplab/iolink/internal/adminapi.(*Server).listProducts-fm (4 handlers)
[GIN-debug] POST   /admin/v1/products        --> git.hyhy.fun/rsplab/iolink/internal/adminapi.(*Server).createProduct-fm (4 handlers)
[GIN-debug] GET    /admin/v1/products/:product_id/models --> git.hyhy.fun/rsplab/iolink/internal/adminapi.(*Server).listProductModels-fm (4 handlers)
[GIN-debug] POST   /admin/v1/products/:product_id/models --> git.hyhy.fun/rsplab/iolink/internal/adminapi.(*Server).createProductModel-fm (4 handlers)
[GIN-debug] POST   /admin/v1/products/:product_id/models/:version/publish --> git.hyhy.fun/rsplab/iolink/internal/adminapi.(*Server).publishProductModel-fm (4 handlers)
[GIN-debug] GET    /admin/v1/devices/:device_no/product --> git.hyhy.fun/rsplab/iolink/internal/adminapi.(*Server).getDeviceProduct-fm (4 handlers)
[GIN-debug] PUT    /admin/v1/devices/:device_no/product --> git.hyhy.fun/rsplab/iolink/internal/adminapi.(*Server).assignDeviceProduct-fm (4 handlers)
2026/10/04 17:46:21 INFO http request request_id=WBWPVK5VUKZQND6MTK4FSS3EWL route=/admin/v1/login method=POST status=200 duration_ms=151 tenant_id=0 actor_id=0
2026/10/04 17:46:21 WARN http request request_id=J4EQ5HQOCH3SH5YRV4W545I7RY route=/admin/v1/products/:product_id/models method=POST status=403 duration_ms=5 tenant_id=9401 actor_id=9402
[GIN-debug] [WARNING] Running in "debug" mode. Switch to "release" mode in production.
 - using env:	export GIN_MODE=release
 - using code:	gin.SetMode(gin.ReleaseMode)

[GIN-debug] POST   /admin/v1/login           --> git.hyhy.fun/rsplab/iolink/internal/adminapi.(*Server).login-fm (2 handlers)
[GIN-debug] GET    /admin/v1/tenants         --> git.hyhy.fun/rsplab/iolink/internal/adminapi.(*Server).listTenants-fm (3 handlers)
[GIN-debug] PUT    /admin/v1/tenants/:id/status --> git.hyhy.fun/rsplab/iolink/internal/adminapi.(*Server).setTenantStatus-fm (3 handlers)
[GIN-debug] GET    /admin/v1/tenants/:id/members --> git.hyhy.fun/rsplab/iolink/internal/adminapi.(*Server).listTenantMembers-fm (3 handlers)
[GIN-debug] PUT    /admin/v1/tenants/:id/members/:user_id --> git.hyhy.fun/rsplab/iolink/internal/adminapi.(*Server).setTenantMember-fm (3 handlers)
[GIN-debug] POST   /admin/v1/password        --> git.hyhy.fun/rsplab/iolink/internal/adminapi.(*Server).changePassword-fm (3 handlers)
[GIN-debug] GET    /admin/v1/farms           --> git.hyhy.fun/rsplab/iolink/internal/adminapi.(*Server).listFarms-fm (4 handlers)
[GIN-debug] POST   /admin/v1/farms           --> git.hyhy.fun/rsplab/iolink/internal/adminapi.(*Server).createFarm-fm (4 handlers)
[GIN-debug] GET    /admin/v1/users           --> git.hyhy.fun/rsplab/iolink/internal/adminapi.(*Server).listUsers-fm (4 handlers)
[GIN-debug] PUT    /admin/v1/farms/:id       --> git.hyhy.fun/rsplab/iolink/internal/adminapi.(*Server).updateFarm-fm (4 handlers)
[GIN-debug] DELETE /admin/v1/farms/:id       --> git.hyhy.fun/rsplab/iolink/internal/adminapi.(*Server).deleteFarm-fm (4 handlers)
[GIN-debug] PUT    /admin/v1/farms/:id/owner --> git.hyhy.fun/rsplab/iolink/internal/adminapi.(*Server).setFarmOwner-fm (4 handlers)
[GIN-debug] GET    /admin/v1/farms/:id/members --> git.hyhy.fun/rsplab/iolink/internal/adminapi.(*Server).listFarmMembers-fm (4 handlers)
[GIN-debug] PUT    /admin/v1/farms/:id/members/:user_id --> git.hyhy.fun/rsplab/iolink/internal/adminapi.(*Server).setFarmMember-fm (4 handlers)
[GIN-debug] GET    /admin/v1/ponds           --> git.hyhy.fun/rsplab/iolink/internal/adminapi.(*Server).listPonds-fm (4 handlers)
[GIN-debug] POST   /admin/v1/ponds           --> git.hyhy.fun/rsplab/iolink/internal/adminapi.(*Server).createPond-fm (4 handlers)
[GIN-debug] PUT    /admin/v1/ponds/:id       --> git.hyhy.fun/rsplab/iolink/internal/adminapi.(*Server).updatePond-fm (4 handlers)
[GIN-debug] DELETE /admin/v1/ponds/:id       --> git.hyhy.fun/rsplab/iolink/internal/adminapi.(*Server).deletePond-fm (4 handlers)
[GIN-debug] GET    /admin/v1/devices         --> git.hyhy.fun/rsplab/iolink/internal/adminapi.(*Server).listDevices-fm (4 handlers)
[GIN-debug] POST   /admin/v1/devices         --> git.hyhy.fun/rsplab/iolink/internal/adminapi.(*Server).registerDevice-fm (4 handlers)
[GIN-debug] GET    /admin/v1/devices/:device_no --> git.hyhy.fun/rsplab/iolink/internal/adminapi.(*Server).getDevice-fm (4 handlers)
[GIN-debug] DELETE /admin/v1/devices/:device_no --> git.hyhy.fun/rsplab/iolink/internal/adminapi.(*Server).deleteDevice-fm (4 handlers)
[GIN-debug] PUT    /admin/v1/devices/:device_no/pond --> git.hyhy.fun/rsplab/iolink/internal/adminapi.(*Server).moveDevice-fm (4 handlers)
[GIN-debug] GET    /admin/v1/alarm-rules     --> git.hyhy.fun/rsplab/iolink/internal/adminapi.(*Server).listRules-fm (4 handlers)
[GIN-debug] POST   /admin/v1/alarm-rules     --> git.hyhy.fun/rsplab/iolink/internal/adminapi.(*Server).createRule-fm (4 handlers)
[GIN-debug] PUT    /admin/v1/alarm-rules/:id --> git.hyhy.fun/rsplab/iolink/internal/adminapi.(*Server).updateRule-fm (4 handlers)
[GIN-debug] DELETE /admin/v1/alarm-rules/:id --> git.hyhy.fun/rsplab/iolink/internal/adminapi.(*Server).deleteRule-fm (4 handlers)
[GIN-debug] GET    /admin/v1/alarms          --> git.hyhy.fun/rsplab/iolink/internal/adminapi.(*Server).listAlarms-fm (4 handlers)
[GIN-debug] POST   /admin/v1/alarms/:id/confirm --> git.hyhy.fun/rsplab/iolink/internal/adminapi.(*Server).confirmAlarm-fm (4 handlers)
[GIN-debug] POST   /admin/v1/alarms/batch-confirm --> git.hyhy.fun/rsplab/iolink/internal/adminapi.(*Server).batchConfirm-fm (4 handlers)
[GIN-debug] GET    /admin/v1/stats           --> git.hyhy.fun/rsplab/iolink/internal/adminapi.(*Server).stats-fm (4 handlers)
[GIN-debug] GET    /admin/v1/products        --> git.hyhy.fun/rsplab/iolink/internal/adminapi.(*Server).listProducts-fm (4 handlers)
[GIN-debug] POST   /admin/v1/products        --> git.hyhy.fun/rsplab/iolink/internal/adminapi.(*Server).createProduct-fm (4 handlers)
[GIN-debug] GET    /admin/v1/products/:product_id/models --> git.hyhy.fun/rsplab/iolink/internal/adminapi.(*Server).listProductModels-fm (4 handlers)
[GIN-debug] POST   /admin/v1/products/:product_id/models --> git.hyhy.fun/rsplab/iolink/internal/adminapi.(*Server).createProductModel-fm (4 handlers)
[GIN-debug] POST   /admin/v1/products/:product_id/models/:version/publish --> git.hyhy.fun/rsplab/iolink/internal/adminapi.(*Server).publishProductModel-fm (4 handlers)
[GIN-debug] GET    /admin/v1/devices/:device_no/product --> git.hyhy.fun/rsplab/iolink/internal/adminapi.(*Server).getDeviceProduct-fm (4 handlers)
[GIN-debug] PUT    /admin/v1/devices/:device_no/product --> git.hyhy.fun/rsplab/iolink/internal/adminapi.(*Server).assignDeviceProduct-fm (4 handlers)
2026/10/04 17:46:22 INFO http request request_id=OMQRGXRNVJPCZ2IM4T37VQ4XHD route=/admin/v1/login method=POST status=200 duration_ms=147 tenant_id=0 actor_id=0
2026/10/04 17:46:22 WARN http request request_id=SUB3X4P4PSHTF25FFYBDRMLQUL route=/admin/v1/products/:product_id/models method=POST status=403 duration_ms=3 tenant_id=9401 actor_id=9402
[GIN-debug] [WARNING] Running in "debug" mode. Switch to "release" mode in production.
 - using env:	export GIN_MODE=release
 - using code:	gin.SetMode(gin.ReleaseMode)

[GIN-debug] POST   /admin/v1/login           --> git.hyhy.fun/rsplab/iolink/internal/adminapi.(*Server).login-fm (2 handlers)
[GIN-debug] GET    /admin/v1/tenants         --> git.hyhy.fun/rsplab/iolink/internal/adminapi.(*Server).listTenants-fm (3 handlers)
[GIN-debug] PUT    /admin/v1/tenants/:id/status --> git.hyhy.fun/rsplab/iolink/internal/adminapi.(*Server).setTenantStatus-fm (3 handlers)
[GIN-debug] GET    /admin/v1/tenants/:id/members --> git.hyhy.fun/rsplab/iolink/internal/adminapi.(*Server).listTenantMembers-fm (3 handlers)
[GIN-debug] PUT    /admin/v1/tenants/:id/members/:user_id --> git.hyhy.fun/rsplab/iolink/internal/adminapi.(*Server).setTenantMember-fm (3 handlers)
[GIN-debug] POST   /admin/v1/password        --> git.hyhy.fun/rsplab/iolink/internal/adminapi.(*Server).changePassword-fm (3 handlers)
[GIN-debug] GET    /admin/v1/farms           --> git.hyhy.fun/rsplab/iolink/internal/adminapi.(*Server).listFarms-fm (4 handlers)
[GIN-debug] POST   /admin/v1/farms           --> git.hyhy.fun/rsplab/iolink/internal/adminapi.(*Server).createFarm-fm (4 handlers)
[GIN-debug] GET    /admin/v1/users           --> git.hyhy.fun/rsplab/iolink/internal/adminapi.(*Server).listUsers-fm (4 handlers)
[GIN-debug] PUT    /admin/v1/farms/:id       --> git.hyhy.fun/rsplab/iolink/internal/adminapi.(*Server).updateFarm-fm (4 handlers)
[GIN-debug] DELETE /admin/v1/farms/:id       --> git.hyhy.fun/rsplab/iolink/internal/adminapi.(*Server).deleteFarm-fm (4 handlers)
[GIN-debug] PUT    /admin/v1/farms/:id/owner --> git.hyhy.fun/rsplab/iolink/internal/adminapi.(*Server).setFarmOwner-fm (4 handlers)
[GIN-debug] GET    /admin/v1/farms/:id/members --> git.hyhy.fun/rsplab/iolink/internal/adminapi.(*Server).listFarmMembers-fm (4 handlers)
[GIN-debug] PUT    /admin/v1/farms/:id/members/:user_id --> git.hyhy.fun/rsplab/iolink/internal/adminapi.(*Server).setFarmMember-fm (4 handlers)
[GIN-debug] GET    /admin/v1/ponds           --> git.hyhy.fun/rsplab/iolink/internal/adminapi.(*Server).listPonds-fm (4 handlers)
[GIN-debug] POST   /admin/v1/ponds           --> git.hyhy.fun/rsplab/iolink/internal/adminapi.(*Server).createPond-fm (4 handlers)
[GIN-debug] PUT    /admin/v1/ponds/:id       --> git.hyhy.fun/rsplab/iolink/internal/adminapi.(*Server).updatePond-fm (4 handlers)
[GIN-debug] DELETE /admin/v1/ponds/:id       --> git.hyhy.fun/rsplab/iolink/internal/adminapi.(*Server).deletePond-fm (4 handlers)
[GIN-debug] GET    /admin/v1/devices         --> git.hyhy.fun/rsplab/iolink/internal/adminapi.(*Server).listDevices-fm (4 handlers)
[GIN-debug] POST   /admin/v1/devices         --> git.hyhy.fun/rsplab/iolink/internal/adminapi.(*Server).registerDevice-fm (4 handlers)
[GIN-debug] GET    /admin/v1/devices/:device_no --> git.hyhy.fun/rsplab/iolink/internal/adminapi.(*Server).getDevice-fm (4 handlers)
[GIN-debug] DELETE /admin/v1/devices/:device_no --> git.hyhy.fun/rsplab/iolink/internal/adminapi.(*Server).deleteDevice-fm (4 handlers)
[GIN-debug] PUT    /admin/v1/devices/:device_no/pond --> git.hyhy.fun/rsplab/iolink/internal/adminapi.(*Server).moveDevice-fm (4 handlers)
[GIN-debug] GET    /admin/v1/alarm-rules     --> git.hyhy.fun/rsplab/iolink/internal/adminapi.(*Server).listRules-fm (4 handlers)
[GIN-debug] POST   /admin/v1/alarm-rules     --> git.hyhy.fun/rsplab/iolink/internal/adminapi.(*Server).createRule-fm (4 handlers)
[GIN-debug] PUT    /admin/v1/alarm-rules/:id --> git.hyhy.fun/rsplab/iolink/internal/adminapi.(*Server).updateRule-fm (4 handlers)
[GIN-debug] DELETE /admin/v1/alarm-rules/:id --> git.hyhy.fun/rsplab/iolink/internal/adminapi.(*Server).deleteRule-fm (4 handlers)
[GIN-debug] GET    /admin/v1/alarms          --> git.hyhy.fun/rsplab/iolink/internal/adminapi.(*Server).listAlarms-fm (4 handlers)
[GIN-debug] POST   /admin/v1/alarms/:id/confirm --> git.hyhy.fun/rsplab/iolink/internal/adminapi.(*Server).confirmAlarm-fm (4 handlers)
[GIN-debug] POST   /admin/v1/alarms/batch-confirm --> git.hyhy.fun/rsplab/iolink/internal/adminapi.(*Server).batchConfirm-fm (4 handlers)
[GIN-debug] GET    /admin/v1/stats           --> git.hyhy.fun/rsplab/iolink/internal/adminapi.(*Server).stats-fm (4 handlers)
[GIN-debug] GET    /admin/v1/products        --> git.hyhy.fun/rsplab/iolink/internal/adminapi.(*Server).listProducts-fm (4 handlers)
[GIN-debug] POST   /admin/v1/products        --> git.hyhy.fun/rsplab/iolink/internal/adminapi.(*Server).createProduct-fm (4 handlers)
[GIN-debug] GET    /admin/v1/products/:product_id/models --> git.hyhy.fun/rsplab/iolink/internal/adminapi.(*Server).listProductModels-fm (4 handlers)
[GIN-debug] POST   /admin/v1/products/:product_id/models --> git.hyhy.fun/rsplab/iolink/internal/adminapi.(*Server).createProductModel-fm (4 handlers)
[GIN-debug] POST   /admin/v1/products/:product_id/models/:version/publish --> git.hyhy.fun/rsplab/iolink/internal/adminapi.(*Server).publishProductModel-fm (4 handlers)
[GIN-debug] GET    /admin/v1/devices/:device_no/product --> git.hyhy.fun/rsplab/iolink/internal/adminapi.(*Server).getDeviceProduct-fm (4 handlers)
[GIN-debug] PUT    /admin/v1/devices/:device_no/product --> git.hyhy.fun/rsplab/iolink/internal/adminapi.(*Server).assignDeviceProduct-fm (4 handlers)
2026/10/04 17:46:22 INFO http request request_id=73QVRO4YMOGZT3C5YF6YLSSPV5 route=/admin/v1/login method=POST status=200 duration_ms=138 tenant_id=0 actor_id=0
2026/10/04 17:46:22 WARN http request request_id=2E35WR6VUFBCLWGAA3H3CKL4I6 route=/admin/v1/products/:product_id/models method=POST status=403 duration_ms=5 tenant_id=9401 actor_id=9402
[GIN-debug] [WARNING] Running in "debug" mode. Switch to "release" mode in production.
 - using env:	export GIN_MODE=release
 - using code:	gin.SetMode(gin.ReleaseMode)

[GIN-debug] POST   /admin/v1/login           --> git.hyhy.fun/rsplab/iolink/internal/adminapi.(*Server).login-fm (2 handlers)
[GIN-debug] GET    /admin/v1/tenants         --> git.hyhy.fun/rsplab/iolink/internal/adminapi.(*Server).listTenants-fm (3 handlers)
[GIN-debug] PUT    /admin/v1/tenants/:id/status --> git.hyhy.fun/rsplab/iolink/internal/adminapi.(*Server).setTenantStatus-fm (3 handlers)
[GIN-debug] GET    /admin/v1/tenants/:id/members --> git.hyhy.fun/rsplab/iolink/internal/adminapi.(*Server).listTenantMembers-fm (3 handlers)
[GIN-debug] PUT    /admin/v1/tenants/:id/members/:user_id --> git.hyhy.fun/rsplab/iolink/internal/adminapi.(*Server).setTenantMember-fm (3 handlers)
[GIN-debug] POST   /admin/v1/password        --> git.hyhy.fun/rsplab/iolink/internal/adminapi.(*Server).changePassword-fm (3 handlers)
[GIN-debug] GET    /admin/v1/farms           --> git.hyhy.fun/rsplab/iolink/internal/adminapi.(*Server).listFarms-fm (4 handlers)
[GIN-debug] POST   /admin/v1/farms           --> git.hyhy.fun/rsplab/iolink/internal/adminapi.(*Server).createFarm-fm (4 handlers)
[GIN-debug] GET    /admin/v1/users           --> git.hyhy.fun/rsplab/iolink/internal/adminapi.(*Server).listUsers-fm (4 handlers)
[GIN-debug] PUT    /admin/v1/farms/:id       --> git.hyhy.fun/rsplab/iolink/internal/adminapi.(*Server).updateFarm-fm (4 handlers)
[GIN-debug] DELETE /admin/v1/farms/:id       --> git.hyhy.fun/rsplab/iolink/internal/adminapi.(*Server).deleteFarm-fm (4 handlers)
[GIN-debug] PUT    /admin/v1/farms/:id/owner --> git.hyhy.fun/rsplab/iolink/internal/adminapi.(*Server).setFarmOwner-fm (4 handlers)
[GIN-debug] GET    /admin/v1/farms/:id/members --> git.hyhy.fun/rsplab/iolink/internal/adminapi.(*Server).listFarmMembers-fm (4 handlers)
[GIN-debug] PUT    /admin/v1/farms/:id/members/:user_id --> git.hyhy.fun/rsplab/iolink/internal/adminapi.(*Server).setFarmMember-fm (4 handlers)
[GIN-debug] GET    /admin/v1/ponds           --> git.hyhy.fun/rsplab/iolink/internal/adminapi.(*Server).listPonds-fm (4 handlers)
[GIN-debug] POST   /admin/v1/ponds           --> git.hyhy.fun/rsplab/iolink/internal/adminapi.(*Server).createPond-fm (4 handlers)
[GIN-debug] PUT    /admin/v1/ponds/:id       --> git.hyhy.fun/rsplab/iolink/internal/adminapi.(*Server).updatePond-fm (4 handlers)
[GIN-debug] DELETE /admin/v1/ponds/:id       --> git.hyhy.fun/rsplab/iolink/internal/adminapi.(*Server).deletePond-fm (4 handlers)
[GIN-debug] GET    /admin/v1/devices         --> git.hyhy.fun/rsplab/iolink/internal/adminapi.(*Server).listDevices-fm (4 handlers)
[GIN-debug] POST   /admin/v1/devices         --> git.hyhy.fun/rsplab/iolink/internal/adminapi.(*Server).registerDevice-fm (4 handlers)
[GIN-debug] GET    /admin/v1/devices/:device_no --> git.hyhy.fun/rsplab/iolink/internal/adminapi.(*Server).getDevice-fm (4 handlers)
[GIN-debug] DELETE /admin/v1/devices/:device_no --> git.hyhy.fun/rsplab/iolink/internal/adminapi.(*Server).deleteDevice-fm (4 handlers)
[GIN-debug] PUT    /admin/v1/devices/:device_no/pond --> git.hyhy.fun/rsplab/iolink/internal/adminapi.(*Server).moveDevice-fm (4 handlers)
[GIN-debug] GET    /admin/v1/alarm-rules     --> git.hyhy.fun/rsplab/iolink/internal/adminapi.(*Server).listRules-fm (4 handlers)
[GIN-debug] POST   /admin/v1/alarm-rules     --> git.hyhy.fun/rsplab/iolink/internal/adminapi.(*Server).createRule-fm (4 handlers)
[GIN-debug] PUT    /admin/v1/alarm-rules/:id --> git.hyhy.fun/rsplab/iolink/internal/adminapi.(*Server).updateRule-fm (4 handlers)
[GIN-debug] DELETE /admin/v1/alarm-rules/:id --> git.hyhy.fun/rsplab/iolink/internal/adminapi.(*Server).deleteRule-fm (4 handlers)
[GIN-debug] GET    /admin/v1/alarms          --> git.hyhy.fun/rsplab/iolink/internal/adminapi.(*Server).listAlarms-fm (4 handlers)
[GIN-debug] POST   /admin/v1/alarms/:id/confirm --> git.hyhy.fun/rsplab/iolink/internal/adminapi.(*Server).confirmAlarm-fm (4 handlers)
[GIN-debug] POST   /admin/v1/alarms/batch-confirm --> git.hyhy.fun/rsplab/iolink/internal/adminapi.(*Server).batchConfirm-fm (4 handlers)
[GIN-debug] GET    /admin/v1/stats           --> git.hyhy.fun/rsplab/iolink/internal/adminapi.(*Server).stats-fm (4 handlers)
[GIN-debug] GET    /admin/v1/products        --> git.hyhy.fun/rsplab/iolink/internal/adminapi.(*Server).listProducts-fm (4 handlers)
[GIN-debug] POST   /admin/v1/products        --> git.hyhy.fun/rsplab/iolink/internal/adminapi.(*Server).createProduct-fm (4 handlers)
[GIN-debug] GET    /admin/v1/products/:product_id/models --> git.hyhy.fun/rsplab/iolink/internal/adminapi.(*Server).listProductModels-fm (4 handlers)
[GIN-debug] POST   /admin/v1/products/:product_id/models --> git.hyhy.fun/rsplab/iolink/internal/adminapi.(*Server).createProductModel-fm (4 handlers)
[GIN-debug] POST   /admin/v1/products/:product_id/models/:version/publish --> git.hyhy.fun/rsplab/iolink/internal/adminapi.(*Server).publishProductModel-fm (4 handlers)
[GIN-debug] GET    /admin/v1/devices/:device_no/product --> git.hyhy.fun/rsplab/iolink/internal/adminapi.(*Server).getDeviceProduct-fm (4 handlers)
[GIN-debug] PUT    /admin/v1/devices/:device_no/product --> git.hyhy.fun/rsplab/iolink/internal/adminapi.(*Server).assignDeviceProduct-fm (4 handlers)
2026/10/04 17:46:23 INFO http request request_id=OS2D5KK6QOTGFXUP63UYWCGDKS route=/admin/v1/login method=POST status=200 duration_ms=150 tenant_id=0 actor_id=0
2026/10/04 17:46:23 WARN http request request_id=KXPZMLK7HPUUFTDC75ABB6JQ5R route=/admin/v1/products/:product_id/models method=POST status=403 duration_ms=6 tenant_id=9401 actor_id=9402
[GIN-debug] [WARNING] Running in "debug" mode. Switch to "release" mode in production.
 - using env:	export GIN_MODE=release
 - using code:	gin.SetMode(gin.ReleaseMode)

[GIN-debug] POST   /admin/v1/login           --> git.hyhy.fun/rsplab/iolink/internal/adminapi.(*Server).login-fm (2 handlers)
[GIN-debug] GET    /admin/v1/tenants         --> git.hyhy.fun/rsplab/iolink/internal/adminapi.(*Server).listTenants-fm (3 handlers)
[GIN-debug] PUT    /admin/v1/tenants/:id/status --> git.hyhy.fun/rsplab/iolink/internal/adminapi.(*Server).setTenantStatus-fm (3 handlers)
[GIN-debug] GET    /admin/v1/tenants/:id/members --> git.hyhy.fun/rsplab/iolink/internal/adminapi.(*Server).listTenantMembers-fm (3 handlers)
[GIN-debug] PUT    /admin/v1/tenants/:id/members/:user_id --> git.hyhy.fun/rsplab/iolink/internal/adminapi.(*Server).setTenantMember-fm (3 handlers)
[GIN-debug] POST   /admin/v1/password        --> git.hyhy.fun/rsplab/iolink/internal/adminapi.(*Server).changePassword-fm (3 handlers)
[GIN-debug] GET    /admin/v1/farms           --> git.hyhy.fun/rsplab/iolink/internal/adminapi.(*Server).listFarms-fm (4 handlers)
[GIN-debug] POST   /admin/v1/farms           --> git.hyhy.fun/rsplab/iolink/internal/adminapi.(*Server).createFarm-fm (4 handlers)
[GIN-debug] GET    /admin/v1/users           --> git.hyhy.fun/rsplab/iolink/internal/adminapi.(*Server).listUsers-fm (4 handlers)
[GIN-debug] PUT    /admin/v1/farms/:id       --> git.hyhy.fun/rsplab/iolink/internal/adminapi.(*Server).updateFarm-fm (4 handlers)
[GIN-debug] DELETE /admin/v1/farms/:id       --> git.hyhy.fun/rsplab/iolink/internal/adminapi.(*Server).deleteFarm-fm (4 handlers)
[GIN-debug] PUT    /admin/v1/farms/:id/owner --> git.hyhy.fun/rsplab/iolink/internal/adminapi.(*Server).setFarmOwner-fm (4 handlers)
[GIN-debug] GET    /admin/v1/farms/:id/members --> git.hyhy.fun/rsplab/iolink/internal/adminapi.(*Server).listFarmMembers-fm (4 handlers)
[GIN-debug] PUT    /admin/v1/farms/:id/members/:user_id --> git.hyhy.fun/rsplab/iolink/internal/adminapi.(*Server).setFarmMember-fm (4 handlers)
[GIN-debug] GET    /admin/v1/ponds           --> git.hyhy.fun/rsplab/iolink/internal/adminapi.(*Server).listPonds-fm (4 handlers)
[GIN-debug] POST   /admin/v1/ponds           --> git.hyhy.fun/rsplab/iolink/internal/adminapi.(*Server).createPond-fm (4 handlers)
[GIN-debug] PUT    /admin/v1/ponds/:id       --> git.hyhy.fun/rsplab/iolink/internal/adminapi.(*Server).updatePond-fm (4 handlers)
[GIN-debug] DELETE /admin/v1/ponds/:id       --> git.hyhy.fun/rsplab/iolink/internal/adminapi.(*Server).deletePond-fm (4 handlers)
[GIN-debug] GET    /admin/v1/devices         --> git.hyhy.fun/rsplab/iolink/internal/adminapi.(*Server).listDevices-fm (4 handlers)
[GIN-debug] POST   /admin/v1/devices         --> git.hyhy.fun/rsplab/iolink/internal/adminapi.(*Server).registerDevice-fm (4 handlers)
[GIN-debug] GET    /admin/v1/devices/:device_no --> git.hyhy.fun/rsplab/iolink/internal/adminapi.(*Server).getDevice-fm (4 handlers)
[GIN-debug] DELETE /admin/v1/devices/:device_no --> git.hyhy.fun/rsplab/iolink/internal/adminapi.(*Server).deleteDevice-fm (4 handlers)
[GIN-debug] PUT    /admin/v1/devices/:device_no/pond --> git.hyhy.fun/rsplab/iolink/internal/adminapi.(*Server).moveDevice-fm (4 handlers)
[GIN-debug] GET    /admin/v1/alarm-rules     --> git.hyhy.fun/rsplab/iolink/internal/adminapi.(*Server).listRules-fm (4 handlers)
[GIN-debug] POST   /admin/v1/alarm-rules     --> git.hyhy.fun/rsplab/iolink/internal/adminapi.(*Server).createRule-fm (4 handlers)
[GIN-debug] PUT    /admin/v1/alarm-rules/:id --> git.hyhy.fun/rsplab/iolink/internal/adminapi.(*Server).updateRule-fm (4 handlers)
[GIN-debug] DELETE /admin/v1/alarm-rules/:id --> git.hyhy.fun/rsplab/iolink/internal/adminapi.(*Server).deleteRule-fm (4 handlers)
[GIN-debug] GET    /admin/v1/alarms          --> git.hyhy.fun/rsplab/iolink/internal/adminapi.(*Server).listAlarms-fm (4 handlers)
[GIN-debug] POST   /admin/v1/alarms/:id/confirm --> git.hyhy.fun/rsplab/iolink/internal/adminapi.(*Server).confirmAlarm-fm (4 handlers)
[GIN-debug] POST   /admin/v1/alarms/batch-confirm --> git.hyhy.fun/rsplab/iolink/internal/adminapi.(*Server).batchConfirm-fm (4 handlers)
[GIN-debug] GET    /admin/v1/stats           --> git.hyhy.fun/rsplab/iolink/internal/adminapi.(*Server).stats-fm (4 handlers)
[GIN-debug] GET    /admin/v1/products        --> git.hyhy.fun/rsplab/iolink/internal/adminapi.(*Server).listProducts-fm (4 handlers)
[GIN-debug] POST   /admin/v1/products        --> git.hyhy.fun/rsplab/iolink/internal/adminapi.(*Server).createProduct-fm (4 handlers)
[GIN-debug] GET    /admin/v1/products/:product_id/models --> git.hyhy.fun/rsplab/iolink/internal/adminapi.(*Server).listProductModels-fm (4 handlers)
[GIN-debug] POST   /admin/v1/products/:product_id/models --> git.hyhy.fun/rsplab/iolink/internal/adminapi.(*Server).createProductModel-fm (4 handlers)
[GIN-debug] POST   /admin/v1/products/:product_id/models/:version/publish --> git.hyhy.fun/rsplab/iolink/internal/adminapi.(*Server).publishProductModel-fm (4 handlers)
[GIN-debug] GET    /admin/v1/devices/:device_no/product --> git.hyhy.fun/rsplab/iolink/internal/adminapi.(*Server).getDeviceProduct-fm (4 handlers)
[GIN-debug] PUT    /admin/v1/devices/:device_no/product --> git.hyhy.fun/rsplab/iolink/internal/adminapi.(*Server).assignDeviceProduct-fm (4 handlers)
2026/10/04 17:46:24 INFO http request request_id=YIM3GGSWP56K6S4FZ2RW7TQEPO route=/admin/v1/login method=POST status=200 duration_ms=146 tenant_id=0 actor_id=0
2026/10/04 17:46:24 WARN http request request_id=MZ57NGLWBYFE6PQDVG7GXAKBWA route=/admin/v1/products/:product_id/models/:version/publish method=POST status=403 duration_ms=3 tenant_id=9401 actor_id=9402
[GIN-debug] [WARNING] Running in "debug" mode. Switch to "release" mode in production.
 - using env:	export GIN_MODE=release
 - using code:	gin.SetMode(gin.ReleaseMode)

[GIN-debug] POST   /admin/v1/login           --> git.hyhy.fun/rsplab/iolink/internal/adminapi.(*Server).login-fm (2 handlers)
[GIN-debug] GET    /admin/v1/tenants         --> git.hyhy.fun/rsplab/iolink/internal/adminapi.(*Server).listTenants-fm (3 handlers)
[GIN-debug] PUT    /admin/v1/tenants/:id/status --> git.hyhy.fun/rsplab/iolink/internal/adminapi.(*Server).setTenantStatus-fm (3 handlers)
[GIN-debug] GET    /admin/v1/tenants/:id/members --> git.hyhy.fun/rsplab/iolink/internal/adminapi.(*Server).listTenantMembers-fm (3 handlers)
[GIN-debug] PUT    /admin/v1/tenants/:id/members/:user_id --> git.hyhy.fun/rsplab/iolink/internal/adminapi.(*Server).setTenantMember-fm (3 handlers)
[GIN-debug] POST   /admin/v1/password        --> git.hyhy.fun/rsplab/iolink/internal/adminapi.(*Server).changePassword-fm (3 handlers)
[GIN-debug] GET    /admin/v1/farms           --> git.hyhy.fun/rsplab/iolink/internal/adminapi.(*Server).listFarms-fm (4 handlers)
[GIN-debug] POST   /admin/v1/farms           --> git.hyhy.fun/rsplab/iolink/internal/adminapi.(*Server).createFarm-fm (4 handlers)
[GIN-debug] GET    /admin/v1/users           --> git.hyhy.fun/rsplab/iolink/internal/adminapi.(*Server).listUsers-fm (4 handlers)
[GIN-debug] PUT    /admin/v1/farms/:id       --> git.hyhy.fun/rsplab/iolink/internal/adminapi.(*Server).updateFarm-fm (4 handlers)
[GIN-debug] DELETE /admin/v1/farms/:id       --> git.hyhy.fun/rsplab/iolink/internal/adminapi.(*Server).deleteFarm-fm (4 handlers)
[GIN-debug] PUT    /admin/v1/farms/:id/owner --> git.hyhy.fun/rsplab/iolink/internal/adminapi.(*Server).setFarmOwner-fm (4 handlers)
[GIN-debug] GET    /admin/v1/farms/:id/members --> git.hyhy.fun/rsplab/iolink/internal/adminapi.(*Server).listFarmMembers-fm (4 handlers)
[GIN-debug] PUT    /admin/v1/farms/:id/members/:user_id --> git.hyhy.fun/rsplab/iolink/internal/adminapi.(*Server).setFarmMember-fm (4 handlers)
[GIN-debug] GET    /admin/v1/ponds           --> git.hyhy.fun/rsplab/iolink/internal/adminapi.(*Server).listPonds-fm (4 handlers)
[GIN-debug] POST   /admin/v1/ponds           --> git.hyhy.fun/rsplab/iolink/internal/adminapi.(*Server).createPond-fm (4 handlers)
[GIN-debug] PUT    /admin/v1/ponds/:id       --> git.hyhy.fun/rsplab/iolink/internal/adminapi.(*Server).updatePond-fm (4 handlers)
[GIN-debug] DELETE /admin/v1/ponds/:id       --> git.hyhy.fun/rsplab/iolink/internal/adminapi.(*Server).deletePond-fm (4 handlers)
[GIN-debug] GET    /admin/v1/devices         --> git.hyhy.fun/rsplab/iolink/internal/adminapi.(*Server).listDevices-fm (4 handlers)
[GIN-debug] POST   /admin/v1/devices         --> git.hyhy.fun/rsplab/iolink/internal/adminapi.(*Server).registerDevice-fm (4 handlers)
[GIN-debug] GET    /admin/v1/devices/:device_no --> git.hyhy.fun/rsplab/iolink/internal/adminapi.(*Server).getDevice-fm (4 handlers)
[GIN-debug] DELETE /admin/v1/devices/:device_no --> git.hyhy.fun/rsplab/iolink/internal/adminapi.(*Server).deleteDevice-fm (4 handlers)
[GIN-debug] PUT    /admin/v1/devices/:device_no/pond --> git.hyhy.fun/rsplab/iolink/internal/adminapi.(*Server).moveDevice-fm (4 handlers)
[GIN-debug] GET    /admin/v1/alarm-rules     --> git.hyhy.fun/rsplab/iolink/internal/adminapi.(*Server).listRules-fm (4 handlers)
[GIN-debug] POST   /admin/v1/alarm-rules     --> git.hyhy.fun/rsplab/iolink/internal/adminapi.(*Server).createRule-fm (4 handlers)
[GIN-debug] PUT    /admin/v1/alarm-rules/:id --> git.hyhy.fun/rsplab/iolink/internal/adminapi.(*Server).updateRule-fm (4 handlers)
[GIN-debug] DELETE /admin/v1/alarm-rules/:id --> git.hyhy.fun/rsplab/iolink/internal/adminapi.(*Server).deleteRule-fm (4 handlers)
[GIN-debug] GET    /admin/v1/alarms          --> git.hyhy.fun/rsplab/iolink/internal/adminapi.(*Server).listAlarms-fm (4 handlers)
[GIN-debug] POST   /admin/v1/alarms/:id/confirm --> git.hyhy.fun/rsplab/iolink/internal/adminapi.(*Server).confirmAlarm-fm (4 handlers)
[GIN-debug] POST   /admin/v1/alarms/batch-confirm --> git.hyhy.fun/rsplab/iolink/internal/adminapi.(*Server).batchConfirm-fm (4 handlers)
[GIN-debug] GET    /admin/v1/stats           --> git.hyhy.fun/rsplab/iolink/internal/adminapi.(*Server).stats-fm (4 handlers)
[GIN-debug] GET    /admin/v1/products        --> git.hyhy.fun/rsplab/iolink/internal/adminapi.(*Server).listProducts-fm (4 handlers)
[GIN-debug] POST   /admin/v1/products        --> git.hyhy.fun/rsplab/iolink/internal/adminapi.(*Server).createProduct-fm (4 handlers)
[GIN-debug] GET    /admin/v1/products/:product_id/models --> git.hyhy.fun/rsplab/iolink/internal/adminapi.(*Server).listProductModels-fm (4 handlers)
[GIN-debug] POST   /admin/v1/products/:product_id/models --> git.hyhy.fun/rsplab/iolink/internal/adminapi.(*Server).createProductModel-fm (4 handlers)
[GIN-debug] POST   /admin/v1/products/:product_id/models/:version/publish --> git.hyhy.fun/rsplab/iolink/internal/adminapi.(*Server).publishProductModel-fm (4 handlers)
[GIN-debug] GET    /admin/v1/devices/:device_no/product --> git.hyhy.fun/rsplab/iolink/internal/adminapi.(*Server).getDeviceProduct-fm (4 handlers)
[GIN-debug] PUT    /admin/v1/devices/:device_no/product --> git.hyhy.fun/rsplab/iolink/internal/adminapi.(*Server).assignDeviceProduct-fm (4 handlers)
2026/10/04 17:46:24 INFO http request request_id=K37DBHUS34LTJJAZ6R3KQDCXZP route=/admin/v1/login method=POST status=200 duration_ms=143 tenant_id=0 actor_id=0
2026/10/04 17:46:24 WARN http request request_id=WZ5275QWHJXKJQJOFQC5DIVTCI route=/admin/v1/products/:product_id/models/:version/publish method=POST status=403 duration_ms=3 tenant_id=9401 actor_id=9402
[GIN-debug] [WARNING] Running in "debug" mode. Switch to "release" mode in production.
 - using env:	export GIN_MODE=release
 - using code:	gin.SetMode(gin.ReleaseMode)

[GIN-debug] POST   /admin/v1/login           --> git.hyhy.fun/rsplab/iolink/internal/adminapi.(*Server).login-fm (2 handlers)
[GIN-debug] GET    /admin/v1/tenants         --> git.hyhy.fun/rsplab/iolink/internal/adminapi.(*Server).listTenants-fm (3 handlers)
[GIN-debug] PUT    /admin/v1/tenants/:id/status --> git.hyhy.fun/rsplab/iolink/internal/adminapi.(*Server).setTenantStatus-fm (3 handlers)
[GIN-debug] GET    /admin/v1/tenants/:id/members --> git.hyhy.fun/rsplab/iolink/internal/adminapi.(*Server).listTenantMembers-fm (3 handlers)
[GIN-debug] PUT    /admin/v1/tenants/:id/members/:user_id --> git.hyhy.fun/rsplab/iolink/internal/adminapi.(*Server).setTenantMember-fm (3 handlers)
[GIN-debug] POST   /admin/v1/password        --> git.hyhy.fun/rsplab/iolink/internal/adminapi.(*Server).changePassword-fm (3 handlers)
[GIN-debug] GET    /admin/v1/farms           --> git.hyhy.fun/rsplab/iolink/internal/adminapi.(*Server).listFarms-fm (4 handlers)
[GIN-debug] POST   /admin/v1/farms           --> git.hyhy.fun/rsplab/iolink/internal/adminapi.(*Server).createFarm-fm (4 handlers)
[GIN-debug] GET    /admin/v1/users           --> git.hyhy.fun/rsplab/iolink/internal/adminapi.(*Server).listUsers-fm (4 handlers)
[GIN-debug] PUT    /admin/v1/farms/:id       --> git.hyhy.fun/rsplab/iolink/internal/adminapi.(*Server).updateFarm-fm (4 handlers)
[GIN-debug] DELETE /admin/v1/farms/:id       --> git.hyhy.fun/rsplab/iolink/internal/adminapi.(*Server).deleteFarm-fm (4 handlers)
[GIN-debug] PUT    /admin/v1/farms/:id/owner --> git.hyhy.fun/rsplab/iolink/internal/adminapi.(*Server).setFarmOwner-fm (4 handlers)
[GIN-debug] GET    /admin/v1/farms/:id/members --> git.hyhy.fun/rsplab/iolink/internal/adminapi.(*Server).listFarmMembers-fm (4 handlers)
[GIN-debug] PUT    /admin/v1/farms/:id/members/:user_id --> git.hyhy.fun/rsplab/iolink/internal/adminapi.(*Server).setFarmMember-fm (4 handlers)
[GIN-debug] GET    /admin/v1/ponds           --> git.hyhy.fun/rsplab/iolink/internal/adminapi.(*Server).listPonds-fm (4 handlers)
[GIN-debug] POST   /admin/v1/ponds           --> git.hyhy.fun/rsplab/iolink/internal/adminapi.(*Server).createPond-fm (4 handlers)
[GIN-debug] PUT    /admin/v1/ponds/:id       --> git.hyhy.fun/rsplab/iolink/internal/adminapi.(*Server).updatePond-fm (4 handlers)
[GIN-debug] DELETE /admin/v1/ponds/:id       --> git.hyhy.fun/rsplab/iolink/internal/adminapi.(*Server).deletePond-fm (4 handlers)
[GIN-debug] GET    /admin/v1/devices         --> git.hyhy.fun/rsplab/iolink/internal/adminapi.(*Server).listDevices-fm (4 handlers)
[GIN-debug] POST   /admin/v1/devices         --> git.hyhy.fun/rsplab/iolink/internal/adminapi.(*Server).registerDevice-fm (4 handlers)
[GIN-debug] GET    /admin/v1/devices/:device_no --> git.hyhy.fun/rsplab/iolink/internal/adminapi.(*Server).getDevice-fm (4 handlers)
[GIN-debug] DELETE /admin/v1/devices/:device_no --> git.hyhy.fun/rsplab/iolink/internal/adminapi.(*Server).deleteDevice-fm (4 handlers)
[GIN-debug] PUT    /admin/v1/devices/:device_no/pond --> git.hyhy.fun/rsplab/iolink/internal/adminapi.(*Server).moveDevice-fm (4 handlers)
[GIN-debug] GET    /admin/v1/alarm-rules     --> git.hyhy.fun/rsplab/iolink/internal/adminapi.(*Server).listRules-fm (4 handlers)
[GIN-debug] POST   /admin/v1/alarm-rules     --> git.hyhy.fun/rsplab/iolink/internal/adminapi.(*Server).createRule-fm (4 handlers)
[GIN-debug] PUT    /admin/v1/alarm-rules/:id --> git.hyhy.fun/rsplab/iolink/internal/adminapi.(*Server).updateRule-fm (4 handlers)
[GIN-debug] DELETE /admin/v1/alarm-rules/:id --> git.hyhy.fun/rsplab/iolink/internal/adminapi.(*Server).deleteRule-fm (4 handlers)
[GIN-debug] GET    /admin/v1/alarms          --> git.hyhy.fun/rsplab/iolink/internal/adminapi.(*Server).listAlarms-fm (4 handlers)
[GIN-debug] POST   /admin/v1/alarms/:id/confirm --> git.hyhy.fun/rsplab/iolink/internal/adminapi.(*Server).confirmAlarm-fm (4 handlers)
[GIN-debug] POST   /admin/v1/alarms/batch-confirm --> git.hyhy.fun/rsplab/iolink/internal/adminapi.(*Server).batchConfirm-fm (4 handlers)
[GIN-debug] GET    /admin/v1/stats           --> git.hyhy.fun/rsplab/iolink/internal/adminapi.(*Server).stats-fm (4 handlers)
[GIN-debug] GET    /admin/v1/products        --> git.hyhy.fun/rsplab/iolink/internal/adminapi.(*Server).listProducts-fm (4 handlers)
[GIN-debug] POST   /admin/v1/products        --> git.hyhy.fun/rsplab/iolink/internal/adminapi.(*Server).createProduct-fm (4 handlers)
[GIN-debug] GET    /admin/v1/products/:product_id/models --> git.hyhy.fun/rsplab/iolink/internal/adminapi.(*Server).listProductModels-fm (4 handlers)
[GIN-debug] POST   /admin/v1/products/:product_id/models --> git.hyhy.fun/rsplab/iolink/internal/adminapi.(*Server).createProductModel-fm (4 handlers)
[GIN-debug] POST   /admin/v1/products/:product_id/models/:version/publish --> git.hyhy.fun/rsplab/iolink/internal/adminapi.(*Server).publishProductModel-fm (4 handlers)
[GIN-debug] GET    /admin/v1/devices/:device_no/product --> git.hyhy.fun/rsplab/iolink/internal/adminapi.(*Server).getDeviceProduct-fm (4 handlers)
[GIN-debug] PUT    /admin/v1/devices/:device_no/product --> git.hyhy.fun/rsplab/iolink/internal/adminapi.(*Server).assignDeviceProduct-fm (4 handlers)
2026/10/04 17:46:25 INFO http request request_id=MSSEDGJAZZFZHWBU244VPBS6GX route=/admin/v1/login method=POST status=200 duration_ms=147 tenant_id=0 actor_id=0
2026/10/04 17:46:25 WARN http request request_id=SSMPE52LLWWOZR5TDLMV2C4XI6 route=/admin/v1/products/:product_id/models/:version/publish method=POST status=403 duration_ms=3 tenant_id=9401 actor_id=9402
[GIN-debug] [WARNING] Running in "debug" mode. Switch to "release" mode in production.
 - using env:	export GIN_MODE=release
 - using code:	gin.SetMode(gin.ReleaseMode)

[GIN-debug] POST   /admin/v1/login           --> git.hyhy.fun/rsplab/iolink/internal/adminapi.(*Server).login-fm (2 handlers)
[GIN-debug] GET    /admin/v1/tenants         --> git.hyhy.fun/rsplab/iolink/internal/adminapi.(*Server).listTenants-fm (3 handlers)
[GIN-debug] PUT    /admin/v1/tenants/:id/status --> git.hyhy.fun/rsplab/iolink/internal/adminapi.(*Server).setTenantStatus-fm (3 handlers)
[GIN-debug] GET    /admin/v1/tenants/:id/members --> git.hyhy.fun/rsplab/iolink/internal/adminapi.(*Server).listTenantMembers-fm (3 handlers)
[GIN-debug] PUT    /admin/v1/tenants/:id/members/:user_id --> git.hyhy.fun/rsplab/iolink/internal/adminapi.(*Server).setTenantMember-fm (3 handlers)
[GIN-debug] POST   /admin/v1/password        --> git.hyhy.fun/rsplab/iolink/internal/adminapi.(*Server).changePassword-fm (3 handlers)
[GIN-debug] GET    /admin/v1/farms           --> git.hyhy.fun/rsplab/iolink/internal/adminapi.(*Server).listFarms-fm (4 handlers)
[GIN-debug] POST   /admin/v1/farms           --> git.hyhy.fun/rsplab/iolink/internal/adminapi.(*Server).createFarm-fm (4 handlers)
[GIN-debug] GET    /admin/v1/users           --> git.hyhy.fun/rsplab/iolink/internal/adminapi.(*Server).listUsers-fm (4 handlers)
[GIN-debug] PUT    /admin/v1/farms/:id       --> git.hyhy.fun/rsplab/iolink/internal/adminapi.(*Server).updateFarm-fm (4 handlers)
[GIN-debug] DELETE /admin/v1/farms/:id       --> git.hyhy.fun/rsplab/iolink/internal/adminapi.(*Server).deleteFarm-fm (4 handlers)
[GIN-debug] PUT    /admin/v1/farms/:id/owner --> git.hyhy.fun/rsplab/iolink/internal/adminapi.(*Server).setFarmOwner-fm (4 handlers)
[GIN-debug] GET    /admin/v1/farms/:id/members --> git.hyhy.fun/rsplab/iolink/internal/adminapi.(*Server).listFarmMembers-fm (4 handlers)
[GIN-debug] PUT    /admin/v1/farms/:id/members/:user_id --> git.hyhy.fun/rsplab/iolink/internal/adminapi.(*Server).setFarmMember-fm (4 handlers)
[GIN-debug] GET    /admin/v1/ponds           --> git.hyhy.fun/rsplab/iolink/internal/adminapi.(*Server).listPonds-fm (4 handlers)
[GIN-debug] POST   /admin/v1/ponds           --> git.hyhy.fun/rsplab/iolink/internal/adminapi.(*Server).createPond-fm (4 handlers)
[GIN-debug] PUT    /admin/v1/ponds/:id       --> git.hyhy.fun/rsplab/iolink/internal/adminapi.(*Server).updatePond-fm (4 handlers)
[GIN-debug] DELETE /admin/v1/ponds/:id       --> git.hyhy.fun/rsplab/iolink/internal/adminapi.(*Server).deletePond-fm (4 handlers)
[GIN-debug] GET    /admin/v1/devices         --> git.hyhy.fun/rsplab/iolink/internal/adminapi.(*Server).listDevices-fm (4 handlers)
[GIN-debug] POST   /admin/v1/devices         --> git.hyhy.fun/rsplab/iolink/internal/adminapi.(*Server).registerDevice-fm (4 handlers)
[GIN-debug] GET    /admin/v1/devices/:device_no --> git.hyhy.fun/rsplab/iolink/internal/adminapi.(*Server).getDevice-fm (4 handlers)
[GIN-debug] DELETE /admin/v1/devices/:device_no --> git.hyhy.fun/rsplab/iolink/internal/adminapi.(*Server).deleteDevice-fm (4 handlers)
[GIN-debug] PUT    /admin/v1/devices/:device_no/pond --> git.hyhy.fun/rsplab/iolink/internal/adminapi.(*Server).moveDevice-fm (4 handlers)
[GIN-debug] GET    /admin/v1/alarm-rules     --> git.hyhy.fun/rsplab/iolink/internal/adminapi.(*Server).listRules-fm (4 handlers)
[GIN-debug] POST   /admin/v1/alarm-rules     --> git.hyhy.fun/rsplab/iolink/internal/adminapi.(*Server).createRule-fm (4 handlers)
[GIN-debug] PUT    /admin/v1/alarm-rules/:id --> git.hyhy.fun/rsplab/iolink/internal/adminapi.(*Server).updateRule-fm (4 handlers)
[GIN-debug] DELETE /admin/v1/alarm-rules/:id --> git.hyhy.fun/rsplab/iolink/internal/adminapi.(*Server).deleteRule-fm (4 handlers)
[GIN-debug] GET    /admin/v1/alarms          --> git.hyhy.fun/rsplab/iolink/internal/adminapi.(*Server).listAlarms-fm (4 handlers)
[GIN-debug] POST   /admin/v1/alarms/:id/confirm --> git.hyhy.fun/rsplab/iolink/internal/adminapi.(*Server).confirmAlarm-fm (4 handlers)
[GIN-debug] POST   /admin/v1/alarms/batch-confirm --> git.hyhy.fun/rsplab/iolink/internal/adminapi.(*Server).batchConfirm-fm (4 handlers)
[GIN-debug] GET    /admin/v1/stats           --> git.hyhy.fun/rsplab/iolink/internal/adminapi.(*Server).stats-fm (4 handlers)
[GIN-debug] GET    /admin/v1/products        --> git.hyhy.fun/rsplab/iolink/internal/adminapi.(*Server).listProducts-fm (4 handlers)
[GIN-debug] POST   /admin/v1/products        --> git.hyhy.fun/rsplab/iolink/internal/adminapi.(*Server).createProduct-fm (4 handlers)
[GIN-debug] GET    /admin/v1/products/:product_id/models --> git.hyhy.fun/rsplab/iolink/internal/adminapi.(*Server).listProductModels-fm (4 handlers)
[GIN-debug] POST   /admin/v1/products/:product_id/models --> git.hyhy.fun/rsplab/iolink/internal/adminapi.(*Server).createProductModel-fm (4 handlers)
[GIN-debug] POST   /admin/v1/products/:product_id/models/:version/publish --> git.hyhy.fun/rsplab/iolink/internal/adminapi.(*Server).publishProductModel-fm (4 handlers)
[GIN-debug] GET    /admin/v1/devices/:device_no/product --> git.hyhy.fun/rsplab/iolink/internal/adminapi.(*Server).getDeviceProduct-fm (4 handlers)
[GIN-debug] PUT    /admin/v1/devices/:device_no/product --> git.hyhy.fun/rsplab/iolink/internal/adminapi.(*Server).assignDeviceProduct-fm (4 handlers)
2026/10/04 17:46:26 INFO http request request_id=5GOVKVRDDW6OEK6NHVPEBXSVYB route=/admin/v1/login method=POST status=200 duration_ms=148 tenant_id=0 actor_id=0
2026/10/04 17:46:26 WARN http request request_id=3WXG5223VVM2IGGJPSUDX2WO72 route=/admin/v1/products/:product_id/models/:version/publish method=POST status=403 duration_ms=3 tenant_id=9401 actor_id=9402
[GIN-debug] [WARNING] Running in "debug" mode. Switch to "release" mode in production.
 - using env:	export GIN_MODE=release
 - using code:	gin.SetMode(gin.ReleaseMode)

[GIN-debug] POST   /admin/v1/login           --> git.hyhy.fun/rsplab/iolink/internal/adminapi.(*Server).login-fm (2 handlers)
[GIN-debug] GET    /admin/v1/tenants         --> git.hyhy.fun/rsplab/iolink/internal/adminapi.(*Server).listTenants-fm (3 handlers)
[GIN-debug] PUT    /admin/v1/tenants/:id/status --> git.hyhy.fun/rsplab/iolink/internal/adminapi.(*Server).setTenantStatus-fm (3 handlers)
[GIN-debug] GET    /admin/v1/tenants/:id/members --> git.hyhy.fun/rsplab/iolink/internal/adminapi.(*Server).listTenantMembers-fm (3 handlers)
[GIN-debug] PUT    /admin/v1/tenants/:id/members/:user_id --> git.hyhy.fun/rsplab/iolink/internal/adminapi.(*Server).setTenantMember-fm (3 handlers)
[GIN-debug] POST   /admin/v1/password        --> git.hyhy.fun/rsplab/iolink/internal/adminapi.(*Server).changePassword-fm (3 handlers)
[GIN-debug] GET    /admin/v1/farms           --> git.hyhy.fun/rsplab/iolink/internal/adminapi.(*Server).listFarms-fm (4 handlers)
[GIN-debug] POST   /admin/v1/farms           --> git.hyhy.fun/rsplab/iolink/internal/adminapi.(*Server).createFarm-fm (4 handlers)
[GIN-debug] GET    /admin/v1/users           --> git.hyhy.fun/rsplab/iolink/internal/adminapi.(*Server).listUsers-fm (4 handlers)
[GIN-debug] PUT    /admin/v1/farms/:id       --> git.hyhy.fun/rsplab/iolink/internal/adminapi.(*Server).updateFarm-fm (4 handlers)
[GIN-debug] DELETE /admin/v1/farms/:id       --> git.hyhy.fun/rsplab/iolink/internal/adminapi.(*Server).deleteFarm-fm (4 handlers)
[GIN-debug] PUT    /admin/v1/farms/:id/owner --> git.hyhy.fun/rsplab/iolink/internal/adminapi.(*Server).setFarmOwner-fm (4 handlers)
[GIN-debug] GET    /admin/v1/farms/:id/members --> git.hyhy.fun/rsplab/iolink/internal/adminapi.(*Server).listFarmMembers-fm (4 handlers)
[GIN-debug] PUT    /admin/v1/farms/:id/members/:user_id --> git.hyhy.fun/rsplab/iolink/internal/adminapi.(*Server).setFarmMember-fm (4 handlers)
[GIN-debug] GET    /admin/v1/ponds           --> git.hyhy.fun/rsplab/iolink/internal/adminapi.(*Server).listPonds-fm (4 handlers)
[GIN-debug] POST   /admin/v1/ponds           --> git.hyhy.fun/rsplab/iolink/internal/adminapi.(*Server).createPond-fm (4 handlers)
[GIN-debug] PUT    /admin/v1/ponds/:id       --> git.hyhy.fun/rsplab/iolink/internal/adminapi.(*Server).updatePond-fm (4 handlers)
[GIN-debug] DELETE /admin/v1/ponds/:id       --> git.hyhy.fun/rsplab/iolink/internal/adminapi.(*Server).deletePond-fm (4 handlers)
[GIN-debug] GET    /admin/v1/devices         --> git.hyhy.fun/rsplab/iolink/internal/adminapi.(*Server).listDevices-fm (4 handlers)
[GIN-debug] POST   /admin/v1/devices         --> git.hyhy.fun/rsplab/iolink/internal/adminapi.(*Server).registerDevice-fm (4 handlers)
[GIN-debug] GET    /admin/v1/devices/:device_no --> git.hyhy.fun/rsplab/iolink/internal/adminapi.(*Server).getDevice-fm (4 handlers)
[GIN-debug] DELETE /admin/v1/devices/:device_no --> git.hyhy.fun/rsplab/iolink/internal/adminapi.(*Server).deleteDevice-fm (4 handlers)
[GIN-debug] PUT    /admin/v1/devices/:device_no/pond --> git.hyhy.fun/rsplab/iolink/internal/adminapi.(*Server).moveDevice-fm (4 handlers)
[GIN-debug] GET    /admin/v1/alarm-rules     --> git.hyhy.fun/rsplab/iolink/internal/adminapi.(*Server).listRules-fm (4 handlers)
[GIN-debug] POST   /admin/v1/alarm-rules     --> git.hyhy.fun/rsplab/iolink/internal/adminapi.(*Server).createRule-fm (4 handlers)
[GIN-debug] PUT    /admin/v1/alarm-rules/:id --> git.hyhy.fun/rsplab/iolink/internal/adminapi.(*Server).updateRule-fm (4 handlers)
[GIN-debug] DELETE /admin/v1/alarm-rules/:id --> git.hyhy.fun/rsplab/iolink/internal/adminapi.(*Server).deleteRule-fm (4 handlers)
[GIN-debug] GET    /admin/v1/alarms          --> git.hyhy.fun/rsplab/iolink/internal/adminapi.(*Server).listAlarms-fm (4 handlers)
[GIN-debug] POST   /admin/v1/alarms/:id/confirm --> git.hyhy.fun/rsplab/iolink/internal/adminapi.(*Server).confirmAlarm-fm (4 handlers)
[GIN-debug] POST   /admin/v1/alarms/batch-confirm --> git.hyhy.fun/rsplab/iolink/internal/adminapi.(*Server).batchConfirm-fm (4 handlers)
[GIN-debug] GET    /admin/v1/stats           --> git.hyhy.fun/rsplab/iolink/internal/adminapi.(*Server).stats-fm (4 handlers)
[GIN-debug] GET    /admin/v1/products        --> git.hyhy.fun/rsplab/iolink/internal/adminapi.(*Server).listProducts-fm (4 handlers)
[GIN-debug] POST   /admin/v1/products        --> git.hyhy.fun/rsplab/iolink/internal/adminapi.(*Server).createProduct-fm (4 handlers)
[GIN-debug] GET    /admin/v1/products/:product_id/models --> git.hyhy.fun/rsplab/iolink/internal/adminapi.(*Server).listProductModels-fm (4 handlers)
[GIN-debug] POST   /admin/v1/products/:product_id/models --> git.hyhy.fun/rsplab/iolink/internal/adminapi.(*Server).createProductModel-fm (4 handlers)
[GIN-debug] POST   /admin/v1/products/:product_id/models/:version/publish --> git.hyhy.fun/rsplab/iolink/internal/adminapi.(*Server).publishProductModel-fm (4 handlers)
[GIN-debug] GET    /admin/v1/devices/:device_no/product --> git.hyhy.fun/rsplab/iolink/internal/adminapi.(*Server).getDeviceProduct-fm (4 handlers)
[GIN-debug] PUT    /admin/v1/devices/:device_no/product --> git.hyhy.fun/rsplab/iolink/internal/adminapi.(*Server).assignDeviceProduct-fm (4 handlers)
2026/10/04 17:46:26 INFO http request request_id=JZ6VFQDQDOQE25HWTA6TLEX3WS route=/admin/v1/login method=POST status=200 duration_ms=144 tenant_id=0 actor_id=0
2026/10/04 17:46:26 WARN http request request_id=G4NCLGHAJOYFKTRINH7BHOILC7 route=/admin/v1/products/:product_id/models/:version/publish method=POST status=403 duration_ms=3 tenant_id=9401 actor_id=9402
[GIN-debug] [WARNING] Running in "debug" mode. Switch to "release" mode in production.
 - using env:	export GIN_MODE=release
 - using code:	gin.SetMode(gin.ReleaseMode)

[GIN-debug] POST   /admin/v1/login           --> git.hyhy.fun/rsplab/iolink/internal/adminapi.(*Server).login-fm (2 handlers)
[GIN-debug] GET    /admin/v1/tenants         --> git.hyhy.fun/rsplab/iolink/internal/adminapi.(*Server).listTenants-fm (3 handlers)
[GIN-debug] PUT    /admin/v1/tenants/:id/status --> git.hyhy.fun/rsplab/iolink/internal/adminapi.(*Server).setTenantStatus-fm (3 handlers)
[GIN-debug] GET    /admin/v1/tenants/:id/members --> git.hyhy.fun/rsplab/iolink/internal/adminapi.(*Server).listTenantMembers-fm (3 handlers)
[GIN-debug] PUT    /admin/v1/tenants/:id/members/:user_id --> git.hyhy.fun/rsplab/iolink/internal/adminapi.(*Server).setTenantMember-fm (3 handlers)
[GIN-debug] POST   /admin/v1/password        --> git.hyhy.fun/rsplab/iolink/internal/adminapi.(*Server).changePassword-fm (3 handlers)
[GIN-debug] GET    /admin/v1/farms           --> git.hyhy.fun/rsplab/iolink/internal/adminapi.(*Server).listFarms-fm (4 handlers)
[GIN-debug] POST   /admin/v1/farms           --> git.hyhy.fun/rsplab/iolink/internal/adminapi.(*Server).createFarm-fm (4 handlers)
[GIN-debug] GET    /admin/v1/users           --> git.hyhy.fun/rsplab/iolink/internal/adminapi.(*Server).listUsers-fm (4 handlers)
[GIN-debug] PUT    /admin/v1/farms/:id       --> git.hyhy.fun/rsplab/iolink/internal/adminapi.(*Server).updateFarm-fm (4 handlers)
[GIN-debug] DELETE /admin/v1/farms/:id       --> git.hyhy.fun/rsplab/iolink/internal/adminapi.(*Server).deleteFarm-fm (4 handlers)
[GIN-debug] PUT    /admin/v1/farms/:id/owner --> git.hyhy.fun/rsplab/iolink/internal/adminapi.(*Server).setFarmOwner-fm (4 handlers)
[GIN-debug] GET    /admin/v1/farms/:id/members --> git.hyhy.fun/rsplab/iolink/internal/adminapi.(*Server).listFarmMembers-fm (4 handlers)
[GIN-debug] PUT    /admin/v1/farms/:id/members/:user_id --> git.hyhy.fun/rsplab/iolink/internal/adminapi.(*Server).setFarmMember-fm (4 handlers)
[GIN-debug] GET    /admin/v1/ponds           --> git.hyhy.fun/rsplab/iolink/internal/adminapi.(*Server).listPonds-fm (4 handlers)
[GIN-debug] POST   /admin/v1/ponds           --> git.hyhy.fun/rsplab/iolink/internal/adminapi.(*Server).createPond-fm (4 handlers)
[GIN-debug] PUT    /admin/v1/ponds/:id       --> git.hyhy.fun/rsplab/iolink/internal/adminapi.(*Server).updatePond-fm (4 handlers)
[GIN-debug] DELETE /admin/v1/ponds/:id       --> git.hyhy.fun/rsplab/iolink/internal/adminapi.(*Server).deletePond-fm (4 handlers)
[GIN-debug] GET    /admin/v1/devices         --> git.hyhy.fun/rsplab/iolink/internal/adminapi.(*Server).listDevices-fm (4 handlers)
[GIN-debug] POST   /admin/v1/devices         --> git.hyhy.fun/rsplab/iolink/internal/adminapi.(*Server).registerDevice-fm (4 handlers)
[GIN-debug] GET    /admin/v1/devices/:device_no --> git.hyhy.fun/rsplab/iolink/internal/adminapi.(*Server).getDevice-fm (4 handlers)
[GIN-debug] DELETE /admin/v1/devices/:device_no --> git.hyhy.fun/rsplab/iolink/internal/adminapi.(*Server).deleteDevice-fm (4 handlers)
[GIN-debug] PUT    /admin/v1/devices/:device_no/pond --> git.hyhy.fun/rsplab/iolink/internal/adminapi.(*Server).moveDevice-fm (4 handlers)
[GIN-debug] GET    /admin/v1/alarm-rules     --> git.hyhy.fun/rsplab/iolink/internal/adminapi.(*Server).listRules-fm (4 handlers)
[GIN-debug] POST   /admin/v1/alarm-rules     --> git.hyhy.fun/rsplab/iolink/internal/adminapi.(*Server).createRule-fm (4 handlers)
[GIN-debug] PUT    /admin/v1/alarm-rules/:id --> git.hyhy.fun/rsplab/iolink/internal/adminapi.(*Server).updateRule-fm (4 handlers)
[GIN-debug] DELETE /admin/v1/alarm-rules/:id --> git.hyhy.fun/rsplab/iolink/internal/adminapi.(*Server).deleteRule-fm (4 handlers)
[GIN-debug] GET    /admin/v1/alarms          --> git.hyhy.fun/rsplab/iolink/internal/adminapi.(*Server).listAlarms-fm (4 handlers)
[GIN-debug] POST   /admin/v1/alarms/:id/confirm --> git.hyhy.fun/rsplab/iolink/internal/adminapi.(*Server).confirmAlarm-fm (4 handlers)
[GIN-debug] POST   /admin/v1/alarms/batch-confirm --> git.hyhy.fun/rsplab/iolink/internal/adminapi.(*Server).batchConfirm-fm (4 handlers)
[GIN-debug] GET    /admin/v1/stats           --> git.hyhy.fun/rsplab/iolink/internal/adminapi.(*Server).stats-fm (4 handlers)
[GIN-debug] GET    /admin/v1/products        --> git.hyhy.fun/rsplab/iolink/internal/adminapi.(*Server).listProducts-fm (4 handlers)
[GIN-debug] POST   /admin/v1/products        --> git.hyhy.fun/rsplab/iolink/internal/adminapi.(*Server).createProduct-fm (4 handlers)
[GIN-debug] GET    /admin/v1/products/:product_id/models --> git.hyhy.fun/rsplab/iolink/internal/adminapi.(*Server).listProductModels-fm (4 handlers)
[GIN-debug] POST   /admin/v1/products/:product_id/models --> git.hyhy.fun/rsplab/iolink/internal/adminapi.(*Server).createProductModel-fm (4 handlers)
[GIN-debug] POST   /admin/v1/products/:product_id/models/:version/publish --> git.hyhy.fun/rsplab/iolink/internal/adminapi.(*Server).publishProductModel-fm (4 handlers)
[GIN-debug] GET    /admin/v1/devices/:device_no/product --> git.hyhy.fun/rsplab/iolink/internal/adminapi.(*Server).getDeviceProduct-fm (4 handlers)
[GIN-debug] PUT    /admin/v1/devices/:device_no/product --> git.hyhy.fun/rsplab/iolink/internal/adminapi.(*Server).assignDeviceProduct-fm (4 handlers)
2026/10/04 17:46:27 INFO http request request_id=GUMGRFVNQWGE63OV5GL25M7DW5 route=/admin/v1/login method=POST status=200 duration_ms=146 tenant_id=0 actor_id=0
2026/10/04 17:46:27 WARN http request request_id=3MRZWVPNVVFRSRCFRW7SU6OUG5 route=/admin/v1/devices/:device_no/product method=PUT status=403 duration_ms=3 tenant_id=9401 actor_id=9402
[GIN-debug] [WARNING] Running in "debug" mode. Switch to "release" mode in production.
 - using env:	export GIN_MODE=release
 - using code:	gin.SetMode(gin.ReleaseMode)

[GIN-debug] POST   /admin/v1/login           --> git.hyhy.fun/rsplab/iolink/internal/adminapi.(*Server).login-fm (2 handlers)
[GIN-debug] GET    /admin/v1/tenants         --> git.hyhy.fun/rsplab/iolink/internal/adminapi.(*Server).listTenants-fm (3 handlers)
[GIN-debug] PUT    /admin/v1/tenants/:id/status --> git.hyhy.fun/rsplab/iolink/internal/adminapi.(*Server).setTenantStatus-fm (3 handlers)
[GIN-debug] GET    /admin/v1/tenants/:id/members --> git.hyhy.fun/rsplab/iolink/internal/adminapi.(*Server).listTenantMembers-fm (3 handlers)
[GIN-debug] PUT    /admin/v1/tenants/:id/members/:user_id --> git.hyhy.fun/rsplab/iolink/internal/adminapi.(*Server).setTenantMember-fm (3 handlers)
[GIN-debug] POST   /admin/v1/password        --> git.hyhy.fun/rsplab/iolink/internal/adminapi.(*Server).changePassword-fm (3 handlers)
[GIN-debug] GET    /admin/v1/farms           --> git.hyhy.fun/rsplab/iolink/internal/adminapi.(*Server).listFarms-fm (4 handlers)
[GIN-debug] POST   /admin/v1/farms           --> git.hyhy.fun/rsplab/iolink/internal/adminapi.(*Server).createFarm-fm (4 handlers)
[GIN-debug] GET    /admin/v1/users           --> git.hyhy.fun/rsplab/iolink/internal/adminapi.(*Server).listUsers-fm (4 handlers)
[GIN-debug] PUT    /admin/v1/farms/:id       --> git.hyhy.fun/rsplab/iolink/internal/adminapi.(*Server).updateFarm-fm (4 handlers)
[GIN-debug] DELETE /admin/v1/farms/:id       --> git.hyhy.fun/rsplab/iolink/internal/adminapi.(*Server).deleteFarm-fm (4 handlers)
[GIN-debug] PUT    /admin/v1/farms/:id/owner --> git.hyhy.fun/rsplab/iolink/internal/adminapi.(*Server).setFarmOwner-fm (4 handlers)
[GIN-debug] GET    /admin/v1/farms/:id/members --> git.hyhy.fun/rsplab/iolink/internal/adminapi.(*Server).listFarmMembers-fm (4 handlers)
[GIN-debug] PUT    /admin/v1/farms/:id/members/:user_id --> git.hyhy.fun/rsplab/iolink/internal/adminapi.(*Server).setFarmMember-fm (4 handlers)
[GIN-debug] GET    /admin/v1/ponds           --> git.hyhy.fun/rsplab/iolink/internal/adminapi.(*Server).listPonds-fm (4 handlers)
[GIN-debug] POST   /admin/v1/ponds           --> git.hyhy.fun/rsplab/iolink/internal/adminapi.(*Server).createPond-fm (4 handlers)
[GIN-debug] PUT    /admin/v1/ponds/:id       --> git.hyhy.fun/rsplab/iolink/internal/adminapi.(*Server).updatePond-fm (4 handlers)
[GIN-debug] DELETE /admin/v1/ponds/:id       --> git.hyhy.fun/rsplab/iolink/internal/adminapi.(*Server).deletePond-fm (4 handlers)
[GIN-debug] GET    /admin/v1/devices         --> git.hyhy.fun/rsplab/iolink/internal/adminapi.(*Server).listDevices-fm (4 handlers)
[GIN-debug] POST   /admin/v1/devices         --> git.hyhy.fun/rsplab/iolink/internal/adminapi.(*Server).registerDevice-fm (4 handlers)
[GIN-debug] GET    /admin/v1/devices/:device_no --> git.hyhy.fun/rsplab/iolink/internal/adminapi.(*Server).getDevice-fm (4 handlers)
[GIN-debug] DELETE /admin/v1/devices/:device_no --> git.hyhy.fun/rsplab/iolink/internal/adminapi.(*Server).deleteDevice-fm (4 handlers)
[GIN-debug] PUT    /admin/v1/devices/:device_no/pond --> git.hyhy.fun/rsplab/iolink/internal/adminapi.(*Server).moveDevice-fm (4 handlers)
[GIN-debug] GET    /admin/v1/alarm-rules     --> git.hyhy.fun/rsplab/iolink/internal/adminapi.(*Server).listRules-fm (4 handlers)
[GIN-debug] POST   /admin/v1/alarm-rules     --> git.hyhy.fun/rsplab/iolink/internal/adminapi.(*Server).createRule-fm (4 handlers)
[GIN-debug] PUT    /admin/v1/alarm-rules/:id --> git.hyhy.fun/rsplab/iolink/internal/adminapi.(*Server).updateRule-fm (4 handlers)
[GIN-debug] DELETE /admin/v1/alarm-rules/:id --> git.hyhy.fun/rsplab/iolink/internal/adminapi.(*Server).deleteRule-fm (4 handlers)
[GIN-debug] GET    /admin/v1/alarms          --> git.hyhy.fun/rsplab/iolink/internal/adminapi.(*Server).listAlarms-fm (4 handlers)
[GIN-debug] POST   /admin/v1/alarms/:id/confirm --> git.hyhy.fun/rsplab/iolink/internal/adminapi.(*Server).confirmAlarm-fm (4 handlers)
[GIN-debug] POST   /admin/v1/alarms/batch-confirm --> git.hyhy.fun/rsplab/iolink/internal/adminapi.(*Server).batchConfirm-fm (4 handlers)
[GIN-debug] GET    /admin/v1/stats           --> git.hyhy.fun/rsplab/iolink/internal/adminapi.(*Server).stats-fm (4 handlers)
[GIN-debug] GET    /admin/v1/products        --> git.hyhy.fun/rsplab/iolink/internal/adminapi.(*Server).listProducts-fm (4 handlers)
[GIN-debug] POST   /admin/v1/products        --> git.hyhy.fun/rsplab/iolink/internal/adminapi.(*Server).createProduct-fm (4 handlers)
[GIN-debug] GET    /admin/v1/products/:product_id/models --> git.hyhy.fun/rsplab/iolink/internal/adminapi.(*Server).listProductModels-fm (4 handlers)
[GIN-debug] POST   /admin/v1/products/:product_id/models --> git.hyhy.fun/rsplab/iolink/internal/adminapi.(*Server).createProductModel-fm (4 handlers)
[GIN-debug] POST   /admin/v1/products/:product_id/models/:version/publish --> git.hyhy.fun/rsplab/iolink/internal/adminapi.(*Server).publishProductModel-fm (4 handlers)
[GIN-debug] GET    /admin/v1/devices/:device_no/product --> git.hyhy.fun/rsplab/iolink/internal/adminapi.(*Server).getDeviceProduct-fm (4 handlers)
[GIN-debug] PUT    /admin/v1/devices/:device_no/product --> git.hyhy.fun/rsplab/iolink/internal/adminapi.(*Server).assignDeviceProduct-fm (4 handlers)
2026/10/04 17:46:28 INFO http request request_id=J54UQDTA4U436OBPIZKDQ77TRB route=/admin/v1/login method=POST status=200 duration_ms=144 tenant_id=0 actor_id=0
2026/10/04 17:46:28 WARN http request request_id=6ZMTO47YFYPJSSOODHUD4TB6NK route=/admin/v1/devices/:device_no/product method=PUT status=403 duration_ms=3 tenant_id=9401 actor_id=9402
[GIN-debug] [WARNING] Running in "debug" mode. Switch to "release" mode in production.
 - using env:	export GIN_MODE=release
 - using code:	gin.SetMode(gin.ReleaseMode)

[GIN-debug] POST   /admin/v1/login           --> git.hyhy.fun/rsplab/iolink/internal/adminapi.(*Server).login-fm (2 handlers)
[GIN-debug] GET    /admin/v1/tenants         --> git.hyhy.fun/rsplab/iolink/internal/adminapi.(*Server).listTenants-fm (3 handlers)
[GIN-debug] PUT    /admin/v1/tenants/:id/status --> git.hyhy.fun/rsplab/iolink/internal/adminapi.(*Server).setTenantStatus-fm (3 handlers)
[GIN-debug] GET    /admin/v1/tenants/:id/members --> git.hyhy.fun/rsplab/iolink/internal/adminapi.(*Server).listTenantMembers-fm (3 handlers)
[GIN-debug] PUT    /admin/v1/tenants/:id/members/:user_id --> git.hyhy.fun/rsplab/iolink/internal/adminapi.(*Server).setTenantMember-fm (3 handlers)
[GIN-debug] POST   /admin/v1/password        --> git.hyhy.fun/rsplab/iolink/internal/adminapi.(*Server).changePassword-fm (3 handlers)
[GIN-debug] GET    /admin/v1/farms           --> git.hyhy.fun/rsplab/iolink/internal/adminapi.(*Server).listFarms-fm (4 handlers)
[GIN-debug] POST   /admin/v1/farms           --> git.hyhy.fun/rsplab/iolink/internal/adminapi.(*Server).createFarm-fm (4 handlers)
[GIN-debug] GET    /admin/v1/users           --> git.hyhy.fun/rsplab/iolink/internal/adminapi.(*Server).listUsers-fm (4 handlers)
[GIN-debug] PUT    /admin/v1/farms/:id       --> git.hyhy.fun/rsplab/iolink/internal/adminapi.(*Server).updateFarm-fm (4 handlers)
[GIN-debug] DELETE /admin/v1/farms/:id       --> git.hyhy.fun/rsplab/iolink/internal/adminapi.(*Server).deleteFarm-fm (4 handlers)
[GIN-debug] PUT    /admin/v1/farms/:id/owner --> git.hyhy.fun/rsplab/iolink/internal/adminapi.(*Server).setFarmOwner-fm (4 handlers)
[GIN-debug] GET    /admin/v1/farms/:id/members --> git.hyhy.fun/rsplab/iolink/internal/adminapi.(*Server).listFarmMembers-fm (4 handlers)
[GIN-debug] PUT    /admin/v1/farms/:id/members/:user_id --> git.hyhy.fun/rsplab/iolink/internal/adminapi.(*Server).setFarmMember-fm (4 handlers)
[GIN-debug] GET    /admin/v1/ponds           --> git.hyhy.fun/rsplab/iolink/internal/adminapi.(*Server).listPonds-fm (4 handlers)
[GIN-debug] POST   /admin/v1/ponds           --> git.hyhy.fun/rsplab/iolink/internal/adminapi.(*Server).createPond-fm (4 handlers)
[GIN-debug] PUT    /admin/v1/ponds/:id       --> git.hyhy.fun/rsplab/iolink/internal/adminapi.(*Server).updatePond-fm (4 handlers)
[GIN-debug] DELETE /admin/v1/ponds/:id       --> git.hyhy.fun/rsplab/iolink/internal/adminapi.(*Server).deletePond-fm (4 handlers)
[GIN-debug] GET    /admin/v1/devices         --> git.hyhy.fun/rsplab/iolink/internal/adminapi.(*Server).listDevices-fm (4 handlers)
[GIN-debug] POST   /admin/v1/devices         --> git.hyhy.fun/rsplab/iolink/internal/adminapi.(*Server).registerDevice-fm (4 handlers)
[GIN-debug] GET    /admin/v1/devices/:device_no --> git.hyhy.fun/rsplab/iolink/internal/adminapi.(*Server).getDevice-fm (4 handlers)
[GIN-debug] DELETE /admin/v1/devices/:device_no --> git.hyhy.fun/rsplab/iolink/internal/adminapi.(*Server).deleteDevice-fm (4 handlers)
[GIN-debug] PUT    /admin/v1/devices/:device_no/pond --> git.hyhy.fun/rsplab/iolink/internal/adminapi.(*Server).moveDevice-fm (4 handlers)
[GIN-debug] GET    /admin/v1/alarm-rules     --> git.hyhy.fun/rsplab/iolink/internal/adminapi.(*Server).listRules-fm (4 handlers)
[GIN-debug] POST   /admin/v1/alarm-rules     --> git.hyhy.fun/rsplab/iolink/internal/adminapi.(*Server).createRule-fm (4 handlers)
[GIN-debug] PUT    /admin/v1/alarm-rules/:id --> git.hyhy.fun/rsplab/iolink/internal/adminapi.(*Server).updateRule-fm (4 handlers)
[GIN-debug] DELETE /admin/v1/alarm-rules/:id --> git.hyhy.fun/rsplab/iolink/internal/adminapi.(*Server).deleteRule-fm (4 handlers)
[GIN-debug] GET    /admin/v1/alarms          --> git.hyhy.fun/rsplab/iolink/internal/adminapi.(*Server).listAlarms-fm (4 handlers)
[GIN-debug] POST   /admin/v1/alarms/:id/confirm --> git.hyhy.fun/rsplab/iolink/internal/adminapi.(*Server).confirmAlarm-fm (4 handlers)
[GIN-debug] POST   /admin/v1/alarms/batch-confirm --> git.hyhy.fun/rsplab/iolink/internal/adminapi.(*Server).batchConfirm-fm (4 handlers)
[GIN-debug] GET    /admin/v1/stats           --> git.hyhy.fun/rsplab/iolink/internal/adminapi.(*Server).stats-fm (4 handlers)
[GIN-debug] GET    /admin/v1/products        --> git.hyhy.fun/rsplab/iolink/internal/adminapi.(*Server).listProducts-fm (4 handlers)
[GIN-debug] POST   /admin/v1/products        --> git.hyhy.fun/rsplab/iolink/internal/adminapi.(*Server).createProduct-fm (4 handlers)
[GIN-debug] GET    /admin/v1/products/:product_id/models --> git.hyhy.fun/rsplab/iolink/internal/adminapi.(*Server).listProductModels-fm (4 handlers)
[GIN-debug] POST   /admin/v1/products/:product_id/models --> git.hyhy.fun/rsplab/iolink/internal/adminapi.(*Server).createProductModel-fm (4 handlers)
[GIN-debug] POST   /admin/v1/products/:product_id/models/:version/publish --> git.hyhy.fun/rsplab/iolink/internal/adminapi.(*Server).publishProductModel-fm (4 handlers)
[GIN-debug] GET    /admin/v1/devices/:device_no/product --> git.hyhy.fun/rsplab/iolink/internal/adminapi.(*Server).getDeviceProduct-fm (4 handlers)
[GIN-debug] PUT    /admin/v1/devices/:device_no/product --> git.hyhy.fun/rsplab/iolink/internal/adminapi.(*Server).assignDeviceProduct-fm (4 handlers)
2026/10/04 17:46:28 INFO http request request_id=T7J5LEYGKGF7L3MJJKZ53RRESH route=/admin/v1/login method=POST status=200 duration_ms=134 tenant_id=0 actor_id=0
2026/10/04 17:46:28 WARN http request request_id=SBSHQPOWJLJQR2VI2QJRWVKTZJ route=/admin/v1/devices/:device_no/product method=PUT status=403 duration_ms=3 tenant_id=9401 actor_id=9402
[GIN-debug] [WARNING] Running in "debug" mode. Switch to "release" mode in production.
 - using env:	export GIN_MODE=release
 - using code:	gin.SetMode(gin.ReleaseMode)

[GIN-debug] POST   /admin/v1/login           --> git.hyhy.fun/rsplab/iolink/internal/adminapi.(*Server).login-fm (2 handlers)
[GIN-debug] GET    /admin/v1/tenants         --> git.hyhy.fun/rsplab/iolink/internal/adminapi.(*Server).listTenants-fm (3 handlers)
[GIN-debug] PUT    /admin/v1/tenants/:id/status --> git.hyhy.fun/rsplab/iolink/internal/adminapi.(*Server).setTenantStatus-fm (3 handlers)
[GIN-debug] GET    /admin/v1/tenants/:id/members --> git.hyhy.fun/rsplab/iolink/internal/adminapi.(*Server).listTenantMembers-fm (3 handlers)
[GIN-debug] PUT    /admin/v1/tenants/:id/members/:user_id --> git.hyhy.fun/rsplab/iolink/internal/adminapi.(*Server).setTenantMember-fm (3 handlers)
[GIN-debug] POST   /admin/v1/password        --> git.hyhy.fun/rsplab/iolink/internal/adminapi.(*Server).changePassword-fm (3 handlers)
[GIN-debug] GET    /admin/v1/farms           --> git.hyhy.fun/rsplab/iolink/internal/adminapi.(*Server).listFarms-fm (4 handlers)
[GIN-debug] POST   /admin/v1/farms           --> git.hyhy.fun/rsplab/iolink/internal/adminapi.(*Server).createFarm-fm (4 handlers)
[GIN-debug] GET    /admin/v1/users           --> git.hyhy.fun/rsplab/iolink/internal/adminapi.(*Server).listUsers-fm (4 handlers)
[GIN-debug] PUT    /admin/v1/farms/:id       --> git.hyhy.fun/rsplab/iolink/internal/adminapi.(*Server).updateFarm-fm (4 handlers)
[GIN-debug] DELETE /admin/v1/farms/:id       --> git.hyhy.fun/rsplab/iolink/internal/adminapi.(*Server).deleteFarm-fm (4 handlers)
[GIN-debug] PUT    /admin/v1/farms/:id/owner --> git.hyhy.fun/rsplab/iolink/internal/adminapi.(*Server).setFarmOwner-fm (4 handlers)
[GIN-debug] GET    /admin/v1/farms/:id/members --> git.hyhy.fun/rsplab/iolink/internal/adminapi.(*Server).listFarmMembers-fm (4 handlers)
[GIN-debug] PUT    /admin/v1/farms/:id/members/:user_id --> git.hyhy.fun/rsplab/iolink/internal/adminapi.(*Server).setFarmMember-fm (4 handlers)
[GIN-debug] GET    /admin/v1/ponds           --> git.hyhy.fun/rsplab/iolink/internal/adminapi.(*Server).listPonds-fm (4 handlers)
[GIN-debug] POST   /admin/v1/ponds           --> git.hyhy.fun/rsplab/iolink/internal/adminapi.(*Server).createPond-fm (4 handlers)
[GIN-debug] PUT    /admin/v1/ponds/:id       --> git.hyhy.fun/rsplab/iolink/internal/adminapi.(*Server).updatePond-fm (4 handlers)
[GIN-debug] DELETE /admin/v1/ponds/:id       --> git.hyhy.fun/rsplab/iolink/internal/adminapi.(*Server).deletePond-fm (4 handlers)
[GIN-debug] GET    /admin/v1/devices         --> git.hyhy.fun/rsplab/iolink/internal/adminapi.(*Server).listDevices-fm (4 handlers)
[GIN-debug] POST   /admin/v1/devices         --> git.hyhy.fun/rsplab/iolink/internal/adminapi.(*Server).registerDevice-fm (4 handlers)
[GIN-debug] GET    /admin/v1/devices/:device_no --> git.hyhy.fun/rsplab/iolink/internal/adminapi.(*Server).getDevice-fm (4 handlers)
[GIN-debug] DELETE /admin/v1/devices/:device_no --> git.hyhy.fun/rsplab/iolink/internal/adminapi.(*Server).deleteDevice-fm (4 handlers)
[GIN-debug] PUT    /admin/v1/devices/:device_no/pond --> git.hyhy.fun/rsplab/iolink/internal/adminapi.(*Server).moveDevice-fm (4 handlers)
[GIN-debug] GET    /admin/v1/alarm-rules     --> git.hyhy.fun/rsplab/iolink/internal/adminapi.(*Server).listRules-fm (4 handlers)
[GIN-debug] POST   /admin/v1/alarm-rules     --> git.hyhy.fun/rsplab/iolink/internal/adminapi.(*Server).createRule-fm (4 handlers)
[GIN-debug] PUT    /admin/v1/alarm-rules/:id --> git.hyhy.fun/rsplab/iolink/internal/adminapi.(*Server).updateRule-fm (4 handlers)
[GIN-debug] DELETE /admin/v1/alarm-rules/:id --> git.hyhy.fun/rsplab/iolink/internal/adminapi.(*Server).deleteRule-fm (4 handlers)
[GIN-debug] GET    /admin/v1/alarms          --> git.hyhy.fun/rsplab/iolink/internal/adminapi.(*Server).listAlarms-fm (4 handlers)
[GIN-debug] POST   /admin/v1/alarms/:id/confirm --> git.hyhy.fun/rsplab/iolink/internal/adminapi.(*Server).confirmAlarm-fm (4 handlers)
[GIN-debug] POST   /admin/v1/alarms/batch-confirm --> git.hyhy.fun/rsplab/iolink/internal/adminapi.(*Server).batchConfirm-fm (4 handlers)
[GIN-debug] GET    /admin/v1/stats           --> git.hyhy.fun/rsplab/iolink/internal/adminapi.(*Server).stats-fm (4 handlers)
[GIN-debug] GET    /admin/v1/products        --> git.hyhy.fun/rsplab/iolink/internal/adminapi.(*Server).listProducts-fm (4 handlers)
[GIN-debug] POST   /admin/v1/products        --> git.hyhy.fun/rsplab/iolink/internal/adminapi.(*Server).createProduct-fm (4 handlers)
[GIN-debug] GET    /admin/v1/products/:product_id/models --> git.hyhy.fun/rsplab/iolink/internal/adminapi.(*Server).listProductModels-fm (4 handlers)
[GIN-debug] POST   /admin/v1/products/:product_id/models --> git.hyhy.fun/rsplab/iolink/internal/adminapi.(*Server).createProductModel-fm (4 handlers)
[GIN-debug] POST   /admin/v1/products/:product_id/models/:version/publish --> git.hyhy.fun/rsplab/iolink/internal/adminapi.(*Server).publishProductModel-fm (4 handlers)
[GIN-debug] GET    /admin/v1/devices/:device_no/product --> git.hyhy.fun/rsplab/iolink/internal/adminapi.(*Server).getDeviceProduct-fm (4 handlers)
[GIN-debug] PUT    /admin/v1/devices/:device_no/product --> git.hyhy.fun/rsplab/iolink/internal/adminapi.(*Server).assignDeviceProduct-fm (4 handlers)
2026/10/04 17:46:29 INFO http request request_id=R5XGX7SRHJV2JRNBFMQ2224JBD route=/admin/v1/login method=POST status=200 duration_ms=140 tenant_id=0 actor_id=0
2026/10/04 17:46:29 WARN http request request_id=6M5RIKPLXG7PQXRPLWFIHNO4WA route=/admin/v1/devices/:device_no/product method=PUT status=403 duration_ms=3 tenant_id=9401 actor_id=9402
[GIN-debug] [WARNING] Running in "debug" mode. Switch to "release" mode in production.
 - using env:	export GIN_MODE=release
 - using code:	gin.SetMode(gin.ReleaseMode)

[GIN-debug] POST   /admin/v1/login           --> git.hyhy.fun/rsplab/iolink/internal/adminapi.(*Server).login-fm (2 handlers)
[GIN-debug] GET    /admin/v1/tenants         --> git.hyhy.fun/rsplab/iolink/internal/adminapi.(*Server).listTenants-fm (3 handlers)
[GIN-debug] PUT    /admin/v1/tenants/:id/status --> git.hyhy.fun/rsplab/iolink/internal/adminapi.(*Server).setTenantStatus-fm (3 handlers)
[GIN-debug] GET    /admin/v1/tenants/:id/members --> git.hyhy.fun/rsplab/iolink/internal/adminapi.(*Server).listTenantMembers-fm (3 handlers)
[GIN-debug] PUT    /admin/v1/tenants/:id/members/:user_id --> git.hyhy.fun/rsplab/iolink/internal/adminapi.(*Server).setTenantMember-fm (3 handlers)
[GIN-debug] POST   /admin/v1/password        --> git.hyhy.fun/rsplab/iolink/internal/adminapi.(*Server).changePassword-fm (3 handlers)
[GIN-debug] GET    /admin/v1/farms           --> git.hyhy.fun/rsplab/iolink/internal/adminapi.(*Server).listFarms-fm (4 handlers)
[GIN-debug] POST   /admin/v1/farms           --> git.hyhy.fun/rsplab/iolink/internal/adminapi.(*Server).createFarm-fm (4 handlers)
[GIN-debug] GET    /admin/v1/users           --> git.hyhy.fun/rsplab/iolink/internal/adminapi.(*Server).listUsers-fm (4 handlers)
[GIN-debug] PUT    /admin/v1/farms/:id       --> git.hyhy.fun/rsplab/iolink/internal/adminapi.(*Server).updateFarm-fm (4 handlers)
[GIN-debug] DELETE /admin/v1/farms/:id       --> git.hyhy.fun/rsplab/iolink/internal/adminapi.(*Server).deleteFarm-fm (4 handlers)
[GIN-debug] PUT    /admin/v1/farms/:id/owner --> git.hyhy.fun/rsplab/iolink/internal/adminapi.(*Server).setFarmOwner-fm (4 handlers)
[GIN-debug] GET    /admin/v1/farms/:id/members --> git.hyhy.fun/rsplab/iolink/internal/adminapi.(*Server).listFarmMembers-fm (4 handlers)
[GIN-debug] PUT    /admin/v1/farms/:id/members/:user_id --> git.hyhy.fun/rsplab/iolink/internal/adminapi.(*Server).setFarmMember-fm (4 handlers)
[GIN-debug] GET    /admin/v1/ponds           --> git.hyhy.fun/rsplab/iolink/internal/adminapi.(*Server).listPonds-fm (4 handlers)
[GIN-debug] POST   /admin/v1/ponds           --> git.hyhy.fun/rsplab/iolink/internal/adminapi.(*Server).createPond-fm (4 handlers)
[GIN-debug] PUT    /admin/v1/ponds/:id       --> git.hyhy.fun/rsplab/iolink/internal/adminapi.(*Server).updatePond-fm (4 handlers)
[GIN-debug] DELETE /admin/v1/ponds/:id       --> git.hyhy.fun/rsplab/iolink/internal/adminapi.(*Server).deletePond-fm (4 handlers)
[GIN-debug] GET    /admin/v1/devices         --> git.hyhy.fun/rsplab/iolink/internal/adminapi.(*Server).listDevices-fm (4 handlers)
[GIN-debug] POST   /admin/v1/devices         --> git.hyhy.fun/rsplab/iolink/internal/adminapi.(*Server).registerDevice-fm (4 handlers)
[GIN-debug] GET    /admin/v1/devices/:device_no --> git.hyhy.fun/rsplab/iolink/internal/adminapi.(*Server).getDevice-fm (4 handlers)
[GIN-debug] DELETE /admin/v1/devices/:device_no --> git.hyhy.fun/rsplab/iolink/internal/adminapi.(*Server).deleteDevice-fm (4 handlers)
[GIN-debug] PUT    /admin/v1/devices/:device_no/pond --> git.hyhy.fun/rsplab/iolink/internal/adminapi.(*Server).moveDevice-fm (4 handlers)
[GIN-debug] GET    /admin/v1/alarm-rules     --> git.hyhy.fun/rsplab/iolink/internal/adminapi.(*Server).listRules-fm (4 handlers)
[GIN-debug] POST   /admin/v1/alarm-rules     --> git.hyhy.fun/rsplab/iolink/internal/adminapi.(*Server).createRule-fm (4 handlers)
[GIN-debug] PUT    /admin/v1/alarm-rules/:id --> git.hyhy.fun/rsplab/iolink/internal/adminapi.(*Server).updateRule-fm (4 handlers)
[GIN-debug] DELETE /admin/v1/alarm-rules/:id --> git.hyhy.fun/rsplab/iolink/internal/adminapi.(*Server).deleteRule-fm (4 handlers)
[GIN-debug] GET    /admin/v1/alarms          --> git.hyhy.fun/rsplab/iolink/internal/adminapi.(*Server).listAlarms-fm (4 handlers)
[GIN-debug] POST   /admin/v1/alarms/:id/confirm --> git.hyhy.fun/rsplab/iolink/internal/adminapi.(*Server).confirmAlarm-fm (4 handlers)
[GIN-debug] POST   /admin/v1/alarms/batch-confirm --> git.hyhy.fun/rsplab/iolink/internal/adminapi.(*Server).batchConfirm-fm (4 handlers)
[GIN-debug] GET    /admin/v1/stats           --> git.hyhy.fun/rsplab/iolink/internal/adminapi.(*Server).stats-fm (4 handlers)
[GIN-debug] GET    /admin/v1/products        --> git.hyhy.fun/rsplab/iolink/internal/adminapi.(*Server).listProducts-fm (4 handlers)
[GIN-debug] POST   /admin/v1/products        --> git.hyhy.fun/rsplab/iolink/internal/adminapi.(*Server).createProduct-fm (4 handlers)
[GIN-debug] GET    /admin/v1/products/:product_id/models --> git.hyhy.fun/rsplab/iolink/internal/adminapi.(*Server).listProductModels-fm (4 handlers)
[GIN-debug] POST   /admin/v1/products/:product_id/models --> git.hyhy.fun/rsplab/iolink/internal/adminapi.(*Server).createProductModel-fm (4 handlers)
[GIN-debug] POST   /admin/v1/products/:product_id/models/:version/publish --> git.hyhy.fun/rsplab/iolink/internal/adminapi.(*Server).publishProductModel-fm (4 handlers)
[GIN-debug] GET    /admin/v1/devices/:device_no/product --> git.hyhy.fun/rsplab/iolink/internal/adminapi.(*Server).getDeviceProduct-fm (4 handlers)
[GIN-debug] PUT    /admin/v1/devices/:device_no/product --> git.hyhy.fun/rsplab/iolink/internal/adminapi.(*Server).assignDeviceProduct-fm (4 handlers)
2026/10/04 17:46:30 INFO http request request_id=32R5GK3IYJWFZ6LVEGZTUQGMUF route=/admin/v1/login method=POST status=200 duration_ms=136 tenant_id=0 actor_id=0
2026/10/04 17:46:30 WARN http request request_id=ZUQP6GHMFT7OMYEGAZ7HJCGDXS route=/admin/v1/devices/:device_no/product method=PUT status=403 duration_ms=4 tenant_id=9401 actor_id=9402
[GIN-debug] [WARNING] Running in "debug" mode. Switch to "release" mode in production.
 - using env:	export GIN_MODE=release
 - using code:	gin.SetMode(gin.ReleaseMode)

[GIN-debug] POST   /admin/v1/login           --> git.hyhy.fun/rsplab/iolink/internal/adminapi.(*Server).login-fm (2 handlers)
[GIN-debug] GET    /admin/v1/tenants         --> git.hyhy.fun/rsplab/iolink/internal/adminapi.(*Server).listTenants-fm (3 handlers)
[GIN-debug] PUT    /admin/v1/tenants/:id/status --> git.hyhy.fun/rsplab/iolink/internal/adminapi.(*Server).setTenantStatus-fm (3 handlers)
[GIN-debug] GET    /admin/v1/tenants/:id/members --> git.hyhy.fun/rsplab/iolink/internal/adminapi.(*Server).listTenantMembers-fm (3 handlers)
[GIN-debug] PUT    /admin/v1/tenants/:id/members/:user_id --> git.hyhy.fun/rsplab/iolink/internal/adminapi.(*Server).setTenantMember-fm (3 handlers)
[GIN-debug] POST   /admin/v1/password        --> git.hyhy.fun/rsplab/iolink/internal/adminapi.(*Server).changePassword-fm (3 handlers)
[GIN-debug] GET    /admin/v1/farms           --> git.hyhy.fun/rsplab/iolink/internal/adminapi.(*Server).listFarms-fm (4 handlers)
[GIN-debug] POST   /admin/v1/farms           --> git.hyhy.fun/rsplab/iolink/internal/adminapi.(*Server).createFarm-fm (4 handlers)
[GIN-debug] GET    /admin/v1/users           --> git.hyhy.fun/rsplab/iolink/internal/adminapi.(*Server).listUsers-fm (4 handlers)
[GIN-debug] PUT    /admin/v1/farms/:id       --> git.hyhy.fun/rsplab/iolink/internal/adminapi.(*Server).updateFarm-fm (4 handlers)
[GIN-debug] DELETE /admin/v1/farms/:id       --> git.hyhy.fun/rsplab/iolink/internal/adminapi.(*Server).deleteFarm-fm (4 handlers)
[GIN-debug] PUT    /admin/v1/farms/:id/owner --> git.hyhy.fun/rsplab/iolink/internal/adminapi.(*Server).setFarmOwner-fm (4 handlers)
[GIN-debug] GET    /admin/v1/farms/:id/members --> git.hyhy.fun/rsplab/iolink/internal/adminapi.(*Server).listFarmMembers-fm (4 handlers)
[GIN-debug] PUT    /admin/v1/farms/:id/members/:user_id --> git.hyhy.fun/rsplab/iolink/internal/adminapi.(*Server).setFarmMember-fm (4 handlers)
[GIN-debug] GET    /admin/v1/ponds           --> git.hyhy.fun/rsplab/iolink/internal/adminapi.(*Server).listPonds-fm (4 handlers)
[GIN-debug] POST   /admin/v1/ponds           --> git.hyhy.fun/rsplab/iolink/internal/adminapi.(*Server).createPond-fm (4 handlers)
[GIN-debug] PUT    /admin/v1/ponds/:id       --> git.hyhy.fun/rsplab/iolink/internal/adminapi.(*Server).updatePond-fm (4 handlers)
[GIN-debug] DELETE /admin/v1/ponds/:id       --> git.hyhy.fun/rsplab/iolink/internal/adminapi.(*Server).deletePond-fm (4 handlers)
[GIN-debug] GET    /admin/v1/devices         --> git.hyhy.fun/rsplab/iolink/internal/adminapi.(*Server).listDevices-fm (4 handlers)
[GIN-debug] POST   /admin/v1/devices         --> git.hyhy.fun/rsplab/iolink/internal/adminapi.(*Server).registerDevice-fm (4 handlers)
[GIN-debug] GET    /admin/v1/devices/:device_no --> git.hyhy.fun/rsplab/iolink/internal/adminapi.(*Server).getDevice-fm (4 handlers)
[GIN-debug] DELETE /admin/v1/devices/:device_no --> git.hyhy.fun/rsplab/iolink/internal/adminapi.(*Server).deleteDevice-fm (4 handlers)
[GIN-debug] PUT    /admin/v1/devices/:device_no/pond --> git.hyhy.fun/rsplab/iolink/internal/adminapi.(*Server).moveDevice-fm (4 handlers)
[GIN-debug] GET    /admin/v1/alarm-rules     --> git.hyhy.fun/rsplab/iolink/internal/adminapi.(*Server).listRules-fm (4 handlers)
[GIN-debug] POST   /admin/v1/alarm-rules     --> git.hyhy.fun/rsplab/iolink/internal/adminapi.(*Server).createRule-fm (4 handlers)
[GIN-debug] PUT    /admin/v1/alarm-rules/:id --> git.hyhy.fun/rsplab/iolink/internal/adminapi.(*Server).updateRule-fm (4 handlers)
[GIN-debug] DELETE /admin/v1/alarm-rules/:id --> git.hyhy.fun/rsplab/iolink/internal/adminapi.(*Server).deleteRule-fm (4 handlers)
[GIN-debug] GET    /admin/v1/alarms          --> git.hyhy.fun/rsplab/iolink/internal/adminapi.(*Server).listAlarms-fm (4 handlers)
[GIN-debug] POST   /admin/v1/alarms/:id/confirm --> git.hyhy.fun/rsplab/iolink/internal/adminapi.(*Server).confirmAlarm-fm (4 handlers)
[GIN-debug] POST   /admin/v1/alarms/batch-confirm --> git.hyhy.fun/rsplab/iolink/internal/adminapi.(*Server).batchConfirm-fm (4 handlers)
[GIN-debug] GET    /admin/v1/stats           --> git.hyhy.fun/rsplab/iolink/internal/adminapi.(*Server).stats-fm (4 handlers)
[GIN-debug] GET    /admin/v1/products        --> git.hyhy.fun/rsplab/iolink/internal/adminapi.(*Server).listProducts-fm (4 handlers)
[GIN-debug] POST   /admin/v1/products        --> git.hyhy.fun/rsplab/iolink/internal/adminapi.(*Server).createProduct-fm (4 handlers)
[GIN-debug] GET    /admin/v1/products/:product_id/models --> git.hyhy.fun/rsplab/iolink/internal/adminapi.(*Server).listProductModels-fm (4 handlers)
[GIN-debug] POST   /admin/v1/products/:product_id/models --> git.hyhy.fun/rsplab/iolink/internal/adminapi.(*Server).createProductModel-fm (4 handlers)
[GIN-debug] POST   /admin/v1/products/:product_id/models/:version/publish --> git.hyhy.fun/rsplab/iolink/internal/adminapi.(*Server).publishProductModel-fm (4 handlers)
[GIN-debug] GET    /admin/v1/devices/:device_no/product --> git.hyhy.fun/rsplab/iolink/internal/adminapi.(*Server).getDeviceProduct-fm (4 handlers)
[GIN-debug] PUT    /admin/v1/devices/:device_no/product --> git.hyhy.fun/rsplab/iolink/internal/adminapi.(*Server).assignDeviceProduct-fm (4 handlers)
2026/10/04 17:46:31 INFO http request request_id=CFMXDQZ3RAEW5CARUH4MREAA4K route=/admin/v1/login method=POST status=200 duration_ms=142 tenant_id=0 actor_id=0
2026/10/04 17:46:31 WARN http request request_id=EQYKJVJVTQNXFVD4WPUH7QT6DB route=/admin/v1/farms/:id method=PUT status=403 duration_ms=3 tenant_id=9401 actor_id=9402
[GIN-debug] [WARNING] Running in "debug" mode. Switch to "release" mode in production.
 - using env:	export GIN_MODE=release
 - using code:	gin.SetMode(gin.ReleaseMode)

[GIN-debug] POST   /admin/v1/login           --> git.hyhy.fun/rsplab/iolink/internal/adminapi.(*Server).login-fm (2 handlers)
[GIN-debug] GET    /admin/v1/tenants         --> git.hyhy.fun/rsplab/iolink/internal/adminapi.(*Server).listTenants-fm (3 handlers)
[GIN-debug] PUT    /admin/v1/tenants/:id/status --> git.hyhy.fun/rsplab/iolink/internal/adminapi.(*Server).setTenantStatus-fm (3 handlers)
[GIN-debug] GET    /admin/v1/tenants/:id/members --> git.hyhy.fun/rsplab/iolink/internal/adminapi.(*Server).listTenantMembers-fm (3 handlers)
[GIN-debug] PUT    /admin/v1/tenants/:id/members/:user_id --> git.hyhy.fun/rsplab/iolink/internal/adminapi.(*Server).setTenantMember-fm (3 handlers)
[GIN-debug] POST   /admin/v1/password        --> git.hyhy.fun/rsplab/iolink/internal/adminapi.(*Server).changePassword-fm (3 handlers)
[GIN-debug] GET    /admin/v1/farms           --> git.hyhy.fun/rsplab/iolink/internal/adminapi.(*Server).listFarms-fm (4 handlers)
[GIN-debug] POST   /admin/v1/farms           --> git.hyhy.fun/rsplab/iolink/internal/adminapi.(*Server).createFarm-fm (4 handlers)
[GIN-debug] GET    /admin/v1/users           --> git.hyhy.fun/rsplab/iolink/internal/adminapi.(*Server).listUsers-fm (4 handlers)
[GIN-debug] PUT    /admin/v1/farms/:id       --> git.hyhy.fun/rsplab/iolink/internal/adminapi.(*Server).updateFarm-fm (4 handlers)
[GIN-debug] DELETE /admin/v1/farms/:id       --> git.hyhy.fun/rsplab/iolink/internal/adminapi.(*Server).deleteFarm-fm (4 handlers)
[GIN-debug] PUT    /admin/v1/farms/:id/owner --> git.hyhy.fun/rsplab/iolink/internal/adminapi.(*Server).setFarmOwner-fm (4 handlers)
[GIN-debug] GET    /admin/v1/farms/:id/members --> git.hyhy.fun/rsplab/iolink/internal/adminapi.(*Server).listFarmMembers-fm (4 handlers)
[GIN-debug] PUT    /admin/v1/farms/:id/members/:user_id --> git.hyhy.fun/rsplab/iolink/internal/adminapi.(*Server).setFarmMember-fm (4 handlers)
[GIN-debug] GET    /admin/v1/ponds           --> git.hyhy.fun/rsplab/iolink/internal/adminapi.(*Server).listPonds-fm (4 handlers)
[GIN-debug] POST   /admin/v1/ponds           --> git.hyhy.fun/rsplab/iolink/internal/adminapi.(*Server).createPond-fm (4 handlers)
[GIN-debug] PUT    /admin/v1/ponds/:id       --> git.hyhy.fun/rsplab/iolink/internal/adminapi.(*Server).updatePond-fm (4 handlers)
[GIN-debug] DELETE /admin/v1/ponds/:id       --> git.hyhy.fun/rsplab/iolink/internal/adminapi.(*Server).deletePond-fm (4 handlers)
[GIN-debug] GET    /admin/v1/devices         --> git.hyhy.fun/rsplab/iolink/internal/adminapi.(*Server).listDevices-fm (4 handlers)
[GIN-debug] POST   /admin/v1/devices         --> git.hyhy.fun/rsplab/iolink/internal/adminapi.(*Server).registerDevice-fm (4 handlers)
[GIN-debug] GET    /admin/v1/devices/:device_no --> git.hyhy.fun/rsplab/iolink/internal/adminapi.(*Server).getDevice-fm (4 handlers)
[GIN-debug] DELETE /admin/v1/devices/:device_no --> git.hyhy.fun/rsplab/iolink/internal/adminapi.(*Server).deleteDevice-fm (4 handlers)
[GIN-debug] PUT    /admin/v1/devices/:device_no/pond --> git.hyhy.fun/rsplab/iolink/internal/adminapi.(*Server).moveDevice-fm (4 handlers)
[GIN-debug] GET    /admin/v1/alarm-rules     --> git.hyhy.fun/rsplab/iolink/internal/adminapi.(*Server).listRules-fm (4 handlers)
[GIN-debug] POST   /admin/v1/alarm-rules     --> git.hyhy.fun/rsplab/iolink/internal/adminapi.(*Server).createRule-fm (4 handlers)
[GIN-debug] PUT    /admin/v1/alarm-rules/:id --> git.hyhy.fun/rsplab/iolink/internal/adminapi.(*Server).updateRule-fm (4 handlers)
[GIN-debug] DELETE /admin/v1/alarm-rules/:id --> git.hyhy.fun/rsplab/iolink/internal/adminapi.(*Server).deleteRule-fm (4 handlers)
[GIN-debug] GET    /admin/v1/alarms          --> git.hyhy.fun/rsplab/iolink/internal/adminapi.(*Server).listAlarms-fm (4 handlers)
[GIN-debug] POST   /admin/v1/alarms/:id/confirm --> git.hyhy.fun/rsplab/iolink/internal/adminapi.(*Server).confirmAlarm-fm (4 handlers)
[GIN-debug] POST   /admin/v1/alarms/batch-confirm --> git.hyhy.fun/rsplab/iolink/internal/adminapi.(*Server).batchConfirm-fm (4 handlers)
[GIN-debug] GET    /admin/v1/stats           --> git.hyhy.fun/rsplab/iolink/internal/adminapi.(*Server).stats-fm (4 handlers)
[GIN-debug] GET    /admin/v1/products        --> git.hyhy.fun/rsplab/iolink/internal/adminapi.(*Server).listProducts-fm (4 handlers)
[GIN-debug] POST   /admin/v1/products        --> git.hyhy.fun/rsplab/iolink/internal/adminapi.(*Server).createProduct-fm (4 handlers)
[GIN-debug] GET    /admin/v1/products/:product_id/models --> git.hyhy.fun/rsplab/iolink/internal/adminapi.(*Server).listProductModels-fm (4 handlers)
[GIN-debug] POST   /admin/v1/products/:product_id/models --> git.hyhy.fun/rsplab/iolink/internal/adminapi.(*Server).createProductModel-fm (4 handlers)
[GIN-debug] POST   /admin/v1/products/:product_id/models/:version/publish --> git.hyhy.fun/rsplab/iolink/internal/adminapi.(*Server).publishProductModel-fm (4 handlers)
[GIN-debug] GET    /admin/v1/devices/:device_no/product --> git.hyhy.fun/rsplab/iolink/internal/adminapi.(*Server).getDeviceProduct-fm (4 handlers)
[GIN-debug] PUT    /admin/v1/devices/:device_no/product --> git.hyhy.fun/rsplab/iolink/internal/adminapi.(*Server).assignDeviceProduct-fm (4 handlers)
2026/10/04 17:46:32 INFO http request request_id=72VIJKYXQ7BQ6AQ2AF5AMOXYIO route=/admin/v1/login method=POST status=200 duration_ms=149 tenant_id=0 actor_id=0
2026/10/04 17:46:32 WARN http request request_id=M4BDH2DFYTN3VLIL6TWEDDEPJD route=/admin/v1/farms/:id method=PUT status=403 duration_ms=3 tenant_id=9401 actor_id=9402
[GIN-debug] [WARNING] Running in "debug" mode. Switch to "release" mode in production.
 - using env:	export GIN_MODE=release
 - using code:	gin.SetMode(gin.ReleaseMode)

[GIN-debug] POST   /admin/v1/login           --> git.hyhy.fun/rsplab/iolink/internal/adminapi.(*Server).login-fm (2 handlers)
[GIN-debug] GET    /admin/v1/tenants         --> git.hyhy.fun/rsplab/iolink/internal/adminapi.(*Server).listTenants-fm (3 handlers)
[GIN-debug] PUT    /admin/v1/tenants/:id/status --> git.hyhy.fun/rsplab/iolink/internal/adminapi.(*Server).setTenantStatus-fm (3 handlers)
[GIN-debug] GET    /admin/v1/tenants/:id/members --> git.hyhy.fun/rsplab/iolink/internal/adminapi.(*Server).listTenantMembers-fm (3 handlers)
[GIN-debug] PUT    /admin/v1/tenants/:id/members/:user_id --> git.hyhy.fun/rsplab/iolink/internal/adminapi.(*Server).setTenantMember-fm (3 handlers)
[GIN-debug] POST   /admin/v1/password        --> git.hyhy.fun/rsplab/iolink/internal/adminapi.(*Server).changePassword-fm (3 handlers)
[GIN-debug] GET    /admin/v1/farms           --> git.hyhy.fun/rsplab/iolink/internal/adminapi.(*Server).listFarms-fm (4 handlers)
[GIN-debug] POST   /admin/v1/farms           --> git.hyhy.fun/rsplab/iolink/internal/adminapi.(*Server).createFarm-fm (4 handlers)
[GIN-debug] GET    /admin/v1/users           --> git.hyhy.fun/rsplab/iolink/internal/adminapi.(*Server).listUsers-fm (4 handlers)
[GIN-debug] PUT    /admin/v1/farms/:id       --> git.hyhy.fun/rsplab/iolink/internal/adminapi.(*Server).updateFarm-fm (4 handlers)
[GIN-debug] DELETE /admin/v1/farms/:id       --> git.hyhy.fun/rsplab/iolink/internal/adminapi.(*Server).deleteFarm-fm (4 handlers)
[GIN-debug] PUT    /admin/v1/farms/:id/owner --> git.hyhy.fun/rsplab/iolink/internal/adminapi.(*Server).setFarmOwner-fm (4 handlers)
[GIN-debug] GET    /admin/v1/farms/:id/members --> git.hyhy.fun/rsplab/iolink/internal/adminapi.(*Server).listFarmMembers-fm (4 handlers)
[GIN-debug] PUT    /admin/v1/farms/:id/members/:user_id --> git.hyhy.fun/rsplab/iolink/internal/adminapi.(*Server).setFarmMember-fm (4 handlers)
[GIN-debug] GET    /admin/v1/ponds           --> git.hyhy.fun/rsplab/iolink/internal/adminapi.(*Server).listPonds-fm (4 handlers)
[GIN-debug] POST   /admin/v1/ponds           --> git.hyhy.fun/rsplab/iolink/internal/adminapi.(*Server).createPond-fm (4 handlers)
[GIN-debug] PUT    /admin/v1/ponds/:id       --> git.hyhy.fun/rsplab/iolink/internal/adminapi.(*Server).updatePond-fm (4 handlers)
[GIN-debug] DELETE /admin/v1/ponds/:id       --> git.hyhy.fun/rsplab/iolink/internal/adminapi.(*Server).deletePond-fm (4 handlers)
[GIN-debug] GET    /admin/v1/devices         --> git.hyhy.fun/rsplab/iolink/internal/adminapi.(*Server).listDevices-fm (4 handlers)
[GIN-debug] POST   /admin/v1/devices         --> git.hyhy.fun/rsplab/iolink/internal/adminapi.(*Server).registerDevice-fm (4 handlers)
[GIN-debug] GET    /admin/v1/devices/:device_no --> git.hyhy.fun/rsplab/iolink/internal/adminapi.(*Server).getDevice-fm (4 handlers)
[GIN-debug] DELETE /admin/v1/devices/:device_no --> git.hyhy.fun/rsplab/iolink/internal/adminapi.(*Server).deleteDevice-fm (4 handlers)
[GIN-debug] PUT    /admin/v1/devices/:device_no/pond --> git.hyhy.fun/rsplab/iolink/internal/adminapi.(*Server).moveDevice-fm (4 handlers)
[GIN-debug] GET    /admin/v1/alarm-rules     --> git.hyhy.fun/rsplab/iolink/internal/adminapi.(*Server).listRules-fm (4 handlers)
[GIN-debug] POST   /admin/v1/alarm-rules     --> git.hyhy.fun/rsplab/iolink/internal/adminapi.(*Server).createRule-fm (4 handlers)
[GIN-debug] PUT    /admin/v1/alarm-rules/:id --> git.hyhy.fun/rsplab/iolink/internal/adminapi.(*Server).updateRule-fm (4 handlers)
[GIN-debug] DELETE /admin/v1/alarm-rules/:id --> git.hyhy.fun/rsplab/iolink/internal/adminapi.(*Server).deleteRule-fm (4 handlers)
[GIN-debug] GET    /admin/v1/alarms          --> git.hyhy.fun/rsplab/iolink/internal/adminapi.(*Server).listAlarms-fm (4 handlers)
[GIN-debug] POST   /admin/v1/alarms/:id/confirm --> git.hyhy.fun/rsplab/iolink/internal/adminapi.(*Server).confirmAlarm-fm (4 handlers)
[GIN-debug] POST   /admin/v1/alarms/batch-confirm --> git.hyhy.fun/rsplab/iolink/internal/adminapi.(*Server).batchConfirm-fm (4 handlers)
[GIN-debug] GET    /admin/v1/stats           --> git.hyhy.fun/rsplab/iolink/internal/adminapi.(*Server).stats-fm (4 handlers)
[GIN-debug] GET    /admin/v1/products        --> git.hyhy.fun/rsplab/iolink/internal/adminapi.(*Server).listProducts-fm (4 handlers)
[GIN-debug] POST   /admin/v1/products        --> git.hyhy.fun/rsplab/iolink/internal/adminapi.(*Server).createProduct-fm (4 handlers)
[GIN-debug] GET    /admin/v1/products/:product_id/models --> git.hyhy.fun/rsplab/iolink/internal/adminapi.(*Server).listProductModels-fm (4 handlers)
[GIN-debug] POST   /admin/v1/products/:product_id/models --> git.hyhy.fun/rsplab/iolink/internal/adminapi.(*Server).createProductModel-fm (4 handlers)
[GIN-debug] POST   /admin/v1/products/:product_id/models/:version/publish --> git.hyhy.fun/rsplab/iolink/internal/adminapi.(*Server).publishProductModel-fm (4 handlers)
[GIN-debug] GET    /admin/v1/devices/:device_no/product --> git.hyhy.fun/rsplab/iolink/internal/adminapi.(*Server).getDeviceProduct-fm (4 handlers)
[GIN-debug] PUT    /admin/v1/devices/:device_no/product --> git.hyhy.fun/rsplab/iolink/internal/adminapi.(*Server).assignDeviceProduct-fm (4 handlers)
2026/10/04 17:46:32 INFO http request request_id=RUADQIF5DBWB6O7FO7MKAPLUQI route=/admin/v1/login method=POST status=200 duration_ms=145 tenant_id=0 actor_id=0
2026/10/04 17:46:32 WARN http request request_id=27CC4YUPFBG7UJCF44KT6JNAXS route=/admin/v1/farms/:id method=PUT status=403 duration_ms=3 tenant_id=9401 actor_id=9402
[GIN-debug] [WARNING] Running in "debug" mode. Switch to "release" mode in production.
 - using env:	export GIN_MODE=release
 - using code:	gin.SetMode(gin.ReleaseMode)

[GIN-debug] POST   /admin/v1/login           --> git.hyhy.fun/rsplab/iolink/internal/adminapi.(*Server).login-fm (2 handlers)
[GIN-debug] GET    /admin/v1/tenants         --> git.hyhy.fun/rsplab/iolink/internal/adminapi.(*Server).listTenants-fm (3 handlers)
[GIN-debug] PUT    /admin/v1/tenants/:id/status --> git.hyhy.fun/rsplab/iolink/internal/adminapi.(*Server).setTenantStatus-fm (3 handlers)
[GIN-debug] GET    /admin/v1/tenants/:id/members --> git.hyhy.fun/rsplab/iolink/internal/adminapi.(*Server).listTenantMembers-fm (3 handlers)
[GIN-debug] PUT    /admin/v1/tenants/:id/members/:user_id --> git.hyhy.fun/rsplab/iolink/internal/adminapi.(*Server).setTenantMember-fm (3 handlers)
[GIN-debug] POST   /admin/v1/password        --> git.hyhy.fun/rsplab/iolink/internal/adminapi.(*Server).changePassword-fm (3 handlers)
[GIN-debug] GET    /admin/v1/farms           --> git.hyhy.fun/rsplab/iolink/internal/adminapi.(*Server).listFarms-fm (4 handlers)
[GIN-debug] POST   /admin/v1/farms           --> git.hyhy.fun/rsplab/iolink/internal/adminapi.(*Server).createFarm-fm (4 handlers)
[GIN-debug] GET    /admin/v1/users           --> git.hyhy.fun/rsplab/iolink/internal/adminapi.(*Server).listUsers-fm (4 handlers)
[GIN-debug] PUT    /admin/v1/farms/:id       --> git.hyhy.fun/rsplab/iolink/internal/adminapi.(*Server).updateFarm-fm (4 handlers)
[GIN-debug] DELETE /admin/v1/farms/:id       --> git.hyhy.fun/rsplab/iolink/internal/adminapi.(*Server).deleteFarm-fm (4 handlers)
[GIN-debug] PUT    /admin/v1/farms/:id/owner --> git.hyhy.fun/rsplab/iolink/internal/adminapi.(*Server).setFarmOwner-fm (4 handlers)
[GIN-debug] GET    /admin/v1/farms/:id/members --> git.hyhy.fun/rsplab/iolink/internal/adminapi.(*Server).listFarmMembers-fm (4 handlers)
[GIN-debug] PUT    /admin/v1/farms/:id/members/:user_id --> git.hyhy.fun/rsplab/iolink/internal/adminapi.(*Server).setFarmMember-fm (4 handlers)
[GIN-debug] GET    /admin/v1/ponds           --> git.hyhy.fun/rsplab/iolink/internal/adminapi.(*Server).listPonds-fm (4 handlers)
[GIN-debug] POST   /admin/v1/ponds           --> git.hyhy.fun/rsplab/iolink/internal/adminapi.(*Server).createPond-fm (4 handlers)
[GIN-debug] PUT    /admin/v1/ponds/:id       --> git.hyhy.fun/rsplab/iolink/internal/adminapi.(*Server).updatePond-fm (4 handlers)
[GIN-debug] DELETE /admin/v1/ponds/:id       --> git.hyhy.fun/rsplab/iolink/internal/adminapi.(*Server).deletePond-fm (4 handlers)
[GIN-debug] GET    /admin/v1/devices         --> git.hyhy.fun/rsplab/iolink/internal/adminapi.(*Server).listDevices-fm (4 handlers)
[GIN-debug] POST   /admin/v1/devices         --> git.hyhy.fun/rsplab/iolink/internal/adminapi.(*Server).registerDevice-fm (4 handlers)
[GIN-debug] GET    /admin/v1/devices/:device_no --> git.hyhy.fun/rsplab/iolink/internal/adminapi.(*Server).getDevice-fm (4 handlers)
[GIN-debug] DELETE /admin/v1/devices/:device_no --> git.hyhy.fun/rsplab/iolink/internal/adminapi.(*Server).deleteDevice-fm (4 handlers)
[GIN-debug] PUT    /admin/v1/devices/:device_no/pond --> git.hyhy.fun/rsplab/iolink/internal/adminapi.(*Server).moveDevice-fm (4 handlers)
[GIN-debug] GET    /admin/v1/alarm-rules     --> git.hyhy.fun/rsplab/iolink/internal/adminapi.(*Server).listRules-fm (4 handlers)
[GIN-debug] POST   /admin/v1/alarm-rules     --> git.hyhy.fun/rsplab/iolink/internal/adminapi.(*Server).createRule-fm (4 handlers)
[GIN-debug] PUT    /admin/v1/alarm-rules/:id --> git.hyhy.fun/rsplab/iolink/internal/adminapi.(*Server).updateRule-fm (4 handlers)
[GIN-debug] DELETE /admin/v1/alarm-rules/:id --> git.hyhy.fun/rsplab/iolink/internal/adminapi.(*Server).deleteRule-fm (4 handlers)
[GIN-debug] GET    /admin/v1/alarms          --> git.hyhy.fun/rsplab/iolink/internal/adminapi.(*Server).listAlarms-fm (4 handlers)
[GIN-debug] POST   /admin/v1/alarms/:id/confirm --> git.hyhy.fun/rsplab/iolink/internal/adminapi.(*Server).confirmAlarm-fm (4 handlers)
[GIN-debug] POST   /admin/v1/alarms/batch-confirm --> git.hyhy.fun/rsplab/iolink/internal/adminapi.(*Server).batchConfirm-fm (4 handlers)
[GIN-debug] GET    /admin/v1/stats           --> git.hyhy.fun/rsplab/iolink/internal/adminapi.(*Server).stats-fm (4 handlers)
[GIN-debug] GET    /admin/v1/products        --> git.hyhy.fun/rsplab/iolink/internal/adminapi.(*Server).listProducts-fm (4 handlers)
[GIN-debug] POST   /admin/v1/products        --> git.hyhy.fun/rsplab/iolink/internal/adminapi.(*Server).createProduct-fm (4 handlers)
[GIN-debug] GET    /admin/v1/products/:product_id/models --> git.hyhy.fun/rsplab/iolink/internal/adminapi.(*Server).listProductModels-fm (4 handlers)
[GIN-debug] POST   /admin/v1/products/:product_id/models --> git.hyhy.fun/rsplab/iolink/internal/adminapi.(*Server).createProductModel-fm (4 handlers)
[GIN-debug] POST   /admin/v1/products/:product_id/models/:version/publish --> git.hyhy.fun/rsplab/iolink/internal/adminapi.(*Server).publishProductModel-fm (4 handlers)
[GIN-debug] GET    /admin/v1/devices/:device_no/product --> git.hyhy.fun/rsplab/iolink/internal/adminapi.(*Server).getDeviceProduct-fm (4 handlers)
[GIN-debug] PUT    /admin/v1/devices/:device_no/product --> git.hyhy.fun/rsplab/iolink/internal/adminapi.(*Server).assignDeviceProduct-fm (4 handlers)
2026/10/04 17:46:33 INFO http request request_id=DUJI5BLGUKT4PK3QOH3JSNJRRM route=/admin/v1/login method=POST status=200 duration_ms=142 tenant_id=0 actor_id=0
2026/10/04 17:46:33 WARN http request request_id=BQZYIGLCKCNP2QDSFA6SZVZQW2 route=/admin/v1/farms/:id method=PUT status=403 duration_ms=3 tenant_id=9401 actor_id=9402
[GIN-debug] [WARNING] Running in "debug" mode. Switch to "release" mode in production.
 - using env:	export GIN_MODE=release
 - using code:	gin.SetMode(gin.ReleaseMode)

[GIN-debug] POST   /admin/v1/login           --> git.hyhy.fun/rsplab/iolink/internal/adminapi.(*Server).login-fm (2 handlers)
[GIN-debug] GET    /admin/v1/tenants         --> git.hyhy.fun/rsplab/iolink/internal/adminapi.(*Server).listTenants-fm (3 handlers)
[GIN-debug] PUT    /admin/v1/tenants/:id/status --> git.hyhy.fun/rsplab/iolink/internal/adminapi.(*Server).setTenantStatus-fm (3 handlers)
[GIN-debug] GET    /admin/v1/tenants/:id/members --> git.hyhy.fun/rsplab/iolink/internal/adminapi.(*Server).listTenantMembers-fm (3 handlers)
[GIN-debug] PUT    /admin/v1/tenants/:id/members/:user_id --> git.hyhy.fun/rsplab/iolink/internal/adminapi.(*Server).setTenantMember-fm (3 handlers)
[GIN-debug] POST   /admin/v1/password        --> git.hyhy.fun/rsplab/iolink/internal/adminapi.(*Server).changePassword-fm (3 handlers)
[GIN-debug] GET    /admin/v1/farms           --> git.hyhy.fun/rsplab/iolink/internal/adminapi.(*Server).listFarms-fm (4 handlers)
[GIN-debug] POST   /admin/v1/farms           --> git.hyhy.fun/rsplab/iolink/internal/adminapi.(*Server).createFarm-fm (4 handlers)
[GIN-debug] GET    /admin/v1/users           --> git.hyhy.fun/rsplab/iolink/internal/adminapi.(*Server).listUsers-fm (4 handlers)
[GIN-debug] PUT    /admin/v1/farms/:id       --> git.hyhy.fun/rsplab/iolink/internal/adminapi.(*Server).updateFarm-fm (4 handlers)
[GIN-debug] DELETE /admin/v1/farms/:id       --> git.hyhy.fun/rsplab/iolink/internal/adminapi.(*Server).deleteFarm-fm (4 handlers)
[GIN-debug] PUT    /admin/v1/farms/:id/owner --> git.hyhy.fun/rsplab/iolink/internal/adminapi.(*Server).setFarmOwner-fm (4 handlers)
[GIN-debug] GET    /admin/v1/farms/:id/members --> git.hyhy.fun/rsplab/iolink/internal/adminapi.(*Server).listFarmMembers-fm (4 handlers)
[GIN-debug] PUT    /admin/v1/farms/:id/members/:user_id --> git.hyhy.fun/rsplab/iolink/internal/adminapi.(*Server).setFarmMember-fm (4 handlers)
[GIN-debug] GET    /admin/v1/ponds           --> git.hyhy.fun/rsplab/iolink/internal/adminapi.(*Server).listPonds-fm (4 handlers)
[GIN-debug] POST   /admin/v1/ponds           --> git.hyhy.fun/rsplab/iolink/internal/adminapi.(*Server).createPond-fm (4 handlers)
[GIN-debug] PUT    /admin/v1/ponds/:id       --> git.hyhy.fun/rsplab/iolink/internal/adminapi.(*Server).updatePond-fm (4 handlers)
[GIN-debug] DELETE /admin/v1/ponds/:id       --> git.hyhy.fun/rsplab/iolink/internal/adminapi.(*Server).deletePond-fm (4 handlers)
[GIN-debug] GET    /admin/v1/devices         --> git.hyhy.fun/rsplab/iolink/internal/adminapi.(*Server).listDevices-fm (4 handlers)
[GIN-debug] POST   /admin/v1/devices         --> git.hyhy.fun/rsplab/iolink/internal/adminapi.(*Server).registerDevice-fm (4 handlers)
[GIN-debug] GET    /admin/v1/devices/:device_no --> git.hyhy.fun/rsplab/iolink/internal/adminapi.(*Server).getDevice-fm (4 handlers)
[GIN-debug] DELETE /admin/v1/devices/:device_no --> git.hyhy.fun/rsplab/iolink/internal/adminapi.(*Server).deleteDevice-fm (4 handlers)
[GIN-debug] PUT    /admin/v1/devices/:device_no/pond --> git.hyhy.fun/rsplab/iolink/internal/adminapi.(*Server).moveDevice-fm (4 handlers)
[GIN-debug] GET    /admin/v1/alarm-rules     --> git.hyhy.fun/rsplab/iolink/internal/adminapi.(*Server).listRules-fm (4 handlers)
[GIN-debug] POST   /admin/v1/alarm-rules     --> git.hyhy.fun/rsplab/iolink/internal/adminapi.(*Server).createRule-fm (4 handlers)
[GIN-debug] PUT    /admin/v1/alarm-rules/:id --> git.hyhy.fun/rsplab/iolink/internal/adminapi.(*Server).updateRule-fm (4 handlers)
[GIN-debug] DELETE /admin/v1/alarm-rules/:id --> git.hyhy.fun/rsplab/iolink/internal/adminapi.(*Server).deleteRule-fm (4 handlers)
[GIN-debug] GET    /admin/v1/alarms          --> git.hyhy.fun/rsplab/iolink/internal/adminapi.(*Server).listAlarms-fm (4 handlers)
[GIN-debug] POST   /admin/v1/alarms/:id/confirm --> git.hyhy.fun/rsplab/iolink/internal/adminapi.(*Server).confirmAlarm-fm (4 handlers)
[GIN-debug] POST   /admin/v1/alarms/batch-confirm --> git.hyhy.fun/rsplab/iolink/internal/adminapi.(*Server).batchConfirm-fm (4 handlers)
[GIN-debug] GET    /admin/v1/stats           --> git.hyhy.fun/rsplab/iolink/internal/adminapi.(*Server).stats-fm (4 handlers)
[GIN-debug] GET    /admin/v1/products        --> git.hyhy.fun/rsplab/iolink/internal/adminapi.(*Server).listProducts-fm (4 handlers)
[GIN-debug] POST   /admin/v1/products        --> git.hyhy.fun/rsplab/iolink/internal/adminapi.(*Server).createProduct-fm (4 handlers)
[GIN-debug] GET    /admin/v1/products/:product_id/models --> git.hyhy.fun/rsplab/iolink/internal/adminapi.(*Server).listProductModels-fm (4 handlers)
[GIN-debug] POST   /admin/v1/products/:product_id/models --> git.hyhy.fun/rsplab/iolink/internal/adminapi.(*Server).createProductModel-fm (4 handlers)
[GIN-debug] POST   /admin/v1/products/:product_id/models/:version/publish --> git.hyhy.fun/rsplab/iolink/internal/adminapi.(*Server).publishProductModel-fm (4 handlers)
[GIN-debug] GET    /admin/v1/devices/:device_no/product --> git.hyhy.fun/rsplab/iolink/internal/adminapi.(*Server).getDeviceProduct-fm (4 handlers)
[GIN-debug] PUT    /admin/v1/devices/:device_no/product --> git.hyhy.fun/rsplab/iolink/internal/adminapi.(*Server).assignDeviceProduct-fm (4 handlers)
2026/10/04 17:46:34 INFO http request request_id=S7V63TIZWOXEFJTR6SIDYRPDGU route=/admin/v1/login method=POST status=200 duration_ms=143 tenant_id=0 actor_id=0
2026/10/04 17:46:34 WARN http request request_id=6OQWFQI35ODGHA5JUDLQ6TCKOJ route=/admin/v1/tenants/:id/members/:user_id method=PUT status=403 duration_ms=3 tenant_id=9401 actor_id=9402
[GIN-debug] [WARNING] Running in "debug" mode. Switch to "release" mode in production.
 - using env:	export GIN_MODE=release
 - using code:	gin.SetMode(gin.ReleaseMode)

[GIN-debug] POST   /admin/v1/login           --> git.hyhy.fun/rsplab/iolink/internal/adminapi.(*Server).login-fm (2 handlers)
[GIN-debug] GET    /admin/v1/tenants         --> git.hyhy.fun/rsplab/iolink/internal/adminapi.(*Server).listTenants-fm (3 handlers)
[GIN-debug] PUT    /admin/v1/tenants/:id/status --> git.hyhy.fun/rsplab/iolink/internal/adminapi.(*Server).setTenantStatus-fm (3 handlers)
[GIN-debug] GET    /admin/v1/tenants/:id/members --> git.hyhy.fun/rsplab/iolink/internal/adminapi.(*Server).listTenantMembers-fm (3 handlers)
[GIN-debug] PUT    /admin/v1/tenants/:id/members/:user_id --> git.hyhy.fun/rsplab/iolink/internal/adminapi.(*Server).setTenantMember-fm (3 handlers)
[GIN-debug] POST   /admin/v1/password        --> git.hyhy.fun/rsplab/iolink/internal/adminapi.(*Server).changePassword-fm (3 handlers)
[GIN-debug] GET    /admin/v1/farms           --> git.hyhy.fun/rsplab/iolink/internal/adminapi.(*Server).listFarms-fm (4 handlers)
[GIN-debug] POST   /admin/v1/farms           --> git.hyhy.fun/rsplab/iolink/internal/adminapi.(*Server).createFarm-fm (4 handlers)
[GIN-debug] GET    /admin/v1/users           --> git.hyhy.fun/rsplab/iolink/internal/adminapi.(*Server).listUsers-fm (4 handlers)
[GIN-debug] PUT    /admin/v1/farms/:id       --> git.hyhy.fun/rsplab/iolink/internal/adminapi.(*Server).updateFarm-fm (4 handlers)
[GIN-debug] DELETE /admin/v1/farms/:id       --> git.hyhy.fun/rsplab/iolink/internal/adminapi.(*Server).deleteFarm-fm (4 handlers)
[GIN-debug] PUT    /admin/v1/farms/:id/owner --> git.hyhy.fun/rsplab/iolink/internal/adminapi.(*Server).setFarmOwner-fm (4 handlers)
[GIN-debug] GET    /admin/v1/farms/:id/members --> git.hyhy.fun/rsplab/iolink/internal/adminapi.(*Server).listFarmMembers-fm (4 handlers)
[GIN-debug] PUT    /admin/v1/farms/:id/members/:user_id --> git.hyhy.fun/rsplab/iolink/internal/adminapi.(*Server).setFarmMember-fm (4 handlers)
[GIN-debug] GET    /admin/v1/ponds           --> git.hyhy.fun/rsplab/iolink/internal/adminapi.(*Server).listPonds-fm (4 handlers)
[GIN-debug] POST   /admin/v1/ponds           --> git.hyhy.fun/rsplab/iolink/internal/adminapi.(*Server).createPond-fm (4 handlers)
[GIN-debug] PUT    /admin/v1/ponds/:id       --> git.hyhy.fun/rsplab/iolink/internal/adminapi.(*Server).updatePond-fm (4 handlers)
[GIN-debug] DELETE /admin/v1/ponds/:id       --> git.hyhy.fun/rsplab/iolink/internal/adminapi.(*Server).deletePond-fm (4 handlers)
[GIN-debug] GET    /admin/v1/devices         --> git.hyhy.fun/rsplab/iolink/internal/adminapi.(*Server).listDevices-fm (4 handlers)
[GIN-debug] POST   /admin/v1/devices         --> git.hyhy.fun/rsplab/iolink/internal/adminapi.(*Server).registerDevice-fm (4 handlers)
[GIN-debug] GET    /admin/v1/devices/:device_no --> git.hyhy.fun/rsplab/iolink/internal/adminapi.(*Server).getDevice-fm (4 handlers)
[GIN-debug] DELETE /admin/v1/devices/:device_no --> git.hyhy.fun/rsplab/iolink/internal/adminapi.(*Server).deleteDevice-fm (4 handlers)
[GIN-debug] PUT    /admin/v1/devices/:device_no/pond --> git.hyhy.fun/rsplab/iolink/internal/adminapi.(*Server).moveDevice-fm (4 handlers)
[GIN-debug] GET    /admin/v1/alarm-rules     --> git.hyhy.fun/rsplab/iolink/internal/adminapi.(*Server).listRules-fm (4 handlers)
[GIN-debug] POST   /admin/v1/alarm-rules     --> git.hyhy.fun/rsplab/iolink/internal/adminapi.(*Server).createRule-fm (4 handlers)
[GIN-debug] PUT    /admin/v1/alarm-rules/:id --> git.hyhy.fun/rsplab/iolink/internal/adminapi.(*Server).updateRule-fm (4 handlers)
[GIN-debug] DELETE /admin/v1/alarm-rules/:id --> git.hyhy.fun/rsplab/iolink/internal/adminapi.(*Server).deleteRule-fm (4 handlers)
[GIN-debug] GET    /admin/v1/alarms          --> git.hyhy.fun/rsplab/iolink/internal/adminapi.(*Server).listAlarms-fm (4 handlers)
[GIN-debug] POST   /admin/v1/alarms/:id/confirm --> git.hyhy.fun/rsplab/iolink/internal/adminapi.(*Server).confirmAlarm-fm (4 handlers)
[GIN-debug] POST   /admin/v1/alarms/batch-confirm --> git.hyhy.fun/rsplab/iolink/internal/adminapi.(*Server).batchConfirm-fm (4 handlers)
[GIN-debug] GET    /admin/v1/stats           --> git.hyhy.fun/rsplab/iolink/internal/adminapi.(*Server).stats-fm (4 handlers)
[GIN-debug] GET    /admin/v1/products        --> git.hyhy.fun/rsplab/iolink/internal/adminapi.(*Server).listProducts-fm (4 handlers)
[GIN-debug] POST   /admin/v1/products        --> git.hyhy.fun/rsplab/iolink/internal/adminapi.(*Server).createProduct-fm (4 handlers)
[GIN-debug] GET    /admin/v1/products/:product_id/models --> git.hyhy.fun/rsplab/iolink/internal/adminapi.(*Server).listProductModels-fm (4 handlers)
[GIN-debug] POST   /admin/v1/products/:product_id/models --> git.hyhy.fun/rsplab/iolink/internal/adminapi.(*Server).createProductModel-fm (4 handlers)
[GIN-debug] POST   /admin/v1/products/:product_id/models/:version/publish --> git.hyhy.fun/rsplab/iolink/internal/adminapi.(*Server).publishProductModel-fm (4 handlers)
[GIN-debug] GET    /admin/v1/devices/:device_no/product --> git.hyhy.fun/rsplab/iolink/internal/adminapi.(*Server).getDeviceProduct-fm (4 handlers)
[GIN-debug] PUT    /admin/v1/devices/:device_no/product --> git.hyhy.fun/rsplab/iolink/internal/adminapi.(*Server).assignDeviceProduct-fm (4 handlers)
2026/10/04 17:46:34 INFO http request request_id=P74S4DEJ7QONTRBA3F2SB6NKOL route=/admin/v1/login method=POST status=200 duration_ms=144 tenant_id=0 actor_id=0
2026/10/04 17:46:34 WARN http request request_id=HAAVJVXSMY44RUU2VNMWORL32R route=/admin/v1/tenants/:id/members/:user_id method=PUT status=403 duration_ms=3 tenant_id=9401 actor_id=9402
[GIN-debug] [WARNING] Running in "debug" mode. Switch to "release" mode in production.
 - using env:	export GIN_MODE=release
 - using code:	gin.SetMode(gin.ReleaseMode)

[GIN-debug] POST   /admin/v1/login           --> git.hyhy.fun/rsplab/iolink/internal/adminapi.(*Server).login-fm (2 handlers)
[GIN-debug] GET    /admin/v1/tenants         --> git.hyhy.fun/rsplab/iolink/internal/adminapi.(*Server).listTenants-fm (3 handlers)
[GIN-debug] PUT    /admin/v1/tenants/:id/status --> git.hyhy.fun/rsplab/iolink/internal/adminapi.(*Server).setTenantStatus-fm (3 handlers)
[GIN-debug] GET    /admin/v1/tenants/:id/members --> git.hyhy.fun/rsplab/iolink/internal/adminapi.(*Server).listTenantMembers-fm (3 handlers)
[GIN-debug] PUT    /admin/v1/tenants/:id/members/:user_id --> git.hyhy.fun/rsplab/iolink/internal/adminapi.(*Server).setTenantMember-fm (3 handlers)
[GIN-debug] POST   /admin/v1/password        --> git.hyhy.fun/rsplab/iolink/internal/adminapi.(*Server).changePassword-fm (3 handlers)
[GIN-debug] GET    /admin/v1/farms           --> git.hyhy.fun/rsplab/iolink/internal/adminapi.(*Server).listFarms-fm (4 handlers)
[GIN-debug] POST   /admin/v1/farms           --> git.hyhy.fun/rsplab/iolink/internal/adminapi.(*Server).createFarm-fm (4 handlers)
[GIN-debug] GET    /admin/v1/users           --> git.hyhy.fun/rsplab/iolink/internal/adminapi.(*Server).listUsers-fm (4 handlers)
[GIN-debug] PUT    /admin/v1/farms/:id       --> git.hyhy.fun/rsplab/iolink/internal/adminapi.(*Server).updateFarm-fm (4 handlers)
[GIN-debug] DELETE /admin/v1/farms/:id       --> git.hyhy.fun/rsplab/iolink/internal/adminapi.(*Server).deleteFarm-fm (4 handlers)
[GIN-debug] PUT    /admin/v1/farms/:id/owner --> git.hyhy.fun/rsplab/iolink/internal/adminapi.(*Server).setFarmOwner-fm (4 handlers)
[GIN-debug] GET    /admin/v1/farms/:id/members --> git.hyhy.fun/rsplab/iolink/internal/adminapi.(*Server).listFarmMembers-fm (4 handlers)
[GIN-debug] PUT    /admin/v1/farms/:id/members/:user_id --> git.hyhy.fun/rsplab/iolink/internal/adminapi.(*Server).setFarmMember-fm (4 handlers)
[GIN-debug] GET    /admin/v1/ponds           --> git.hyhy.fun/rsplab/iolink/internal/adminapi.(*Server).listPonds-fm (4 handlers)
[GIN-debug] POST   /admin/v1/ponds           --> git.hyhy.fun/rsplab/iolink/internal/adminapi.(*Server).createPond-fm (4 handlers)
[GIN-debug] PUT    /admin/v1/ponds/:id       --> git.hyhy.fun/rsplab/iolink/internal/adminapi.(*Server).updatePond-fm (4 handlers)
[GIN-debug] DELETE /admin/v1/ponds/:id       --> git.hyhy.fun/rsplab/iolink/internal/adminapi.(*Server).deletePond-fm (4 handlers)
[GIN-debug] GET    /admin/v1/devices         --> git.hyhy.fun/rsplab/iolink/internal/adminapi.(*Server).listDevices-fm (4 handlers)
[GIN-debug] POST   /admin/v1/devices         --> git.hyhy.fun/rsplab/iolink/internal/adminapi.(*Server).registerDevice-fm (4 handlers)
[GIN-debug] GET    /admin/v1/devices/:device_no --> git.hyhy.fun/rsplab/iolink/internal/adminapi.(*Server).getDevice-fm (4 handlers)
[GIN-debug] DELETE /admin/v1/devices/:device_no --> git.hyhy.fun/rsplab/iolink/internal/adminapi.(*Server).deleteDevice-fm (4 handlers)
[GIN-debug] PUT    /admin/v1/devices/:device_no/pond --> git.hyhy.fun/rsplab/iolink/internal/adminapi.(*Server).moveDevice-fm (4 handlers)
[GIN-debug] GET    /admin/v1/alarm-rules     --> git.hyhy.fun/rsplab/iolink/internal/adminapi.(*Server).listRules-fm (4 handlers)
[GIN-debug] POST   /admin/v1/alarm-rules     --> git.hyhy.fun/rsplab/iolink/internal/adminapi.(*Server).createRule-fm (4 handlers)
[GIN-debug] PUT    /admin/v1/alarm-rules/:id --> git.hyhy.fun/rsplab/iolink/internal/adminapi.(*Server).updateRule-fm (4 handlers)
[GIN-debug] DELETE /admin/v1/alarm-rules/:id --> git.hyhy.fun/rsplab/iolink/internal/adminapi.(*Server).deleteRule-fm (4 handlers)
[GIN-debug] GET    /admin/v1/alarms          --> git.hyhy.fun/rsplab/iolink/internal/adminapi.(*Server).listAlarms-fm (4 handlers)
[GIN-debug] POST   /admin/v1/alarms/:id/confirm --> git.hyhy.fun/rsplab/iolink/internal/adminapi.(*Server).confirmAlarm-fm (4 handlers)
[GIN-debug] POST   /admin/v1/alarms/batch-confirm --> git.hyhy.fun/rsplab/iolink/internal/adminapi.(*Server).batchConfirm-fm (4 handlers)
[GIN-debug] GET    /admin/v1/stats           --> git.hyhy.fun/rsplab/iolink/internal/adminapi.(*Server).stats-fm (4 handlers)
[GIN-debug] GET    /admin/v1/products        --> git.hyhy.fun/rsplab/iolink/internal/adminapi.(*Server).listProducts-fm (4 handlers)
[GIN-debug] POST   /admin/v1/products        --> git.hyhy.fun/rsplab/iolink/internal/adminapi.(*Server).createProduct-fm (4 handlers)
[GIN-debug] GET    /admin/v1/products/:product_id/models --> git.hyhy.fun/rsplab/iolink/internal/adminapi.(*Server).listProductModels-fm (4 handlers)
[GIN-debug] POST   /admin/v1/products/:product_id/models --> git.hyhy.fun/rsplab/iolink/internal/adminapi.(*Server).createProductModel-fm (4 handlers)
[GIN-debug] POST   /admin/v1/products/:product_id/models/:version/publish --> git.hyhy.fun/rsplab/iolink/internal/adminapi.(*Server).publishProductModel-fm (4 handlers)
[GIN-debug] GET    /admin/v1/devices/:device_no/product --> git.hyhy.fun/rsplab/iolink/internal/adminapi.(*Server).getDeviceProduct-fm (4 handlers)
[GIN-debug] PUT    /admin/v1/devices/:device_no/product --> git.hyhy.fun/rsplab/iolink/internal/adminapi.(*Server).assignDeviceProduct-fm (4 handlers)
2026/10/04 17:46:35 INFO http request request_id=DFQON2TDZ7K2FFMKG6KWZPV6SO route=/admin/v1/login method=POST status=200 duration_ms=138 tenant_id=0 actor_id=0
2026/10/04 17:46:35 WARN http request request_id=PGYRGNTKDIX6GBCRFYMYBHUDZB route=/admin/v1/tenants/:id/members/:user_id method=PUT status=403 duration_ms=2 tenant_id=9401 actor_id=9402
[GIN-debug] [WARNING] Running in "debug" mode. Switch to "release" mode in production.
 - using env:	export GIN_MODE=release
 - using code:	gin.SetMode(gin.ReleaseMode)

[GIN-debug] POST   /admin/v1/login           --> git.hyhy.fun/rsplab/iolink/internal/adminapi.(*Server).login-fm (2 handlers)
[GIN-debug] GET    /admin/v1/tenants         --> git.hyhy.fun/rsplab/iolink/internal/adminapi.(*Server).listTenants-fm (3 handlers)
[GIN-debug] PUT    /admin/v1/tenants/:id/status --> git.hyhy.fun/rsplab/iolink/internal/adminapi.(*Server).setTenantStatus-fm (3 handlers)
[GIN-debug] GET    /admin/v1/tenants/:id/members --> git.hyhy.fun/rsplab/iolink/internal/adminapi.(*Server).listTenantMembers-fm (3 handlers)
[GIN-debug] PUT    /admin/v1/tenants/:id/members/:user_id --> git.hyhy.fun/rsplab/iolink/internal/adminapi.(*Server).setTenantMember-fm (3 handlers)
[GIN-debug] POST   /admin/v1/password        --> git.hyhy.fun/rsplab/iolink/internal/adminapi.(*Server).changePassword-fm (3 handlers)
[GIN-debug] GET    /admin/v1/farms           --> git.hyhy.fun/rsplab/iolink/internal/adminapi.(*Server).listFarms-fm (4 handlers)
[GIN-debug] POST   /admin/v1/farms           --> git.hyhy.fun/rsplab/iolink/internal/adminapi.(*Server).createFarm-fm (4 handlers)
[GIN-debug] GET    /admin/v1/users           --> git.hyhy.fun/rsplab/iolink/internal/adminapi.(*Server).listUsers-fm (4 handlers)
[GIN-debug] PUT    /admin/v1/farms/:id       --> git.hyhy.fun/rsplab/iolink/internal/adminapi.(*Server).updateFarm-fm (4 handlers)
[GIN-debug] DELETE /admin/v1/farms/:id       --> git.hyhy.fun/rsplab/iolink/internal/adminapi.(*Server).deleteFarm-fm (4 handlers)
[GIN-debug] PUT    /admin/v1/farms/:id/owner --> git.hyhy.fun/rsplab/iolink/internal/adminapi.(*Server).setFarmOwner-fm (4 handlers)
[GIN-debug] GET    /admin/v1/farms/:id/members --> git.hyhy.fun/rsplab/iolink/internal/adminapi.(*Server).listFarmMembers-fm (4 handlers)
[GIN-debug] PUT    /admin/v1/farms/:id/members/:user_id --> git.hyhy.fun/rsplab/iolink/internal/adminapi.(*Server).setFarmMember-fm (4 handlers)
[GIN-debug] GET    /admin/v1/ponds           --> git.hyhy.fun/rsplab/iolink/internal/adminapi.(*Server).listPonds-fm (4 handlers)
[GIN-debug] POST   /admin/v1/ponds           --> git.hyhy.fun/rsplab/iolink/internal/adminapi.(*Server).createPond-fm (4 handlers)
[GIN-debug] PUT    /admin/v1/ponds/:id       --> git.hyhy.fun/rsplab/iolink/internal/adminapi.(*Server).updatePond-fm (4 handlers)
[GIN-debug] DELETE /admin/v1/ponds/:id       --> git.hyhy.fun/rsplab/iolink/internal/adminapi.(*Server).deletePond-fm (4 handlers)
[GIN-debug] GET    /admin/v1/devices         --> git.hyhy.fun/rsplab/iolink/internal/adminapi.(*Server).listDevices-fm (4 handlers)
[GIN-debug] POST   /admin/v1/devices         --> git.hyhy.fun/rsplab/iolink/internal/adminapi.(*Server).registerDevice-fm (4 handlers)
[GIN-debug] GET    /admin/v1/devices/:device_no --> git.hyhy.fun/rsplab/iolink/internal/adminapi.(*Server).getDevice-fm (4 handlers)
[GIN-debug] DELETE /admin/v1/devices/:device_no --> git.hyhy.fun/rsplab/iolink/internal/adminapi.(*Server).deleteDevice-fm (4 handlers)
[GIN-debug] PUT    /admin/v1/devices/:device_no/pond --> git.hyhy.fun/rsplab/iolink/internal/adminapi.(*Server).moveDevice-fm (4 handlers)
[GIN-debug] GET    /admin/v1/alarm-rules     --> git.hyhy.fun/rsplab/iolink/internal/adminapi.(*Server).listRules-fm (4 handlers)
[GIN-debug] POST   /admin/v1/alarm-rules     --> git.hyhy.fun/rsplab/iolink/internal/adminapi.(*Server).createRule-fm (4 handlers)
[GIN-debug] PUT    /admin/v1/alarm-rules/:id --> git.hyhy.fun/rsplab/iolink/internal/adminapi.(*Server).updateRule-fm (4 handlers)
[GIN-debug] DELETE /admin/v1/alarm-rules/:id --> git.hyhy.fun/rsplab/iolink/internal/adminapi.(*Server).deleteRule-fm (4 handlers)
[GIN-debug] GET    /admin/v1/alarms          --> git.hyhy.fun/rsplab/iolink/internal/adminapi.(*Server).listAlarms-fm (4 handlers)
[GIN-debug] POST   /admin/v1/alarms/:id/confirm --> git.hyhy.fun/rsplab/iolink/internal/adminapi.(*Server).confirmAlarm-fm (4 handlers)
[GIN-debug] POST   /admin/v1/alarms/batch-confirm --> git.hyhy.fun/rsplab/iolink/internal/adminapi.(*Server).batchConfirm-fm (4 handlers)
[GIN-debug] GET    /admin/v1/stats           --> git.hyhy.fun/rsplab/iolink/internal/adminapi.(*Server).stats-fm (4 handlers)
[GIN-debug] GET    /admin/v1/products        --> git.hyhy.fun/rsplab/iolink/internal/adminapi.(*Server).listProducts-fm (4 handlers)
[GIN-debug] POST   /admin/v1/products        --> git.hyhy.fun/rsplab/iolink/internal/adminapi.(*Server).createProduct-fm (4 handlers)
[GIN-debug] GET    /admin/v1/products/:product_id/models --> git.hyhy.fun/rsplab/iolink/internal/adminapi.(*Server).listProductModels-fm (4 handlers)
[GIN-debug] POST   /admin/v1/products/:product_id/models --> git.hyhy.fun/rsplab/iolink/internal/adminapi.(*Server).createProductModel-fm (4 handlers)
[GIN-debug] POST   /admin/v1/products/:product_id/models/:version/publish --> git.hyhy.fun/rsplab/iolink/internal/adminapi.(*Server).publishProductModel-fm (4 handlers)
[GIN-debug] GET    /admin/v1/devices/:device_no/product --> git.hyhy.fun/rsplab/iolink/internal/adminapi.(*Server).getDeviceProduct-fm (4 handlers)
[GIN-debug] PUT    /admin/v1/devices/:device_no/product --> git.hyhy.fun/rsplab/iolink/internal/adminapi.(*Server).assignDeviceProduct-fm (4 handlers)
2026/10/04 17:46:36 INFO http request request_id=OP3IWLEVBE35QLOCXWBIPDG7UY route=/admin/v1/login method=POST status=200 duration_ms=139 tenant_id=0 actor_id=0
2026/10/04 17:46:36 WARN http request request_id=CSILTV5M6UI26IW2YP6UHEBDBR route=/admin/v1/tenants/:id/members/:user_id method=PUT status=403 duration_ms=3 tenant_id=9401 actor_id=9402
[GIN-debug] [WARNING] Running in "debug" mode. Switch to "release" mode in production.
 - using env:	export GIN_MODE=release
 - using code:	gin.SetMode(gin.ReleaseMode)

[GIN-debug] POST   /api/v1/auth/login        --> git.hyhy.fun/rsplab/iolink/internal/appapi.(*Server).login-fm (2 handlers)
[GIN-debug] GET    /api/v1/auth/tenants      --> git.hyhy.fun/rsplab/iolink/internal/appapi.(*Server).listTenants-fm (3 handlers)
[GIN-debug] POST   /api/v1/auth/tenant       --> git.hyhy.fun/rsplab/iolink/internal/appapi.(*Server).switchTenant-fm (3 handlers)
[GIN-debug] GET    /api/v1/ponds             --> git.hyhy.fun/rsplab/iolink/internal/appapi.(*Server).listPonds-fm (3 handlers)
[GIN-debug] GET    /api/v1/ponds/:id         --> git.hyhy.fun/rsplab/iolink/internal/appapi.(*Server).getPond-fm (3 handlers)
[GIN-debug] GET    /api/v1/devices           --> git.hyhy.fun/rsplab/iolink/internal/appapi.(*Server).listDevices-fm (3 handlers)
[GIN-debug] GET    /api/v1/devices/:device_no --> git.hyhy.fun/rsplab/iolink/internal/appapi.(*Server).getDevice-fm (3 handlers)
[GIN-debug] GET    /api/v1/water/latest      --> git.hyhy.fun/rsplab/iolink/internal/appapi.(*Server).waterLatest-fm (3 handlers)
[GIN-debug] GET    /api/v1/water/history     --> git.hyhy.fun/rsplab/iolink/internal/appapi.(*Server).waterHistory-fm (3 handlers)
[GIN-debug] GET    /api/v1/alarms            --> git.hyhy.fun/rsplab/iolink/internal/appapi.(*Server).listAlarms-fm (3 handlers)
[GIN-debug] GET    /api/v1/stats/summary     --> git.hyhy.fun/rsplab/iolink/internal/appapi.(*Server).statsSummary-fm (3 handlers)
[GIN-debug] POST   /api/v1/alarms/:id/confirm --> git.hyhy.fun/rsplab/iolink/internal/appapi.(*Server).confirmAlarm-fm (3 handlers)
[GIN-debug] POST   /api/v2/devices/:device_no/telemetry --> git.hyhy.fun/rsplab/iolink/internal/appapi.(*Server).submitTelemetryV2-fm (3 handlers)
[GIN-debug] GET    /api/v2/devices/:device_no/model/latest --> git.hyhy.fun/rsplab/iolink/internal/appapi.(*Server).modelLatestV2-fm (3 handlers)
[GIN-debug] GET    /api/v2/devices/:device_no/history --> git.hyhy.fun/rsplab/iolink/internal/appapi.(*Server).telemetryHistoryV2-fm (3 handlers)
[GIN-debug] [WARNING] Running in "debug" mode. Switch to "release" mode in production.
 - using env:	export GIN_MODE=release
 - using code:	gin.SetMode(gin.ReleaseMode)

[GIN-debug] POST   /api/v1/auth/login        --> git.hyhy.fun/rsplab/iolink/internal/appapi.(*Server).login-fm (2 handlers)
[GIN-debug] GET    /api/v1/auth/tenants      --> git.hyhy.fun/rsplab/iolink/internal/appapi.(*Server).listTenants-fm (3 handlers)
[GIN-debug] POST   /api/v1/auth/tenant       --> git.hyhy.fun/rsplab/iolink/internal/appapi.(*Server).switchTenant-fm (3 handlers)
[GIN-debug] GET    /api/v1/ponds             --> git.hyhy.fun/rsplab/iolink/internal/appapi.(*Server).listPonds-fm (3 handlers)
[GIN-debug] GET    /api/v1/ponds/:id         --> git.hyhy.fun/rsplab/iolink/internal/appapi.(*Server).getPond-fm (3 handlers)
[GIN-debug] GET    /api/v1/devices           --> git.hyhy.fun/rsplab/iolink/internal/appapi.(*Server).listDevices-fm (3 handlers)
[GIN-debug] GET    /api/v1/devices/:device_no --> git.hyhy.fun/rsplab/iolink/internal/appapi.(*Server).getDevice-fm (3 handlers)
[GIN-debug] GET    /api/v1/water/latest      --> git.hyhy.fun/rsplab/iolink/internal/appapi.(*Server).waterLatest-fm (3 handlers)
[GIN-debug] GET    /api/v1/water/history     --> git.hyhy.fun/rsplab/iolink/internal/appapi.(*Server).waterHistory-fm (3 handlers)
[GIN-debug] GET    /api/v1/alarms            --> git.hyhy.fun/rsplab/iolink/internal/appapi.(*Server).listAlarms-fm (3 handlers)
[GIN-debug] GET    /api/v1/stats/summary     --> git.hyhy.fun/rsplab/iolink/internal/appapi.(*Server).statsSummary-fm (3 handlers)
[GIN-debug] POST   /api/v1/alarms/:id/confirm --> git.hyhy.fun/rsplab/iolink/internal/appapi.(*Server).confirmAlarm-fm (3 handlers)
[GIN-debug] POST   /api/v2/devices/:device_no/telemetry --> git.hyhy.fun/rsplab/iolink/internal/appapi.(*Server).submitTelemetryV2-fm (3 handlers)
[GIN-debug] GET    /api/v2/devices/:device_no/model/latest --> git.hyhy.fun/rsplab/iolink/internal/appapi.(*Server).modelLatestV2-fm (3 handlers)
[GIN-debug] GET    /api/v2/devices/:device_no/history --> git.hyhy.fun/rsplab/iolink/internal/appapi.(*Server).telemetryHistoryV2-fm (3 handlers)
[GIN-debug] [WARNING] Running in "debug" mode. Switch to "release" mode in production.
 - using env:	export GIN_MODE=release
 - using code:	gin.SetMode(gin.ReleaseMode)

[GIN-debug] POST   /api/v1/auth/login        --> git.hyhy.fun/rsplab/iolink/internal/appapi.(*Server).login-fm (2 handlers)
[GIN-debug] GET    /api/v1/auth/tenants      --> git.hyhy.fun/rsplab/iolink/internal/appapi.(*Server).listTenants-fm (3 handlers)
[GIN-debug] POST   /api/v1/auth/tenant       --> git.hyhy.fun/rsplab/iolink/internal/appapi.(*Server).switchTenant-fm (3 handlers)
[GIN-debug] GET    /api/v1/ponds             --> git.hyhy.fun/rsplab/iolink/internal/appapi.(*Server).listPonds-fm (3 handlers)
[GIN-debug] GET    /api/v1/ponds/:id         --> git.hyhy.fun/rsplab/iolink/internal/appapi.(*Server).getPond-fm (3 handlers)
[GIN-debug] GET    /api/v1/devices           --> git.hyhy.fun/rsplab/iolink/internal/appapi.(*Server).listDevices-fm (3 handlers)
[GIN-debug] GET    /api/v1/devices/:device_no --> git.hyhy.fun/rsplab/iolink/internal/appapi.(*Server).getDevice-fm (3 handlers)
[GIN-debug] GET    /api/v1/water/latest      --> git.hyhy.fun/rsplab/iolink/internal/appapi.(*Server).waterLatest-fm (3 handlers)
[GIN-debug] GET    /api/v1/water/history     --> git.hyhy.fun/rsplab/iolink/internal/appapi.(*Server).waterHistory-fm (3 handlers)
[GIN-debug] GET    /api/v1/alarms            --> git.hyhy.fun/rsplab/iolink/internal/appapi.(*Server).listAlarms-fm (3 handlers)
[GIN-debug] GET    /api/v1/stats/summary     --> git.hyhy.fun/rsplab/iolink/internal/appapi.(*Server).statsSummary-fm (3 handlers)
[GIN-debug] POST   /api/v1/alarms/:id/confirm --> git.hyhy.fun/rsplab/iolink/internal/appapi.(*Server).confirmAlarm-fm (3 handlers)
[GIN-debug] POST   /api/v2/devices/:device_no/telemetry --> git.hyhy.fun/rsplab/iolink/internal/appapi.(*Server).submitTelemetryV2-fm (3 handlers)
[GIN-debug] GET    /api/v2/devices/:device_no/model/latest --> git.hyhy.fun/rsplab/iolink/internal/appapi.(*Server).modelLatestV2-fm (3 handlers)
[GIN-debug] GET    /api/v2/devices/:device_no/history --> git.hyhy.fun/rsplab/iolink/internal/appapi.(*Server).telemetryHistoryV2-fm (3 handlers)
[GIN-debug] [WARNING] Running in "debug" mode. Switch to "release" mode in production.
 - using env:	export GIN_MODE=release
 - using code:	gin.SetMode(gin.ReleaseMode)

[GIN-debug] POST   /api/v1/auth/login        --> git.hyhy.fun/rsplab/iolink/internal/appapi.(*Server).login-fm (2 handlers)
[GIN-debug] GET    /api/v1/auth/tenants      --> git.hyhy.fun/rsplab/iolink/internal/appapi.(*Server).listTenants-fm (3 handlers)
[GIN-debug] POST   /api/v1/auth/tenant       --> git.hyhy.fun/rsplab/iolink/internal/appapi.(*Server).switchTenant-fm (3 handlers)
[GIN-debug] GET    /api/v1/ponds             --> git.hyhy.fun/rsplab/iolink/internal/appapi.(*Server).listPonds-fm (3 handlers)
[GIN-debug] GET    /api/v1/ponds/:id         --> git.hyhy.fun/rsplab/iolink/internal/appapi.(*Server).getPond-fm (3 handlers)
[GIN-debug] GET    /api/v1/devices           --> git.hyhy.fun/rsplab/iolink/internal/appapi.(*Server).listDevices-fm (3 handlers)
[GIN-debug] GET    /api/v1/devices/:device_no --> git.hyhy.fun/rsplab/iolink/internal/appapi.(*Server).getDevice-fm (3 handlers)
[GIN-debug] GET    /api/v1/water/latest      --> git.hyhy.fun/rsplab/iolink/internal/appapi.(*Server).waterLatest-fm (3 handlers)
[GIN-debug] GET    /api/v1/water/history     --> git.hyhy.fun/rsplab/iolink/internal/appapi.(*Server).waterHistory-fm (3 handlers)
[GIN-debug] GET    /api/v1/alarms            --> git.hyhy.fun/rsplab/iolink/internal/appapi.(*Server).listAlarms-fm (3 handlers)
[GIN-debug] GET    /api/v1/stats/summary     --> git.hyhy.fun/rsplab/iolink/internal/appapi.(*Server).statsSummary-fm (3 handlers)
[GIN-debug] POST   /api/v1/alarms/:id/confirm --> git.hyhy.fun/rsplab/iolink/internal/appapi.(*Server).confirmAlarm-fm (3 handlers)
[GIN-debug] POST   /api/v2/devices/:device_no/telemetry --> git.hyhy.fun/rsplab/iolink/internal/appapi.(*Server).submitTelemetryV2-fm (3 handlers)
[GIN-debug] GET    /api/v2/devices/:device_no/model/latest --> git.hyhy.fun/rsplab/iolink/internal/appapi.(*Server).modelLatestV2-fm (3 handlers)
[GIN-debug] GET    /api/v2/devices/:device_no/history --> git.hyhy.fun/rsplab/iolink/internal/appapi.(*Server).telemetryHistoryV2-fm (3 handlers)
[GIN-debug] [WARNING] Running in "debug" mode. Switch to "release" mode in production.
 - using env:	export GIN_MODE=release
 - using code:	gin.SetMode(gin.ReleaseMode)

[GIN-debug] POST   /api/v1/auth/login        --> git.hyhy.fun/rsplab/iolink/internal/appapi.(*Server).login-fm (2 handlers)
[GIN-debug] GET    /api/v1/auth/tenants      --> git.hyhy.fun/rsplab/iolink/internal/appapi.(*Server).listTenants-fm (3 handlers)
[GIN-debug] POST   /api/v1/auth/tenant       --> git.hyhy.fun/rsplab/iolink/internal/appapi.(*Server).switchTenant-fm (3 handlers)
[GIN-debug] GET    /api/v1/ponds             --> git.hyhy.fun/rsplab/iolink/internal/appapi.(*Server).listPonds-fm (3 handlers)
[GIN-debug] GET    /api/v1/ponds/:id         --> git.hyhy.fun/rsplab/iolink/internal/appapi.(*Server).getPond-fm (3 handlers)
[GIN-debug] GET    /api/v1/devices           --> git.hyhy.fun/rsplab/iolink/internal/appapi.(*Server).listDevices-fm (3 handlers)
[GIN-debug] GET    /api/v1/devices/:device_no --> git.hyhy.fun/rsplab/iolink/internal/appapi.(*Server).getDevice-fm (3 handlers)
[GIN-debug] GET    /api/v1/water/latest      --> git.hyhy.fun/rsplab/iolink/internal/appapi.(*Server).waterLatest-fm (3 handlers)
[GIN-debug] GET    /api/v1/water/history     --> git.hyhy.fun/rsplab/iolink/internal/appapi.(*Server).waterHistory-fm (3 handlers)
[GIN-debug] GET    /api/v1/alarms            --> git.hyhy.fun/rsplab/iolink/internal/appapi.(*Server).listAlarms-fm (3 handlers)
[GIN-debug] GET    /api/v1/stats/summary     --> git.hyhy.fun/rsplab/iolink/internal/appapi.(*Server).statsSummary-fm (3 handlers)
[GIN-debug] POST   /api/v1/alarms/:id/confirm --> git.hyhy.fun/rsplab/iolink/internal/appapi.(*Server).confirmAlarm-fm (3 handlers)
[GIN-debug] POST   /api/v2/devices/:device_no/telemetry --> git.hyhy.fun/rsplab/iolink/internal/appapi.(*Server).submitTelemetryV2-fm (3 handlers)
[GIN-debug] GET    /api/v2/devices/:device_no/model/latest --> git.hyhy.fun/rsplab/iolink/internal/appapi.(*Server).modelLatestV2-fm (3 handlers)
[GIN-debug] GET    /api/v2/devices/:device_no/history --> git.hyhy.fun/rsplab/iolink/internal/appapi.(*Server).telemetryHistoryV2-fm (3 handlers)
[GIN-debug] [WARNING] Running in "debug" mode. Switch to "release" mode in production.
 - using env:	export GIN_MODE=release
 - using code:	gin.SetMode(gin.ReleaseMode)

[GIN-debug] POST   /api/v1/auth/login        --> git.hyhy.fun/rsplab/iolink/internal/appapi.(*Server).login-fm (2 handlers)
[GIN-debug] GET    /api/v1/auth/tenants      --> git.hyhy.fun/rsplab/iolink/internal/appapi.(*Server).listTenants-fm (3 handlers)
[GIN-debug] POST   /api/v1/auth/tenant       --> git.hyhy.fun/rsplab/iolink/internal/appapi.(*Server).switchTenant-fm (3 handlers)
[GIN-debug] GET    /api/v1/ponds             --> git.hyhy.fun/rsplab/iolink/internal/appapi.(*Server).listPonds-fm (3 handlers)
[GIN-debug] GET    /api/v1/ponds/:id         --> git.hyhy.fun/rsplab/iolink/internal/appapi.(*Server).getPond-fm (3 handlers)
[GIN-debug] GET    /api/v1/devices           --> git.hyhy.fun/rsplab/iolink/internal/appapi.(*Server).listDevices-fm (3 handlers)
[GIN-debug] GET    /api/v1/devices/:device_no --> git.hyhy.fun/rsplab/iolink/internal/appapi.(*Server).getDevice-fm (3 handlers)
[GIN-debug] GET    /api/v1/water/latest      --> git.hyhy.fun/rsplab/iolink/internal/appapi.(*Server).waterLatest-fm (3 handlers)
[GIN-debug] GET    /api/v1/water/history     --> git.hyhy.fun/rsplab/iolink/internal/appapi.(*Server).waterHistory-fm (3 handlers)
[GIN-debug] GET    /api/v1/alarms            --> git.hyhy.fun/rsplab/iolink/internal/appapi.(*Server).listAlarms-fm (3 handlers)
[GIN-debug] GET    /api/v1/stats/summary     --> git.hyhy.fun/rsplab/iolink/internal/appapi.(*Server).statsSummary-fm (3 handlers)
[GIN-debug] POST   /api/v1/alarms/:id/confirm --> git.hyhy.fun/rsplab/iolink/internal/appapi.(*Server).confirmAlarm-fm (3 handlers)
[GIN-debug] POST   /api/v2/devices/:device_no/telemetry --> git.hyhy.fun/rsplab/iolink/internal/appapi.(*Server).submitTelemetryV2-fm (3 handlers)
[GIN-debug] GET    /api/v2/devices/:device_no/model/latest --> git.hyhy.fun/rsplab/iolink/internal/appapi.(*Server).modelLatestV2-fm (3 handlers)
[GIN-debug] GET    /api/v2/devices/:device_no/history --> git.hyhy.fun/rsplab/iolink/internal/appapi.(*Server).telemetryHistoryV2-fm (3 handlers)
--- FAIL: TestM6bScopedReadsAndExistsQueries (0.38s)
    m6b_tenant_test.go:291: confirm already-confirmed alarm: forbidden
FAIL
FAIL	git.hyhy.fun/rsplab/iolink/internal/core	68.891s
ok  	git.hyhy.fun/rsplab/iolink/internal/domain	1.015s
?   	git.hyhy.fun/rsplab/iolink/internal/event	[no test files]
ok  	git.hyhy.fun/rsplab/iolink/internal/ingestion	1.873s
ok  	git.hyhy.fun/rsplab/iolink/internal/migrate	8.961s
ok  	git.hyhy.fun/rsplab/iolink/internal/notifications	6.261s
ok  	git.hyhy.fun/rsplab/iolink/internal/observability	1.698s
ok  	git.hyhy.fun/rsplab/iolink/internal/operations	1.060s
ok  	git.hyhy.fun/rsplab/iolink/internal/persistence	1.736s
ok  	git.hyhy.fun/rsplab/iolink/internal/platform	1.906s
?   	git.hyhy.fun/rsplab/iolink/internal/testdb	[no test files]
?   	git.hyhy.fun/rsplab/iolink/internal/web	[no test files]
ok  	git.hyhy.fun/rsplab/iolink/internal/wechat	1.023s
?   	git.hyhy.fun/rsplab/iolink/internal/wire	[no test files]
FAIL
make: *** [Makefile:25: verify] Error 1

EXIT 2
