Snapshot 2b66812fd0d6e64609c1bc3fccbccccf71a4f99d; dedicated PG16/Timescale; DSN supplied internally, omitted.
Environment: Linux; dedicated Docker container iolink-todo9-pg, 127.0.0.1:55439; PostgreSQL 16, TimescaleDB 2.30.0. IOLINK_TEST_PG_DSN set from container configuration in memory; value omitted.
Command: GIN_MODE=release IOLINK_TEST_PG_DSN=<isolated; set, value omitted> go test -race -shuffle=on -count=1 -v ./internal/core ./internal/appapi -run 'Test(M2OwnershipLifecycleAndTokenRevocation|HistoryAndAlarmFiltersUseSnapshotOwnership|AppResourceHTTP|LoginAndListPonds|WaterLatest|AuthRequired|TenantRoleConfirmationMatrix)'
Result: exit 0; both packages PASS; no SKIP. Output follows.
-test.shuffle 1791462310160943420
=== RUN   TestAppResourceHTTPWhenManagerTokenLosesAuthority
=== RUN   TestAppResourceHTTPWhenManagerTokenLosesAuthority/role
    app_resource_scope_http_test.go:170: environment real_timescaledb=2.30.0
    app_resource_scope_http_test.go:187: http method=GET path=/api/v2/devices/v2-hidden/model/latest status=401 response={"error":"tenant membership revoked"}
    app_resource_scope_http_test.go:190: scenario=role_revocation status=401 before={"alarms": [], "outbox": [], "shadows": [], "telemetry": [], "sensor_data": []} after={"alarms": [], "outbox": [], "shadows": [], "telemetry": [], "sensor_data": []}
    app_resource_scope_http_test.go:187: http method=POST path=/api/v2/devices/v2-hidden/telemetry status=401 response={"error":"tenant membership revoked"}
    app_resource_scope_http_test.go:190: scenario=role_revocation status=401 before={"alarms": [], "outbox": [], "shadows": [], "telemetry": [], "sensor_data": []} after={"alarms": [], "outbox": [], "shadows": [], "telemetry": [], "sensor_data": []}
=== RUN   TestAppResourceHTTPWhenManagerTokenLosesAuthority/membership
    app_resource_scope_http_test.go:170: environment real_timescaledb=2.30.0
    app_resource_scope_http_test.go:187: http method=GET path=/api/v2/devices/v2-hidden/model/latest status=401 response={"error":"tenant membership revoked"}
    app_resource_scope_http_test.go:190: scenario=membership_revocation status=401 before={"alarms": [], "outbox": [], "shadows": [], "telemetry": [], "sensor_data": []} after={"alarms": [], "outbox": [], "shadows": [], "telemetry": [], "sensor_data": []}
    app_resource_scope_http_test.go:187: http method=POST path=/api/v2/devices/v2-hidden/telemetry status=401 response={"error":"tenant membership revoked"}
    app_resource_scope_http_test.go:190: scenario=membership_revocation status=401 before={"alarms": [], "outbox": [], "shadows": [], "telemetry": [], "sensor_data": []} after={"alarms": [], "outbox": [], "shadows": [], "telemetry": [], "sensor_data": []}
=== RUN   TestAppResourceHTTPWhenManagerTokenLosesAuthority/platform_authority
    app_resource_scope_http_test.go:170: environment real_timescaledb=2.30.0
    app_resource_scope_http_test.go:187: http method=GET path=/api/v2/devices/v2-hidden/model/latest status=401 response={"error":"token revoked"}
    app_resource_scope_http_test.go:190: scenario=platform_authority_revocation status=401 before={"alarms": [], "outbox": [], "shadows": [], "telemetry": [], "sensor_data": []} after={"alarms": [], "outbox": [], "shadows": [], "telemetry": [], "sensor_data": []}
    app_resource_scope_http_test.go:187: http method=POST path=/api/v2/devices/v2-hidden/telemetry status=401 response={"error":"token revoked"}
    app_resource_scope_http_test.go:190: scenario=platform_authority_revocation status=401 before={"alarms": [], "outbox": [], "shadows": [], "telemetry": [], "sensor_data": []} after={"alarms": [], "outbox": [], "shadows": [], "telemetry": [], "sensor_data": []}
--- PASS: TestAppResourceHTTPWhenManagerTokenLosesAuthority (1.53s)
    --- PASS: TestAppResourceHTTPWhenManagerTokenLosesAuthority/role (0.67s)
    --- PASS: TestAppResourceHTTPWhenManagerTokenLosesAuthority/membership (0.42s)
    --- PASS: TestAppResourceHTTPWhenManagerTokenLosesAuthority/platform_authority (0.44s)
=== RUN   TestM2OwnershipLifecycleAndTokenRevocation
2026/10/08 20:25:12 INFO http request request_id=3AXRKJUDESYDWKCEHRCERLPBNI route=/admin/v1/login method=POST status=200 duration_ms=170 tenant_id=0 actor_id=0
2026/10/08 20:25:12 INFO http request request_id=PKSVCS6AUOV7P7JME3GYCZ4YDG route=/admin/v1/password method=POST status=204 duration_ms=292 tenant_id=0 actor_id=0
2026/10/08 20:25:12 WARN http request request_id=7DIJXUQXTADQX7XCDW3GKAW3LV route=/admin/v1/stats method=GET status=401 duration_ms=0 tenant_id=0 actor_id=0
--- PASS: TestM2OwnershipLifecycleAndTokenRevocation (1.14s)
=== RUN   TestHistoryAndAlarmFiltersUseSnapshotOwnership
--- PASS: TestHistoryAndAlarmFiltersUseSnapshotOwnership (0.46s)
=== RUN   TestAppResourceHTTPWhenRoleDeterminesFarmScope
=== RUN   TestAppResourceHTTPWhenRoleDeterminesFarmScope/owner
    app_resource_scope_http_test.go:72: environment real_timescaledb=2.30.0
=== RUN   TestAppResourceHTTPWhenRoleDeterminesFarmScope/owner//api/v1/ponds
    app_resource_scope_http_test.go:89: http method=GET path=/api/v1/ponds status=200 response=[{"device_count":1,"latest":{"device_no":"v2-permission","dissolved_oxygen":null,"ph":null,"pond_id":9401,"report_interval":60,"salinity":null,"signal":null,"temperature":25,"timestamps":{"dissolved_oxygen":null,"ph":null,"salinity":null,"signal":null,"temperature":"2026-10-08T12:24:13.656583073Z","turbidity":null},"ts":"2026-10-08T20:24:13.656583+08:00","turbidity":null},"pond_id":9401,"pond_name":"v2-pond","status":"warning"},{"device_count":1,"latest":{"device_no":"v2-hidden","dissolved_oxygen":null,"ph":null,"pond_id":9403,"report_interval":60,"salinity":null,"signal":null,"temperature":25,"timestamps":{"dissolved_oxygen":null,"ph":null,"salinity":null,"signal":null,"temperature":"2026-10-08T12:24:13.668319508Z","turbidity":null},"ts":"2026-10-08T20:24:13.668319+08:00","turbidity":null},"pond_id":9403,"pond_name":"hidden","status":"warning"}]
=== RUN   TestAppResourceHTTPWhenRoleDeterminesFarmScope/owner//api/v1/devices
    app_resource_scope_http_test.go:89: http method=GET path=/api/v1/devices status=200 response=[{"created_at":"2026-10-08T20:25:13.647337+08:00","device_no":"v2-permission","disabled_at":null,"id":1,"last_seen_at":null,"model":"","name":"","pond_id":9401,"report_interval":60,"status":"offline"},{"created_at":"2026-10-08T20:25:13.647337+08:00","device_no":"v2-hidden","disabled_at":null,"id":3,"last_seen_at":null,"model":"","name":"","pond_id":9403,"report_interval":60,"status":"offline"}]
=== RUN   TestAppResourceHTTPWhenRoleDeterminesFarmScope/owner//api/v1/alarms
    app_resource_scope_http_test.go:89: http method=GET path=/api/v1/alarms status=200 response=[{"confirmed_at":null,"created_at":"2026-10-08T20:24:13.668319+08:00","current_value":25,"device_no":"v2-hidden","id":2,"level":"warning","message":"temperature 高于阈值 20","metric":"temperature","pond_id":9403,"threshold":20},{"confirmed_at":null,"created_at":"2026-10-08T20:24:13.656583+08:00","current_value":25,"device_no":"v2-permission","id":1,"level":"warning","message":"temperature 高于阈值 20","metric":"temperature","pond_id":9401,"threshold":20}]
=== RUN   TestAppResourceHTTPWhenRoleDeterminesFarmScope/owner/stats
    app_resource_scope_http_test.go:98: http method=GET path=/api/v1/stats/summary status=200 response={"alarm_devices":2,"offline_devices":2,"online_devices":0,"ponds":[{"pond_id":9401,"pond_name":"v2-pond","status":"warning"},{"pond_id":9403,"pond_name":"hidden","status":"warning"}]}
=== RUN   TestAppResourceHTTPWhenRoleDeterminesFarmScope/owner//api/v1/ponds/9401
    app_resource_scope_http_test.go:127: http method=GET path=/api/v1/ponds/9401 status=200 response={"device_count":1,"latest":{"device_no":"v2-permission","dissolved_oxygen":null,"ph":null,"pond_id":9401,"report_interval":60,"salinity":null,"signal":null,"temperature":25,"timestamps":{"dissolved_oxygen":null,"ph":null,"salinity":null,"signal":null,"temperature":"2026-10-08T12:24:13.656583073Z","turbidity":null},"ts":"2026-10-08T20:24:13.656583+08:00","turbidity":null},"pond_id":9401,"pond_name":"v2-pond","status":"warning"}
=== RUN   TestAppResourceHTTPWhenRoleDeterminesFarmScope/owner//api/v1/devices?pond_id=9401
    app_resource_scope_http_test.go:127: http method=GET path=/api/v1/devices?pond_id=9401 status=200 response=[{"created_at":"2026-10-08T20:25:13.647337+08:00","device_no":"v2-permission","disabled_at":null,"id":1,"last_seen_at":null,"model":"","name":"","pond_id":9401,"report_interval":60,"status":"offline"}]
=== RUN   TestAppResourceHTTPWhenRoleDeterminesFarmScope/owner//api/v1/devices/v2-permission
    app_resource_scope_http_test.go:127: http method=GET path=/api/v1/devices/v2-permission status=200 response={"created_at":"2026-10-08T20:25:13.647337+08:00","device_no":"v2-permission","disabled_at":null,"id":1,"last_seen_at":null,"latest":{"device_no":"v2-permission","dissolved_oxygen":null,"ph":null,"pond_id":9401,"report_interval":60,"salinity":null,"signal":null,"temperature":25,"timestamps":{"dissolved_oxygen":null,"ph":null,"salinity":null,"signal":null,"temperature":"2026-10-08T12:24:13.656583073Z","turbidity":null},"ts":"2026-10-08T20:24:13.656583+08:00","turbidity":null},"model":"","name":"","pond_id":9401,"report_interval":60,"status":"offline"}
=== RUN   TestAppResourceHTTPWhenRoleDeterminesFarmScope/owner//api/v1/water/latest?device_no=v2-permission
    app_resource_scope_http_test.go:127: http method=GET path=/api/v1/water/latest?device_no=v2-permission status=200 response={"device_no":"v2-permission","dissolved_oxygen":null,"ph":null,"pond_id":9401,"report_interval":60,"salinity":null,"signal":null,"temperature":25,"timestamps":{"dissolved_oxygen":null,"ph":null,"salinity":null,"signal":null,"temperature":"2026-10-08T12:24:13.656583073Z","turbidity":null},"ts":"2026-10-08T20:24:13.656583+08:00","turbidity":null}
=== RUN   TestAppResourceHTTPWhenRoleDeterminesFarmScope/owner//api/v1/water/history?device_no=v2-permission&metric=temperature&range=30d
    app_resource_scope_http_test.go:127: http method=GET path=/api/v1/water/history?device_no=v2-permission&metric=temperature&range=30d status=200 response={"metric":"temperature","points":[{"ts":"2026-10-08T16:49:13.711978+08:00","value":25}],"unit":"℃"}
=== RUN   TestAppResourceHTTPWhenRoleDeterminesFarmScope/owner//api/v2/devices/v2-permission/model/latest
    app_resource_scope_http_test.go:127: http method=GET path=/api/v2/devices/v2-permission/model/latest status=200 response={"device_no":"v2-permission","product_id":1,"model_version":1,"fields":[{"identifier":"temperature","type":"number","unit":"℃","minimum":null,"maximum":null,"enum_values":null,"readable":true,"writable":false,"nullable":true},{"identifier":"dissolved_oxygen","type":"number","unit":"mg/L","minimum":null,"maximum":null,"enum_values":null,"readable":true,"writable":false,"nullable":true},{"identifier":"ph","type":"number","unit":"","minimum":null,"maximum":null,"enum_values":null,"readable":true,"writable":false,"nullable":true},{"identifier":"turbidity","type":"number","unit":"NTU","minimum":null,"maximum":null,"enum_values":null,"readable":true,"writable":false,"nullable":true},{"identifier":"salinity","type":"number","unit":"ppt","minimum":null,"maximum":null,"enum_values":null,"readable":true,"writable":false,"nullable":true}],"ts":"2026-10-08T20:24:13.656583+08:00","properties":{"temperature":25}}
=== RUN   TestAppResourceHTTPWhenRoleDeterminesFarmScope/owner//api/v2/devices/v2-permission/history?metric=temperature
    app_resource_scope_http_test.go:127: http method=GET path=/api/v2/devices/v2-permission/history?metric=temperature status=200 response={"device_no":"v2-permission","metric":"temperature","points":[{"ts":"2026-10-08T20:24:13.656583+08:00","value":25,"model_version":1,"unit":"℃"}],"unit":"℃"}
=== RUN   TestAppResourceHTTPWhenRoleDeterminesFarmScope/owner//api/v1/ponds/9403
    app_resource_scope_http_test.go:127: http method=GET path=/api/v1/ponds/9403 status=200 response={"device_count":1,"latest":{"device_no":"v2-hidden","dissolved_oxygen":null,"ph":null,"pond_id":9403,"report_interval":60,"salinity":null,"signal":null,"temperature":25,"timestamps":{"dissolved_oxygen":null,"ph":null,"salinity":null,"signal":null,"temperature":"2026-10-08T12:24:13.668319508Z","turbidity":null},"ts":"2026-10-08T20:24:13.668319+08:00","turbidity":null},"pond_id":9403,"pond_name":"hidden","status":"warning"}
=== RUN   TestAppResourceHTTPWhenRoleDeterminesFarmScope/owner//api/v1/devices?pond_id=9403
    app_resource_scope_http_test.go:127: http method=GET path=/api/v1/devices?pond_id=9403 status=200 response=[{"created_at":"2026-10-08T20:25:13.647337+08:00","device_no":"v2-hidden","disabled_at":null,"id":3,"last_seen_at":null,"model":"","name":"","pond_id":9403,"report_interval":60,"status":"offline"}]
=== RUN   TestAppResourceHTTPWhenRoleDeterminesFarmScope/owner//api/v1/devices/v2-hidden
    app_resource_scope_http_test.go:127: http method=GET path=/api/v1/devices/v2-hidden status=200 response={"created_at":"2026-10-08T20:25:13.647337+08:00","device_no":"v2-hidden","disabled_at":null,"id":3,"last_seen_at":null,"latest":{"device_no":"v2-hidden","dissolved_oxygen":null,"ph":null,"pond_id":9403,"report_interval":60,"salinity":null,"signal":null,"temperature":25,"timestamps":{"dissolved_oxygen":null,"ph":null,"salinity":null,"signal":null,"temperature":"2026-10-08T12:24:13.668319508Z","turbidity":null},"ts":"2026-10-08T20:24:13.668319+08:00","turbidity":null},"model":"","name":"","pond_id":9403,"report_interval":60,"status":"offline"}
=== RUN   TestAppResourceHTTPWhenRoleDeterminesFarmScope/owner//api/v1/water/latest?device_no=v2-hidden
    app_resource_scope_http_test.go:127: http method=GET path=/api/v1/water/latest?device_no=v2-hidden status=200 response={"device_no":"v2-hidden","dissolved_oxygen":null,"ph":null,"pond_id":9403,"report_interval":60,"salinity":null,"signal":null,"temperature":25,"timestamps":{"dissolved_oxygen":null,"ph":null,"salinity":null,"signal":null,"temperature":"2026-10-08T12:24:13.668319508Z","turbidity":null},"ts":"2026-10-08T20:24:13.668319+08:00","turbidity":null}
=== RUN   TestAppResourceHTTPWhenRoleDeterminesFarmScope/owner//api/v1/water/history?device_no=v2-hidden&metric=temperature&range=30d
    app_resource_scope_http_test.go:127: http method=GET path=/api/v1/water/history?device_no=v2-hidden&metric=temperature&range=30d status=200 response={"metric":"temperature","points":[{"ts":"2026-10-08T16:49:13.738043+08:00","value":25}],"unit":"℃"}
=== RUN   TestAppResourceHTTPWhenRoleDeterminesFarmScope/owner//api/v2/devices/v2-hidden/model/latest
    app_resource_scope_http_test.go:127: http method=GET path=/api/v2/devices/v2-hidden/model/latest status=200 response={"device_no":"v2-hidden","product_id":1,"model_version":1,"fields":[{"identifier":"temperature","type":"number","unit":"℃","minimum":null,"maximum":null,"enum_values":null,"readable":true,"writable":false,"nullable":true},{"identifier":"dissolved_oxygen","type":"number","unit":"mg/L","minimum":null,"maximum":null,"enum_values":null,"readable":true,"writable":false,"nullable":true},{"identifier":"ph","type":"number","unit":"","minimum":null,"maximum":null,"enum_values":null,"readable":true,"writable":false,"nullable":true},{"identifier":"turbidity","type":"number","unit":"NTU","minimum":null,"maximum":null,"enum_values":null,"readable":true,"writable":false,"nullable":true},{"identifier":"salinity","type":"number","unit":"ppt","minimum":null,"maximum":null,"enum_values":null,"readable":true,"writable":false,"nullable":true}],"ts":"2026-10-08T20:24:13.668319+08:00","properties":{"temperature":25}}
=== RUN   TestAppResourceHTTPWhenRoleDeterminesFarmScope/owner//api/v2/devices/v2-hidden/history?metric=temperature
    app_resource_scope_http_test.go:127: http method=GET path=/api/v2/devices/v2-hidden/history?metric=temperature status=200 response={"device_no":"v2-hidden","metric":"temperature","points":[{"ts":"2026-10-08T20:24:13.668319+08:00","value":25,"model_version":1,"unit":"℃"}],"unit":"℃"}
=== RUN   TestAppResourceHTTPWhenRoleDeterminesFarmScope/owner//api/v1/ponds/9402
    app_resource_scope_http_test.go:127: http method=GET path=/api/v1/ponds/9402 status=404 response={"error":"pond not found"}
=== RUN   TestAppResourceHTTPWhenRoleDeterminesFarmScope/owner//api/v1/devices?pond_id=9402
    app_resource_scope_http_test.go:127: http method=GET path=/api/v1/devices?pond_id=9402 status=404 response={"error":"pond not found"}
=== RUN   TestAppResourceHTTPWhenRoleDeterminesFarmScope/owner//api/v1/devices/v2-foreign
    app_resource_scope_http_test.go:127: http method=GET path=/api/v1/devices/v2-foreign status=404 response={"error":"device not found"}
=== RUN   TestAppResourceHTTPWhenRoleDeterminesFarmScope/owner//api/v1/water/latest?device_no=v2-foreign
    app_resource_scope_http_test.go:127: http method=GET path=/api/v1/water/latest?device_no=v2-foreign status=404 response={"error":"no data"}
=== RUN   TestAppResourceHTTPWhenRoleDeterminesFarmScope/owner//api/v1/water/history?device_no=v2-foreign&metric=temperature&range=30d
    app_resource_scope_http_test.go:127: http method=GET path=/api/v1/water/history?device_no=v2-foreign&metric=temperature&range=30d status=404 response={"error":"device not found"}
=== RUN   TestAppResourceHTTPWhenRoleDeterminesFarmScope/owner//api/v2/devices/v2-foreign/model/latest
    app_resource_scope_http_test.go:127: http method=GET path=/api/v2/devices/v2-foreign/model/latest status=404 response={"error":"not_found"}
=== RUN   TestAppResourceHTTPWhenRoleDeterminesFarmScope/owner//api/v2/devices/v2-foreign/history?metric=temperature
    app_resource_scope_http_test.go:127: http method=GET path=/api/v2/devices/v2-foreign/history?metric=temperature status=404 response={"error":"not_found"}
=== NAME  TestAppResourceHTTPWhenRoleDeterminesFarmScope/owner
    app_resource_scope_http_test.go:149: http method=POST path=/api/v1/alarms/2/confirm status=204 response=
    app_resource_scope_http_test.go:158: scenario=owner_hidden_alarm_confirm before={"alarms": [{"id": 1, "level": "warning", "metric": "temperature", "message": "temperature 高于阈值 20", "pond_id": 9401, "device_no": "v2-permission", "threshold": 20, "created_at": "2026-10-08T12:24:13.656583+00:00", "product_id": 1, "confirmed_at": null, "current_value": 25}, {"id": 2, "level": "warning", "metric": "temperature", "message": "temperature 高于阈值 20", "pond_id": 9403, "device_no": "v2-hidden", "threshold": 20, "created_at": "2026-10-08T12:24:13.668319+00:00", "product_id": 1, "confirmed_at": null, "current_value": 25}], "outbox": [{"id": 1, "status": "pending", "next_at": "2026-10-08T12:25:13.656639+00:00", "alarm_id": 1, "attempts": 0, "created_at": "2026-10-08T12:25:13.656639+00:00", "last_error": null, "updated_at": "2026-10-08T12:25:13.656639+00:00", "lease_owner": null, "leased_until": null, "recipient_open_id": null}, {"id": 2, "status": "pending", "next_at": "2026-10-08T12:25:13.668361+00:00", "alarm_id": 2, "attempts": 0, "created_at": "2026-10-08T12:25:13.668361+00:00", "last_error": null, "updated_at": "2026-10-08T12:25:13.668361+00:00", "lease_owner": null, "leased_until": null, "recipient_open_id": null}], "shadows": [{"ts": "2026-10-08T12:24:13.668319+00:00", "last": {"temperature": 25}, "signal": null, "pond_id": 9403, "device_no": "v2-hidden", "tenant_id": 9401, "product_id": 1, "timestamps": {"temperature": "2026-10-08T12:24:13.668319508Z"}, "model_version": 1}, {"ts": "2026-10-08T12:24:13.656583+00:00", "last": {"temperature": 25}, "signal": null, "pond_id": 9401, "device_no": "v2-permission", "tenant_id": 9401, "product_id": 1, "timestamps": {"temperature": "2026-10-08T12:24:13.656583073Z"}, "model_version": 1}], "telemetry": [{"ts": "2026-10-08T12:24:13.656583+00:00", "pond_id": 9401, "device_no": "v2-permission", "tenant_id": 9401, "product_id": 1, "properties": {"temperature": 25}, "model_version": 1}, {"ts": "2026-10-08T12:24:13.668319+00:00", "pond_id": 9403, "device_no": "v2-hidden", "tenant_id": 9401, "product_id": 1, "properties": {"temperature": 25}, "model_version": 1}], "sensor_data": [{"ph": null, "ts": "2026-10-08T12:24:13.656583+00:00", "signal": null, "battery": null, "pond_id": 9401, "salinity": null, "device_no": "v2-permission", "tenant_id": 9401, "turbidity": null, "temperature": 25, "dissolved_oxygen": null}, {"ph": null, "ts": "2026-10-08T12:24:13.668319+00:00", "signal": null, "battery": null, "pond_id": 9403, "salinity": null, "device_no": "v2-hidden", "tenant_id": 9401, "turbidity": null, "temperature": 25, "dissolved_oxygen": null}]} after={"alarms": [{"id": 1, "level": "warning", "metric": "temperature", "message": "temperature 高于阈值 20", "pond_id": 9401, "device_no": "v2-permission", "threshold": 20, "created_at": "2026-10-08T12:24:13.656583+00:00", "product_id": 1, "confirmed_at": null, "current_value": 25}, {"id": 2, "level": "warning", "metric": "temperature", "message": "temperature 高于阈值 20", "pond_id": 9403, "device_no": "v2-hidden", "threshold": 20, "created_at": "2026-10-08T12:24:13.668319+00:00", "product_id": 1, "confirmed_at": "2026-10-08T12:25:13.762036+00:00", "current_value": 25}], "outbox": [{"id": 1, "status": "pending", "next_at": "2026-10-08T12:25:13.656639+00:00", "alarm_id": 1, "attempts": 0, "created_at": "2026-10-08T12:25:13.656639+00:00", "last_error": null, "updated_at": "2026-10-08T12:25:13.656639+00:00", "lease_owner": null, "leased_until": null, "recipient_open_id": null}, {"id": 2, "status": "pending", "next_at": "2026-10-08T12:25:13.668361+00:00", "alarm_id": 2, "attempts": 0, "created_at": "2026-10-08T12:25:13.668361+00:00", "last_error": null, "updated_at": "2026-10-08T12:25:13.668361+00:00", "lease_owner": null, "leased_until": null, "recipient_open_id": null}], "shadows": [{"ts": "2026-10-08T12:24:13.668319+00:00", "last": {"temperature": 25}, "signal": null, "pond_id": 9403, "device_no": "v2-hidden", "tenant_id": 9401, "product_id": 1, "timestamps": {"temperature": "2026-10-08T12:24:13.668319508Z"}, "model_version": 1}, {"ts": "2026-10-08T12:24:13.656583+00:00", "last": {"temperature": 25}, "signal": null, "pond_id": 9401, "device_no": "v2-permission", "tenant_id": 9401, "product_id": 1, "timestamps": {"temperature": "2026-10-08T12:24:13.656583073Z"}, "model_version": 1}], "telemetry": [{"ts": "2026-10-08T12:24:13.656583+00:00", "pond_id": 9401, "device_no": "v2-permission", "tenant_id": 9401, "product_id": 1, "properties": {"temperature": 25}, "model_version": 1}, {"ts": "2026-10-08T12:24:13.668319+00:00", "pond_id": 9403, "device_no": "v2-hidden", "tenant_id": 9401, "product_id": 1, "properties": {"temperature": 25}, "model_version": 1}], "sensor_data": [{"ph": null, "ts": "2026-10-08T12:24:13.656583+00:00", "signal": null, "battery": null, "pond_id": 9401, "salinity": null, "device_no": "v2-permission", "tenant_id": 9401, "turbidity": null, "temperature": 25, "dissolved_oxygen": null}, {"ph": null, "ts": "2026-10-08T12:24:13.668319+00:00", "signal": null, "battery": null, "pond_id": 9403, "salinity": null, "device_no": "v2-hidden", "tenant_id": 9401, "turbidity": null, "temperature": 25, "dissolved_oxygen": null}]}
=== RUN   TestAppResourceHTTPWhenRoleDeterminesFarmScope/admin
    app_resource_scope_http_test.go:72: environment real_timescaledb=2.30.0
=== RUN   TestAppResourceHTTPWhenRoleDeterminesFarmScope/admin//api/v1/ponds
    app_resource_scope_http_test.go:89: http method=GET path=/api/v1/ponds status=200 response=[{"device_count":1,"latest":{"device_no":"v2-permission","dissolved_oxygen":null,"ph":null,"pond_id":9401,"report_interval":60,"salinity":null,"signal":null,"temperature":25,"timestamps":{"dissolved_oxygen":null,"ph":null,"salinity":null,"signal":null,"temperature":"2026-10-08T12:24:14.154370782Z","turbidity":null},"ts":"2026-10-08T20:24:14.15437+08:00","turbidity":null},"pond_id":9401,"pond_name":"v2-pond","status":"warning"},{"device_count":1,"latest":{"device_no":"v2-hidden","dissolved_oxygen":null,"ph":null,"pond_id":9403,"report_interval":60,"salinity":null,"signal":null,"temperature":25,"timestamps":{"dissolved_oxygen":null,"ph":null,"salinity":null,"signal":null,"temperature":"2026-10-08T12:24:14.163504921Z","turbidity":null},"ts":"2026-10-08T20:24:14.163504+08:00","turbidity":null},"pond_id":9403,"pond_name":"hidden","status":"warning"}]
=== RUN   TestAppResourceHTTPWhenRoleDeterminesFarmScope/admin//api/v1/devices
    app_resource_scope_http_test.go:89: http method=GET path=/api/v1/devices status=200 response=[{"created_at":"2026-10-08T20:25:14.144939+08:00","device_no":"v2-permission","disabled_at":null,"id":1,"last_seen_at":null,"model":"","name":"","pond_id":9401,"report_interval":60,"status":"offline"},{"created_at":"2026-10-08T20:25:14.144939+08:00","device_no":"v2-hidden","disabled_at":null,"id":3,"last_seen_at":null,"model":"","name":"","pond_id":9403,"report_interval":60,"status":"offline"}]
=== RUN   TestAppResourceHTTPWhenRoleDeterminesFarmScope/admin//api/v1/alarms
    app_resource_scope_http_test.go:89: http method=GET path=/api/v1/alarms status=200 response=[{"confirmed_at":null,"created_at":"2026-10-08T20:24:14.163504+08:00","current_value":25,"device_no":"v2-hidden","id":2,"level":"warning","message":"temperature 高于阈值 20","metric":"temperature","pond_id":9403,"threshold":20},{"confirmed_at":null,"created_at":"2026-10-08T20:24:14.15437+08:00","current_value":25,"device_no":"v2-permission","id":1,"level":"warning","message":"temperature 高于阈值 20","metric":"temperature","pond_id":9401,"threshold":20}]
=== RUN   TestAppResourceHTTPWhenRoleDeterminesFarmScope/admin/stats
    app_resource_scope_http_test.go:98: http method=GET path=/api/v1/stats/summary status=200 response={"alarm_devices":2,"offline_devices":2,"online_devices":0,"ponds":[{"pond_id":9401,"pond_name":"v2-pond","status":"warning"},{"pond_id":9403,"pond_name":"hidden","status":"warning"}]}
=== RUN   TestAppResourceHTTPWhenRoleDeterminesFarmScope/admin//api/v1/ponds/9401
    app_resource_scope_http_test.go:127: http method=GET path=/api/v1/ponds/9401 status=200 response={"device_count":1,"latest":{"device_no":"v2-permission","dissolved_oxygen":null,"ph":null,"pond_id":9401,"report_interval":60,"salinity":null,"signal":null,"temperature":25,"timestamps":{"dissolved_oxygen":null,"ph":null,"salinity":null,"signal":null,"temperature":"2026-10-08T12:24:14.154370782Z","turbidity":null},"ts":"2026-10-08T20:24:14.15437+08:00","turbidity":null},"pond_id":9401,"pond_name":"v2-pond","status":"warning"}
=== RUN   TestAppResourceHTTPWhenRoleDeterminesFarmScope/admin//api/v1/devices?pond_id=9401
    app_resource_scope_http_test.go:127: http method=GET path=/api/v1/devices?pond_id=9401 status=200 response=[{"created_at":"2026-10-08T20:25:14.144939+08:00","device_no":"v2-permission","disabled_at":null,"id":1,"last_seen_at":null,"model":"","name":"","pond_id":9401,"report_interval":60,"status":"offline"}]
=== RUN   TestAppResourceHTTPWhenRoleDeterminesFarmScope/admin//api/v1/devices/v2-permission
    app_resource_scope_http_test.go:127: http method=GET path=/api/v1/devices/v2-permission status=200 response={"created_at":"2026-10-08T20:25:14.144939+08:00","device_no":"v2-permission","disabled_at":null,"id":1,"last_seen_at":null,"latest":{"device_no":"v2-permission","dissolved_oxygen":null,"ph":null,"pond_id":9401,"report_interval":60,"salinity":null,"signal":null,"temperature":25,"timestamps":{"dissolved_oxygen":null,"ph":null,"salinity":null,"signal":null,"temperature":"2026-10-08T12:24:14.154370782Z","turbidity":null},"ts":"2026-10-08T20:24:14.15437+08:00","turbidity":null},"model":"","name":"","pond_id":9401,"report_interval":60,"status":"offline"}
=== RUN   TestAppResourceHTTPWhenRoleDeterminesFarmScope/admin//api/v1/water/latest?device_no=v2-permission
    app_resource_scope_http_test.go:127: http method=GET path=/api/v1/water/latest?device_no=v2-permission status=200 response={"device_no":"v2-permission","dissolved_oxygen":null,"ph":null,"pond_id":9401,"report_interval":60,"salinity":null,"signal":null,"temperature":25,"timestamps":{"dissolved_oxygen":null,"ph":null,"salinity":null,"signal":null,"temperature":"2026-10-08T12:24:14.154370782Z","turbidity":null},"ts":"2026-10-08T20:24:14.15437+08:00","turbidity":null}
=== RUN   TestAppResourceHTTPWhenRoleDeterminesFarmScope/admin//api/v1/water/history?device_no=v2-permission&metric=temperature&range=30d
    app_resource_scope_http_test.go:127: http method=GET path=/api/v1/water/history?device_no=v2-permission&metric=temperature&range=30d status=200 response={"metric":"temperature","points":[{"ts":"2026-10-08T16:49:14.208456+08:00","value":25}],"unit":"℃"}
=== RUN   TestAppResourceHTTPWhenRoleDeterminesFarmScope/admin//api/v2/devices/v2-permission/model/latest
    app_resource_scope_http_test.go:127: http method=GET path=/api/v2/devices/v2-permission/model/latest status=200 response={"device_no":"v2-permission","product_id":1,"model_version":1,"fields":[{"identifier":"temperature","type":"number","unit":"℃","minimum":null,"maximum":null,"enum_values":null,"readable":true,"writable":false,"nullable":true},{"identifier":"dissolved_oxygen","type":"number","unit":"mg/L","minimum":null,"maximum":null,"enum_values":null,"readable":true,"writable":false,"nullable":true},{"identifier":"ph","type":"number","unit":"","minimum":null,"maximum":null,"enum_values":null,"readable":true,"writable":false,"nullable":true},{"identifier":"turbidity","type":"number","unit":"NTU","minimum":null,"maximum":null,"enum_values":null,"readable":true,"writable":false,"nullable":true},{"identifier":"salinity","type":"number","unit":"ppt","minimum":null,"maximum":null,"enum_values":null,"readable":true,"writable":false,"nullable":true}],"ts":"2026-10-08T20:24:14.15437+08:00","properties":{"temperature":25}}
=== RUN   TestAppResourceHTTPWhenRoleDeterminesFarmScope/admin//api/v2/devices/v2-permission/history?metric=temperature
    app_resource_scope_http_test.go:127: http method=GET path=/api/v2/devices/v2-permission/history?metric=temperature status=200 response={"device_no":"v2-permission","metric":"temperature","points":[{"ts":"2026-10-08T20:24:14.15437+08:00","value":25,"model_version":1,"unit":"℃"}],"unit":"℃"}
=== RUN   TestAppResourceHTTPWhenRoleDeterminesFarmScope/admin//api/v1/ponds/9403
    app_resource_scope_http_test.go:127: http method=GET path=/api/v1/ponds/9403 status=200 response={"device_count":1,"latest":{"device_no":"v2-hidden","dissolved_oxygen":null,"ph":null,"pond_id":9403,"report_interval":60,"salinity":null,"signal":null,"temperature":25,"timestamps":{"dissolved_oxygen":null,"ph":null,"salinity":null,"signal":null,"temperature":"2026-10-08T12:24:14.163504921Z","turbidity":null},"ts":"2026-10-08T20:24:14.163504+08:00","turbidity":null},"pond_id":9403,"pond_name":"hidden","status":"warning"}
=== RUN   TestAppResourceHTTPWhenRoleDeterminesFarmScope/admin//api/v1/devices?pond_id=9403
    app_resource_scope_http_test.go:127: http method=GET path=/api/v1/devices?pond_id=9403 status=200 response=[{"created_at":"2026-10-08T20:25:14.144939+08:00","device_no":"v2-hidden","disabled_at":null,"id":3,"last_seen_at":null,"model":"","name":"","pond_id":9403,"report_interval":60,"status":"offline"}]
=== RUN   TestAppResourceHTTPWhenRoleDeterminesFarmScope/admin//api/v1/devices/v2-hidden
    app_resource_scope_http_test.go:127: http method=GET path=/api/v1/devices/v2-hidden status=200 response={"created_at":"2026-10-08T20:25:14.144939+08:00","device_no":"v2-hidden","disabled_at":null,"id":3,"last_seen_at":null,"latest":{"device_no":"v2-hidden","dissolved_oxygen":null,"ph":null,"pond_id":9403,"report_interval":60,"salinity":null,"signal":null,"temperature":25,"timestamps":{"dissolved_oxygen":null,"ph":null,"salinity":null,"signal":null,"temperature":"2026-10-08T12:24:14.163504921Z","turbidity":null},"ts":"2026-10-08T20:24:14.163504+08:00","turbidity":null},"model":"","name":"","pond_id":9403,"report_interval":60,"status":"offline"}
=== RUN   TestAppResourceHTTPWhenRoleDeterminesFarmScope/admin//api/v1/water/latest?device_no=v2-hidden
    app_resource_scope_http_test.go:127: http method=GET path=/api/v1/water/latest?device_no=v2-hidden status=200 response={"device_no":"v2-hidden","dissolved_oxygen":null,"ph":null,"pond_id":9403,"report_interval":60,"salinity":null,"signal":null,"temperature":25,"timestamps":{"dissolved_oxygen":null,"ph":null,"salinity":null,"signal":null,"temperature":"2026-10-08T12:24:14.163504921Z","turbidity":null},"ts":"2026-10-08T20:24:14.163504+08:00","turbidity":null}
=== RUN   TestAppResourceHTTPWhenRoleDeterminesFarmScope/admin//api/v1/water/history?device_no=v2-hidden&metric=temperature&range=30d
    app_resource_scope_http_test.go:127: http method=GET path=/api/v1/water/history?device_no=v2-hidden&metric=temperature&range=30d status=200 response={"metric":"temperature","points":[{"ts":"2026-10-08T16:49:14.232985+08:00","value":25}],"unit":"℃"}
=== RUN   TestAppResourceHTTPWhenRoleDeterminesFarmScope/admin//api/v2/devices/v2-hidden/model/latest
    app_resource_scope_http_test.go:127: http method=GET path=/api/v2/devices/v2-hidden/model/latest status=200 response={"device_no":"v2-hidden","product_id":1,"model_version":1,"fields":[{"identifier":"temperature","type":"number","unit":"℃","minimum":null,"maximum":null,"enum_values":null,"readable":true,"writable":false,"nullable":true},{"identifier":"dissolved_oxygen","type":"number","unit":"mg/L","minimum":null,"maximum":null,"enum_values":null,"readable":true,"writable":false,"nullable":true},{"identifier":"ph","type":"number","unit":"","minimum":null,"maximum":null,"enum_values":null,"readable":true,"writable":false,"nullable":true},{"identifier":"turbidity","type":"number","unit":"NTU","minimum":null,"maximum":null,"enum_values":null,"readable":true,"writable":false,"nullable":true},{"identifier":"salinity","type":"number","unit":"ppt","minimum":null,"maximum":null,"enum_values":null,"readable":true,"writable":false,"nullable":true}],"ts":"2026-10-08T20:24:14.163504+08:00","properties":{"temperature":25}}
=== RUN   TestAppResourceHTTPWhenRoleDeterminesFarmScope/admin//api/v2/devices/v2-hidden/history?metric=temperature
    app_resource_scope_http_test.go:127: http method=GET path=/api/v2/devices/v2-hidden/history?metric=temperature status=200 response={"device_no":"v2-hidden","metric":"temperature","points":[{"ts":"2026-10-08T20:24:14.163504+08:00","value":25,"model_version":1,"unit":"℃"}],"unit":"℃"}
=== RUN   TestAppResourceHTTPWhenRoleDeterminesFarmScope/admin//api/v1/ponds/9402
    app_resource_scope_http_test.go:127: http method=GET path=/api/v1/ponds/9402 status=404 response={"error":"pond not found"}
=== RUN   TestAppResourceHTTPWhenRoleDeterminesFarmScope/admin//api/v1/devices?pond_id=9402
    app_resource_scope_http_test.go:127: http method=GET path=/api/v1/devices?pond_id=9402 status=404 response={"error":"pond not found"}
=== RUN   TestAppResourceHTTPWhenRoleDeterminesFarmScope/admin//api/v1/devices/v2-foreign
    app_resource_scope_http_test.go:127: http method=GET path=/api/v1/devices/v2-foreign status=404 response={"error":"device not found"}
=== RUN   TestAppResourceHTTPWhenRoleDeterminesFarmScope/admin//api/v1/water/latest?device_no=v2-foreign
    app_resource_scope_http_test.go:127: http method=GET path=/api/v1/water/latest?device_no=v2-foreign status=404 response={"error":"no data"}
=== RUN   TestAppResourceHTTPWhenRoleDeterminesFarmScope/admin//api/v1/water/history?device_no=v2-foreign&metric=temperature&range=30d
    app_resource_scope_http_test.go:127: http method=GET path=/api/v1/water/history?device_no=v2-foreign&metric=temperature&range=30d status=404 response={"error":"device not found"}
=== RUN   TestAppResourceHTTPWhenRoleDeterminesFarmScope/admin//api/v2/devices/v2-foreign/model/latest
    app_resource_scope_http_test.go:127: http method=GET path=/api/v2/devices/v2-foreign/model/latest status=404 response={"error":"not_found"}
=== RUN   TestAppResourceHTTPWhenRoleDeterminesFarmScope/admin//api/v2/devices/v2-foreign/history?metric=temperature
    app_resource_scope_http_test.go:127: http method=GET path=/api/v2/devices/v2-foreign/history?metric=temperature status=404 response={"error":"not_found"}
=== NAME  TestAppResourceHTTPWhenRoleDeterminesFarmScope/admin
    app_resource_scope_http_test.go:149: http method=POST path=/api/v1/alarms/2/confirm status=204 response=
    app_resource_scope_http_test.go:158: scenario=admin_hidden_alarm_confirm before={"alarms": [{"id": 1, "level": "warning", "metric": "temperature", "message": "temperature 高于阈值 20", "pond_id": 9401, "device_no": "v2-permission", "threshold": 20, "created_at": "2026-10-08T12:24:14.15437+00:00", "product_id": 1, "confirmed_at": null, "current_value": 25}, {"id": 2, "level": "warning", "metric": "temperature", "message": "temperature 高于阈值 20", "pond_id": 9403, "device_no": "v2-hidden", "threshold": 20, "created_at": "2026-10-08T12:24:14.163504+00:00", "product_id": 1, "confirmed_at": null, "current_value": 25}], "outbox": [{"id": 1, "status": "pending", "next_at": "2026-10-08T12:25:14.1544+00:00", "alarm_id": 1, "attempts": 0, "created_at": "2026-10-08T12:25:14.1544+00:00", "last_error": null, "updated_at": "2026-10-08T12:25:14.1544+00:00", "lease_owner": null, "leased_until": null, "recipient_open_id": null}, {"id": 2, "status": "pending", "next_at": "2026-10-08T12:25:14.163558+00:00", "alarm_id": 2, "attempts": 0, "created_at": "2026-10-08T12:25:14.163558+00:00", "last_error": null, "updated_at": "2026-10-08T12:25:14.163558+00:00", "lease_owner": null, "leased_until": null, "recipient_open_id": null}], "shadows": [{"ts": "2026-10-08T12:24:14.163504+00:00", "last": {"temperature": 25}, "signal": null, "pond_id": 9403, "device_no": "v2-hidden", "tenant_id": 9401, "product_id": 1, "timestamps": {"temperature": "2026-10-08T12:24:14.163504921Z"}, "model_version": 1}, {"ts": "2026-10-08T12:24:14.15437+00:00", "last": {"temperature": 25}, "signal": null, "pond_id": 9401, "device_no": "v2-permission", "tenant_id": 9401, "product_id": 1, "timestamps": {"temperature": "2026-10-08T12:24:14.154370782Z"}, "model_version": 1}], "telemetry": [{"ts": "2026-10-08T12:24:14.15437+00:00", "pond_id": 9401, "device_no": "v2-permission", "tenant_id": 9401, "product_id": 1, "properties": {"temperature": 25}, "model_version": 1}, {"ts": "2026-10-08T12:24:14.163504+00:00", "pond_id": 9403, "device_no": "v2-hidden", "tenant_id": 9401, "product_id": 1, "properties": {"temperature": 25}, "model_version": 1}], "sensor_data": [{"ph": null, "ts": "2026-10-08T12:24:14.15437+00:00", "signal": null, "battery": null, "pond_id": 9401, "salinity": null, "device_no": "v2-permission", "tenant_id": 9401, "turbidity": null, "temperature": 25, "dissolved_oxygen": null}, {"ph": null, "ts": "2026-10-08T12:24:14.163504+00:00", "signal": null, "battery": null, "pond_id": 9403, "salinity": null, "device_no": "v2-hidden", "tenant_id": 9401, "turbidity": null, "temperature": 25, "dissolved_oxygen": null}]} after={"alarms": [{"id": 1, "level": "warning", "metric": "temperature", "message": "temperature 高于阈值 20", "pond_id": 9401, "device_no": "v2-permission", "threshold": 20, "created_at": "2026-10-08T12:24:14.15437+00:00", "product_id": 1, "confirmed_at": null, "current_value": 25}, {"id": 2, "level": "warning", "metric": "temperature", "message": "temperature 高于阈值 20", "pond_id": 9403, "device_no": "v2-hidden", "threshold": 20, "created_at": "2026-10-08T12:24:14.163504+00:00", "product_id": 1, "confirmed_at": "2026-10-08T12:25:14.257889+00:00", "current_value": 25}], "outbox": [{"id": 1, "status": "pending", "next_at": "2026-10-08T12:25:14.1544+00:00", "alarm_id": 1, "attempts": 0, "created_at": "2026-10-08T12:25:14.1544+00:00", "last_error": null, "updated_at": "2026-10-08T12:25:14.1544+00:00", "lease_owner": null, "leased_until": null, "recipient_open_id": null}, {"id": 2, "status": "pending", "next_at": "2026-10-08T12:25:14.163558+00:00", "alarm_id": 2, "attempts": 0, "created_at": "2026-10-08T12:25:14.163558+00:00", "last_error": null, "updated_at": "2026-10-08T12:25:14.163558+00:00", "lease_owner": null, "leased_until": null, "recipient_open_id": null}], "shadows": [{"ts": "2026-10-08T12:24:14.163504+00:00", "last": {"temperature": 25}, "signal": null, "pond_id": 9403, "device_no": "v2-hidden", "tenant_id": 9401, "product_id": 1, "timestamps": {"temperature": "2026-10-08T12:24:14.163504921Z"}, "model_version": 1}, {"ts": "2026-10-08T12:24:14.15437+00:00", "last": {"temperature": 25}, "signal": null, "pond_id": 9401, "device_no": "v2-permission", "tenant_id": 9401, "product_id": 1, "timestamps": {"temperature": "2026-10-08T12:24:14.154370782Z"}, "model_version": 1}], "telemetry": [{"ts": "2026-10-08T12:24:14.15437+00:00", "pond_id": 9401, "device_no": "v2-permission", "tenant_id": 9401, "product_id": 1, "properties": {"temperature": 25}, "model_version": 1}, {"ts": "2026-10-08T12:24:14.163504+00:00", "pond_id": 9403, "device_no": "v2-hidden", "tenant_id": 9401, "product_id": 1, "properties": {"temperature": 25}, "model_version": 1}], "sensor_data": [{"ph": null, "ts": "2026-10-08T12:24:14.15437+00:00", "signal": null, "battery": null, "pond_id": 9401, "salinity": null, "device_no": "v2-permission", "tenant_id": 9401, "turbidity": null, "temperature": 25, "dissolved_oxygen": null}, {"ph": null, "ts": "2026-10-08T12:24:14.163504+00:00", "signal": null, "battery": null, "pond_id": 9403, "salinity": null, "device_no": "v2-hidden", "tenant_id": 9401, "turbidity": null, "temperature": 25, "dissolved_oxygen": null}]}
=== RUN   TestAppResourceHTTPWhenRoleDeterminesFarmScope/member
    app_resource_scope_http_test.go:72: environment real_timescaledb=2.30.0
=== RUN   TestAppResourceHTTPWhenRoleDeterminesFarmScope/member//api/v1/ponds
    app_resource_scope_http_test.go:89: http method=GET path=/api/v1/ponds status=200 response=[{"device_count":1,"latest":{"device_no":"v2-permission","dissolved_oxygen":null,"ph":null,"pond_id":9401,"report_interval":60,"salinity":null,"signal":null,"temperature":25,"timestamps":{"dissolved_oxygen":null,"ph":null,"salinity":null,"signal":null,"temperature":"2026-10-08T12:24:14.654497456Z","turbidity":null},"ts":"2026-10-08T20:24:14.654497+08:00","turbidity":null},"pond_id":9401,"pond_name":"v2-pond","status":"warning"}]
=== RUN   TestAppResourceHTTPWhenRoleDeterminesFarmScope/member//api/v1/devices
    app_resource_scope_http_test.go:89: http method=GET path=/api/v1/devices status=200 response=[{"created_at":"2026-10-08T20:25:14.64493+08:00","device_no":"v2-permission","disabled_at":null,"id":1,"last_seen_at":null,"model":"","name":"","pond_id":9401,"report_interval":60,"status":"offline"}]
=== RUN   TestAppResourceHTTPWhenRoleDeterminesFarmScope/member//api/v1/alarms
    app_resource_scope_http_test.go:89: http method=GET path=/api/v1/alarms status=200 response=[{"confirmed_at":null,"created_at":"2026-10-08T20:24:14.654497+08:00","current_value":25,"device_no":"v2-permission","id":1,"level":"warning","message":"temperature 高于阈值 20","metric":"temperature","pond_id":9401,"threshold":20}]
=== RUN   TestAppResourceHTTPWhenRoleDeterminesFarmScope/member/stats
    app_resource_scope_http_test.go:98: http method=GET path=/api/v1/stats/summary status=200 response={"alarm_devices":1,"offline_devices":1,"online_devices":0,"ponds":[{"pond_id":9401,"pond_name":"v2-pond","status":"warning"}]}
=== RUN   TestAppResourceHTTPWhenRoleDeterminesFarmScope/member//api/v1/ponds/9401
    app_resource_scope_http_test.go:127: http method=GET path=/api/v1/ponds/9401 status=200 response={"device_count":1,"latest":{"device_no":"v2-permission","dissolved_oxygen":null,"ph":null,"pond_id":9401,"report_interval":60,"salinity":null,"signal":null,"temperature":25,"timestamps":{"dissolved_oxygen":null,"ph":null,"salinity":null,"signal":null,"temperature":"2026-10-08T12:24:14.654497456Z","turbidity":null},"ts":"2026-10-08T20:24:14.654497+08:00","turbidity":null},"pond_id":9401,"pond_name":"v2-pond","status":"warning"}
=== RUN   TestAppResourceHTTPWhenRoleDeterminesFarmScope/member//api/v1/devices?pond_id=9401
    app_resource_scope_http_test.go:127: http method=GET path=/api/v1/devices?pond_id=9401 status=200 response=[{"created_at":"2026-10-08T20:25:14.64493+08:00","device_no":"v2-permission","disabled_at":null,"id":1,"last_seen_at":null,"model":"","name":"","pond_id":9401,"report_interval":60,"status":"offline"}]
=== RUN   TestAppResourceHTTPWhenRoleDeterminesFarmScope/member//api/v1/devices/v2-permission
    app_resource_scope_http_test.go:127: http method=GET path=/api/v1/devices/v2-permission status=200 response={"created_at":"2026-10-08T20:25:14.64493+08:00","device_no":"v2-permission","disabled_at":null,"id":1,"last_seen_at":null,"latest":{"device_no":"v2-permission","dissolved_oxygen":null,"ph":null,"pond_id":9401,"report_interval":60,"salinity":null,"signal":null,"temperature":25,"timestamps":{"dissolved_oxygen":null,"ph":null,"salinity":null,"signal":null,"temperature":"2026-10-08T12:24:14.654497456Z","turbidity":null},"ts":"2026-10-08T20:24:14.654497+08:00","turbidity":null},"model":"","name":"","pond_id":9401,"report_interval":60,"status":"offline"}
=== RUN   TestAppResourceHTTPWhenRoleDeterminesFarmScope/member//api/v1/water/latest?device_no=v2-permission
    app_resource_scope_http_test.go:127: http method=GET path=/api/v1/water/latest?device_no=v2-permission status=200 response={"device_no":"v2-permission","dissolved_oxygen":null,"ph":null,"pond_id":9401,"report_interval":60,"salinity":null,"signal":null,"temperature":25,"timestamps":{"dissolved_oxygen":null,"ph":null,"salinity":null,"signal":null,"temperature":"2026-10-08T12:24:14.654497456Z","turbidity":null},"ts":"2026-10-08T20:24:14.654497+08:00","turbidity":null}
=== RUN   TestAppResourceHTTPWhenRoleDeterminesFarmScope/member//api/v1/water/history?device_no=v2-permission&metric=temperature&range=30d
    app_resource_scope_http_test.go:127: http method=GET path=/api/v1/water/history?device_no=v2-permission&metric=temperature&range=30d status=200 response={"metric":"temperature","points":[{"ts":"2026-10-08T16:49:14.702312+08:00","value":25}],"unit":"℃"}
=== RUN   TestAppResourceHTTPWhenRoleDeterminesFarmScope/member//api/v2/devices/v2-permission/model/latest
    app_resource_scope_http_test.go:127: http method=GET path=/api/v2/devices/v2-permission/model/latest status=200 response={"device_no":"v2-permission","product_id":1,"model_version":1,"fields":[{"identifier":"temperature","type":"number","unit":"℃","minimum":null,"maximum":null,"enum_values":null,"readable":true,"writable":false,"nullable":true},{"identifier":"dissolved_oxygen","type":"number","unit":"mg/L","minimum":null,"maximum":null,"enum_values":null,"readable":true,"writable":false,"nullable":true},{"identifier":"ph","type":"number","unit":"","minimum":null,"maximum":null,"enum_values":null,"readable":true,"writable":false,"nullable":true},{"identifier":"turbidity","type":"number","unit":"NTU","minimum":null,"maximum":null,"enum_values":null,"readable":true,"writable":false,"nullable":true},{"identifier":"salinity","type":"number","unit":"ppt","minimum":null,"maximum":null,"enum_values":null,"readable":true,"writable":false,"nullable":true}],"ts":"2026-10-08T20:24:14.654497+08:00","properties":{"temperature":25}}
=== RUN   TestAppResourceHTTPWhenRoleDeterminesFarmScope/member//api/v2/devices/v2-permission/history?metric=temperature
    app_resource_scope_http_test.go:127: http method=GET path=/api/v2/devices/v2-permission/history?metric=temperature status=200 response={"device_no":"v2-permission","metric":"temperature","points":[{"ts":"2026-10-08T20:24:14.654497+08:00","value":25,"model_version":1,"unit":"℃"}],"unit":"℃"}
=== RUN   TestAppResourceHTTPWhenRoleDeterminesFarmScope/member//api/v1/ponds/9403
    app_resource_scope_http_test.go:127: http method=GET path=/api/v1/ponds/9403 status=404 response={"error":"pond not found"}
=== RUN   TestAppResourceHTTPWhenRoleDeterminesFarmScope/member//api/v1/devices?pond_id=9403
    app_resource_scope_http_test.go:127: http method=GET path=/api/v1/devices?pond_id=9403 status=404 response={"error":"pond not found"}
=== RUN   TestAppResourceHTTPWhenRoleDeterminesFarmScope/member//api/v1/devices/v2-hidden
    app_resource_scope_http_test.go:127: http method=GET path=/api/v1/devices/v2-hidden status=404 response={"error":"device not found"}
=== RUN   TestAppResourceHTTPWhenRoleDeterminesFarmScope/member//api/v1/water/latest?device_no=v2-hidden
    app_resource_scope_http_test.go:127: http method=GET path=/api/v1/water/latest?device_no=v2-hidden status=404 response={"error":"no data"}
=== RUN   TestAppResourceHTTPWhenRoleDeterminesFarmScope/member//api/v1/water/history?device_no=v2-hidden&metric=temperature&range=30d
    app_resource_scope_http_test.go:127: http method=GET path=/api/v1/water/history?device_no=v2-hidden&metric=temperature&range=30d status=404 response={"error":"device not found"}
=== RUN   TestAppResourceHTTPWhenRoleDeterminesFarmScope/member//api/v2/devices/v2-hidden/model/latest
    app_resource_scope_http_test.go:127: http method=GET path=/api/v2/devices/v2-hidden/model/latest status=404 response={"error":"not_found"}
=== RUN   TestAppResourceHTTPWhenRoleDeterminesFarmScope/member//api/v2/devices/v2-hidden/history?metric=temperature
    app_resource_scope_http_test.go:127: http method=GET path=/api/v2/devices/v2-hidden/history?metric=temperature status=404 response={"error":"not_found"}
=== RUN   TestAppResourceHTTPWhenRoleDeterminesFarmScope/member//api/v1/ponds/9402
    app_resource_scope_http_test.go:127: http method=GET path=/api/v1/ponds/9402 status=404 response={"error":"pond not found"}
=== RUN   TestAppResourceHTTPWhenRoleDeterminesFarmScope/member//api/v1/devices?pond_id=9402
    app_resource_scope_http_test.go:127: http method=GET path=/api/v1/devices?pond_id=9402 status=404 response={"error":"pond not found"}
=== RUN   TestAppResourceHTTPWhenRoleDeterminesFarmScope/member//api/v1/devices/v2-foreign
    app_resource_scope_http_test.go:127: http method=GET path=/api/v1/devices/v2-foreign status=404 response={"error":"device not found"}
=== RUN   TestAppResourceHTTPWhenRoleDeterminesFarmScope/member//api/v1/water/latest?device_no=v2-foreign
    app_resource_scope_http_test.go:127: http method=GET path=/api/v1/water/latest?device_no=v2-foreign status=404 response={"error":"no data"}
=== RUN   TestAppResourceHTTPWhenRoleDeterminesFarmScope/member//api/v1/water/history?device_no=v2-foreign&metric=temperature&range=30d
    app_resource_scope_http_test.go:127: http method=GET path=/api/v1/water/history?device_no=v2-foreign&metric=temperature&range=30d status=404 response={"error":"device not found"}
=== RUN   TestAppResourceHTTPWhenRoleDeterminesFarmScope/member//api/v2/devices/v2-foreign/model/latest
    app_resource_scope_http_test.go:127: http method=GET path=/api/v2/devices/v2-foreign/model/latest status=404 response={"error":"not_found"}
=== RUN   TestAppResourceHTTPWhenRoleDeterminesFarmScope/member//api/v2/devices/v2-foreign/history?metric=temperature
    app_resource_scope_http_test.go:127: http method=GET path=/api/v2/devices/v2-foreign/history?metric=temperature status=404 response={"error":"not_found"}
=== NAME  TestAppResourceHTTPWhenRoleDeterminesFarmScope/member
    app_resource_scope_http_test.go:149: http method=POST path=/api/v1/alarms/2/confirm status=404 response={"error":"alarm not found"}
    app_resource_scope_http_test.go:158: scenario=member_hidden_alarm_confirm before={"alarms": [{"id": 1, "level": "warning", "metric": "temperature", "message": "temperature 高于阈值 20", "pond_id": 9401, "device_no": "v2-permission", "threshold": 20, "created_at": "2026-10-08T12:24:14.654497+00:00", "product_id": 1, "confirmed_at": null, "current_value": 25}, {"id": 2, "level": "warning", "metric": "temperature", "message": "temperature 高于阈值 20", "pond_id": 9403, "device_no": "v2-hidden", "threshold": 20, "created_at": "2026-10-08T12:24:14.662781+00:00", "product_id": 1, "confirmed_at": null, "current_value": 25}], "outbox": [{"id": 1, "status": "pending", "next_at": "2026-10-08T12:25:14.654534+00:00", "alarm_id": 1, "attempts": 0, "created_at": "2026-10-08T12:25:14.654534+00:00", "last_error": null, "updated_at": "2026-10-08T12:25:14.654534+00:00", "lease_owner": null, "leased_until": null, "recipient_open_id": null}, {"id": 2, "status": "pending", "next_at": "2026-10-08T12:25:14.662821+00:00", "alarm_id": 2, "attempts": 0, "created_at": "2026-10-08T12:25:14.662821+00:00", "last_error": null, "updated_at": "2026-10-08T12:25:14.662821+00:00", "lease_owner": null, "leased_until": null, "recipient_open_id": null}], "shadows": [{"ts": "2026-10-08T12:24:14.662781+00:00", "last": {"temperature": 25}, "signal": null, "pond_id": 9403, "device_no": "v2-hidden", "tenant_id": 9401, "product_id": 1, "timestamps": {"temperature": "2026-10-08T12:24:14.662781014Z"}, "model_version": 1}, {"ts": "2026-10-08T12:24:14.654497+00:00", "last": {"temperature": 25}, "signal": null, "pond_id": 9401, "device_no": "v2-permission", "tenant_id": 9401, "product_id": 1, "timestamps": {"temperature": "2026-10-08T12:24:14.654497456Z"}, "model_version": 1}], "telemetry": [{"ts": "2026-10-08T12:24:14.654497+00:00", "pond_id": 9401, "device_no": "v2-permission", "tenant_id": 9401, "product_id": 1, "properties": {"temperature": 25}, "model_version": 1}, {"ts": "2026-10-08T12:24:14.662781+00:00", "pond_id": 9403, "device_no": "v2-hidden", "tenant_id": 9401, "product_id": 1, "properties": {"temperature": 25}, "model_version": 1}], "sensor_data": [{"ph": null, "ts": "2026-10-08T12:24:14.654497+00:00", "signal": null, "battery": null, "pond_id": 9401, "salinity": null, "device_no": "v2-permission", "tenant_id": 9401, "turbidity": null, "temperature": 25, "dissolved_oxygen": null}, {"ph": null, "ts": "2026-10-08T12:24:14.662781+00:00", "signal": null, "battery": null, "pond_id": 9403, "salinity": null, "device_no": "v2-hidden", "tenant_id": 9401, "turbidity": null, "temperature": 25, "dissolved_oxygen": null}]} after={"alarms": [{"id": 1, "level": "warning", "metric": "temperature", "message": "temperature 高于阈值 20", "pond_id": 9401, "device_no": "v2-permission", "threshold": 20, "created_at": "2026-10-08T12:24:14.654497+00:00", "product_id": 1, "confirmed_at": null, "current_value": 25}, {"id": 2, "level": "warning", "metric": "temperature", "message": "temperature 高于阈值 20", "pond_id": 9403, "device_no": "v2-hidden", "threshold": 20, "created_at": "2026-10-08T12:24:14.662781+00:00", "product_id": 1, "confirmed_at": null, "current_value": 25}], "outbox": [{"id": 1, "status": "pending", "next_at": "2026-10-08T12:25:14.654534+00:00", "alarm_id": 1, "attempts": 0, "created_at": "2026-10-08T12:25:14.654534+00:00", "last_error": null, "updated_at": "2026-10-08T12:25:14.654534+00:00", "lease_owner": null, "leased_until": null, "recipient_open_id": null}, {"id": 2, "status": "pending", "next_at": "2026-10-08T12:25:14.662821+00:00", "alarm_id": 2, "attempts": 0, "created_at": "2026-10-08T12:25:14.662821+00:00", "last_error": null, "updated_at": "2026-10-08T12:25:14.662821+00:00", "lease_owner": null, "leased_until": null, "recipient_open_id": null}], "shadows": [{"ts": "2026-10-08T12:24:14.662781+00:00", "last": {"temperature": 25}, "signal": null, "pond_id": 9403, "device_no": "v2-hidden", "tenant_id": 9401, "product_id": 1, "timestamps": {"temperature": "2026-10-08T12:24:14.662781014Z"}, "model_version": 1}, {"ts": "2026-10-08T12:24:14.654497+00:00", "last": {"temperature": 25}, "signal": null, "pond_id": 9401, "device_no": "v2-permission", "tenant_id": 9401, "product_id": 1, "timestamps": {"temperature": "2026-10-08T12:24:14.654497456Z"}, "model_version": 1}], "telemetry": [{"ts": "2026-10-08T12:24:14.654497+00:00", "pond_id": 9401, "device_no": "v2-permission", "tenant_id": 9401, "product_id": 1, "properties": {"temperature": 25}, "model_version": 1}, {"ts": "2026-10-08T12:24:14.662781+00:00", "pond_id": 9403, "device_no": "v2-hidden", "tenant_id": 9401, "product_id": 1, "properties": {"temperature": 25}, "model_version": 1}], "sensor_data": [{"ph": null, "ts": "2026-10-08T12:24:14.654497+00:00", "signal": null, "battery": null, "pond_id": 9401, "salinity": null, "device_no": "v2-permission", "tenant_id": 9401, "turbidity": null, "temperature": 25, "dissolved_oxygen": null}, {"ph": null, "ts": "2026-10-08T12:24:14.662781+00:00", "signal": null, "battery": null, "pond_id": 9403, "salinity": null, "device_no": "v2-hidden", "tenant_id": 9401, "turbidity": null, "temperature": 25, "dissolved_oxygen": null}]}
=== RUN   TestAppResourceHTTPWhenRoleDeterminesFarmScope/viewer
    app_resource_scope_http_test.go:72: environment real_timescaledb=2.30.0
=== RUN   TestAppResourceHTTPWhenRoleDeterminesFarmScope/viewer//api/v1/ponds
    app_resource_scope_http_test.go:89: http method=GET path=/api/v1/ponds status=200 response=[{"device_count":1,"latest":{"device_no":"v2-permission","dissolved_oxygen":null,"ph":null,"pond_id":9401,"report_interval":60,"salinity":null,"signal":null,"temperature":25,"timestamps":{"dissolved_oxygen":null,"ph":null,"salinity":null,"signal":null,"temperature":"2026-10-08T12:24:15.140726799Z","turbidity":null},"ts":"2026-10-08T20:24:15.140726+08:00","turbidity":null},"pond_id":9401,"pond_name":"v2-pond","status":"warning"}]
=== RUN   TestAppResourceHTTPWhenRoleDeterminesFarmScope/viewer//api/v1/devices
    app_resource_scope_http_test.go:89: http method=GET path=/api/v1/devices status=200 response=[{"created_at":"2026-10-08T20:25:15.130453+08:00","device_no":"v2-permission","disabled_at":null,"id":1,"last_seen_at":null,"model":"","name":"","pond_id":9401,"report_interval":60,"status":"offline"}]
=== RUN   TestAppResourceHTTPWhenRoleDeterminesFarmScope/viewer//api/v1/alarms
    app_resource_scope_http_test.go:89: http method=GET path=/api/v1/alarms status=200 response=[{"confirmed_at":null,"created_at":"2026-10-08T20:24:15.140726+08:00","current_value":25,"device_no":"v2-permission","id":1,"level":"warning","message":"temperature 高于阈值 20","metric":"temperature","pond_id":9401,"threshold":20}]
=== RUN   TestAppResourceHTTPWhenRoleDeterminesFarmScope/viewer/stats
    app_resource_scope_http_test.go:98: http method=GET path=/api/v1/stats/summary status=200 response={"alarm_devices":1,"offline_devices":1,"online_devices":0,"ponds":[{"pond_id":9401,"pond_name":"v2-pond","status":"warning"}]}
=== RUN   TestAppResourceHTTPWhenRoleDeterminesFarmScope/viewer//api/v1/ponds/9401
    app_resource_scope_http_test.go:127: http method=GET path=/api/v1/ponds/9401 status=200 response={"device_count":1,"latest":{"device_no":"v2-permission","dissolved_oxygen":null,"ph":null,"pond_id":9401,"report_interval":60,"salinity":null,"signal":null,"temperature":25,"timestamps":{"dissolved_oxygen":null,"ph":null,"salinity":null,"signal":null,"temperature":"2026-10-08T12:24:15.140726799Z","turbidity":null},"ts":"2026-10-08T20:24:15.140726+08:00","turbidity":null},"pond_id":9401,"pond_name":"v2-pond","status":"warning"}
=== RUN   TestAppResourceHTTPWhenRoleDeterminesFarmScope/viewer//api/v1/devices?pond_id=9401
    app_resource_scope_http_test.go:127: http method=GET path=/api/v1/devices?pond_id=9401 status=200 response=[{"created_at":"2026-10-08T20:25:15.130453+08:00","device_no":"v2-permission","disabled_at":null,"id":1,"last_seen_at":null,"model":"","name":"","pond_id":9401,"report_interval":60,"status":"offline"}]
=== RUN   TestAppResourceHTTPWhenRoleDeterminesFarmScope/viewer//api/v1/devices/v2-permission
    app_resource_scope_http_test.go:127: http method=GET path=/api/v1/devices/v2-permission status=200 response={"created_at":"2026-10-08T20:25:15.130453+08:00","device_no":"v2-permission","disabled_at":null,"id":1,"last_seen_at":null,"latest":{"device_no":"v2-permission","dissolved_oxygen":null,"ph":null,"pond_id":9401,"report_interval":60,"salinity":null,"signal":null,"temperature":25,"timestamps":{"dissolved_oxygen":null,"ph":null,"salinity":null,"signal":null,"temperature":"2026-10-08T12:24:15.140726799Z","turbidity":null},"ts":"2026-10-08T20:24:15.140726+08:00","turbidity":null},"model":"","name":"","pond_id":9401,"report_interval":60,"status":"offline"}
=== RUN   TestAppResourceHTTPWhenRoleDeterminesFarmScope/viewer//api/v1/water/latest?device_no=v2-permission
    app_resource_scope_http_test.go:127: http method=GET path=/api/v1/water/latest?device_no=v2-permission status=200 response={"device_no":"v2-permission","dissolved_oxygen":null,"ph":null,"pond_id":9401,"report_interval":60,"salinity":null,"signal":null,"temperature":25,"timestamps":{"dissolved_oxygen":null,"ph":null,"salinity":null,"signal":null,"temperature":"2026-10-08T12:24:15.140726799Z","turbidity":null},"ts":"2026-10-08T20:24:15.140726+08:00","turbidity":null}
=== RUN   TestAppResourceHTTPWhenRoleDeterminesFarmScope/viewer//api/v1/water/history?device_no=v2-permission&metric=temperature&range=30d
    app_resource_scope_http_test.go:127: http method=GET path=/api/v1/water/history?device_no=v2-permission&metric=temperature&range=30d status=200 response={"metric":"temperature","points":[{"ts":"2026-10-08T16:49:15.191508+08:00","value":25}],"unit":"℃"}
=== RUN   TestAppResourceHTTPWhenRoleDeterminesFarmScope/viewer//api/v2/devices/v2-permission/model/latest
    app_resource_scope_http_test.go:127: http method=GET path=/api/v2/devices/v2-permission/model/latest status=200 response={"device_no":"v2-permission","product_id":1,"model_version":1,"fields":[{"identifier":"temperature","type":"number","unit":"℃","minimum":null,"maximum":null,"enum_values":null,"readable":true,"writable":false,"nullable":true},{"identifier":"dissolved_oxygen","type":"number","unit":"mg/L","minimum":null,"maximum":null,"enum_values":null,"readable":true,"writable":false,"nullable":true},{"identifier":"ph","type":"number","unit":"","minimum":null,"maximum":null,"enum_values":null,"readable":true,"writable":false,"nullable":true},{"identifier":"turbidity","type":"number","unit":"NTU","minimum":null,"maximum":null,"enum_values":null,"readable":true,"writable":false,"nullable":true},{"identifier":"salinity","type":"number","unit":"ppt","minimum":null,"maximum":null,"enum_values":null,"readable":true,"writable":false,"nullable":true}],"ts":"2026-10-08T20:24:15.140726+08:00","properties":{"temperature":25}}
=== RUN   TestAppResourceHTTPWhenRoleDeterminesFarmScope/viewer//api/v2/devices/v2-permission/history?metric=temperature
    app_resource_scope_http_test.go:127: http method=GET path=/api/v2/devices/v2-permission/history?metric=temperature status=200 response={"device_no":"v2-permission","metric":"temperature","points":[{"ts":"2026-10-08T20:24:15.140726+08:00","value":25,"model_version":1,"unit":"℃"}],"unit":"℃"}
=== RUN   TestAppResourceHTTPWhenRoleDeterminesFarmScope/viewer//api/v1/ponds/9403
    app_resource_scope_http_test.go:127: http method=GET path=/api/v1/ponds/9403 status=404 response={"error":"pond not found"}
=== RUN   TestAppResourceHTTPWhenRoleDeterminesFarmScope/viewer//api/v1/devices?pond_id=9403
    app_resource_scope_http_test.go:127: http method=GET path=/api/v1/devices?pond_id=9403 status=404 response={"error":"pond not found"}
=== RUN   TestAppResourceHTTPWhenRoleDeterminesFarmScope/viewer//api/v1/devices/v2-hidden
    app_resource_scope_http_test.go:127: http method=GET path=/api/v1/devices/v2-hidden status=404 response={"error":"device not found"}
=== RUN   TestAppResourceHTTPWhenRoleDeterminesFarmScope/viewer//api/v1/water/latest?device_no=v2-hidden
    app_resource_scope_http_test.go:127: http method=GET path=/api/v1/water/latest?device_no=v2-hidden status=404 response={"error":"no data"}
=== RUN   TestAppResourceHTTPWhenRoleDeterminesFarmScope/viewer//api/v1/water/history?device_no=v2-hidden&metric=temperature&range=30d
    app_resource_scope_http_test.go:127: http method=GET path=/api/v1/water/history?device_no=v2-hidden&metric=temperature&range=30d status=404 response={"error":"device not found"}
=== RUN   TestAppResourceHTTPWhenRoleDeterminesFarmScope/viewer//api/v2/devices/v2-hidden/model/latest
    app_resource_scope_http_test.go:127: http method=GET path=/api/v2/devices/v2-hidden/model/latest status=404 response={"error":"not_found"}
=== RUN   TestAppResourceHTTPWhenRoleDeterminesFarmScope/viewer//api/v2/devices/v2-hidden/history?metric=temperature
    app_resource_scope_http_test.go:127: http method=GET path=/api/v2/devices/v2-hidden/history?metric=temperature status=404 response={"error":"not_found"}
=== RUN   TestAppResourceHTTPWhenRoleDeterminesFarmScope/viewer//api/v1/ponds/9402
    app_resource_scope_http_test.go:127: http method=GET path=/api/v1/ponds/9402 status=404 response={"error":"pond not found"}
=== RUN   TestAppResourceHTTPWhenRoleDeterminesFarmScope/viewer//api/v1/devices?pond_id=9402
    app_resource_scope_http_test.go:127: http method=GET path=/api/v1/devices?pond_id=9402 status=404 response={"error":"pond not found"}
=== RUN   TestAppResourceHTTPWhenRoleDeterminesFarmScope/viewer//api/v1/devices/v2-foreign
    app_resource_scope_http_test.go:127: http method=GET path=/api/v1/devices/v2-foreign status=404 response={"error":"device not found"}
=== RUN   TestAppResourceHTTPWhenRoleDeterminesFarmScope/viewer//api/v1/water/latest?device_no=v2-foreign
    app_resource_scope_http_test.go:127: http method=GET path=/api/v1/water/latest?device_no=v2-foreign status=404 response={"error":"no data"}
=== RUN   TestAppResourceHTTPWhenRoleDeterminesFarmScope/viewer//api/v1/water/history?device_no=v2-foreign&metric=temperature&range=30d
    app_resource_scope_http_test.go:127: http method=GET path=/api/v1/water/history?device_no=v2-foreign&metric=temperature&range=30d status=404 response={"error":"device not found"}
=== RUN   TestAppResourceHTTPWhenRoleDeterminesFarmScope/viewer//api/v2/devices/v2-foreign/model/latest
    app_resource_scope_http_test.go:127: http method=GET path=/api/v2/devices/v2-foreign/model/latest status=404 response={"error":"not_found"}
=== RUN   TestAppResourceHTTPWhenRoleDeterminesFarmScope/viewer//api/v2/devices/v2-foreign/history?metric=temperature
    app_resource_scope_http_test.go:127: http method=GET path=/api/v2/devices/v2-foreign/history?metric=temperature status=404 response={"error":"not_found"}
=== NAME  TestAppResourceHTTPWhenRoleDeterminesFarmScope/viewer
    app_resource_scope_http_test.go:149: http method=POST path=/api/v1/alarms/2/confirm status=403 response={"error":"forbidden"}
    app_resource_scope_http_test.go:158: scenario=viewer_hidden_alarm_confirm before={"alarms": [{"id": 1, "level": "warning", "metric": "temperature", "message": "temperature 高于阈值 20", "pond_id": 9401, "device_no": "v2-permission", "threshold": 20, "created_at": "2026-10-08T12:24:15.140726+00:00", "product_id": 1, "confirmed_at": null, "current_value": 25}, {"id": 2, "level": "warning", "metric": "temperature", "message": "temperature 高于阈值 20", "pond_id": 9403, "device_no": "v2-hidden", "threshold": 20, "created_at": "2026-10-08T12:24:15.150515+00:00", "product_id": 1, "confirmed_at": null, "current_value": 25}], "outbox": [{"id": 1, "status": "pending", "next_at": "2026-10-08T12:25:15.140778+00:00", "alarm_id": 1, "attempts": 0, "created_at": "2026-10-08T12:25:15.140778+00:00", "last_error": null, "updated_at": "2026-10-08T12:25:15.140778+00:00", "lease_owner": null, "leased_until": null, "recipient_open_id": null}, {"id": 2, "status": "pending", "next_at": "2026-10-08T12:25:15.150557+00:00", "alarm_id": 2, "attempts": 0, "created_at": "2026-10-08T12:25:15.150557+00:00", "last_error": null, "updated_at": "2026-10-08T12:25:15.150557+00:00", "lease_owner": null, "leased_until": null, "recipient_open_id": null}], "shadows": [{"ts": "2026-10-08T12:24:15.150515+00:00", "last": {"temperature": 25}, "signal": null, "pond_id": 9403, "device_no": "v2-hidden", "tenant_id": 9401, "product_id": 1, "timestamps": {"temperature": "2026-10-08T12:24:15.150515158Z"}, "model_version": 1}, {"ts": "2026-10-08T12:24:15.140726+00:00", "last": {"temperature": 25}, "signal": null, "pond_id": 9401, "device_no": "v2-permission", "tenant_id": 9401, "product_id": 1, "timestamps": {"temperature": "2026-10-08T12:24:15.140726799Z"}, "model_version": 1}], "telemetry": [{"ts": "2026-10-08T12:24:15.140726+00:00", "pond_id": 9401, "device_no": "v2-permission", "tenant_id": 9401, "product_id": 1, "properties": {"temperature": 25}, "model_version": 1}, {"ts": "2026-10-08T12:24:15.150515+00:00", "pond_id": 9403, "device_no": "v2-hidden", "tenant_id": 9401, "product_id": 1, "properties": {"temperature": 25}, "model_version": 1}], "sensor_data": [{"ph": null, "ts": "2026-10-08T12:24:15.140726+00:00", "signal": null, "battery": null, "pond_id": 9401, "salinity": null, "device_no": "v2-permission", "tenant_id": 9401, "turbidity": null, "temperature": 25, "dissolved_oxygen": null}, {"ph": null, "ts": "2026-10-08T12:24:15.150515+00:00", "signal": null, "battery": null, "pond_id": 9403, "salinity": null, "device_no": "v2-hidden", "tenant_id": 9401, "turbidity": null, "temperature": 25, "dissolved_oxygen": null}]} after={"alarms": [{"id": 1, "level": "warning", "metric": "temperature", "message": "temperature 高于阈值 20", "pond_id": 9401, "device_no": "v2-permission", "threshold": 20, "created_at": "2026-10-08T12:24:15.140726+00:00", "product_id": 1, "confirmed_at": null, "current_value": 25}, {"id": 2, "level": "warning", "metric": "temperature", "message": "temperature 高于阈值 20", "pond_id": 9403, "device_no": "v2-hidden", "threshold": 20, "created_at": "2026-10-08T12:24:15.150515+00:00", "product_id": 1, "confirmed_at": null, "current_value": 25}], "outbox": [{"id": 1, "status": "pending", "next_at": "2026-10-08T12:25:15.140778+00:00", "alarm_id": 1, "attempts": 0, "created_at": "2026-10-08T12:25:15.140778+00:00", "last_error": null, "updated_at": "2026-10-08T12:25:15.140778+00:00", "lease_owner": null, "leased_until": null, "recipient_open_id": null}, {"id": 2, "status": "pending", "next_at": "2026-10-08T12:25:15.150557+00:00", "alarm_id": 2, "attempts": 0, "created_at": "2026-10-08T12:25:15.150557+00:00", "last_error": null, "updated_at": "2026-10-08T12:25:15.150557+00:00", "lease_owner": null, "leased_until": null, "recipient_open_id": null}], "shadows": [{"ts": "2026-10-08T12:24:15.150515+00:00", "last": {"temperature": 25}, "signal": null, "pond_id": 9403, "device_no": "v2-hidden", "tenant_id": 9401, "product_id": 1, "timestamps": {"temperature": "2026-10-08T12:24:15.150515158Z"}, "model_version": 1}, {"ts": "2026-10-08T12:24:15.140726+00:00", "last": {"temperature": 25}, "signal": null, "pond_id": 9401, "device_no": "v2-permission", "tenant_id": 9401, "product_id": 1, "timestamps": {"temperature": "2026-10-08T12:24:15.140726799Z"}, "model_version": 1}], "telemetry": [{"ts": "2026-10-08T12:24:15.140726+00:00", "pond_id": 9401, "device_no": "v2-permission", "tenant_id": 9401, "product_id": 1, "properties": {"temperature": 25}, "model_version": 1}, {"ts": "2026-10-08T12:24:15.150515+00:00", "pond_id": 9403, "device_no": "v2-hidden", "tenant_id": 9401, "product_id": 1, "properties": {"temperature": 25}, "model_version": 1}], "sensor_data": [{"ph": null, "ts": "2026-10-08T12:24:15.140726+00:00", "signal": null, "battery": null, "pond_id": 9401, "salinity": null, "device_no": "v2-permission", "tenant_id": 9401, "turbidity": null, "temperature": 25, "dissolved_oxygen": null}, {"ph": null, "ts": "2026-10-08T12:24:15.150515+00:00", "signal": null, "battery": null, "pond_id": 9403, "salinity": null, "device_no": "v2-hidden", "tenant_id": 9401, "turbidity": null, "temperature": 25, "dissolved_oxygen": null}]}
=== RUN   TestAppResourceHTTPWhenRoleDeterminesFarmScope/support
    app_resource_scope_http_test.go:72: environment real_timescaledb=2.30.0
=== RUN   TestAppResourceHTTPWhenRoleDeterminesFarmScope/support//api/v1/ponds
    app_resource_scope_http_test.go:89: http method=GET path=/api/v1/ponds status=200 response=[{"device_count":1,"latest":{"device_no":"v2-permission","dissolved_oxygen":null,"ph":null,"pond_id":9401,"report_interval":60,"salinity":null,"signal":null,"temperature":25,"timestamps":{"dissolved_oxygen":null,"ph":null,"salinity":null,"signal":null,"temperature":"2026-10-08T12:24:15.62428047Z","turbidity":null},"ts":"2026-10-08T20:24:15.62428+08:00","turbidity":null},"pond_id":9401,"pond_name":"v2-pond","status":"warning"}]
=== RUN   TestAppResourceHTTPWhenRoleDeterminesFarmScope/support//api/v1/devices
    app_resource_scope_http_test.go:89: http method=GET path=/api/v1/devices status=200 response=[{"created_at":"2026-10-08T20:25:15.615264+08:00","device_no":"v2-permission","disabled_at":null,"id":1,"last_seen_at":null,"model":"","name":"","pond_id":9401,"report_interval":60,"status":"offline"}]
=== RUN   TestAppResourceHTTPWhenRoleDeterminesFarmScope/support//api/v1/alarms
    app_resource_scope_http_test.go:89: http method=GET path=/api/v1/alarms status=200 response=[{"confirmed_at":null,"created_at":"2026-10-08T20:24:15.62428+08:00","current_value":25,"device_no":"v2-permission","id":1,"level":"warning","message":"temperature 高于阈值 20","metric":"temperature","pond_id":9401,"threshold":20}]
=== RUN   TestAppResourceHTTPWhenRoleDeterminesFarmScope/support/stats
    app_resource_scope_http_test.go:98: http method=GET path=/api/v1/stats/summary status=200 response={"alarm_devices":1,"offline_devices":1,"online_devices":0,"ponds":[{"pond_id":9401,"pond_name":"v2-pond","status":"warning"}]}
=== RUN   TestAppResourceHTTPWhenRoleDeterminesFarmScope/support//api/v1/ponds/9401
    app_resource_scope_http_test.go:127: http method=GET path=/api/v1/ponds/9401 status=200 response={"device_count":1,"latest":{"device_no":"v2-permission","dissolved_oxygen":null,"ph":null,"pond_id":9401,"report_interval":60,"salinity":null,"signal":null,"temperature":25,"timestamps":{"dissolved_oxygen":null,"ph":null,"salinity":null,"signal":null,"temperature":"2026-10-08T12:24:15.62428047Z","turbidity":null},"ts":"2026-10-08T20:24:15.62428+08:00","turbidity":null},"pond_id":9401,"pond_name":"v2-pond","status":"warning"}
=== RUN   TestAppResourceHTTPWhenRoleDeterminesFarmScope/support//api/v1/devices?pond_id=9401
    app_resource_scope_http_test.go:127: http method=GET path=/api/v1/devices?pond_id=9401 status=200 response=[{"created_at":"2026-10-08T20:25:15.615264+08:00","device_no":"v2-permission","disabled_at":null,"id":1,"last_seen_at":null,"model":"","name":"","pond_id":9401,"report_interval":60,"status":"offline"}]
=== RUN   TestAppResourceHTTPWhenRoleDeterminesFarmScope/support//api/v1/devices/v2-permission
    app_resource_scope_http_test.go:127: http method=GET path=/api/v1/devices/v2-permission status=200 response={"created_at":"2026-10-08T20:25:15.615264+08:00","device_no":"v2-permission","disabled_at":null,"id":1,"last_seen_at":null,"latest":{"device_no":"v2-permission","dissolved_oxygen":null,"ph":null,"pond_id":9401,"report_interval":60,"salinity":null,"signal":null,"temperature":25,"timestamps":{"dissolved_oxygen":null,"ph":null,"salinity":null,"signal":null,"temperature":"2026-10-08T12:24:15.62428047Z","turbidity":null},"ts":"2026-10-08T20:24:15.62428+08:00","turbidity":null},"model":"","name":"","pond_id":9401,"report_interval":60,"status":"offline"}
=== RUN   TestAppResourceHTTPWhenRoleDeterminesFarmScope/support//api/v1/water/latest?device_no=v2-permission
    app_resource_scope_http_test.go:127: http method=GET path=/api/v1/water/latest?device_no=v2-permission status=200 response={"device_no":"v2-permission","dissolved_oxygen":null,"ph":null,"pond_id":9401,"report_interval":60,"salinity":null,"signal":null,"temperature":25,"timestamps":{"dissolved_oxygen":null,"ph":null,"salinity":null,"signal":null,"temperature":"2026-10-08T12:24:15.62428047Z","turbidity":null},"ts":"2026-10-08T20:24:15.62428+08:00","turbidity":null}
=== RUN   TestAppResourceHTTPWhenRoleDeterminesFarmScope/support//api/v1/water/history?device_no=v2-permission&metric=temperature&range=30d
    app_resource_scope_http_test.go:127: http method=GET path=/api/v1/water/history?device_no=v2-permission&metric=temperature&range=30d status=200 response={"metric":"temperature","points":[{"ts":"2026-10-08T16:49:15.673404+08:00","value":25}],"unit":"℃"}
=== RUN   TestAppResourceHTTPWhenRoleDeterminesFarmScope/support//api/v2/devices/v2-permission/model/latest
    app_resource_scope_http_test.go:127: http method=GET path=/api/v2/devices/v2-permission/model/latest status=200 response={"device_no":"v2-permission","product_id":1,"model_version":1,"fields":[{"identifier":"temperature","type":"number","unit":"℃","minimum":null,"maximum":null,"enum_values":null,"readable":true,"writable":false,"nullable":true},{"identifier":"dissolved_oxygen","type":"number","unit":"mg/L","minimum":null,"maximum":null,"enum_values":null,"readable":true,"writable":false,"nullable":true},{"identifier":"ph","type":"number","unit":"","minimum":null,"maximum":null,"enum_values":null,"readable":true,"writable":false,"nullable":true},{"identifier":"turbidity","type":"number","unit":"NTU","minimum":null,"maximum":null,"enum_values":null,"readable":true,"writable":false,"nullable":true},{"identifier":"salinity","type":"number","unit":"ppt","minimum":null,"maximum":null,"enum_values":null,"readable":true,"writable":false,"nullable":true}],"ts":"2026-10-08T20:24:15.62428+08:00","properties":{"temperature":25}}
=== RUN   TestAppResourceHTTPWhenRoleDeterminesFarmScope/support//api/v2/devices/v2-permission/history?metric=temperature
    app_resource_scope_http_test.go:127: http method=GET path=/api/v2/devices/v2-permission/history?metric=temperature status=200 response={"device_no":"v2-permission","metric":"temperature","points":[{"ts":"2026-10-08T20:24:15.62428+08:00","value":25,"model_version":1,"unit":"℃"}],"unit":"℃"}
=== RUN   TestAppResourceHTTPWhenRoleDeterminesFarmScope/support//api/v1/ponds/9403
    app_resource_scope_http_test.go:127: http method=GET path=/api/v1/ponds/9403 status=404 response={"error":"pond not found"}
=== RUN   TestAppResourceHTTPWhenRoleDeterminesFarmScope/support//api/v1/devices?pond_id=9403
    app_resource_scope_http_test.go:127: http method=GET path=/api/v1/devices?pond_id=9403 status=404 response={"error":"pond not found"}
=== RUN   TestAppResourceHTTPWhenRoleDeterminesFarmScope/support//api/v1/devices/v2-hidden
    app_resource_scope_http_test.go:127: http method=GET path=/api/v1/devices/v2-hidden status=404 response={"error":"device not found"}
=== RUN   TestAppResourceHTTPWhenRoleDeterminesFarmScope/support//api/v1/water/latest?device_no=v2-hidden
    app_resource_scope_http_test.go:127: http method=GET path=/api/v1/water/latest?device_no=v2-hidden status=404 response={"error":"no data"}
=== RUN   TestAppResourceHTTPWhenRoleDeterminesFarmScope/support//api/v1/water/history?device_no=v2-hidden&metric=temperature&range=30d
    app_resource_scope_http_test.go:127: http method=GET path=/api/v1/water/history?device_no=v2-hidden&metric=temperature&range=30d status=404 response={"error":"device not found"}
=== RUN   TestAppResourceHTTPWhenRoleDeterminesFarmScope/support//api/v2/devices/v2-hidden/model/latest
    app_resource_scope_http_test.go:127: http method=GET path=/api/v2/devices/v2-hidden/model/latest status=404 response={"error":"not_found"}
=== RUN   TestAppResourceHTTPWhenRoleDeterminesFarmScope/support//api/v2/devices/v2-hidden/history?metric=temperature
    app_resource_scope_http_test.go:127: http method=GET path=/api/v2/devices/v2-hidden/history?metric=temperature status=404 response={"error":"not_found"}
=== RUN   TestAppResourceHTTPWhenRoleDeterminesFarmScope/support//api/v1/ponds/9402
    app_resource_scope_http_test.go:127: http method=GET path=/api/v1/ponds/9402 status=404 response={"error":"pond not found"}
=== RUN   TestAppResourceHTTPWhenRoleDeterminesFarmScope/support//api/v1/devices?pond_id=9402
    app_resource_scope_http_test.go:127: http method=GET path=/api/v1/devices?pond_id=9402 status=404 response={"error":"pond not found"}
=== RUN   TestAppResourceHTTPWhenRoleDeterminesFarmScope/support//api/v1/devices/v2-foreign
    app_resource_scope_http_test.go:127: http method=GET path=/api/v1/devices/v2-foreign status=404 response={"error":"device not found"}
=== RUN   TestAppResourceHTTPWhenRoleDeterminesFarmScope/support//api/v1/water/latest?device_no=v2-foreign
    app_resource_scope_http_test.go:127: http method=GET path=/api/v1/water/latest?device_no=v2-foreign status=404 response={"error":"no data"}
=== RUN   TestAppResourceHTTPWhenRoleDeterminesFarmScope/support//api/v1/water/history?device_no=v2-foreign&metric=temperature&range=30d
    app_resource_scope_http_test.go:127: http method=GET path=/api/v1/water/history?device_no=v2-foreign&metric=temperature&range=30d status=404 response={"error":"device not found"}
=== RUN   TestAppResourceHTTPWhenRoleDeterminesFarmScope/support//api/v2/devices/v2-foreign/model/latest
    app_resource_scope_http_test.go:127: http method=GET path=/api/v2/devices/v2-foreign/model/latest status=404 response={"error":"not_found"}
=== RUN   TestAppResourceHTTPWhenRoleDeterminesFarmScope/support//api/v2/devices/v2-foreign/history?metric=temperature
    app_resource_scope_http_test.go:127: http method=GET path=/api/v2/devices/v2-foreign/history?metric=temperature status=404 response={"error":"not_found"}
=== NAME  TestAppResourceHTTPWhenRoleDeterminesFarmScope/support
    app_resource_scope_http_test.go:149: http method=POST path=/api/v1/alarms/2/confirm status=404 response={"error":"alarm not found"}
    app_resource_scope_http_test.go:158: scenario=support_hidden_alarm_confirm before={"alarms": [{"id": 1, "level": "warning", "metric": "temperature", "message": "temperature 高于阈值 20", "pond_id": 9401, "device_no": "v2-permission", "threshold": 20, "created_at": "2026-10-08T12:24:15.62428+00:00", "product_id": 1, "confirmed_at": null, "current_value": 25}, {"id": 2, "level": "warning", "metric": "temperature", "message": "temperature 高于阈值 20", "pond_id": 9403, "device_no": "v2-hidden", "threshold": 20, "created_at": "2026-10-08T12:24:15.633055+00:00", "product_id": 1, "confirmed_at": null, "current_value": 25}], "outbox": [{"id": 1, "status": "pending", "next_at": "2026-10-08T12:25:15.62433+00:00", "alarm_id": 1, "attempts": 0, "created_at": "2026-10-08T12:25:15.62433+00:00", "last_error": null, "updated_at": "2026-10-08T12:25:15.62433+00:00", "lease_owner": null, "leased_until": null, "recipient_open_id": null}, {"id": 2, "status": "pending", "next_at": "2026-10-08T12:25:15.633092+00:00", "alarm_id": 2, "attempts": 0, "created_at": "2026-10-08T12:25:15.633092+00:00", "last_error": null, "updated_at": "2026-10-08T12:25:15.633092+00:00", "lease_owner": null, "leased_until": null, "recipient_open_id": null}], "shadows": [{"ts": "2026-10-08T12:24:15.633055+00:00", "last": {"temperature": 25}, "signal": null, "pond_id": 9403, "device_no": "v2-hidden", "tenant_id": 9401, "product_id": 1, "timestamps": {"temperature": "2026-10-08T12:24:15.633055362Z"}, "model_version": 1}, {"ts": "2026-10-08T12:24:15.62428+00:00", "last": {"temperature": 25}, "signal": null, "pond_id": 9401, "device_no": "v2-permission", "tenant_id": 9401, "product_id": 1, "timestamps": {"temperature": "2026-10-08T12:24:15.62428047Z"}, "model_version": 1}], "telemetry": [{"ts": "2026-10-08T12:24:15.62428+00:00", "pond_id": 9401, "device_no": "v2-permission", "tenant_id": 9401, "product_id": 1, "properties": {"temperature": 25}, "model_version": 1}, {"ts": "2026-10-08T12:24:15.633055+00:00", "pond_id": 9403, "device_no": "v2-hidden", "tenant_id": 9401, "product_id": 1, "properties": {"temperature": 25}, "model_version": 1}], "sensor_data": [{"ph": null, "ts": "2026-10-08T12:24:15.62428+00:00", "signal": null, "battery": null, "pond_id": 9401, "salinity": null, "device_no": "v2-permission", "tenant_id": 9401, "turbidity": null, "temperature": 25, "dissolved_oxygen": null}, {"ph": null, "ts": "2026-10-08T12:24:15.633055+00:00", "signal": null, "battery": null, "pond_id": 9403, "salinity": null, "device_no": "v2-hidden", "tenant_id": 9401, "turbidity": null, "temperature": 25, "dissolved_oxygen": null}]} after={"alarms": [{"id": 1, "level": "warning", "metric": "temperature", "message": "temperature 高于阈值 20", "pond_id": 9401, "device_no": "v2-permission", "threshold": 20, "created_at": "2026-10-08T12:24:15.62428+00:00", "product_id": 1, "confirmed_at": null, "current_value": 25}, {"id": 2, "level": "warning", "metric": "temperature", "message": "temperature 高于阈值 20", "pond_id": 9403, "device_no": "v2-hidden", "threshold": 20, "created_at": "2026-10-08T12:24:15.633055+00:00", "product_id": 1, "confirmed_at": null, "current_value": 25}], "outbox": [{"id": 1, "status": "pending", "next_at": "2026-10-08T12:25:15.62433+00:00", "alarm_id": 1, "attempts": 0, "created_at": "2026-10-08T12:25:15.62433+00:00", "last_error": null, "updated_at": "2026-10-08T12:25:15.62433+00:00", "lease_owner": null, "leased_until": null, "recipient_open_id": null}, {"id": 2, "status": "pending", "next_at": "2026-10-08T12:25:15.633092+00:00", "alarm_id": 2, "attempts": 0, "created_at": "2026-10-08T12:25:15.633092+00:00", "last_error": null, "updated_at": "2026-10-08T12:25:15.633092+00:00", "lease_owner": null, "leased_until": null, "recipient_open_id": null}], "shadows": [{"ts": "2026-10-08T12:24:15.633055+00:00", "last": {"temperature": 25}, "signal": null, "pond_id": 9403, "device_no": "v2-hidden", "tenant_id": 9401, "product_id": 1, "timestamps": {"temperature": "2026-10-08T12:24:15.633055362Z"}, "model_version": 1}, {"ts": "2026-10-08T12:24:15.62428+00:00", "last": {"temperature": 25}, "signal": null, "pond_id": 9401, "device_no": "v2-permission", "tenant_id": 9401, "product_id": 1, "timestamps": {"temperature": "2026-10-08T12:24:15.62428047Z"}, "model_version": 1}], "telemetry": [{"ts": "2026-10-08T12:24:15.62428+00:00", "pond_id": 9401, "device_no": "v2-permission", "tenant_id": 9401, "product_id": 1, "properties": {"temperature": 25}, "model_version": 1}, {"ts": "2026-10-08T12:24:15.633055+00:00", "pond_id": 9403, "device_no": "v2-hidden", "tenant_id": 9401, "product_id": 1, "properties": {"temperature": 25}, "model_version": 1}], "sensor_data": [{"ph": null, "ts": "2026-10-08T12:24:15.62428+00:00", "signal": null, "battery": null, "pond_id": 9401, "salinity": null, "device_no": "v2-permission", "tenant_id": 9401, "turbidity": null, "temperature": 25, "dissolved_oxygen": null}, {"ph": null, "ts": "2026-10-08T12:24:15.633055+00:00", "signal": null, "battery": null, "pond_id": 9403, "salinity": null, "device_no": "v2-hidden", "tenant_id": 9401, "turbidity": null, "temperature": 25, "dissolved_oxygen": null}]}
--- PASS: TestAppResourceHTTPWhenRoleDeterminesFarmScope (2.56s)
    --- PASS: TestAppResourceHTTPWhenRoleDeterminesFarmScope/owner (0.51s)
        --- PASS: TestAppResourceHTTPWhenRoleDeterminesFarmScope/owner//api/v1/ponds (0.01s)
        --- PASS: TestAppResourceHTTPWhenRoleDeterminesFarmScope/owner//api/v1/devices (0.00s)
        --- PASS: TestAppResourceHTTPWhenRoleDeterminesFarmScope/owner//api/v1/alarms (0.00s)
        --- PASS: TestAppResourceHTTPWhenRoleDeterminesFarmScope/owner/stats (0.00s)
        --- PASS: TestAppResourceHTTPWhenRoleDeterminesFarmScope/owner//api/v1/ponds/9401 (0.00s)
        --- PASS: TestAppResourceHTTPWhenRoleDeterminesFarmScope/owner//api/v1/devices?pond_id=9401 (0.00s)
        --- PASS: TestAppResourceHTTPWhenRoleDeterminesFarmScope/owner//api/v1/devices/v2-permission (0.00s)
        --- PASS: TestAppResourceHTTPWhenRoleDeterminesFarmScope/owner//api/v1/water/latest?device_no=v2-permission (0.00s)
        --- PASS: TestAppResourceHTTPWhenRoleDeterminesFarmScope/owner//api/v1/water/history?device_no=v2-permission&metric=temperature&range=30d (0.00s)
        --- PASS: TestAppResourceHTTPWhenRoleDeterminesFarmScope/owner//api/v2/devices/v2-permission/model/latest (0.00s)
        --- PASS: TestAppResourceHTTPWhenRoleDeterminesFarmScope/owner//api/v2/devices/v2-permission/history?metric=temperature (0.01s)
        --- PASS: TestAppResourceHTTPWhenRoleDeterminesFarmScope/owner//api/v1/ponds/9403 (0.00s)
        --- PASS: TestAppResourceHTTPWhenRoleDeterminesFarmScope/owner//api/v1/devices?pond_id=9403 (0.00s)
        --- PASS: TestAppResourceHTTPWhenRoleDeterminesFarmScope/owner//api/v1/devices/v2-hidden (0.00s)
        --- PASS: TestAppResourceHTTPWhenRoleDeterminesFarmScope/owner//api/v1/water/latest?device_no=v2-hidden (0.00s)
        --- PASS: TestAppResourceHTTPWhenRoleDeterminesFarmScope/owner//api/v1/water/history?device_no=v2-hidden&metric=temperature&range=30d (0.00s)
        --- PASS: TestAppResourceHTTPWhenRoleDeterminesFarmScope/owner//api/v2/devices/v2-hidden/model/latest (0.00s)
        --- PASS: TestAppResourceHTTPWhenRoleDeterminesFarmScope/owner//api/v2/devices/v2-hidden/history?metric=temperature (0.00s)
        --- PASS: TestAppResourceHTTPWhenRoleDeterminesFarmScope/owner//api/v1/ponds/9402 (0.00s)
        --- PASS: TestAppResourceHTTPWhenRoleDeterminesFarmScope/owner//api/v1/devices?pond_id=9402 (0.00s)
        --- PASS: TestAppResourceHTTPWhenRoleDeterminesFarmScope/owner//api/v1/devices/v2-foreign (0.00s)
        --- PASS: TestAppResourceHTTPWhenRoleDeterminesFarmScope/owner//api/v1/water/latest?device_no=v2-foreign (0.00s)
        --- PASS: TestAppResourceHTTPWhenRoleDeterminesFarmScope/owner//api/v1/water/history?device_no=v2-foreign&metric=temperature&range=30d (0.00s)
        --- PASS: TestAppResourceHTTPWhenRoleDeterminesFarmScope/owner//api/v2/devices/v2-foreign/model/latest (0.00s)
        --- PASS: TestAppResourceHTTPWhenRoleDeterminesFarmScope/owner//api/v2/devices/v2-foreign/history?metric=temperature (0.00s)
    --- PASS: TestAppResourceHTTPWhenRoleDeterminesFarmScope/admin (0.49s)
        --- PASS: TestAppResourceHTTPWhenRoleDeterminesFarmScope/admin//api/v1/ponds (0.01s)
        --- PASS: TestAppResourceHTTPWhenRoleDeterminesFarmScope/admin//api/v1/devices (0.00s)
        --- PASS: TestAppResourceHTTPWhenRoleDeterminesFarmScope/admin//api/v1/alarms (0.00s)
        --- PASS: TestAppResourceHTTPWhenRoleDeterminesFarmScope/admin/stats (0.00s)
        --- PASS: TestAppResourceHTTPWhenRoleDeterminesFarmScope/admin//api/v1/ponds/9401 (0.00s)
        --- PASS: TestAppResourceHTTPWhenRoleDeterminesFarmScope/admin//api/v1/devices?pond_id=9401 (0.00s)
        --- PASS: TestAppResourceHTTPWhenRoleDeterminesFarmScope/admin//api/v1/devices/v2-permission (0.00s)
        --- PASS: TestAppResourceHTTPWhenRoleDeterminesFarmScope/admin//api/v1/water/latest?device_no=v2-permission (0.00s)
        --- PASS: TestAppResourceHTTPWhenRoleDeterminesFarmScope/admin//api/v1/water/history?device_no=v2-permission&metric=temperature&range=30d (0.00s)
        --- PASS: TestAppResourceHTTPWhenRoleDeterminesFarmScope/admin//api/v2/devices/v2-permission/model/latest (0.00s)
        --- PASS: TestAppResourceHTTPWhenRoleDeterminesFarmScope/admin//api/v2/devices/v2-permission/history?metric=temperature (0.01s)
        --- PASS: TestAppResourceHTTPWhenRoleDeterminesFarmScope/admin//api/v1/ponds/9403 (0.00s)
        --- PASS: TestAppResourceHTTPWhenRoleDeterminesFarmScope/admin//api/v1/devices?pond_id=9403 (0.00s)
        --- PASS: TestAppResourceHTTPWhenRoleDeterminesFarmScope/admin//api/v1/devices/v2-hidden (0.00s)
        --- PASS: TestAppResourceHTTPWhenRoleDeterminesFarmScope/admin//api/v1/water/latest?device_no=v2-hidden (0.00s)
        --- PASS: TestAppResourceHTTPWhenRoleDeterminesFarmScope/admin//api/v1/water/history?device_no=v2-hidden&metric=temperature&range=30d (0.00s)
        --- PASS: TestAppResourceHTTPWhenRoleDeterminesFarmScope/admin//api/v2/devices/v2-hidden/model/latest (0.00s)
        --- PASS: TestAppResourceHTTPWhenRoleDeterminesFarmScope/admin//api/v2/devices/v2-hidden/history?metric=temperature (0.00s)
        --- PASS: TestAppResourceHTTPWhenRoleDeterminesFarmScope/admin//api/v1/ponds/9402 (0.00s)
        --- PASS: TestAppResourceHTTPWhenRoleDeterminesFarmScope/admin//api/v1/devices?pond_id=9402 (0.00s)
        --- PASS: TestAppResourceHTTPWhenRoleDeterminesFarmScope/admin//api/v1/devices/v2-foreign (0.00s)
        --- PASS: TestAppResourceHTTPWhenRoleDeterminesFarmScope/admin//api/v1/water/latest?device_no=v2-foreign (0.00s)
        --- PASS: TestAppResourceHTTPWhenRoleDeterminesFarmScope/admin//api/v1/water/history?device_no=v2-foreign&metric=temperature&range=30d (0.00s)
        --- PASS: TestAppResourceHTTPWhenRoleDeterminesFarmScope/admin//api/v2/devices/v2-foreign/model/latest (0.00s)
        --- PASS: TestAppResourceHTTPWhenRoleDeterminesFarmScope/admin//api/v2/devices/v2-foreign/history?metric=temperature (0.00s)
    --- PASS: TestAppResourceHTTPWhenRoleDeterminesFarmScope/member (0.49s)
        --- PASS: TestAppResourceHTTPWhenRoleDeterminesFarmScope/member//api/v1/ponds (0.01s)
        --- PASS: TestAppResourceHTTPWhenRoleDeterminesFarmScope/member//api/v1/devices (0.00s)
        --- PASS: TestAppResourceHTTPWhenRoleDeterminesFarmScope/member//api/v1/alarms (0.00s)
        --- PASS: TestAppResourceHTTPWhenRoleDeterminesFarmScope/member/stats (0.00s)
        --- PASS: TestAppResourceHTTPWhenRoleDeterminesFarmScope/member//api/v1/ponds/9401 (0.00s)
        --- PASS: TestAppResourceHTTPWhenRoleDeterminesFarmScope/member//api/v1/devices?pond_id=9401 (0.00s)
        --- PASS: TestAppResourceHTTPWhenRoleDeterminesFarmScope/member//api/v1/devices/v2-permission (0.00s)
        --- PASS: TestAppResourceHTTPWhenRoleDeterminesFarmScope/member//api/v1/water/latest?device_no=v2-permission (0.00s)
        --- PASS: TestAppResourceHTTPWhenRoleDeterminesFarmScope/member//api/v1/water/history?device_no=v2-permission&metric=temperature&range=30d (0.00s)
        --- PASS: TestAppResourceHTTPWhenRoleDeterminesFarmScope/member//api/v2/devices/v2-permission/model/latest (0.00s)
        --- PASS: TestAppResourceHTTPWhenRoleDeterminesFarmScope/member//api/v2/devices/v2-permission/history?metric=temperature (0.01s)
        --- PASS: TestAppResourceHTTPWhenRoleDeterminesFarmScope/member//api/v1/ponds/9403 (0.00s)
        --- PASS: TestAppResourceHTTPWhenRoleDeterminesFarmScope/member//api/v1/devices?pond_id=9403 (0.00s)
        --- PASS: TestAppResourceHTTPWhenRoleDeterminesFarmScope/member//api/v1/devices/v2-hidden (0.00s)
        --- PASS: TestAppResourceHTTPWhenRoleDeterminesFarmScope/member//api/v1/water/latest?device_no=v2-hidden (0.00s)
        --- PASS: TestAppResourceHTTPWhenRoleDeterminesFarmScope/member//api/v1/water/history?device_no=v2-hidden&metric=temperature&range=30d (0.00s)
        --- PASS: TestAppResourceHTTPWhenRoleDeterminesFarmScope/member//api/v2/devices/v2-hidden/model/latest (0.00s)
        --- PASS: TestAppResourceHTTPWhenRoleDeterminesFarmScope/member//api/v2/devices/v2-hidden/history?metric=temperature (0.00s)
        --- PASS: TestAppResourceHTTPWhenRoleDeterminesFarmScope/member//api/v1/ponds/9402 (0.00s)
        --- PASS: TestAppResourceHTTPWhenRoleDeterminesFarmScope/member//api/v1/devices?pond_id=9402 (0.00s)
        --- PASS: TestAppResourceHTTPWhenRoleDeterminesFarmScope/member//api/v1/devices/v2-foreign (0.00s)
        --- PASS: TestAppResourceHTTPWhenRoleDeterminesFarmScope/member//api/v1/water/latest?device_no=v2-foreign (0.00s)
        --- PASS: TestAppResourceHTTPWhenRoleDeterminesFarmScope/member//api/v1/water/history?device_no=v2-foreign&metric=temperature&range=30d (0.00s)
        --- PASS: TestAppResourceHTTPWhenRoleDeterminesFarmScope/member//api/v2/devices/v2-foreign/model/latest (0.00s)
        --- PASS: TestAppResourceHTTPWhenRoleDeterminesFarmScope/member//api/v2/devices/v2-foreign/history?metric=temperature (0.00s)
    --- PASS: TestAppResourceHTTPWhenRoleDeterminesFarmScope/viewer (0.48s)
        --- PASS: TestAppResourceHTTPWhenRoleDeterminesFarmScope/viewer//api/v1/ponds (0.01s)
        --- PASS: TestAppResourceHTTPWhenRoleDeterminesFarmScope/viewer//api/v1/devices (0.00s)
        --- PASS: TestAppResourceHTTPWhenRoleDeterminesFarmScope/viewer//api/v1/alarms (0.00s)
        --- PASS: TestAppResourceHTTPWhenRoleDeterminesFarmScope/viewer/stats (0.00s)
        --- PASS: TestAppResourceHTTPWhenRoleDeterminesFarmScope/viewer//api/v1/ponds/9401 (0.00s)
        --- PASS: TestAppResourceHTTPWhenRoleDeterminesFarmScope/viewer//api/v1/devices?pond_id=9401 (0.00s)
        --- PASS: TestAppResourceHTTPWhenRoleDeterminesFarmScope/viewer//api/v1/devices/v2-permission (0.00s)
        --- PASS: TestAppResourceHTTPWhenRoleDeterminesFarmScope/viewer//api/v1/water/latest?device_no=v2-permission (0.00s)
        --- PASS: TestAppResourceHTTPWhenRoleDeterminesFarmScope/viewer//api/v1/water/history?device_no=v2-permission&metric=temperature&range=30d (0.00s)
        --- PASS: TestAppResourceHTTPWhenRoleDeterminesFarmScope/viewer//api/v2/devices/v2-permission/model/latest (0.00s)
        --- PASS: TestAppResourceHTTPWhenRoleDeterminesFarmScope/viewer//api/v2/devices/v2-permission/history?metric=temperature (0.01s)
        --- PASS: TestAppResourceHTTPWhenRoleDeterminesFarmScope/viewer//api/v1/ponds/9403 (0.00s)
        --- PASS: TestAppResourceHTTPWhenRoleDeterminesFarmScope/viewer//api/v1/devices?pond_id=9403 (0.00s)
        --- PASS: TestAppResourceHTTPWhenRoleDeterminesFarmScope/viewer//api/v1/devices/v2-hidden (0.00s)
        --- PASS: TestAppResourceHTTPWhenRoleDeterminesFarmScope/viewer//api/v1/water/latest?device_no=v2-hidden (0.00s)
        --- PASS: TestAppResourceHTTPWhenRoleDeterminesFarmScope/viewer//api/v1/water/history?device_no=v2-hidden&metric=temperature&range=30d (0.00s)
        --- PASS: TestAppResourceHTTPWhenRoleDeterminesFarmScope/viewer//api/v2/devices/v2-hidden/model/latest (0.00s)
        --- PASS: TestAppResourceHTTPWhenRoleDeterminesFarmScope/viewer//api/v2/devices/v2-hidden/history?metric=temperature (0.00s)
        --- PASS: TestAppResourceHTTPWhenRoleDeterminesFarmScope/viewer//api/v1/ponds/9402 (0.00s)
        --- PASS: TestAppResourceHTTPWhenRoleDeterminesFarmScope/viewer//api/v1/devices?pond_id=9402 (0.00s)
        --- PASS: TestAppResourceHTTPWhenRoleDeterminesFarmScope/viewer//api/v1/devices/v2-foreign (0.00s)
        --- PASS: TestAppResourceHTTPWhenRoleDeterminesFarmScope/viewer//api/v1/water/latest?device_no=v2-foreign (0.00s)
        --- PASS: TestAppResourceHTTPWhenRoleDeterminesFarmScope/viewer//api/v1/water/history?device_no=v2-foreign&metric=temperature&range=30d (0.00s)
        --- PASS: TestAppResourceHTTPWhenRoleDeterminesFarmScope/viewer//api/v2/devices/v2-foreign/model/latest (0.00s)
        --- PASS: TestAppResourceHTTPWhenRoleDeterminesFarmScope/viewer//api/v2/devices/v2-foreign/history?metric=temperature (0.00s)
    --- PASS: TestAppResourceHTTPWhenRoleDeterminesFarmScope/support (0.59s)
        --- PASS: TestAppResourceHTTPWhenRoleDeterminesFarmScope/support//api/v1/ponds (0.01s)
        --- PASS: TestAppResourceHTTPWhenRoleDeterminesFarmScope/support//api/v1/devices (0.00s)
        --- PASS: TestAppResourceHTTPWhenRoleDeterminesFarmScope/support//api/v1/alarms (0.00s)
        --- PASS: TestAppResourceHTTPWhenRoleDeterminesFarmScope/support/stats (0.00s)
        --- PASS: TestAppResourceHTTPWhenRoleDeterminesFarmScope/support//api/v1/ponds/9401 (0.00s)
        --- PASS: TestAppResourceHTTPWhenRoleDeterminesFarmScope/support//api/v1/devices?pond_id=9401 (0.00s)
        --- PASS: TestAppResourceHTTPWhenRoleDeterminesFarmScope/support//api/v1/devices/v2-permission (0.00s)
        --- PASS: TestAppResourceHTTPWhenRoleDeterminesFarmScope/support//api/v1/water/latest?device_no=v2-permission (0.00s)
        --- PASS: TestAppResourceHTTPWhenRoleDeterminesFarmScope/support//api/v1/water/history?device_no=v2-permission&metric=temperature&range=30d (0.00s)
        --- PASS: TestAppResourceHTTPWhenRoleDeterminesFarmScope/support//api/v2/devices/v2-permission/model/latest (0.00s)
        --- PASS: TestAppResourceHTTPWhenRoleDeterminesFarmScope/support//api/v2/devices/v2-permission/history?metric=temperature (0.01s)
        --- PASS: TestAppResourceHTTPWhenRoleDeterminesFarmScope/support//api/v1/ponds/9403 (0.00s)
        --- PASS: TestAppResourceHTTPWhenRoleDeterminesFarmScope/support//api/v1/devices?pond_id=9403 (0.00s)
        --- PASS: TestAppResourceHTTPWhenRoleDeterminesFarmScope/support//api/v1/devices/v2-hidden (0.00s)
        --- PASS: TestAppResourceHTTPWhenRoleDeterminesFarmScope/support//api/v1/water/latest?device_no=v2-hidden (0.00s)
        --- PASS: TestAppResourceHTTPWhenRoleDeterminesFarmScope/support//api/v1/water/history?device_no=v2-hidden&metric=temperature&range=30d (0.00s)
        --- PASS: TestAppResourceHTTPWhenRoleDeterminesFarmScope/support//api/v2/devices/v2-hidden/model/latest (0.00s)
        --- PASS: TestAppResourceHTTPWhenRoleDeterminesFarmScope/support//api/v2/devices/v2-hidden/history?metric=temperature (0.00s)
        --- PASS: TestAppResourceHTTPWhenRoleDeterminesFarmScope/support//api/v1/ponds/9402 (0.00s)
        --- PASS: TestAppResourceHTTPWhenRoleDeterminesFarmScope/support//api/v1/devices?pond_id=9402 (0.00s)
        --- PASS: TestAppResourceHTTPWhenRoleDeterminesFarmScope/support//api/v1/devices/v2-foreign (0.00s)
        --- PASS: TestAppResourceHTTPWhenRoleDeterminesFarmScope/support//api/v1/water/latest?device_no=v2-foreign (0.00s)
        --- PASS: TestAppResourceHTTPWhenRoleDeterminesFarmScope/support//api/v1/water/history?device_no=v2-foreign&metric=temperature&range=30d (0.00s)
        --- PASS: TestAppResourceHTTPWhenRoleDeterminesFarmScope/support//api/v2/devices/v2-foreign/model/latest (0.00s)
        --- PASS: TestAppResourceHTTPWhenRoleDeterminesFarmScope/support//api/v2/devices/v2-foreign/history?metric=temperature (0.00s)
PASS
ok  	git.hyhy.fun/rsplab/iolink/internal/core	6.755s
-test.shuffle 1791462310155726383
=== RUN   TestWaterLatest
2026/10/08 20:25:10 INFO http request request_id=HDVOELORY2IVOAF553IPQKO33B route=/api/v1/auth/login method=POST status=200 duration_ms=0 tenant_id=0 actor_id=0
2026/10/08 20:25:10 INFO http request request_id=6DE2SIJNELZ7PRZWNEHX4QHPUA route=/api/v1/water/latest method=GET status=200 duration_ms=0 tenant_id=7 actor_id=1
--- PASS: TestWaterLatest (0.00s)
=== RUN   TestLoginAndListPonds
2026/10/08 20:25:10 INFO http request request_id=FCDDVTZHGAUEJIWVD67HC5P2SR route=/api/v1/auth/login method=POST status=200 duration_ms=0 tenant_id=0 actor_id=0
2026/10/08 20:25:10 INFO http request request_id=265EOMUQ5BB2RD5L5KDN6J7OTU route=/api/v1/ponds method=GET status=200 duration_ms=0 tenant_id=7 actor_id=1
--- PASS: TestLoginAndListPonds (0.00s)
=== RUN   TestTenantRoleConfirmationMatrix
=== RUN   TestTenantRoleConfirmationMatrix/owner
2026/10/08 20:25:10 INFO http request request_id=VZJ2EIXS3XGY55YIQQ3XRMWG43 route=/api/v1/auth/login method=POST status=200 duration_ms=0 tenant_id=0 actor_id=0
2026/10/08 20:25:10 INFO http request request_id=MWSMCIUKY6NG4MR3IF4CHU2ETC route=/api/v1/alarms/:id/confirm method=POST status=204 duration_ms=0 tenant_id=7 actor_id=1
=== RUN   TestTenantRoleConfirmationMatrix/admin
2026/10/08 20:25:10 INFO http request request_id=SEFFXVGPQNR3GODPUXOPKEVFL5 route=/api/v1/auth/login method=POST status=200 duration_ms=0 tenant_id=0 actor_id=0
2026/10/08 20:25:10 INFO http request request_id=ZAHHM54AHNVT36AAAAYMMENWGW route=/api/v1/alarms/:id/confirm method=POST status=204 duration_ms=0 tenant_id=7 actor_id=1
=== RUN   TestTenantRoleConfirmationMatrix/member
2026/10/08 20:25:10 INFO http request request_id=ZTDT5ZNN6N5O63PLEWZKWSCWP5 route=/api/v1/auth/login method=POST status=200 duration_ms=0 tenant_id=0 actor_id=0
2026/10/08 20:25:10 INFO http request request_id=3NOWH7IMCC5G24O4HVJBH3QFN4 route=/api/v1/alarms/:id/confirm method=POST status=204 duration_ms=0 tenant_id=7 actor_id=1
=== RUN   TestTenantRoleConfirmationMatrix/support
2026/10/08 20:25:10 INFO http request request_id=56BUGZOFDVLQQAHTHEUZGFW2T7 route=/api/v1/auth/login method=POST status=200 duration_ms=0 tenant_id=0 actor_id=0
2026/10/08 20:25:10 INFO http request request_id=UDWHJDVE3NMTIVWER2QSALRT2Q route=/api/v1/alarms/:id/confirm method=POST status=204 duration_ms=0 tenant_id=7 actor_id=1
=== RUN   TestTenantRoleConfirmationMatrix/viewer
2026/10/08 20:25:10 INFO http request request_id=OOX5SUXSSEM26BGUJA2I5TXOCU route=/api/v1/auth/login method=POST status=200 duration_ms=0 tenant_id=0 actor_id=0
2026/10/08 20:25:10 WARN http request request_id=5RMXDCCGPVS6RAIAOW5GUJHQ2W route=/api/v1/alarms/:id/confirm method=POST status=403 duration_ms=0 tenant_id=7 actor_id=1
--- PASS: TestTenantRoleConfirmationMatrix (0.01s)
    --- PASS: TestTenantRoleConfirmationMatrix/owner (0.00s)
    --- PASS: TestTenantRoleConfirmationMatrix/admin (0.00s)
    --- PASS: TestTenantRoleConfirmationMatrix/member (0.00s)
    --- PASS: TestTenantRoleConfirmationMatrix/support (0.00s)
    --- PASS: TestTenantRoleConfirmationMatrix/viewer (0.00s)
=== RUN   TestAuthRequired
2026/10/08 20:25:10 WARN http request request_id=OB7LGBCSVNNYVNAEBIT7GUO3PK route=/api/v1/ponds method=GET status=401 duration_ms=0 tenant_id=0 actor_id=0
--- PASS: TestAuthRequired (0.00s)
PASS
ok  	git.hyhy.fun/rsplab/iolink/internal/appapi	1.040s
